{"chunk-stream2-00018":{"qoeTotal":-478.08769852414576,"qoeBitrate":500,"qoeRebuffer":0,"qoeLatency":941.4,"qoeBitrateSwitch":0,"qoePlaybackSpeed":36.687698524145794},"init-stream0":{"qoeTotal":-1415.2065957524987,"qoeBitrate":600,"qoeRebuffer":0,"qoeLatency":1882.2,"qoeBitrateSwitch":80,"qoePlaybackSpeed":53.00659575249866},"chunk-stream0-00019":{"qoeTotal":-2301.0942942766446,"qoeBitrate":700,"qoeRebuffer":0,"qoeLatency":2831.4,"qoeBitrateSwitch":80,"qoePlaybackSpeed":89.69429427664446},"chunk-stream0-00020":{"qoeTotal":-3189.38199280079,"qoeBitrate":800,"qoeRebuffer":0,"qoeLatency":3783,"qoeBitrateSwitch":80,"qoePlaybackSpeed":126.38199280079024},"chunk-stream0-00021":{"qoeTotal":-4073.233573818651,"qoeBitrate":900,"qoeRebuffer":0,"qoeLatency":4750.2,"qoeBitrateSwitch":80,"qoePlaybackSpeed":143.0335738186513},"init-stream5":{"qoeTotal":-2621.395274955372,"qoeBitrate":3900,"qoeRebuffer":0,"qoeLatency":5704.8,"qoeBitrateSwitch":660,"qoePlaybackSpeed":156.59527495537156},"chunk-stream5-00022":{"qoeTotal":-574.8253051869941,"qoeBitrate":6900,"qoeRebuffer":0,"qoeLatency":6647.400000000001,"qoeBitrateSwitch":660,"qoePlaybackSpeed":167.42530518699357},"chunk-stream5-00023":{"qoeTotal":1482.0011866001407,"qoeBitrate":9900,"qoeRebuffer":0,"qoeLatency":7584,"qoeBitrateSwitch":660,"qoePlaybackSpeed":173.99881339985933},"chunk-stream5-00024":{"qoeTotal":3559.227678387274,"qoeBitrate":12900,"qoeRebuffer":0,"qoeLatency":8500.2,"qoeBitrateSwitch":660,"qoePlaybackSpeed":180.5723216127251},"chunk-stream5-00025":{"qoeTotal":5634.627678387274,"qoeBitrate":15900,"qoeRebuffer":0,"qoeLatency":9424.800000000001,"qoeBitrateSwitch":660,"qoePlaybackSpeed":180.5723216127251},"chunk-stream5-00026":{"qoeTotal":7718.427678387273,"qoeBitrate":18900,"qoeRebuffer":0,"qoeLatency":10341.000000000002,"qoeBitrateSwitch":660,"qoePlaybackSpeed":180.5723216127251},"chunk-stream5-00027":{"qoeTotal":9802.227678387273,"qoeBitrate":21900,"qoeRebuffer":0,"qoeLatency":11257.200000000003,"qoeBitrateSwitch":660,"qoePlaybackSpeed":180.5723216127251},"chunk-stream5-00028":{"qoeTotal":11886.027678387272,"qoeBitrate":24900,"qoeRebuffer":0,"qoeLatency":12173.400000000003,"qoeBitrateSwitch":660,"qoePlaybackSpeed":180.5723216127251},"chunk-stream5-00029":{"qoeTotal":13969.827678387272,"qoeBitrate":27900,"qoeRebuffer":0,"qoeLatency":13089.600000000004,"qoeBitrateSwitch":660,"qoePlaybackSpeed":180.5723216127251},"chunk-stream5-00030":{"qoeTotal":16053.62767838727,"qoeBitrate":30900,"qoeRebuffer":0,"qoeLatency":14005.800000000005,"qoeBitrateSwitch":660,"qoePlaybackSpeed":180.5723216127251},"chunk-stream5-00031":{"qoeTotal":18128.427678387266,"qoeBitrate":33900,"qoeRebuffer":0,"qoeLatency":14931.000000000005,"qoeBitrateSwitch":660,"qoePlaybackSpeed":180.5723216127251},"chunk-stream5-00032":{"qoeTotal":20165.908781158916,"qoeBitrate":36900,"qoeRebuffer":0,"qoeLatency":15877.200000000006,"qoeBitrateSwitch":660,"qoePlaybackSpeed":196.89121884107794},"chunk-stream0-00033":{"qoeTotal":18724.589883930566,"qoeBitrate":37000,"qoeRebuffer":0,"qoeLatency":16822.200000000004,"qoeBitrateSwitch":1240,"qoePlaybackSpeed":213.2101160694308},"chunk-stream0-00034":{"qoeTotal":17869.21480651863,"qoeBitrate":37100,"qoeRebuffer":0,"qoeLatency":17766.600000000006,"qoeBitrateSwitch":1240,"qoePlaybackSpeed":224.18519348136442},"init-stream3":{"qoeTotal":17933.839729106694,"qoeBitrate":38350,"qoeRebuffer":0,"qoeLatency":18711.000000000007,"qoeBitrateSwitch":1470,"qoePlaybackSpeed":235.16027089329805},"chunk-stream3-00035":{"qoeTotal":18237.46465169476,"qoeBitrate":39600,"qoeRebuffer":0,"qoeLatency":19646.40000000001,"qoeBitrateSwitch":1470,"qoePlaybackSpeed":246.13534830523167},"chunk-stream3-00036":{"qoeTotal":18554.06625367737,"qoeBitrate":40850,"qoeRebuffer":0,"qoeLatency":20571.60000000001,"qoeBitrateSwitch":1470,"qoePlaybackSpeed":254.33374632262144},"chunk-stream3-00037":{"qoeTotal":18877.97467223612,"qoeBitrate":42100,"qoeRebuffer":0,"qoeLatency":21493.200000000008,"qoeBitrateSwitch":1470,"qoePlaybackSpeed":258.82532776387137},"chunk-stream3-00038":{"qoeTotal":19208.17467223612,"qoeBitrate":43350,"qoeRebuffer":0,"qoeLatency":22413.000000000007,"qoeBitrateSwitch":1470,"qoePlaybackSpeed":258.82532776387137},"chunk-stream3-00039":{"qoeTotal":19538.97467223612,"qoeBitrate":44600,"qoeRebuffer":0,"qoeLatency":23332.200000000008,"qoeBitrateSwitch":1470,"qoePlaybackSpeed":258.82532776387137},"chunk-stream3-00040":{"qoeTotal":19869.17467223612,"qoeBitrate":45850,"qoeRebuffer":0,"qoeLatency":24252.000000000007,"qoeBitrateSwitch":1470,"qoePlaybackSpeed":258.82532776387137},"chunk-stream3-00041":{"qoeTotal":20205.37467223612,"qoeBitrate":47100,"qoeRebuffer":0,"qoeLatency":25165.800000000007,"qoeBitrateSwitch":1470,"qoePlaybackSpeed":258.82532776387137},"chunk-stream3-00042":{"qoeTotal":20536.774672236123,"qoeBitrate":48350,"qoeRebuffer":0,"qoeLatency":26084.400000000005,"qoeBitrateSwitch":1470,"qoePlaybackSpeed":258.82532776387137},"chunk-stream3-00043":{"qoeTotal":20868.174672236124,"qoeBitrate":49600,"qoeRebuffer":0,"qoeLatency":27003.000000000004,"qoeBitrateSwitch":1470,"qoePlaybackSpeed":258.82532776387137},"chunk-stream3-00044":{"qoeTotal":21199.574672236125,"qoeBitrate":50850,"qoeRebuffer":0,"qoeLatency":27921.600000000002,"qoeBitrateSwitch":1470,"qoePlaybackSpeed":258.82532776387137},"chunk-stream3-00045":{"qoeTotal":21530.374672236125,"qoeBitrate":52100,"qoeRebuffer":0,"qoeLatency":28840.800000000003,"qoeBitrateSwitch":1470,"qoePlaybackSpeed":258.82532776387137}}