{"chunk-stream2-00018":{"qoeTotal":-650.4226005032561,"qoeBitrate":500,"qoeRebuffer":0,"qoeLatency":1104.6,"qoeBitrateSwitch":0,"qoePlaybackSpeed":45.8226005032562},"init-stream3":{"qoeTotal":-1834.8769642689113,"qoeBitrate":1750,"qoeRebuffer":0,"qoeLatency":3348,"qoeBitrateSwitch":150,"qoePlaybackSpeed":86.87696426891137},"chunk-stream3-00019":{"qoeTotal":-5072.947080451136,"qoeBitrate":3000,"qoeRebuffer":3113.399999946356,"qoeLatency":4677,"qoeBitrateSwitch":150,"qoePlaybackSpeed":132.54708050477979},"init-stream2":{"qoeTotal":-13025.204131235336,"qoeBitrate":3500,"qoeRebuffer":9693.599999964237,"qoeLatency":6353.4,"qoeBitrateSwitch":300,"qoePlaybackSpeed":178.20413127109822},"chunk-stream2-00020":{"qoeTotal":-15598.528152210652,"qoeBitrate":4000,"qoeRebuffer":11280.599999964237,"qoeLatency":7805.4,"qoeBitrateSwitch":300,"qoePlaybackSpeed":212.52815224641603},"chunk-stream3-00021":{"qoeTotal":-21345.728152443113,"qoeBitrate":5250,"qoeRebuffer":16369.200000196695,"qoeLatency":9564,"qoeBitrateSwitch":450,"qoePlaybackSpeed":212.52815224641603},"chunk-stream2-00022":{"qoeTotal":-23615.328152514638,"qoeBitrate":5750,"qoeRebuffer":17073.00000026822,"qoeLatency":11479.8,"qoeBitrateSwitch":600,"qoePlaybackSpeed":212.52815224641603},"chunk-stream2-00023":{"qoeTotal":-28167.401849299855,"qoeBitrate":6250,"qoeRebuffer":20172.600000321865,"qoeLatency":13422.599999999999,"qoeBitrateSwitch":600,"qoePlaybackSpeed":222.20184897799277},"chunk-stream2-00024":{"qoeTotal":-29680.983673417963,"qoeBitrate":6750,"qoeRebuffer":20172.600000321865,"qoeLatency":15376.199999999999,"qoeBitrateSwitch":600,"qoePlaybackSpeed":282.18367309609874},"chunk-stream3-00025":{"qoeTotal":-32151.76220628418,"qoeBitrate":8000,"qoeRebuffer":21681.000000357628,"qoeLatency":17392.8,"qoeBitrateSwitch":750,"qoePlaybackSpeed":327.9622059265539},"chunk-stream3-00026":{"qoeTotal":-36401.65781885574,"qoeBitrate":9250,"qoeRebuffer":24796.800000339746,"qoeLatency":19734,"qoeBitrateSwitch":750,"qoePlaybackSpeed":370.8578185159931},"chunk-stream2-00027":{"qoeTotal":-40050.376294986454,"qoeBitrate":9750,"qoeRebuffer":26305.800000339746,"qoeLatency":22187.4,"qoeBitrateSwitch":900,"qoePlaybackSpeed":407.1762946467081},"chunk-stream2-00028":{"qoeTotal":-42082.76584039186,"qoeBitrate":10250,"qoeRebuffer":26305.800000339746,"qoeLatency":24685.800000000003,"qoeBitrateSwitch":900,"qoePlaybackSpeed":441.1658400521104},"chunk-stream2-00029":{"qoeTotal":-44132.165645391644,"qoeBitrate":10750,"qoeRebuffer":26305.800000339746,"qoeLatency":27175.200000000004,"qoeBitrateSwitch":900,"qoePlaybackSpeed":501.1656450518925},"chunk-stream3-00030":{"qoeTotal":-45508.79105652157,"qoeBitrate":12000,"qoeRebuffer":26305.800000339746,"qoeLatency":29635.200000000004,"qoeBitrateSwitch":1050,"qoePlaybackSpeed":517.7910561818217},"chunk-stream3-00031":{"qoeTotal":-46806.4164003044,"qoeBitrate":13250,"qoeRebuffer":26305.800000339746,"qoeLatency":32157.600000000006,"qoeBitrateSwitch":1050,"qoePlaybackSpeed":543.0163999646467},"chunk-stream3-00032":{"qoeTotal":-49878.42135810168,"qoeBitrate":14500,"qoeRebuffer":27891.000000357628,"qoeLatency":34854.00000000001,"qoeBitrateSwitch":1050,"qoePlaybackSpeed":583.4213577440436},"chunk-stream3-00033":{"qoeTotal":-57064.37544405651,"qoeBitrate":15750,"qoeRebuffer":33212.40000021458,"qoeLatency":37924.200000000004,"qoeBitrateSwitch":1050,"qoePlaybackSpeed":627.77544384193},"chunk-stream2-00034":{"qoeTotal":-62597.293466264855,"qoeBitrate":16250,"qoeRebuffer":35864.40000021458,"qoeLatency":41113.8,"qoeBitrateSwitch":1200,"qoePlaybackSpeed":669.0934660502746},"chunk-stream2-00035":{"qoeTotal":-66937.16457623144,"qoeBitrate":16750,"qoeRebuffer":37397.40000021458,"qoeLatency":44379.600000000006,"qoeBitrateSwitch":1200,"qoePlaybackSpeed":710.164576016864},"chunk-stream2-00036":{"qoeTotal":-69780.79993172523,"qoeBitrate":17250,"qoeRebuffer":37397.40000021458,"qoeLatency":47701.200000000004,"qoeBitrateSwitch":1200,"qoePlaybackSpeed":732.199931510633},"chunk-stream2-00037":{"qoeTotal":-72670.9790273401,"qoeBitrate":17750,"qoeRebuffer":37397.40000021458,"qoeLatency":51057.600000000006,"qoeBitrateSwitch":1200,"qoePlaybackSpeed":765.9790271255233},"chunk-stream2-00038":{"qoeTotal":-75584.97902718706,"qoeBitrate":18250,"qoeRebuffer":37397.40000021458,"qoeLatency":54411.600000000006,"qoeBitrateSwitch":1200,"qoePlaybackSpeed":825.9790269724745},"chunk-stream2-00039":{"qoeTotal":-78444.979027034,"qoeBitrate":18750,"qoeRebuffer":37397.40000021458,"qoeLatency":57711.600000000006,"qoeBitrateSwitch":1200,"qoePlaybackSpeed":885.9790268194256},"chunk-stream3-00040":{"qoeTotal":-80646.59432328538,"qoeBitrate":20000,"qoeRebuffer":37397.40000021458,"qoeLatency":60983.40000000001,"qoeBitrateSwitch":1350,"qoePlaybackSpeed":915.7943230707964},"chunk-stream3-00041":{"qoeTotal":-85467.74456170175,"qoeBitrate":21250,"qoeRebuffer":40009.200000196695,"qoeLatency":64398.600000000006,"qoeBitrateSwitch":1350,"qoePlaybackSpeed":959.9445615050512},"chunk-stream3-00042":{"qoeTotal":-89233.41239693941,"qoeBitrate":22500,"qoeRebuffer":41508.000000178814,"qoeLatency":67873.20000000001,"qoeBitrateSwitch":1350,"qoePlaybackSpeed":1002.2123967605938},"chunk-stream2-00043":{"qoeTotal":-92398.88594757012,"qoeBitrate":23000,"qoeRebuffer":41508.000000178814,"qoeLatency":71379.00000000001,"qoeBitrateSwitch":1500,"qoePlaybackSpeed":1011.8859473912952},"chunk-stream3-00044":{"qoeTotal":-94852.0364520936,"qoeBitrate":24250,"qoeRebuffer":41508.000000178814,"qoeLatency":74908.80000000002,"qoeBitrateSwitch":1650,"qoePlaybackSpeed":1035.2364519147686},"chunk-stream3-00045":{"qoeTotal":-97212.79264279598,"qoeBitrate":25500,"qoeRebuffer":41508.000000178814,"qoeLatency":78495.60000000002,"qoeBitrateSwitch":1650,"qoePlaybackSpeed":1059.1926426171483},"chunk-stream3-00046":{"qoeTotal":-99620.2341990598,"qoeBitrate":26750,"qoeRebuffer":41508.000000178814,"qoeLatency":82128.00000000001,"qoeBitrateSwitch":1650,"qoePlaybackSpeed":1084.2341988809821},"chunk-stream3-00047":{"qoeTotal":-102074.02303068474,"qoeBitrate":28000,"qoeRebuffer":41508.000000178814,"qoeLatency":85805.40000000001,"qoeBitrateSwitch":1650,"qoePlaybackSpeed":1110.62303050591},"chunk-stream3-00048":{"qoeTotal":-104552.7531675184,"qoeBitrate":29250,"qoeRebuffer":41508.000000178814,"qoeLatency":89526.6,"qoeBitrateSwitch":1650,"qoePlaybackSpeed":1118.1531673395739},"chunk-stream3-00049":{"qoeTotal":-107097.0591480489,"qoeBitrate":30500,"qoeRebuffer":41508.000000178814,"qoeLatency":93288,"qoeBitrateSwitch":1650,"qoePlaybackSpeed":1151.0591478700799},"chunk-stream3-00050":{"qoeTotal":-115430.25914829923,"qoeBitrate":31750,"qoeRebuffer":46963.80000042915,"qoeLatency":97415.4,"qoeBitrateSwitch":1650,"qoePlaybackSpeed":1151.0591478700799},"chunk-stream3-00051":{"qoeTotal":-122096.77225261698,"qoeBitrate":33000,"qoeRebuffer":50395.20000037551,"qoeLatency":101853.59999999999,"qoeBitrateSwitch":1650,"qoePlaybackSpeed":1197.9722522414831},"chunk-stream3-00052":{"qoeTotal":-126968.45380901477,"qoeBitrate":34250,"qoeRebuffer":51909.00000035763,"qoeLatency":106420.2,"qoeBitrateSwitch":1650,"qoePlaybackSpeed":1239.25380865714},"chunk-stream3-00053":{"qoeTotal":-130346.25380901477,"qoeBitrate":35500,"qoeRebuffer":51909.00000035763,"qoeLatency":111048,"qoeBitrateSwitch":1650,"qoePlaybackSpeed":1239.25380865714},"chunk-stream2-00054":{"qoeTotal":-136228.45380896112,"qoeBitrate":36000,"qoeRebuffer":53435.400000303984,"qoeLatency":115693.8,"qoeBitrateSwitch":1800,"qoePlaybackSpeed":1299.2538086571367},"chunk-stream3-00055":{"qoeTotal":-141747.65380894326,"qoeBitrate":37250,"qoeRebuffer":54943.2000002861,"qoeLatency":120805.2,"qoeBitrateSwitch":1950,"qoePlaybackSpeed":1299.2538086571367},"chunk-stream3-00056":{"qoeTotal":-157339.97727898092,"qoeBitrate":38500,"qoeRebuffer":66000.00000026822,"qoeLatency":126558,"qoeBitrateSwitch":1950,"qoePlaybackSpeed":1331.9772787126972},"chunk-stream3-00057":{"qoeTotal":-163619.05736075458,"qoeBitrate":39750,"qoeRebuffer":67533.60000032187,"qoeLatency":132513.6,