{"chunk-stream2-00018":{"qoeTotal":-475.9451958052242,"qoeBitrate":500,"qoeRebuffer":0,"qoeLatency":942.6,"qoeBitrateSwitch":0,"qoePlaybackSpeed":33.34519580522419},"init-stream5":{"qoeTotal":-3457.2903916104483,"qoeBitrate":3500,"qoeRebuffer":0,"qoeLatency":1890.6,"qoeBitrateSwitch":5000,"qoePlaybackSpeed":66.69039161044839},"chunk-stream5-00019":{"qoeTotal":-1439.6646964442361,"qoeBitrate":6500,"qoeRebuffer":0,"qoeLatency":2856.6,"qoeBitrateSwitch":5000,"qoePlaybackSpeed":83.06469644423635},"chunk-stream5-00020":{"qoeTotal":589.3609987219759,"qoeBitrate":9500,"qoeRebuffer":0,"qoeLatency":3811.2,"qoeBitrateSwitch":5000,"qoePlaybackSpeed":99.4390012780243},"chunk-stream5-00021":{"qoeTotal":2630.341714441767,"qoeBitrate":12500,"qoeRebuffer":0,"qoeLatency":4756.8,"qoeBitrateSwitch":5000,"qoePlaybackSpeed":112.85828555823272},"chunk-stream5-00022":{"qoeTotal":4673.311684210145,"qoeBitrate":15500,"qoeRebuffer":0,"qoeLatency":5703,"qoeBitrateSwitch":5000,"qoePlaybackSpeed":123.68831578985471},"chunk-stream5-00023":{"qoeTotal":6736.681653978523,"qoeBitrate":18500,"qoeRebuffer":0,"qoeLatency":6628.8,"qoeBitrateSwitch":5000,"qoePlaybackSpeed":134.5183460214767},"chunk-stream5-00024":{"qoeTotal":8813.908145765658,"qoeBitrate":21500,"qoeRebuffer":0,"qoeLatency":7545,"qoeBitrateSwitch":5000,"qoePlaybackSpeed":141.09185423434246},"chunk-stream5-00025":{"qoeTotal":10898.308145765657,"qoeBitrate":24500,"qoeRebuffer":0,"qoeLatency":8460.6,"qoeBitrateSwitch":5000,"qoePlaybackSpeed":141.09185423434246},"chunk-stream5-00026":{"qoeTotal":12982.708145765657,"qoeBitrate":27500,"qoeRebuffer":0,"qoeLatency":9376.2,"qoeBitrateSwitch":5000,"qoePlaybackSpeed":141.09185423434246},"chunk-stream5-00027":{"qoeTotal":15057.508145765656,"qoeBitrate":30500,"qoeRebuffer":0,"qoeLatency":10301.400000000001,"qoeBitrateSwitch":5000,"qoePlaybackSpeed":141.09185423434246},"chunk-stream5-00028":{"qoeTotal":17141.308145765655,"qoeBitrate":33500,"qoeRebuffer":0,"qoeLatency":11217.600000000002,"qoeBitrateSwitch":5000,"qoePlaybackSpeed":141.09185423434246},"chunk-stream5-00029":{"qoeTotal":19216.708145765653,"qoeBitrate":36500,"qoeRebuffer":0,"qoeLatency":12142.200000000003,"qoeBitrateSwitch":5000,"qoePlaybackSpeed":141.09185423434246},"chunk-stream5-00030":{"qoeTotal":21300.508145765656,"qoeBitrate":39500,"qoeRebuffer":0,"qoeLatency":13058.400000000003,"qoeBitrateSwitch":5000,"qoePlaybackSpeed":141.09185423434246},"chunk-stream5-00031":{"qoeTotal":23384.908145765654,"qoeBitrate":42500,"qoeRebuffer":0,"qoeLatency":13974.000000000004,"qoeBitrateSwitch":5000,"qoePlaybackSpeed":141.09185423434246},"chunk-stream5-00032":{"qoeTotal":25461.508145765656,"qoeBitrate":45500,"qoeRebuffer":0,"qoeLatency":14897.400000000003,"qoeBitrateSwitch":5000,"qoePlaybackSpeed":141.09185423434246},"chunk-stream5-00033":{"qoeTotal":27545.908145765654,"qoeBitrate":48500,"qoeRebuffer":0,"qoeLatency":15813.000000000004,"qoeBitrateSwitch":5000,"qoePlaybackSpeed":141.09185423434246},"chunk-stream5-00034":{"qoeTotal":29629.708145765653,"qoeBitrate":51500,"qoeRebuffer":0,"qoeLatency":16729.200000000004,"qoeBitrateSwitch":5000,"qoePlaybackSpeed":141.09185423434246},"chunk-stream5-00035":{"qoeTotal":31708.108145765655,"qoeBitrate":54500,"qoeRebuffer":0,"qoeLatency":17650.800000000003,"qoeBitrateSwitch":5000,"qoePlaybackSpeed":141.09185423434246},"chunk-stream5-00036":{"qoeTotal":33792.508145765656,"qoeBitrate":57500,"qoeRebuffer":0,"qoeLatency":18566.4,"qoeBitrateSwitch":5000,"qoePlaybackSpeed":141.09185423434246},"chunk-stream5-00037":{"qoeTotal":35876.90814576566,"qoeBitrate":60500,"qoeRebuffer":0,"qoeLatency":19482,"qoeBitrateSwitch":5000,"qoePlaybackSpeed":141.09185423434246},"chunk-stream5-00038":{"qoeTotal":37961.30814576566,"qoeBitrate":63500,"qoeRebuffer":0,"qoeLatency":20397.6,"qoeBitrateSwitch":5000,"qoePlaybackSpeed":141.09185423434246},"chunk-stream5-00039":{"qoeTotal":40045.108145765655,"qoeBitrate":66500,"qoeRebuffer":0,"qoeLatency":21313.8,"qoeBitrateSwitch":5000,"qoePlaybackSpeed":141.09185423434246},"chunk-stream5-00040":{"qoeTotal":42122.30814576566,"qoeBitrate":69500,"qoeRebuffer":0,"qoeLatency":22236.6,"qoeBitrateSwitch":5000,"qoePlaybackSpeed":141.09185423434246},"chunk-stream5-00041":{"qoeTotal":44206.70814576566,"qoeBitrate":72500,"qoeRebuffer":0,"qoeLatency":23152.199999999997,"qoeBitrateSwitch":5000,"qoePlaybackSpeed":141.09185423434246},"chunk-stream5-00042":{"qoeTotal":46284.50814576566,"qoeBitrate":75500,"qoeRebuffer":0,"qoeLatency":24074.399999999998,"qoeBitrateSwitch":5000,"qoePlaybackSpeed":141.09185423434246},"chunk-stream5-00043":{"qoeTotal":48361.70814576566,"qoeBitrate":78500,"qoeRebuffer":0,"qoeLatency":24997.199999999997,"qoeBitrateSwitch":5000,"qoePlaybackSpeed":141.09185423434246},"chunk-stream5-00044":{"qoeTotal":50446.10814576566,"qoeBitrate":81500,"qoeRebuffer":0,"qoeLatency":25912.799999999996,"qoeBitrateSwitch":5000,"qoePlaybackSpeed":141.09185423434246},"chunk-stream5-00045":{"qoeTotal":52530.50814576566,"qoeBitrate":84500,"qoeRebuffer":0,"qoeLatency":26828.399999999994,"qoeBitrateSwitch":5000,"qoePlaybackSpeed":141.09185423434246},"chunk-stream5-00046":{"qoeTotal":54614.908145765665,"qoeBitrate":87500,"qoeRebuffer":0,"qoeLatency":27743.999999999993,"qoeBitrateSwitch":5000,"qoePlaybackSpeed":141.09185423434246},"chunk-stream5-00047":{"qoeTotal":56699.308145765666,"qoeBitrate":90500,"qoeRebuffer":0,"qoeLatency":28659.59999999999,"qoeBitrateSwitch":5000,"qoePlaybackSpeed":141.09185423434246},"chunk-stream5-00048":{"qoeTotal":58783.70814576567,"qoeBitrate":93500,"qoeRebuffer":0,"qoeLatency":29575.19999999999,"qoeBitrateSwitch":5000,"qoePlaybackSpeed":141.09185423434246},"chunk-stream5-00049":{"qoeTotal":60868.10814576567,"qoeBitrate":96500,"qoeRebuffer":0,"qoeLatency":30490.79999999999,"qoeBitrateSwitch":5000,"qoePlaybackSpeed":141.09185423434246},"chunk-stream5-00050":{"qoeTotal":62951.90814576567,"qoeBitrate":99500,"qoeRebuffer":0,"qoeLatency":31406.99999999999,"qoeBitrateSwitch":5000,"qoePlaybackSpeed":141.09185423434246},"chunk-stream5-00051":{"qoeTotal":65026.10814576567,"qoeBitrate":102500,"qoeRebuffer":0,"qoeLatency":32332.79999999999,"qoeBitrateSwitch":5000,"qoePlaybackSpeed":141.09185423434246},"chunk-stream5-00052":{"qoeTotal":67103.30814576567,"qoeBitrate":105500,"qoeRebuffer":0,"qoeLatency":33255.59999999999,"qoeBitrateSwitch":5000,"qoePlaybackSpeed":141.09185423434246},"chunk-stream5-00053":{"qoeTotal":69187.70814576567,"qoeBitrate":108500,"qoeRebuffer":0,"qoeLatency":34171.19999999999,"qoeBitrateSwitch":5000,"qoePlaybackSpeed":141.09185423434246},"chunk-stream5-00054":{"qoeTotal":71272.10814576567,"qoeBitrate":111500,"qoeRebuffer":0,"qoeLatency":35086.79999999999,"qoeBitrateSwitch":5000,"qoePlaybackSpeed":141.09185423434246},"chunk-stream5-00055":{"qoeTotal":73356.50814576566,"qoeBitrate":114500,"qoeRebuffer":0,"qoeLatency":36002.39999999999,"qoeBitrateSwitch":5000,"qoePlaybackSpeed":141.09185423434246},"chunk-stream5-00056":{"qoeTotal":75440.90814576567,"qoeBitrate":117500,"qoeRebuffer":0,"qoeLatency":36917.999999999985,"qoeBitrateSwitch":5000,"qoePlaybackSpeed":141.09185423434246},"chunk-stream5-00057":{"qoeTotal":77525.30814576568,"qoeBitrate":120500,"qoeRebuffer":0,"qoeLatency":37833.599999999984,"qoeBitrateSwitch":5000,"qoePlaybackSpeed":141.09185423434246},"chunk-stream5-00058":{"qoeTotal":79609.70814576567,"qoeBitrate":123500,"qoeRebuffer":0,"qoeLatency":38749.19999999998,"qoeBitrateSwitch":5000,"qoePlaybackSpeed":141.09185423434246},"chunk-stream5-00059":{"qoeTotal":81683.30814576568,"qoeBitrate":126500,"qoeRebuffer":0,"qoeLatency":39675.599999999984,"qoeBitrateSwitch":5000,"qoePlaybackSpeed":141.09185423434246},"chunk-stream5-00060":{"qoeTotal":83767.10814576567,"qoeBitrate":129500,"qoeRebuffer":0,"qoeLatency":40591.79999999998,"qoeBitrateSwitch":5000,"qoePlaybackSpeed":141.09185423434246},"chunk-stream5-00061":{"qoeTotal":85851.50814576568,"qoeBitrate":132500,"qoeRebuffer":0,"qoeLatency":41507.39999999998,"qoeBitrateSwitch":5000,