{"chunk-stream2-00018":{"qoeTotal":-540.7767739764593,"qoeBitrate":500,"qoeRebuffer":0,"qoeLatency":994.8,"qoeBitrateSwitch":0,"qoePlaybackSpeed":45.97677397645927},"init-stream0":{"qoeTotal":-1565.7535479529186,"qoeBitrate":600,"qoeRebuffer":0,"qoeLatency":1993.8,"qoeBitrateSwitch":80,"qoePlaybackSpeed":91.95354795291854},"chunk-stream0-00019":{"qoeTotal":-2515.530321929378,"qoeBitrate":700,"qoeRebuffer":0,"qoeLatency":2997.6,"qoeBitrateSwitch":80,"qoePlaybackSpeed":137.9303219293778},"chunk-stream0-00020":{"qoeTotal":-3470.707095905837,"qoeBitrate":800,"qoeRebuffer":0,"qoeLatency":4006.7999999999997,"qoeBitrateSwitch":80,"qoePlaybackSpeed":183.90709590583708},"chunk-stream0-00021":{"qoeTotal":-4430.683869882296,"qoeBitrate":900,"qoeRebuffer":0,"qoeLatency":5020.799999999999,"qoeBitrateSwitch":80,"qoePlaybackSpeed":229.88386988229635},"init-stream4":{"qoeTotal":-3852.774420564213,"qoeBitrate":2900,"qoeRebuffer":0,"qoeLatency":6035.4,"qoeBitrateSwitch":460,"qoePlaybackSpeed":257.3744205642131},"chunk-stream4-00022":{"qoeTotal":-2852.1141802341535,"qoeBitrate":4900,"qoeRebuffer":0,"qoeLatency":7012.2,"qoeBitrateSwitch":460,"qoePlaybackSpeed":279.9141802341539},"chunk-stream4-00023":{"qoeTotal":-1818.2315231661462,"qoeBitrate":6900,"qoeRebuffer":0,"qoeLatency":7963.2,"qoeBitrateSwitch":460,"qoePlaybackSpeed":295.0315231661463},"chunk-stream4-00024":{"qoeTotal":-760.5885776702905,"qoeBitrate":8900,"qoeRebuffer":0,"qoeLatency":8895.6,"qoeBitrateSwitch":460,"qoePlaybackSpeed":304.9885776702902}}