{"chunk-stream2-00018":{"qoeTotal":-686.9537907181699,"qoeBitrate":500,"qoeRebuffer":0,"qoeLatency":1139.4,"qoeBitrateSwitch":0,"qoePlaybackSpeed":47.55379071816983},"init-stream1":{"qoeTotal":-3193.217394219477,"qoeBitrate":800,"qoeRebuffer":1581,"qoeLatency":2282.4,"qoeBitrateSwitch":40,"qoePlaybackSpeed":89.8173942194768},"chunk-stream1-00019":{"qoeTotal":-4064.417394219477,"qoeBitrate":1100,"qoeRebuffer":1581,"qoeLatency":3453.6000000000004,"qoeBitrateSwitch":40,"qoePlaybackSpeed":89.8173942194768},"chunk-stream1-00020":{"qoeTotal":-6495.624882264904,"qoeBitrate":1400,"qoeRebuffer":3101.4000005722046,"qoeLatency":4640.400000000001,"qoeBitrateSwitch":40,"qoePlaybackSpeed":113.82488169269912},"chunk-stream1-00021":{"qoeTotal":-7392.761092403432,"qoeBitrate":1700,"qoeRebuffer":3101.4000005722046,"qoeLatency":5790,"qoeBitrateSwitch":40,"qoePlaybackSpeed":161.3610918312268},"chunk-stream1-00022":{"qoeTotal":-8238.621264755746,"qoeBitrate":2000,"qoeRebuffer":3101.4000005722046,"qoeLatency":6893.4,"qoeBitrateSwitch":40,"qoePlaybackSpeed":203.82126418354093},"chunk-stream1-00023":{"qoeTotal":-9042.060458388116,"qoeBitrate":2300,"qoeRebuffer":3101.4000005722046,"qoeLatency":7959,"qoeBitrateSwitch":40,"qoePlaybackSpeed":241.66045781591083},"chunk-stream1-00024":{"qoeTotal":-9805.11868730045,"qoeBitrate":2600,"qoeRebuffer":3101.4000005722046,"qoeLatency":8989.2,"qoeBitrateSwitch":40,"qoePlaybackSpeed":274.51868672824526},"chunk-stream1-00025":{"qoeTotal":-10537.21167520231,"qoeBitrate":2900,"qoeRebuffer":3101.4000005722046,"qoeLatency":9992.400000000001,"qoeBitrateSwitch":40,"qoePlaybackSpeed":303.41167463010373},"chunk-stream1-00026":{"qoeTotal":-11235.792054306665,"qoeBitrate":3200,"qoeRebuffer":3101.4000005722046,"qoeLatency":10971.600000000002,"qoeBitrateSwitch":40,"qoePlaybackSpeed":322.792053734458},"chunk-stream1-00027":{"qoeTotal":-11915.809544434998,"qoeBitrate":3500,"qoeRebuffer":3101.4000005722046,"qoeLatency":11935.800000000003,"qoeBitrateSwitch":40,"qoePlaybackSpeed":338.60954386279025},"chunk-stream1-00028":{"qoeTotal":-12573.943518470396,"qoeBitrate":3800,"qoeRebuffer":3101.4000005722046,"qoeLatency":12880.800000000003,"qoeBitrateSwitch":40,"qoePlaybackSpeed":351.7435178981893},"chunk-stream1-00029":{"qoeTotal":-13205.70915638246,"qoeBitrate":4100,"qoeRebuffer":3101.4000005722046,"qoeLatency":13805.400000000003,"qoeBitrateSwitch":40,"qoePlaybackSpeed":358.9091558102524},"chunk-stream1-00030":{"qoeTotal":-13820.70915638246,"qoeBitrate":4400,"qoeRebuffer":3101.4000005722046,"qoeLatency":14720.400000000003,"qoeBitrateSwitch":40,"qoePlaybackSpeed":358.9091558102524},"chunk-stream1-00031":{"qoeTotal":-14435.70915638246,"qoeBitrate":4700,"qoeRebuffer":3101.4000005722046,"qoeLatency":15635.400000000003,"qoeBitrateSwitch":40,"qoePlaybackSpeed":358.9091558102524},"chunk-stream1-00032":{"qoeTotal":-15053.10915638246,"qoeBitrate":5000,"qoeRebuffer":3101.4000005722046,"qoeLatency":16552.800000000003,"qoeBitrateSwitch":40,"qoePlaybackSpeed":358.9091558102524},"chunk-stream1-00033":{"qoeTotal":-15670.50915638246,"qoeBitrate":5300,"qoeRebuffer":3101.4000005722046,"qoeLatency":17470.200000000004,"qoeBitrateSwitch":40,"qoePlaybackSpeed":358.9091558102524},"chunk-stream1-00034":{"qoeTotal":-16285.50915638246,"qoeBitrate":5600,"qoeRebuffer":3101.4000005722046,"qoeLatency":18385.200000000004,"qoeBitrateSwitch":40,"qoePlaybackSpeed":358.9091558102524},"chunk-stream1-00035":{"qoeTotal":-16900.50915638246,"qoeBitrate":5900,"qoeRebuffer":3101.4000005722046,"qoeLatency":19300.200000000004,"qoeBitrateSwitch":40,"qoePlaybackSpeed":358.9091558102524},"chunk-stream1-00036":{"qoeTotal":-17517.30915638246,"qoeBitrate":6200,"qoeRebuffer":3101.4000005722046,"qoeLatency":20217.000000000004,"qoeBitrateSwitch":40,"qoePlaybackSpeed":358.9091558102524},"chunk-stream1-00037":{"qoeTotal":-18132.30915638246,"qoeBitrate":6500,"qoeRebuffer":3101.4000005722046,"qoeLatency":21132.000000000004,"qoeBitrateSwitch":40,"qoePlaybackSpeed":358.9091558102524},"chunk-stream1-00038":{"qoeTotal":-18749.70915638246,"qoeBitrate":6800,"qoeRebuffer":3101.4000005722046,"qoeLatency":22049.400000000005,"qoeBitrateSwitch":40,"qoePlaybackSpeed":358.9091558102524},"chunk-stream1-00039":{"qoeTotal":-19366.50915638246,"qoeBitrate":7100,"qoeRebuffer":3101.4000005722046,"qoeLatency":22966.200000000004,"qoeBitrateSwitch":40,"qoePlaybackSpeed":358.9091558102524},"chunk-stream1-00040":{"qoeTotal":-19983.909156382462,"qoeBitrate":7400,"qoeRebuffer":3101.4000005722046,"qoeLatency":23883.600000000006,"qoeBitrateSwitch":40,"qoePlaybackSpeed":358.9091558102524},"chunk-stream1-00041":{"qoeTotal":-20598.909156382462,"qoeBitrate":7700,"qoeRebuffer":3101.4000005722046,"qoeLatency":24798.600000000006,"qoeBitrateSwitch":40,"qoePlaybackSpeed":358.9091558102524},"chunk-stream1-00042":{"qoeTotal":-21215.70915638246,"qoeBitrate":8000,"qoeRebuffer":3101.4000005722046,"qoeLatency":25715.400000000005,"qoeBitrateSwitch":40,"qoePlaybackSpeed":358.9091558102524},"chunk-stream1-00043":{"qoeTotal":-21832.50915638246,"qoeBitrate":8300,"qoeRebuffer":3101.4000005722046,"qoeLatency":26632.200000000004,"qoeBitrateSwitch":40,"qoePlaybackSpeed":358.9091558102524},"chunk-stream1-00044":{"qoeTotal":-22449.909156382462,"qoeBitrate":8600,"qoeRebuffer":3101.4000005722046,"qoeLatency":27549.600000000006,"qoeBitrateSwitch":40,"qoePlaybackSpeed":358.9091558102524},"chunk-stream1-00045":{"qoeTotal":-23067.309156382464,"qoeBitrate":8900,"qoeRebuffer":3101.4000005722046,"qoeLatency":28467.000000000007,"qoeBitrateSwitch":40,"qoePlaybackSpeed":358.9091558102524},"chunk-stream1-00046":{"qoeTotal":-23684.109156382463,"qoeBitrate":9200,"qoeRebuffer":3101.4000005722046,"qoeLatency":29383.800000000007,"qoeBitrateSwitch":40,"qoePlaybackSpeed":358.9091558102524},"chunk-stream1-00047":{"qoeTotal":-24301.509156382464,"qoeBitrate":9500,"qoeRebuffer":3101.4000005722046,"qoeLatency":30301.200000000008,"qoeBitrateSwitch":40,"qoePlaybackSpeed":358.9091558102524},"chunk-stream1-00048":{"qoeTotal":-24918.909156382466,"qoeBitrate":9800,"qoeRebuffer":3101.4000005722046,"qoeLatency":31218.60000000001,"qoeBitrateSwitch":40,"qoePlaybackSpeed":358.9091558102524},"chunk-stream1-00049":{"qoeTotal":-25533.909156382466,"qoeBitrate":10100,"qoeRebuffer":3101.4000005722046,"qoeLatency":32133.60000000001,"qoeBitrateSwitch":40,"qoePlaybackSpeed":358.9091558102524},"chunk-stream1-00050":{"qoeTotal":-26151.909156382462,"qoeBitrate":10400,"qoeRebuffer":3101.4000005722046,"qoeLatency":33051.600000000006,"qoeBitrateSwitch":40,"qoePlaybackSpeed":358.9091558102524},"chunk-stream1-00051":{"qoeTotal":-26769.309156382464,"qoeBitrate":10700,"qoeRebuffer":3101.4000005722046,"qoeLatency":33969.00000000001,"qoeBitrateSwitch":40,"qoePlaybackSpeed":358.9091558102524},"chunk-stream1-00052":{"qoeTotal":-27386.709156382465,"qoeBitrate":11000,"qoeRebuffer":3101.4000005722046,"qoeLatency":34886.40000000001,"qoeBitrateSwitch":40,"qoePlaybackSpeed":358.9091558102524},"chunk-stream1-00053":{"qoeTotal":-28003.509156382468,"qoeBitrate":11300,"qoeRebuffer":3101.4000005722046,"qoeLatency":35803.20000000001,"qoeBitrateSwitch":40,"qoePlaybackSpeed":358.9091558102524},"chunk-stream1-00054":{"qoeTotal":-28620.90915638247,"qoeBitrate":11600,"qoeRebuffer":3101.4000005722046,"qoeLatency":36720.60000000001,"qoeBitrateSwitch":40,"qoePlaybackSpeed":358.9091558102524},"chunk-stream1-00055":{"qoeTotal":-29235.90915638247,"qoeBitrate":11900,"qoeRebuffer":3101.4000005722046,"qoeLatency":37635.60000000001,"qoeBitrateSwitch":40,"qoePlaybackSpeed":358.9091558102524},"chunk-stream1-00056":{"qoeTotal":-29919.90915638247,"qoeBitrate":12200,"qoeRebuffer":3101.4000005722046,"qoeLatency":38619.60000000001,"qoeBitrateSwitch":40,"qoePlaybackSpeed":358.9091558102524},"chunk-stream1-00057":{"qoeTotal":-29663.388701858676,"qoeBitrate":12500,"qoeRebuffer":3120.0000014305115,"qoeLatency":38633.94000000001,"qoeBitrateSwitch":40,"qoePlaybackSpeed":369.4487004281538},"chunk-stream1-00058":{"qoeTotal":-29385.735056875033,"qoeBitrate":12800,