{"chunk-stream2-00018":{"qoeTotal":-587.3112024681456,"qoeBitrate":500,"qoeRebuffer":0,"qoeLatency":1036.8,"qoeBitrateSwitch":0,"qoePlaybackSpeed":50.51120246814558},"init-stream3":{"qoeTotal":-7571.111202468146,"qoeBitrate":1750,"qoeRebuffer":0,"qoeLatency":9120.6,"qoeBitrateSwitch":150,"qoePlaybackSpeed":50.51120246814558},"chunk-stream3-00019":{"qoeTotal":-10673.507212099452,"qoeBitrate":3000,"qoeRebuffer":3071.399999946356,"qoeLatency":10357.8,"qoeBitrateSwitch":150,"qoePlaybackSpeed":94.30721215309678},"chunk-stream3-00020":{"qoeTotal":-14721.871537110936,"qoeBitrate":4250,"qoeRebuffer":6666.599999964237,"qoeLatency":12013.8,"qoeBitrateSwitch":150,"qoePlaybackSpeed":141.47153714669977},"init-stream2":{"qoeTotal":-17873.50647151508,"qoeBitrate":4750,"qoeRebuffer":6666.599999964237,"qoeLatency":15471.599999999999,"qoeBitrateSwitch":300,"qoePlaybackSpeed":185.30647155084438},"chunk-stream2-00021":{"qoeTotal":-19862.20853545762,"qoeBitrate":5250,"qoeRebuffer":7263.599999964237,"qoeLatency":17320.8,"qoeBitrateSwitch":300,"qoePlaybackSpeed":227.80853549338167},"chunk-stream2-00022":{"qoeTotal":-24376.27209165528,"qoeBitrate":5750,"qoeRebuffer":10387.799999982119,"qoeLatency":19192.8,"qoeBitrateSwitch":300,"qoePlaybackSpeed":245.67209167316017},"chunk-stream3-00023":{"qoeTotal":-26758.417545686516,"qoeBitrate":7000,"qoeRebuffer":11896.200000017881,"qoeLatency":21124.8,"qoeBitrateSwitch":450,"qoePlaybackSpeed":287.41754566863676},"chunk-stream3-00024":{"qoeTotal":-29201.54730017171,"qoeBitrate":8250,"qoeRebuffer":13420.200000017881,"qoeLatency":23254.2,"qoeBitrateSwitch":450,"qoePlaybackSpeed":327.1473001538303},"chunk-stream3-00025":{"qoeTotal":-31813.442320365124,"qoeBitrate":9500,"qoeRebuffer":14916.600000053644,"qoeLatency":25584,"qoeBitrateSwitch":450,"qoePlaybackSpeed":362.8423203114811},"chunk-stream2-00026":{"qoeTotal":-33884.00626345902,"qoeBitrate":10000,"qoeRebuffer":14916.600000053644,"qoeLatency":27959.4,"qoeBitrateSwitch":600,"qoePlaybackSpeed":408.00626340537764},"chunk-stream3-00027":{"qoeTotal":-35254.5875306888,"qoeBitrate":11250,"qoeRebuffer":14916.600000053644,"qoeLatency":30399.600000000002,"qoeBitrateSwitch":750,"qoePlaybackSpeed":438.3875306351468},"chunk-stream3-00028":{"qoeTotal":-36519.747657044005,"qoeBitrate":12500,"qoeRebuffer":14916.600000053644,"qoeLatency":32877,"qoeBitrateSwitch":750,"qoePlaybackSpeed":476.1476569903622},"init-stream4":{"qoeTotal":-42527.09610999863,"qoeBitrate":14500,"qoeRebuffer":14916.600000053644,"qoeLatency":40711.2,"qoeBitrateSwitch":900,"qoePlaybackSpeed":499.2961099449928},"chunk-stream4-00029":{"qoeTotal":-43066.45645702878,"qoeBitrate":16500,"qoeRebuffer":14916.600000053644,"qoeLatency":43224.6,"qoeBitrateSwitch":900,"qoePlaybackSpeed":525.2564569751369},"chunk-stream4-00030":{"qoeTotal":-43685.70702835247,"qoeBitrate":18500,"qoeRebuffer":14916.600000053644,"qoeLatency":45813.6,"qoeBitrateSwitch":900,"qoePlaybackSpeed":555.5070282988322},"chunk-stream4-00031":{"qoeTotal":-46011.57189546554,"qoeBitrate":20500,"qoeRebuffer":16494.600000053644,"qoeLatency":48521.4,"qoeBitrateSwitch":900,"qoePlaybackSpeed":595.5718954118944},"chunk-stream3-00032":{"qoeTotal":-47706.57404525555,"qoeBitrate":21750,"qoeRebuffer":16494.600000053644,"qoeLatency":51290.4,"qoeBitrateSwitch":1050,"qoePlaybackSpeed":621.5740452019006},"chunk-stream3-00033":{"qoeTotal":-49370.567085487564,"qoeBitrate":23000,"qoeRebuffer":16494.600000053644,"qoeLatency":54160.200000000004,"qoeBitrateSwitch":1050,"qoePlaybackSpeed":665.767085433917},"chunk-stream3-00034":{"qoeTotal":-53598.56708554121,"qoeBitrate":24250,"qoeRebuffer":19042.20000010729,"qoeLatency":57090.600000000006,"qoeBitrateSwitch":1050,"qoePlaybackSpeed":665.767085433917},"chunk-stream3-00035":{"qoeTotal":-58506.91990077178,"qoeBitrate":25500,"qoeRebuffer":22147.20000010729,"qoeLatency":60103.8,"qoeBitrateSwitch":1050,"qoePlaybackSpeed":705.9199006644902},"chunk-stream3-00036":{"qoeTotal":-61998.09774538115,"qoeBitrate":26750,"qoeRebuffer":23657.400000035763,"qoeLatency":63294,"qoeBitrateSwitch":1050,"qoePlaybackSpeed":746.697745345386},"chunk-stream3-00037":{"qoeTotal":-67436.43688637682,"qoeBitrate":28000,"qoeRebuffer":26841.600000053644,"qoeLatency":66751.2,"qoeBitrateSwitch":1050,"qoePlaybackSpeed":793.6368863231824},"chunk-stream2-00038":{"qoeTotal":-72180.29791941786,"qoeBitrate":28500,"qoeRebuffer":28364.40000012517,"qoeLatency":70294.8,"qoeBitrateSwitch":1200,"qoePlaybackSpeed":821.0979192926927},"chunk-stream2-00039":{"qoeTotal":-75287.95895238737,"qoeBitrate":29000,"qoeRebuffer":28364.40000012517,"qoeLatency":73875,"qoeBitrateSwitch":1200,"qoePlaybackSpeed":848.5589522622031},"chunk-stream2-00040":{"qoeTotal":-78385.84844185213,"qoeBitrate":29500,"qoeRebuffer":28364.40000012517,"qoeLatency":77461.2,"qoeBitrateSwitch":1200,"qoePlaybackSpeed":860.2484417269575},"chunk-stream3-00041":{"qoeTotal":-80845.74282262429,"qoeBitrate":30750,"qoeRebuffer":28364.40000012517,"qoeLatency":81008.4,"qoeBitrateSwitch":1350,"qoePlaybackSpeed":872.9428224991258},"chunk-stream3-00042":{"qoeTotal":-83154.9428225836,"qoeBitrate":32000,"qoeRebuffer":28364.40000012517,"qoeLatency":84507.59999999999,"qoeBitrateSwitch":1350,"qoePlaybackSpeed":932.942822458445},"chunk-stream4-00043":{"qoeTotal":-84811.94400058786,"qoeBitrate":34000,"qoeRebuffer":28364.40000012517,"qoeLatency":87998.4,"qoeBitrateSwitch":1500,"qoePlaybackSpeed":949.1440004626966},"chunk-stream3-00044":{"qoeTotal":-87233.21738633199,"qoeBitrate":35250,"qoeRebuffer":28364.40000012517,"qoeLatency":91506,"qoeBitrateSwitch":1650,"qoePlaybackSpeed":962.8173862068186},"chunk-stream3-00045":{"qoeTotal":-89560.41738629348,"qoeBitrate":36500,"qoeRebuffer":28364.40000012517,"qoeLatency":95023.2,"qoeBitrateSwitch":1650,"qoePlaybackSpeed":1022.8173861683148},"chunk-stream3-00046":{"qoeTotal":-91829.41738625498,"qoeBitrate":37750,"qoeRebuffer":28364.40000012517,"qoeLatency":98482.2,"qoeBitrateSwitch":1650,"qoePlaybackSpeed":1082.817386129811},"chunk-stream4-00047":{"qoeTotal":-93384.18435373864,"qoeBitrate":39750,"qoeRebuffer":28364.40000012517,"qoeLatency":101873.4,"qoeBitrateSwitch":1800,"qoePlaybackSpeed":1096.38435361348},"chunk-stream4-00048":{"qoeTotal":-94833.92254145182,"qoeBitrate":41750,"qoeRebuffer":28364.40000012517,"qoeLatency":105292.2,"qoeBitrateSwitch":1800,"qoePlaybackSpeed":1127.3225413266484},"chunk-stream4-00049":{"qoeTotal":-96365.3596340056,"qoeBitrate":43750,"qoeRebuffer":28364.40000012517,"qoeLatency":108780.59999999999,"qoeBitrateSwitch":1800,"qoePlaybackSpeed":1170.359633880439},"chunk-stream3-00050":{"qoeTotal":-100542.11170624939,"qoeBitrate":45000,"qoeRebuffer":29908.20000010729,"qoeLatency":112473.59999999999,"qoeBitrateSwitch":1950,"qoePlaybackSpeed":1210.3117061421037},"chunk-stream3-00051":{"qoeTotal":-104665.88465688103,"qoeBitrate":46250,"qoeRebuffer":31464.000000089407,"qoeLatency":116254.79999999999,"qoeBitrateSwitch":1950,"qoePlaybackSpeed":1247.0846567916246},"chunk-stream3-00052":{"qoeTotal":-107268.56810555358,"qoeBitrate":47500,"qoeRebuffer":31464.000000089407,"qoeLatency":120074.4,"qoeBitrateSwitch":1950,"qoePlaybackSpeed":1280.1681054641833},"chunk-stream3-00053":{"qoeTotal":-109890.49599130897,"qoeBitrate":48750,"qoeRebuffer":31464.000000089407,"qoeLatency":123917.4,"qoeBitrateSwitch":1950,"qoePlaybackSpeed":1309.0959912195708},"chunk-stream3-00054":{"qoeTotal":-112461.47367147783,"qoeBitrate":50000,"qoeRebuffer":31464.000000089407,"qoeLatency":127717.2,"qoeBitrateSwitch":1950,"qoePlaybackSpeed":1330.2736713884158},"chunk-stream4-00055":{"qoeTotal":-114574.47367147784,"qoeBitrate":52000,"qoeRebuffer":31464.000000089407,"qoeLatency":131680.2,"qoeBitrateSwitch":2100,"qoePlaybackSpeed":1330.2736713884158},"chunk-stream4-00056":{"qoeTotal":-126024.8405533922,"qoeBitrate":54000,"qoeRebuffer":40344.59999996424,"qoeLatency":136215.6,"qoeBitrateSwitch":2100,"qoePlaybackSpeed":1364.6405534279593},"chunk-stream4-00057":{"qoeTotal":-130409.98917070596,"qoeBitrate":56000,"qoeRebuffer":41926.79999998212,