{"chunk-stream2-00018":{"qoeTotal":-572.6904285539374,"qoeBitrate":500,"qoeRebuffer":0,"qoeLatency":1022.4,"qoeBitrateSwitch":0,"qoePlaybackSpeed":50.29042855393748},"chunk-stream2-00019":{"qoeTotal":-1136.3964786911442,"qoeBitrate":1000,"qoeRebuffer":0,"qoeLatency":2068.8,"qoeBitrateSwitch":0,"qoePlaybackSpeed":67.59647869114407},"chunk-stream2-00020":{"qoeTotal":-1724.3975113532408,"qoeBitrate":1500,"qoeRebuffer":0,"qoeLatency":3122.4,"qoeBitrateSwitch":0,"qoePlaybackSpeed":101.99751135324082},"chunk-stream2-00021":{"qoeTotal":-2283.463105048409,"qoeBitrate":2000,"qoeRebuffer":0,"qoeLatency":4152,"qoeBitrateSwitch":0,"qoePlaybackSpeed":131.46310504840912},"chunk-stream2-00022":{"qoeTotal":-2816.2817715796373,"qoeBitrate":2500,"qoeRebuffer":0,"qoeLatency":5160,"qoeBitrateSwitch":0,"qoePlaybackSpeed":156.2817715796372},"chunk-stream2-00023":{"qoeTotal":-3327.183215480684,"qoeBitrate":3000,"qoeRebuffer":0,"qoeLatency":6149.4,"qoeBitrateSwitch":0,"qoePlaybackSpeed":177.78321548068436},"chunk-stream2-00024":{"qoeTotal":-3810.5731470892124,"qoeBitrate":3500,"qoeRebuffer":0,"qoeLatency":7116,"qoeBitrateSwitch":0,"qoePlaybackSpeed":194.57314708921245},"chunk-stream2-00025":{"qoeTotal":-4266.693139083701,"qoeBitrate":4000,"qoeRebuffer":0,"qoeLatency":8061,"qoeBitrateSwitch":0,"qoePlaybackSpeed":205.6931390837008},"chunk-stream2-00026":{"qoeTotal":-4702.814805949055,"qoeBitrate":4500,"qoeRebuffer":0,"qoeLatency":8990.4,"qoeBitrateSwitch":0,"qoePlaybackSpeed":212.4148059490552},"chunk-stream2-00027":{"qoeTotal":-5122.614805949054,"qoeBitrate":5000,"qoeRebuffer":0,"qoeLatency":9910.199999999999,"qoeBitrateSwitch":0,"qoePlaybackSpeed":212.4148059490552},"chunk-stream2-00028":{"qoeTotal":-5538.814805949055,"qoeBitrate":5500,"qoeRebuffer":0,"qoeLatency":10826.4,"qoeBitrateSwitch":0,"qoePlaybackSpeed":212.4148059490552},"chunk-stream2-00029":{"qoeTotal":-5958.614805949054,"qoeBitrate":6000,"qoeRebuffer":0,"qoeLatency":11746.199999999999,"qoeBitrateSwitch":0,"qoePlaybackSpeed":212.4148059490552},"chunk-stream2-00030":{"qoeTotal":-6379.614805949054,"qoeBitrate":6500,"qoeRebuffer":0,"qoeLatency":12667.199999999999,"qoeBitrateSwitch":0,"qoePlaybackSpeed":212.4148059490552},"chunk-stream2-00031":{"qoeTotal":-6800.014805949054,"qoeBitrate":7000,"qoeRebuffer":0,"qoeLatency":13587.599999999999,"qoeBitrateSwitch":0,"qoePlaybackSpeed":212.4148059490552},"chunk-stream2-00032":{"qoeTotal":-7221.014805949054,"qoeBitrate":7500,"qoeRebuffer":0,"qoeLatency":14508.599999999999,"qoeBitrateSwitch":0,"qoePlaybackSpeed":212.4148059490552},"chunk-stream2-00033":{"qoeTotal":-7640.814805949053,"qoeBitrate":8000,"qoeRebuffer":0,"qoeLatency":15428.399999999998,"qoeBitrateSwitch":0,"qoePlaybackSpeed":212.4148059490552},"chunk-stream2-00034":{"qoeTotal":-8060.014805949054,"qoeBitrate":8500,"qoeRebuffer":0,"qoeLatency":16347.599999999999,"qoeBitrateSwitch":0,"qoePlaybackSpeed":212.4148059490552},"chunk-stream2-00035":{"qoeTotal":-8479.814805949052,"qoeBitrate":9000,"qoeRebuffer":0,"qoeLatency":17267.399999999998,"qoeBitrateSwitch":0,"qoePlaybackSpeed":212.4148059490552},"chunk-stream2-00036":{"qoeTotal":-8899.614805949052,"qoeBitrate":9500,"qoeRebuffer":0,"qoeLatency":18187.199999999997,"qoeBitrateSwitch":0,"qoePlaybackSpeed":212.4148059490552},"chunk-stream2-00037":{"qoeTotal":-9318.814805949052,"qoeBitrate":10000,"qoeRebuffer":0,"qoeLatency":19106.399999999998,"qoeBitrateSwitch":0,"qoePlaybackSpeed":212.4148059490552},"chunk-stream2-00038":{"qoeTotal":-9738.614805949052,"qoeBitrate":10500,"qoeRebuffer":0,"qoeLatency":20026.199999999997,"qoeBitrateSwitch":0,"qoePlaybackSpeed":212.4148059490552},"chunk-stream2-00039":{"qoeTotal":-10158.41480594905,"qoeBitrate":11000,"qoeRebuffer":0,"qoeLatency":20945.999999999996,"qoeBitrateSwitch":0,"qoePlaybackSpeed":212.4148059490552},"chunk-stream2-00040":{"qoeTotal":-10578.21480594905,"qoeBitrate":11500,"qoeRebuffer":0,"qoeLatency":21865.799999999996,"qoeBitrateSwitch":0,"qoePlaybackSpeed":212.4148059490552},"chunk-stream2-00041":{"qoeTotal":-10998.01480594905,"qoeBitrate":12000,"qoeRebuffer":0,"qoeLatency":22785.599999999995,"qoeBitrateSwitch":0,"qoePlaybackSpeed":212.4148059490552},"chunk-stream2-00042":{"qoeTotal":-11417.21480594905,"qoeBitrate":12500,"qoeRebuffer":0,"qoeLatency":23704.799999999996,"qoeBitrateSwitch":0,"qoePlaybackSpeed":212.4148059490552},"chunk-stream2-00043":{"qoeTotal":-11836.41480594905,"qoeBitrate":13000,"qoeRebuffer":0,"qoeLatency":24623.999999999996,"qoeBitrateSwitch":0,"qoePlaybackSpeed":212.4148059490552},"chunk-stream2-00044":{"qoeTotal":-12255.614805949052,"qoeBitrate":13500,"qoeRebuffer":0,"qoeLatency":25543.199999999997,"qoeBitrateSwitch":0,"qoePlaybackSpeed":212.4148059490552},"init-stream3":{"qoeTotal":-12803.814805949052,"qoeBitrate":14750,"qoeRebuffer":0,"qoeLatency":27191.399999999998,"qoeBitrateSwitch":150,"qoePlaybackSpeed":212.4148059490552},"chunk-stream3-00045":{"qoeTotal":-12474.814805949052,"qoeBitrate":16000,"qoeRebuffer":0,"qoeLatency":28112.399999999998,"qoeBitrateSwitch":150,"qoePlaybackSpeed":212.4148059490552},"chunk-stream3-00046":{"qoeTotal":-12145.214805949054,"qoeBitrate":17250,"qoeRebuffer":0,"qoeLatency":29032.8,"qoeBitrateSwitch":150,"qoePlaybackSpeed":212.4148059490552},"init-stream4":{"qoeTotal":-11211.414805949054,"qoeBitrate":19250,"qoeRebuffer":0,"qoeLatency":29949,"qoeBitrateSwitch":300,"qoePlaybackSpeed":212.4148059490552},"chunk-stream4-00047":{"qoeTotal":-10133.614805949055,"qoeBitrate":21250,"qoeRebuffer":0,"qoeLatency":30871.2,"qoeBitrateSwitch":300,"qoePlaybackSpeed":212.4148059490552},"chunk-stream4-00048":{"qoeTotal":-9055.214805949054,"qoeBitrate":23250,"qoeRebuffer":0,"qoeLatency":31792.8,"qoeBitrateSwitch":300,"qoePlaybackSpeed":212.4148059490552},"chunk-stream4-00049":{"qoeTotal":-7978.614805949056,"qoeBitrate":25250,"qoeRebuffer":0,"qoeLatency":32716.2,"qoeBitrateSwitch":300,"qoePlaybackSpeed":212.4148059490552},"chunk-stream4-00050":{"qoeTotal":-6894.814805949057,"qoeBitrate":27250,"qoeRebuffer":0,"qoeLatency":33632.4,"qoeBitrateSwitch":300,"qoePlaybackSpeed":212.4148059490552},"chunk-stream4-00051":{"qoeTotal":-5817.61480594906,"qoeBitrate":29250,"qoeRebuffer":0,"qoeLatency":34555.200000000004,"qoeBitrateSwitch":300,"qoePlaybackSpeed":212.4148059490552},"init-stream5":{"qoeTotal":-11111.01480594906,"qoeBitrate":32250,"qoeRebuffer":0,"qoeLatency":42648.600000000006,"qoeBitrateSwitch":500,"qoePlaybackSpeed":212.4148059490552},"chunk-stream5-00052":{"qoeTotal":-9027.214805949057,"qoeBitrate":35250,"qoeRebuffer":0,"qoeLatency":43564.8,"qoeBitrateSwitch":500,"qoePlaybackSpeed":212.4148059490552},"chunk-stream5-00053":{"qoeTotal":-6949.414805949055,"qoeBitrate":38250,"qoeRebuffer":0,"qoeLatency":44487,"qoeBitrateSwitch":500,"qoePlaybackSpeed":212.4148059490552},"chunk-stream5-00054":{"qoeTotal":-4865.614805949052,"qoeBitrate":41250,"qoeRebuffer":0,"qoeLatency":45403.2,"qoeBitrateSwitch":500,"qoePlaybackSpeed":212.4148059490552},"chunk-stream5-00055":{"qoeTotal":-2781.8148059490495,"qoeBitrate":44250,"qoeRebuffer":0,"qoeLatency":46319.399999999994,"qoeBitrateSwitch":500,"qoePlaybackSpeed":212.4148059490552},"chunk-stream5-00056":{"qoeTotal":-698.0148059490465,"qoeBitrate":47250,"qoeRebuffer":0,"qoeLatency":47235.59999999999,"qoeBitrateSwitch":500,"qoePlaybackSpeed":212.4148059490552},"chunk-stream5-00057":{"qoeTotal":1349.1154842815154,"qoeBitrate":50250,"qoeRebuffer":0,"qoeLatency":48181.19999999999,"qoeBitrateSwitch":500,"qoePlaybackSpeed":219.6845157184948},"chunk-stream5-00058":{"qoeTotal":3308.6191311629123,"qoeBitrate":53250,"qoeRebuffer":0,"qoeLatency":49178.39999999999,"qoeBitrateSwitch":500,"qoePlaybackSpeed":262.9808688371009},"chunk-stream5-00059":{"qoeTotal":5243.173149361695,"qoeBitrate":56250,"qoeRebuffer":0,"qoeLatency":50208.599999999984,"qoeBitrateSwitch":500,"qoePlaybackSpeed":298.22685063832085},"chunk-stream5-00060":{"qoeTotal":7158.702832423322,"qoeBitrate":59250,"qoeRebuffer":0,"qoeLatency":51280.79999999998,"qoeBitrateSwitch":500,