{"chunk-stream2-00018":{"qoeTotal":-532.0694918655494,"qoeBitrate":500,"qoeRebuffer":0,"qoeLatency":985.1999999999999,"qoeBitrateSwitch":0,"qoePlaybackSpeed":46.869491865549406},"init-stream3":{"qoeTotal":-16227.855991399882,"qoeBitrate":1750,"qoeRebuffer":8536.200001716614,"qoeLatency":9196.800000000001,"qoeBitrateSwitch":150,"qoePlaybackSpeed":94.85598968326684},"chunk-stream3-00019":{"qoeTotal":-16060.080032199117,"qoeBitrate":3000,"qoeRebuffer":8536.200001716614,"qoeLatency":10235.400000000001,"qoeBitrateSwitch":150,"qoePlaybackSpeed":138.48003048250206},"chunk-stream3-00020":{"qoeTotal":-15902.67910683449,"qoeBitrate":4250,"qoeRebuffer":8536.200001716614,"qoeLatency":11293.800000000001,"qoeBitrateSwitch":150,"qoePlaybackSpeed":172.67910511787497},"chunk-stream3-00021":{"qoeTotal":-15702.020416868383,"qoeBitrate":5500,"qoeRebuffer":8536.200001716614,"qoeLatency":12312.000000000002,"qoeBitrateSwitch":150,"qoePlaybackSpeed":203.8204151517683},"chunk-stream3-00022":{"qoeTotal":-15465.864925428355,"qoeBitrate":6750,"qoeRebuffer":8536.200001716614,"qoeLatency":13301.400000000001,"qoeBitrateSwitch":150,"qoePlaybackSpeed":228.26492371174072},"chunk-stream3-00023":{"qoeTotal":-15199.116506446217,"qoeBitrate":8000,"qoeRebuffer":8536.200001716614,"qoeLatency":14268.000000000002,"qoeBitrateSwitch":150,"qoePlaybackSpeed":244.91650472960177},"chunk-stream3-00024":{"qoeTotal":-14912.478207582937,"qoeBitrate":9250,"qoeRebuffer":8536.200001716614,"qoeLatency":15217.800000000001,"qoeBitrateSwitch":150,"qoePlaybackSpeed":258.478205866322},"chunk-stream3-00025":{"qoeTotal":-14610.65328499487,"qoeBitrate":10500,"qoeRebuffer":8536.200001716614,"qoeLatency":16155.000000000002,"qoeBitrateSwitch":150,"qoePlaybackSpeed":269.45328327825564},"chunk-stream3-00026":{"qoeTotal":-14295.104433590725,"qoeBitrate":11750,"qoeRebuffer":8536.200001716614,"qoeLatency":17081.4,"qoeBitrateSwitch":150,"qoePlaybackSpeed":277.50443187411014},"chunk-stream3-00027":{"qoeTotal":-13969.238658516217,"qoeBitrate":13000,"qoeRebuffer":8536.200001716614,"qoeLatency":18000,"qoeBitrateSwitch":150,"qoePlaybackSpeed":283.0386567996037},"chunk-stream3-00028":{"qoeTotal":-13641.438658516217,"qoeBitrate":14250,"qoeRebuffer":8536.200001716614,"qoeLatency":18922.2,"qoeBitrateSwitch":150,"qoePlaybackSpeed":283.0386567996037},"chunk-stream3-00029":{"qoeTotal":-13314.838658516219,"qoeBitrate":15500,"qoeRebuffer":8536.200001716614,"qoeLatency":19845.600000000002,"qoeBitrateSwitch":150,"qoePlaybackSpeed":283.0386567996037},"chunk-stream3-00030":{"qoeTotal":-12982.23865851622,"qoeBitrate":16750,"qoeRebuffer":8536.200001716614,"qoeLatency":20763.000000000004,"qoeBitrateSwitch":150,"qoePlaybackSpeed":283.0386567996037},"chunk-stream3-00031":{"qoeTotal":-12657.438658516221,"qoeBitrate":18000,"qoeRebuffer":8536.200001716614,"qoeLatency":21688.200000000004,"qoeBitrateSwitch":150,"qoePlaybackSpeed":283.0386567996037},"chunk-stream3-00032":{"qoeTotal":-12332.638658516222,"qoeBitrate":19250,"qoeRebuffer":8536.200001716614,"qoeLatency":22613.400000000005,"qoeBitrateSwitch":150,"qoePlaybackSpeed":283.0386567996037},"chunk-stream3-00033":{"qoeTotal":-12007.838658516222,"qoeBitrate":20500,"qoeRebuffer":8536.200001716614,"qoeLatency":23538.600000000006,"qoeBitrateSwitch":150,"qoePlaybackSpeed":283.0386567996037},"chunk-stream3-00034":{"qoeTotal":-11679.438658516221,"qoeBitrate":21750,"qoeRebuffer":8536.200001716614,"qoeLatency":24460.200000000004,"qoeBitrateSwitch":150,"qoePlaybackSpeed":283.0386567996037},"chunk-stream3-00035":{"qoeTotal":-11346.838658516222,"qoeBitrate":23000,"qoeRebuffer":8536.200001716614,"qoeLatency":25377.600000000006,"qoeBitrateSwitch":150,"qoePlaybackSpeed":283.0386567996037},"chunk-stream3-00036":{"qoeTotal":-11020.838658516222,"qoeBitrate":24250,"qoeRebuffer":8536.200001716614,"qoeLatency":26301.600000000006,"qoeBitrateSwitch":150,"qoePlaybackSpeed":283.0386567996037},"chunk-stream3-00037":{"qoeTotal":-10693.038658516223,"qoeBitrate":25500,"qoeRebuffer":8536.200001716614,"qoeLatency":27223.800000000007,"qoeBitrateSwitch":150,"qoePlaybackSpeed":283.0386567996037},"chunk-stream3-00038":{"qoeTotal":-10360.438658516225,"qoeBitrate":26750,"qoeRebuffer":8536.200001716614,"qoeLatency":28141.200000000008,"qoeBitrateSwitch":150,"qoePlaybackSpeed":283.0386567996037},"chunk-stream3-00039":{"qoeTotal":-10032.638658516225,"qoeBitrate":28000,"qoeRebuffer":8536.200001716614,"qoeLatency":29063.40000000001,"qoeBitrateSwitch":150,"qoePlaybackSpeed":283.0386567996037},"chunk-stream3-00040":{"qoeTotal":-9704.838658516226,"qoeBitrate":29250,"qoeRebuffer":8536.200001716614,"qoeLatency":29985.60000000001,"qoeBitrateSwitch":150,"qoePlaybackSpeed":283.0386567996037},"chunk-stream3-00041":{"qoeTotal":-9371.638658516225,"qoeBitrate":30500,"qoeRebuffer":8536.200001716614,"qoeLatency":30902.40000000001,"qoeBitrateSwitch":150,"qoePlaybackSpeed":283.0386567996037},"chunk-stream3-00042":{"qoeTotal":-10493.425155189532,"qoeBitrate":31750,"qoeRebuffer":9731.400000572205,"qoeLatency":32031.000000000007,"qoeBitrateSwitch":150,"qoePlaybackSpeed":331.02515461732116},"chunk-stream3-00043":{"qoeTotal":-21268.011648429616,"qoeBitrate":33000,"qoeRebuffer":19855.199995994568,"qoeLatency":33883.80000000001,"qoeBitrateSwitch":150,"qoePlaybackSpeed":379.0116524350386},"chunk-stream3-00044":{"qoeTotal":-34393.39814710565,"qoeBitrate":34250,"qoeRebuffer":31492.799996852875,"qoeLatency":36573.60000000001,"qoeBitrateSwitch":150,"qoePlaybackSpeed":426.9981502527561},"chunk-stream3-00045":{"qoeTotal":-49210.18464377895,"qoeBitrate":35500,"qoeRebuffer":43886.999995708466,"qoeLatency":40198.20000000001,"qoeBitrateSwitch":150,"qoePlaybackSpeed":474.98464807047355},"chunk-stream3-00046":{"qoeTotal":-62747.77114274108,"qoeBitrate":36750,"qoeRebuffer":54271.799996852875,"qoeLatency":44553.000000000015,"qoeBitrateSwitch":150,"qoePlaybackSpeed":522.971145888191},"chunk-stream3-00047":{"qoeTotal":-77143.357641131,"qoeBitrate":38000,"qoeRebuffer":64654.19999742508,"qoeLatency":49768.20000000001,"qoeBitrateSwitch":150,"qoePlaybackSpeed":570.9576437059085},"chunk-stream3-00048":{"qoeTotal":-93008.3441378043,"qoeBitrate":39250,"qoeRebuffer":75656.39999628067,"qoeLatency":55833.000000000015,"qoeBitrateSwitch":150,"qoePlaybackSpeed":618.944141523626},"chunk-stream3-00049":{"qoeTotal":-114657.93063590814,"qoeBitrate":40500,"qoeRebuffer":91080.59999656677,"qoeLatency":63260.400000000016,"qoeBitrateSwitch":150,"qoePlaybackSpeed":666.9306393413434},"chunk-stream3-00074":{"qoeTotal":-123102.71713372585,"qoeBitrate":41750,"qoeRebuffer":91080.59999656677,"qoeLatency":72907.20000000001,"qoeBitrateSwitch":150,"qoePlaybackSpeed":714.9171371590609},"init-stream0":{"qoeTotal":-125755.10363154356,"qoeBitrate":41850,"qoeRebuffer":91080.59999656677,"qoeLatency":75381.6,"qoeBitrateSwitch":380,"qoePlaybackSpeed":762.9036349767783},"chunk-stream0-00075":{"qoeTotal":-142751.9700195234,"qoeBitrate":41950,"qoeRebuffer":105685.79999685287,"qoeLatency":77872.20000000001,"qoeBitrateSwitch":380,"qoePlaybackSpeed":763.970022670524},"chunk-stream0-00076":{"qoeTotal":-145173.1698103841,"qoeBitrate":42050,"qoeRebuffer":105685.79999685287,"qoeLatency":80333.40000000001,"qoeBitrateSwitch":380,"qoePlaybackSpeed":823.9698135312196},"chunk-stream0-00077":{"qoeTotal":-147555.3696012448,"qoeBitrate":42150,"qoeRebuffer":105685.79999685287,"qoeLatency":82755.6,"qoeBitrateSwitch":380,"qoePlaybackSpeed":883.9696043919153},"chunk-stream0-00078":{"qoeTotal":-149899.7693921055,"qoeBitrate":42250,"qoeRebuffer":105685.79999685287,"qoeLatency":85140,"qoeBitrateSwitch":380,"qoePlaybackSpeed":943.9693952526109},"chunk-stream0-00079":{"qoeTotal":-152167.9691829662,"qoeBitrate":42350,"qoeRebuffer":105685.79999685287,"qoeLatency":87448.2,"qoeBitrateSwitch":380,"qoePlaybackSpeed":1003.9691861133065},"chunk-stream0-00080":{"qoeTotal":-154394.76897382687,"qoeBitrate":42450,"qoeRebuffer":105685.79999685287,"qoeLatency":89715,"qoeBitrateSwitch":380,"qoePlaybackSpeed":1063.968976974002},