{"chunk-stream2-00018":{"qoeTotal":-574.391346234002,"qoeBitrate":500,"qoeRebuffer":0,"qoeLatency":1023.6,"qoeBitrateSwitch":0,"qoePlaybackSpeed":50.7913462340019},"init-stream4":{"qoeTotal":-4509.561969027721,"qoeBitrate":2500,"qoeRebuffer":0,"qoeLatency":6622.800000000001,"qoeBitrateSwitch":300,"qoePlaybackSpeed":86.76196902771943},"chunk-stream4-00019":{"qoeTotal":-5283.32536130979,"qoeBitrate":4500,"qoeRebuffer":1505.4000000357628,"qoeLatency":7850.4000000000015,"qoeBitrateSwitch":300,"qoePlaybackSpeed":127.52536127402635},"init-stream3":{"qoeTotal":-9899.559664998054,"qoeBitrate":5750,"qoeRebuffer":1505.4000000357628,"qoeLatency":13521.000000000002,"qoeBitrateSwitch":450,"qoePlaybackSpeed":173.15966496228918},"chunk-stream3-00020":{"qoeTotal":-11657.800029780645,"qoeBitrate":7000,"qoeRebuffer":3088.2000000178814,"qoeLatency":14914.800000000001,"qoeBitrateSwitch":450,"qoePlaybackSpeed":204.80002976276185},"chunk-stream3-00021":{"qoeTotal":-11898.976241979548,"qoeBitrate":8250,"qoeRebuffer":3088.2000000178814,"qoeLatency":16376.400000000001,"qoeBitrateSwitch":450,"qoePlaybackSpeed":234.37624196166416},"chunk-stream3-00022":{"qoeTotal":-12197.957777252095,"qoeBitrate":9500,"qoeRebuffer":3088.2000000178814,"qoeLatency":17896.2,"qoeBitrateSwitch":450,"qoePlaybackSpeed":263.5577772342123},"chunk-stream3-00023":{"qoeTotal":-12553.265939610737,"qoeBitrate":10750,"qoeRebuffer":3088.2000000178814,"qoeLatency":19475.4,"qoeBitrateSwitch":450,"qoePlaybackSpeed":289.66593959285524},"chunk-stream3-00024":{"qoeTotal":-12971.518019508103,"qoeBitrate":12000,"qoeRebuffer":3088.2000000178814,"qoeLatency":21105,"qoeBitrateSwitch":450,"qoePlaybackSpeed":328.3180194902222},"chunk-stream3-00025":{"qoeTotal":-13427.598450323669,"qoeBitrate":13250,"qoeRebuffer":3088.2000000178814,"qoeLatency":22780.8,"qoeBitrateSwitch":450,"qoePlaybackSpeed":358.59845030578816},"chunk-stream3-00026":{"qoeTotal":-13871.432799550443,"qoeBitrate":14500,"qoeRebuffer":3088.2000000178814,"qoeLatency":24470.399999999998,"qoeBitrateSwitch":450,"qoePlaybackSpeed":362.83279953256283},"chunk-stream4-00027":{"qoeTotal":-13751.231768406651,"qoeBitrate":16500,"qoeRebuffer":3088.2000000178814,"qoeLatency":26182.8,"qoeBitrateSwitch":600,"qoePlaybackSpeed":380.23176838877066},"chunk-stream4-00028":{"qoeTotal":-13555.604808888214,"qoeBitrate":18500,"qoeRebuffer":3088.2000000178814,"qoeLatency":27960,"qoeBitrateSwitch":600,"qoePlaybackSpeed":407.40480887033283},"chunk-stream4-00029":{"qoeTotal":-14937.495787912156,"qoeBitrate":20500,"qoeRebuffer":4596.600000053644,"qoeLatency":29804.4,"qoeBitrateSwitch":600,"qoePlaybackSpeed":436.49578785850923},"chunk-stream4-00030":{"qoeTotal":-14884.07964536501,"qoeBitrate":22500,"qoeRebuffer":4596.600000053644,"qoeLatency":31711.2,"qoeBitrateSwitch":600,"qoePlaybackSpeed":476.2796453113646},"chunk-stream4-00031":{"qoeTotal":-14887.18503912691,"qoeBitrate":24500,"qoeRebuffer":4596.600000053644,"qoeLatency":33679.8,"qoeBitrateSwitch":600,"qoePlaybackSpeed":510.7850390732638},"chunk-stream4-00032":{"qoeTotal":-14951.05909594141,"qoeBitrate":26500,"qoeRebuffer":4596.600000053644,"qoeLatency":35706.600000000006,"qoeBitrateSwitch":600,"qoePlaybackSpeed":547.8590958877596},"chunk-stream4-00033":{"qoeTotal":-16599.05909594141,"qoeBitrate":28500,"qoeRebuffer":6129.600000053644,"qoeLatency":37821.600000000006,"qoeBitrateSwitch":600,"qoePlaybackSpeed":547.8590958877596},"chunk-stream4-00034":{"qoeTotal":-19956.70713684957,"qoeBitrate":30500,"qoeRebuffer":9229.200000017881,"qoeLatency":40036.200000000004,"qoeBitrateSwitch":600,"qoePlaybackSpeed":591.3071368316864},"chunk-stream4-00035":{"qoeTotal":-20278.776623856316,"qoeBitrate":32500,"qoeRebuffer":9229.200000017881,"qoeLatency":42324.00000000001,"qoeBitrateSwitch":600,"qoePlaybackSpeed":625.576623838427},"chunk-stream4-00036":{"qoeTotal":-22245.53758415413,"qoeBitrate":34500,"qoeRebuffer":10795.200000017881,"qoeLatency":44688.00000000001,"qoeBitrateSwitch":600,"qoePlaybackSpeed":662.3375841362442},"chunk-stream3-00037":{"qoeTotal":-23628.541932331926,"qoeBitrate":35750,"qoeRebuffer":10795.200000017881,"qoeLatency":47126.40000000001,"qoeBitrateSwitch":750,"qoePlaybackSpeed":706.9419323140371},"chunk-stream3-00038":{"qoeTotal":-26419.590273918595,"qoeBitrate":37000,"qoeRebuffer":12311.400000035763,"qoeLatency":49611.600000000006,"qoeBitrateSwitch":750,"qoePlaybackSpeed":746.590273882826},"chunk-stream3-00039":{"qoeTotal":-27685.296760558875,"qoeBitrate":38250,"qoeRebuffer":12311.400000035763,"qoeLatency":52120.200000000004,"qoeBitrateSwitch":750,"qoePlaybackSpeed":753.6967605231081},"chunk-stream3-00040":{"qoeTotal":-28946.171136884434,"qoeBitrate":39500,"qoeRebuffer":12311.400000035763,"qoeLatency":54609.600000000006,"qoeBitrateSwitch":750,"qoePlaybackSpeed":775.1711368486656},"chunk-stream4-00041":{"qoeTotal":-29722.253563663748,"qoeBitrate":41500,"qoeRebuffer":12311.400000035763,"qoeLatency":57192.00000000001,"qoeBitrateSwitch":900,"qoePlaybackSpeed":818.8535636279777},"chunk-stream3-00042":{"qoeTotal":-32915.520998627275,"qoeBitrate":42750,"qoeRebuffer":13869.600000053644,"qoeLatency":59887.200000000004,"qoeBitrateSwitch":1050,"qoePlaybackSpeed":858.7209985736247},"chunk-stream3-00043":{"qoeTotal":-34454.022332069544,"qoeBitrate":44000,"qoeRebuffer":13869.600000053644,"qoeLatency":62643.00000000001,"qoeBitrateSwitch":1050,"qoePlaybackSpeed":891.4223320158937},"chunk-stream3-00044":{"qoeTotal":-36105.72986334746,"qoeBitrate":45250,"qoeRebuffer":13869.600000053644,"qoeLatency":65500.80000000001,"qoeBitrateSwitch":1050,"qoePlaybackSpeed":935.3298632938055},"init-stream2":{"qoeTotal":-38662.31103100992,"qoeBitrate":45750,"qoeRebuffer":13869.600000053644,"qoeLatency":68361.00000000001,"qoeBitrateSwitch":1200,"qoePlaybackSpeed":981.7110309562617},"chunk-stream2-00045":{"qoeTotal":-41126.49219867238,"qoeBitrate":46250,"qoeRebuffer":13869.600000053644,"qoeLatency":71278.80000000002,"qoeBitrateSwitch":1200,"qoePlaybackSpeed":1028.092198618718},"chunk-stream3-00046":{"qoeTotal":-44598.657970548404,"qoeBitrate":47500,"qoeRebuffer":15465.600000053644,"qoeLatency":74238.00000000001,"qoeBitrateSwitch":1350,"qoePlaybackSpeed":1045.057970494746},"chunk-stream3-00047":{"qoeTotal":-46287.038926869805,"qoeBitrate":48750,"qoeRebuffer":15465.600000053644,"qoeLatency":77173.80000000002,"qoeBitrateSwitch":1350,"qoePlaybackSpeed":1047.6389268161402},"chunk-stream3-00048":{"qoeTotal":-47967.438921699126,"qoeBitrate":50000,"qoeRebuffer":15465.600000053644,"qoeLatency":80044.20000000001,"qoeBitrateSwitch":1350,"qoePlaybackSpeed":1107.6389216454702},"chunk-stream4-00049":{"qoeTotal":-49016.96637674341,"qoeBitrate":52000,"qoeRebuffer":15465.600000053644,"qoeLatency":82905.6,"qoeBitrateSwitch":1500,"qoePlaybackSpeed":1145.7663766897604},"chunk-stream4-00050":{"qoeTotal":-51664.98384630485,"qoeBitrate":54000,"qoeRebuffer":17051.400000035763,"qoeLatency":85923,"qoeBitrateSwitch":1500,"qoePlaybackSpeed":1190.5838462690917},"chunk-stream4-00051":{"qoeTotal":-54433.49631830669,"qoeBitrate":56000,"qoeRebuffer":18560.400000035763,"qoeLatency":89139.6,"qoeBitrateSwitch":1500,"qoePlaybackSpeed":1233.4963182709198},"chunk-stream3-00052":{"qoeTotal":-56637.23018077285,"qoeBitrate":57250,"qoeRebuffer":18560.400000035763,"qoeLatency":92403,"qoeBitrateSwitch":1650,"qoePlaybackSpeed":1273.8301807370917},"chunk-stream3-00053":{"qoeTotal":-58677.42142380319,"qoeBitrate":58500,"qoeRebuffer":18560.400000035763,"qoeLatency":95678.4,"qoeBitrateSwitch":1650,"qoePlaybackSpeed":1288.621423767434},"chunk-stream4-00054":{"qoeTotal":-60067.29055422833,"qoeBitrate":60500,"qoeRebuffer":18560.400000035763,"qoeLatency":98894.4,"qoeBitrateSwitch":1800,"qoePlaybackSpeed":1312.490554192577},"chunk-stream4-00055":{"qoeTotal":-61443.953551332794,"qoeBitrate":62500,"qoeRebuffer":18560.400000035763,"qoeLatency":102249.59999999999,"qoeBitrateSwitch":1800,"qoePlaybackSpeed":1333.9535512970426},"chunk-stream4-00056":{"qoeTotal":-69303.74757700694,"qoeBitrate":64500,