{"chunk-stream2-00018":{"qoeTotal":-557.7148797721649,"qoeBitrate":500,"qoeRebuffer":0,"qoeLatency":1009.1999999999999,"qoeBitrateSwitch":0,"qoePlaybackSpeed":48.51487977216491},"init-stream4":{"qoeTotal":-416.82641268294356,"qoeBitrate":2500,"qoeRebuffer":0,"qoeLatency":2560.2,"qoeBitrateSwitch":300,"qoePlaybackSpeed":56.62641268294371},"chunk-stream4-00019":{"qoeTotal":-1130.8801100073301,"qoeBitrate":4500,"qoeRebuffer":1546.2000000178812,"qoeLatency":3685.2,"qoeBitrateSwitch":300,"qoePlaybackSpeed":99.4801099894488},"chunk-stream4-00020":{"qoeTotal":-2017.3324933291626,"qoeBitrate":6500,"qoeRebuffer":3120,"qoeLatency":4955.4,"qoeBitrateSwitch":300,"qoePlaybackSpeed":141.93249332916304},"init-stream3":{"qoeTotal":-9141.572051930705,"qoeBitrate":7750,"qoeRebuffer":3120,"qoeLatency":13145.4,"qoeBitrateSwitch":450,"qoePlaybackSpeed":176.1720519307063},"chunk-stream3-00021":{"qoeTotal":-9232.866702396386,"qoeBitrate":9000,"qoeRebuffer":3120,"qoeLatency":14457.599999999999,"qoeBitrateSwitch":450,"qoePlaybackSpeed":205.26670239638779},"chunk-stream3-00022":{"qoeTotal":-10954.026260687267,"qoeBitrate":10250,"qoeRebuffer":4699.799999982119,"qoeLatency":15814.8,"qoeBitrateSwitch":450,"qoePlaybackSpeed":239.4262607051492},"chunk-stream3-00023":{"qoeTotal":-11137.077054154863,"qoeBitrate":11500,"qoeRebuffer":4699.799999982119,"qoeLatency":17215.2,"qoeBitrateSwitch":450,"qoePlaybackSpeed":272.077054172743},"chunk-stream3-00024":{"qoeTotal":-11338.866211070415,"qoeBitrate":12750,"qoeRebuffer":4699.799999982119,"qoeLatency":18643.2,"qoeBitrateSwitch":450,"qoePlaybackSpeed":295.8662110882962},"chunk-stream3-00025":{"qoeTotal":-11574.975914905503,"qoeBitrate":14000,"qoeRebuffer":4699.799999982119,"qoeLatency":20116.8,"qoeBitrateSwitch":450,"qoePlaybackSpeed":308.3759149233846},"chunk-stream3-00026":{"qoeTotal":-11851.616461035159,"qoeBitrate":15250,"qoeRebuffer":4699.799999982119,"qoeLatency":21624,"qoeBitrateSwitch":450,"qoePlaybackSpeed":327.81646105304003},"chunk-stream3-00027":{"qoeTotal":-12172.482819356188,"qoeBitrate":16500,"qoeRebuffer":4699.799999982119,"qoeLatency":23167.2,"qoeBitrateSwitch":450,"qoePlaybackSpeed":355.48281937406824},"chunk-stream3-00028":{"qoeTotal":-12480.994352266967,"qoeBitrate":17750,"qoeRebuffer":4699.799999982119,"qoeLatency":24717.600000000002,"qoeBitrateSwitch":450,"qoePlaybackSpeed":363.59435228484705},"chunk-stream4-00029":{"qoeTotal":-12223.067181792456,"qoeBitrate":19750,"qoeRebuffer":4699.799999982119,"qoeLatency":26278.2,"qoeBitrateSwitch":600,"qoePlaybackSpeed":395.0671818103368},"chunk-stream4-00030":{"qoeTotal":-11894.403923481997,"qoeBitrate":21750,"qoeRebuffer":4699.799999982119,"qoeLatency":27915.600000000002,"qoeBitrateSwitch":600,"qoePlaybackSpeed":429.00392349987754},"chunk-stream3-00031":{"qoeTotal":-14071.445770831097,"qoeBitrate":23000,"qoeRebuffer":6228.599999964237,"qoeLatency":29637.000000000004,"qoeBitrateSwitch":750,"qoePlaybackSpeed":455.84577086685556},"chunk-stream3-00032":{"qoeTotal":-14627.561186313602,"qoeBitrate":24250,"qoeRebuffer":6228.599999964237,"qoeLatency":31410.600000000002,"qoeBitrateSwitch":750,"qoePlaybackSpeed":488.3611863493622},"chunk-stream3-00033":{"qoeTotal":-15296.272001167848,"qoeBitrate":25500,"qoeRebuffer":6228.599999964237,"qoeLatency":33285.600000000006,"qoeBitrateSwitch":750,"qoePlaybackSpeed":532.072001203605},"chunk-stream3-00034":{"qoeTotal":-17532.958086347753,"qoeBitrate":26750,"qoeRebuffer":7744.799999982119,"qoeLatency":35221.200000000004,"qoeBitrateSwitch":750,"qoePlaybackSpeed":566.958086365631},"chunk-stream3-00035":{"qoeTotal":-18308.471512859487,"qoeBitrate":28000,"qoeRebuffer":7744.799999982119,"qoeLatency":37213.8,"qoeBitrateSwitch":750,"qoePlaybackSpeed":599.8715128773667},"chunk-stream3-00036":{"qoeTotal":-19149.82016107002,"qoeBitrate":29250,"qoeRebuffer":7744.799999982119,"qoeLatency":39272.4,"qoeBitrateSwitch":750,"qoePlaybackSpeed":632.620161087899},"chunk-stream3-00037":{"qoeTotal":-21617.89719540031,"qoeBitrate":30500,"qoeRebuffer":9292.799999982119,"qoeLatency":41399.4,"qoeBitrateSwitch":750,"qoePlaybackSpeed":675.69719541819},"chunk-stream3-00038":{"qoeTotal":-24167.680330345655,"qoeBitrate":31750,"qoeRebuffer":10812,"qoeLatency":43644.6,"qoeBitrateSwitch":750,"qoePlaybackSpeed":711.080330345656},"chunk-stream3-00039":{"qoeTotal":-26793.574895071404,"qoeBitrate":33000,"qoeRebuffer":12345,"qoeLatency":45951,"qoeBitrateSwitch":750,"qoePlaybackSpeed":747.5748950714038},"chunk-stream3-00040":{"qoeTotal":-29561.53164906894,"qoeBitrate":34250,"qoeRebuffer":13932.599999964237,"qoeLatency":48345,"qoeBitrateSwitch":750,"qoePlaybackSpeed":783.9316491047039},"chunk-stream3-00041":{"qoeTotal":-33511.131648979535,"qoeBitrate":35500,"qoeRebuffer":16617.59999987483,"qoeLatency":50859.6,"qoeBitrateSwitch":750,"qoePlaybackSpeed":783.9316491047039},"chunk-stream3-00042":{"qoeTotal":-37706.25293553707,"qoeBitrate":36750,"qoeRebuffer":19379.999999821186,"qoeLatency":53497.799999999996,"qoeBitrateSwitch":750,"qoePlaybackSpeed":828.4529357158925},"chunk-stream3-00043":{"qoeTotal":-39182.308796525096,"qoeBitrate":38000,"qoeRebuffer":19379.999999821186,"qoeLatency":56191.2,"qoeBitrateSwitch":750,"qoePlaybackSpeed":861.1087967039165},"chunk-stream3-00044":{"qoeTotal":-40669.03636207591,"qoeBitrate":39250,"qoeRebuffer":19379.999999821186,"qoeLatency":58912.2,"qoeBitrateSwitch":750,"qoePlaybackSpeed":876.8363622547248},"chunk-stream3-00045":{"qoeTotal":-42189.00389418925,"qoeBitrate":40500,"qoeRebuffer":19379.999999821186,"qoeLatency":61666.799999999996,"qoeBitrateSwitch":750,"qoePlaybackSpeed":892.2038943680639},"chunk-stream3-00046":{"qoeTotal":-43731.00733511039,"qoeBitrate":41750,"qoeRebuffer":19379.999999821186,"qoeLatency":64444.799999999996,"qoeBitrateSwitch":750,"qoePlaybackSpeed":906.2073352892128},"chunk-stream3-00047":{"qoeTotal":-45291.78201180172,"qoeBitrate":43000,"qoeRebuffer":19379.999999821186,"qoeLatency":67246.2,"qoeBitrateSwitch":750,"qoePlaybackSpeed":915.582011980538},"chunk-stream3-00048":{"qoeTotal":-46868.24195152062,"qoeBitrate":44250,"qoeRebuffer":19379.999999821186,"qoeLatency":70071.59999999999,"qoeBitrateSwitch":750,"qoePlaybackSpeed":916.6419516994416},"chunk-stream3-00049":{"qoeTotal":-50096.73935907724,"qoeBitrate":45500,"qoeRebuffer":20950.799999803305,"qoeLatency":72934.79999999999,"qoeBitrateSwitch":750,"qoePlaybackSpeed":961.1393592739466},"chunk-stream3-00050":{"qoeTotal":-58194.828188141204,"qoeBitrate":46750,"qoeRebuffer":26871.59999987483,"qoeLatency":76314.59999999999,"qoeBitrateSwitch":750,"qoePlaybackSpeed":1008.6281882663828},"chunk-stream3-00051":{"qoeTotal":-66046.54285910656,"qoeBitrate":48000,"qoeRebuffer":32153.399999946356,"qoeLatency":80086.79999999999,"qoeBitrateSwitch":750,"qoePlaybackSpeed":1056.3428591602092},"init-stream2":{"qoeTotal":-73235.36066022329,"qoeBitrate":48500,"qoeRebuffer":32153.399999946356,"qoeLatency":87580.79999999999,"qoeBitrateSwitch":900,"qoePlaybackSpeed":1101.160660276949},"chunk-stream2-00052":{"qoeTotal":-79685.38914819811,"qoeBitrate":49000,"qoeRebuffer":35208.59999996424,"qoeLatency":91453.19999999998,"qoeBitrateSwitch":900,"qoePlaybackSpeed":1123.5891482338945},"chunk-stream2-00053":{"qoeTotal":-83106.65224775829,"qoeBitrate":49500,"qoeRebuffer":35208.59999996424,"qoeLatency":95346.59999999998,"qoeBitrateSwitch":900,"qoePlaybackSpeed":1151.4522477940836},"chunk-stream2-00054":{"qoeTotal":-86507.85224775661,"qoeBitrate":50000,"qoeRebuffer":35208.59999996424,"qoeLatency":99187.79999999997,"qoeBitrateSwitch":900,"qoePlaybackSpeed":1211.4522477924004},"chunk-stream3-00055":{"qoeTotal":-91148.65224782814,"qoeBitrate":51250,"qoeRebuffer":36731.40000003576,"qoeLatency":103405.79999999997,"qoeBitrateSwitch":1050,"qoePlaybackSpeed":1211.4522477924004},"chunk-stream3-00056":{"qoeTotal":-105075.15902537276,"qoeBitrate":52500,"qoeRebuffer":47048.40000003576,"qoeLatency":108229.19999999997,"qoeBitrateSwitch":1050,"qoePlaybackSpeed":1247.5590253370292},"chunk-stream3-00057":{"qoeTotal":-113943.76552622332,