{"chunk-stream2-00018":{"qoeTotal":-651.1945121489405,"qoeBitrate":500,"qoeRebuffer":0,"qoeLatency":1106.4,"qoeBitrateSwitch":0,"qoePlaybackSpeed":44.794512148940434},"init-stream0":{"qoeTotal":-1602.8834326394988,"qoeBitrate":600,"qoeRebuffer":0,"qoeLatency":2068.2,"qoeBitrateSwitch":80,"qoePlaybackSpeed":54.6834326394989},"chunk-stream0-00019":{"qoeTotal":-2666.2827378898614,"qoeBitrate":700,"qoeRebuffer":0,"qoeLatency":3190.7999999999997,"qoeBitrateSwitch":80,"qoePlaybackSpeed":95.48273788986182},"init-stream1":{"qoeTotal":-3322.4827378898617,"qoeBitrate":1000,"qoeRebuffer":0,"qoeLatency":4107,"qoeBitrateSwitch":120,"qoePlaybackSpeed":95.48273788986182},"chunk-stream1-00020":{"qoeTotal":-4152.457277390237,"qoeBitrate":1300,"qoeRebuffer":0,"qoeLatency":5230.2,"qoeBitrateSwitch":120,"qoePlaybackSpeed":102.2572773902371},"init-stream2":{"qoeTotal":-4608.657277390237,"qoeBitrate":1800,"qoeRebuffer":0,"qoeLatency":6146.4,"qoeBitrateSwitch":160,"qoePlaybackSpeed":102.2572773902371},"chunk-stream2-00021":{"qoeTotal":-5230.476704993188,"qoeBitrate":2300,"qoeRebuffer":0,"qoeLatency":7228.799999999999,"qoeBitrateSwitch":160,"qoePlaybackSpeed":141.676704993189},"chunk-stream2-00022":{"qoeTotal":-5797.818015027082,"qoeBitrate":2800,"qoeRebuffer":0,"qoeLatency":8265,"qoeBitrateSwitch":160,"qoePlaybackSpeed":172.8180150270823},"chunk-stream2-00023":{"qoeTotal":-6321.16088759802,"qoeBitrate":3300,"qoeRebuffer":0,"qoeLatency":9263.4,"qoeBitrateSwitch":160,"qoePlaybackSpeed":197.76088759802005},"chunk-stream2-00024":{"qoeTotal":-6805.288976358199,"qoeBitrate":3800,"qoeRebuffer":0,"qoeLatency":10230.6,"qoeBitrateSwitch":160,"qoePlaybackSpeed":214.68897635819812},"chunk-stream2-00025":{"qoeTotal":-7260.953748710295,"qoeBitrate":4300,"qoeRebuffer":0,"qoeLatency":11175,"qoeBitrateSwitch":160,"qoePlaybackSpeed":225.95374871029523},"chunk-stream2-00026":{"qoeTotal":-7739.46569008529,"qoeBitrate":4800,"qoeRebuffer":0,"qoeLatency":12138,"qoeBitrateSwitch":160,"qoePlaybackSpeed":241.4656900852899},"chunk-stream0-00027":{"qoeTotal":-8695.354610575849,"qoeBitrate":4900,"qoeRebuffer":0,"qoeLatency":13104,"qoeBitrateSwitch":240,"qoePlaybackSpeed":251.35461057584837},"chunk-stream0-00028":{"qoeTotal":-9576.20619159371,"qoeBitrate":5000,"qoeRebuffer":0,"qoeLatency":14068.2,"qoeBitrateSwitch":240,"qoePlaybackSpeed":268.0061915937094},"chunk-stream1-00029":{"qoeTotal":-10275.36789273043,"qoeBitrate":5300,"qoeRebuffer":0,"qoeLatency":15013.800000000001,"qoeBitrateSwitch":280,"qoePlaybackSpeed":281.56789273042966},"chunk-stream1-00030":{"qoeTotal":-10918.142970142364,"qoeBitrate":5600,"qoeRebuffer":0,"qoeLatency":15945.6,"qoeBitrateSwitch":280,"qoePlaybackSpeed":292.5429701423633},"chunk-stream1-00031":{"qoeTotal":-11546.464637007719,"qoeBitrate":5900,"qoeRebuffer":0,"qoeLatency":16867.2,"qoeBitrateSwitch":280,"qoePlaybackSpeed":299.2646370077177},"chunk-stream1-00032":{"qoeTotal":-12162.66463700772,"qoeBitrate":6200,"qoeRebuffer":0,"qoeLatency":17783.4,"qoeBitrateSwitch":280,"qoePlaybackSpeed":299.2646370077177},"chunk-stream2-00033":{"qoeTotal":-12618.86463700772,"qoeBitrate":6700,"qoeRebuffer":0,"qoeLatency":18699.600000000002,"qoeBitrateSwitch":320,"qoePlaybackSpeed":299.2646370077177},"chunk-stream2-00034":{"qoeTotal":-13038.064637007721,"qoeBitrate":7200,"qoeRebuffer":0,"qoeLatency":19618.800000000003,"qoeBitrateSwitch":320,"qoePlaybackSpeed":299.2646370077177},"chunk-stream2-00035":{"qoeTotal":-13457.264637007722,"qoeBitrate":7700,"qoeRebuffer":0,"qoeLatency":20538.000000000004,"qoeBitrateSwitch":320,"qoePlaybackSpeed":299.2646370077177},"chunk-stream2-00036":{"qoeTotal":-13872.86463700772,"qoeBitrate":8200,"qoeRebuffer":0,"qoeLatency":21453.600000000002,"qoeBitrateSwitch":320,"qoePlaybackSpeed":299.2646370077177},"chunk-stream2-00037":{"qoeTotal":-14288.464637007719,"qoeBitrate":8700,"qoeRebuffer":0,"qoeLatency":22369.2,"qoeBitrateSwitch":320,"qoePlaybackSpeed":299.2646370077177},"chunk-stream2-00038":{"qoeTotal":-14704.064637007717,"qoeBitrate":9200,"qoeRebuffer":0,"qoeLatency":23284.8,"qoeBitrateSwitch":320,"qoePlaybackSpeed":299.2646370077177},"chunk-stream2-00039":{"qoeTotal":-15122.664637007716,"qoeBitrate":9700,"qoeRebuffer":0,"qoeLatency":24203.399999999998,"qoeBitrateSwitch":320,"qoePlaybackSpeed":299.2646370077177},"chunk-stream2-00040":{"qoeTotal":-15541.864637007717,"qoeBitrate":10200,"qoeRebuffer":0,"qoeLatency":25122.6,"qoeBitrateSwitch":320,"qoePlaybackSpeed":299.2646370077177},"chunk-stream2-00041":{"qoeTotal":-15961.064637007717,"qoeBitrate":10700,"qoeRebuffer":0,"qoeLatency":26041.8,"qoeBitrateSwitch":320,"qoePlaybackSpeed":299.2646370077177},"chunk-stream1-00042":{"qoeTotal":-16619.064637007716,"qoeBitrate":11000,"qoeRebuffer":0,"qoeLatency":26959.8,"qoeBitrateSwitch":360,"qoePlaybackSpeed":299.2646370077177},"chunk-stream1-00043":{"qoeTotal":-17237.664637007714,"qoeBitrate":11300,"qoeRebuffer":0,"qoeLatency":27878.399999999998,"qoeBitrateSwitch":360,"qoePlaybackSpeed":299.2646370077177},"chunk-stream2-00044":{"qoeTotal":-17696.264637007713,"qoeBitrate":11800,"qoeRebuffer":0,"qoeLatency":28796.999999999996,"qoeBitrateSwitch":400,"qoePlaybackSpeed":299.2646370077177},"chunk-stream2-00045":{"qoeTotal":-18114.86463700771,"qoeBitrate":12300,"qoeRebuffer":0,"qoeLatency":29715.599999999995,"qoeBitrateSwitch":400,"qoePlaybackSpeed":299.2646370077177},"init-stream5":{"qoeTotal":-16531.064637007712,"qoeBitrate":15300,"qoeRebuffer":0,"qoeLatency":30631.799999999996,"qoeBitrateSwitch":900,"qoePlaybackSpeed":299.2646370077177},"chunk-stream5-00046":{"qoeTotal":-14454.464637007715,"qoeBitrate":18300,"qoeRebuffer":0,"qoeLatency":31555.199999999997,"qoeBitrateSwitch":900,"qoePlaybackSpeed":299.2646370077177},"chunk-stream5-00047":{"qoeTotal":-12379.064637007714,"qoeBitrate":21300,"qoeRebuffer":0,"qoeLatency":32479.799999999996,"qoeBitrateSwitch":900,"qoePlaybackSpeed":299.2646370077177},"chunk-stream5-00048":{"qoeTotal":-10303.064637007714,"qoeBitrate":24300,"qoeRebuffer":0,"qoeLatency":33403.799999999996,"qoeBitrateSwitch":900,"qoePlaybackSpeed":299.2646370077177},"chunk-stream5-00049":{"qoeTotal":-8219.264637007711,"qoeBitrate":27300,"qoeRebuffer":0,"qoeLatency":34319.99999999999,"qoeBitrateSwitch":900,"qoePlaybackSpeed":299.2646370077177},"chunk-stream5-00050":{"qoeTotal":-6135.464637007707,"qoeBitrate":30300,"qoeRebuffer":0,"qoeLatency":35236.19999999999,"qoeBitrateSwitch":900,"qoePlaybackSpeed":299.2646370077177},"chunk-stream5-00051":{"qoeTotal":-4051.6646370077046,"qoeBitrate":33300,"qoeRebuffer":0,"qoeLatency":36152.39999999999,"qoeBitrateSwitch":900,"qoePlaybackSpeed":299.2646370077177},"chunk-stream5-00052":{"qoeTotal":-1973.8646370077017,"qoeBitrate":36300,"qoeRebuffer":0,"qoeLatency":37074.599999999984,"qoeBitrateSwitch":900,"qoePlaybackSpeed":299.2646370077177},"chunk-stream5-00053":{"qoeTotal":102.73536299229687,"qoeBitrate":39300,"qoeRebuffer":0,"qoeLatency":37997.999999999985,"qoeBitrateSwitch":900,"qoePlaybackSpeed":299.2646370077177},"chunk-stream5-00054":{"qoeTotal":2179.3353629922954,"qoeBitrate":42300,"qoeRebuffer":0,"qoeLatency":38921.39999999999,"qoeBitrateSwitch":900,"qoePlaybackSpeed":299.2646370077177}}