{"chunk-stream2-00018":{"qoeTotal":-479.1170282677835,"qoeBitrate":500,"qoeRebuffer":0,"qoeLatency":940.8000000000001,"qoeBitrateSwitch":0,"qoePlaybackSpeed":38.31702826778345},"init-stream3":{"qoeTotal":-1713.034056535567,"qoeBitrate":1750,"qoeRebuffer":0,"qoeLatency":1886.4,"qoeBitrateSwitch":1500,"qoePlaybackSpeed":76.6340565355669},"chunk-stream3-00019":{"qoeTotal":-1457.1510848033502,"qoeBitrate":3000,"qoeRebuffer":0,"qoeLatency":2842.2,"qoeBitrateSwitch":1500,"qoePlaybackSpeed":114.95108480335034},"init-stream5":{"qoeTotal":-2956.6681130711336,"qoeBitrate":6000,"qoeRebuffer":0,"qoeLatency":3803.3999999999996,"qoeBitrateSwitch":5000,"qoePlaybackSpeed":153.2681130711338},"chunk-stream5-00020":{"qoeTotal":-941.1196940889947,"qoeBitrate":9000,"qoeRebuffer":0,"qoeLatency":4771.2,"qoeBitrateSwitch":5000,"qoePlaybackSpeed":169.91969408899485},"chunk-stream5-00021":{"qoeTotal":1087.4342551440632,"qoeBitrate":12000,"qoeRebuffer":0,"qoeLatency":5728.8,"qoeBitrateSwitch":5000,"qoePlaybackSpeed":183.76574485593673},"chunk-stream5-00022":{"qoeTotal":3127.7142631495744,"qoeBitrate":15000,"qoeRebuffer":0,"qoeLatency":6677.400000000001,"qoeBitrateSwitch":5000,"qoePlaybackSpeed":194.88573685042508},"chunk-stream5-00023":{"qoeTotal":5193.844520597748,"qoeBitrate":18000,"qoeRebuffer":0,"qoeLatency":7604.400000000001,"qoeBitrateSwitch":5000,"qoePlaybackSpeed":201.75547940225175},"chunk-stream5-00024":{"qoeTotal":7261.774778045921,"qoeBitrate":21000,"qoeRebuffer":0,"qoeLatency":8529.6,"qoeBitrateSwitch":5000,"qoePlaybackSpeed":208.62522195407843},"chunk-stream5-00025":{"qoeTotal":9345.57477804592,"qoeBitrate":24000,"qoeRebuffer":0,"qoeLatency":9445.800000000001,"qoeBitrateSwitch":5000,"qoePlaybackSpeed":208.62522195407843},"chunk-stream5-00026":{"qoeTotal":11429.37477804592,"qoeBitrate":27000,"qoeRebuffer":0,"qoeLatency":10362.000000000002,"qoeBitrateSwitch":5000,"qoePlaybackSpeed":208.62522195407843},"chunk-stream5-00027":{"qoeTotal":13513.174778045919,"qoeBitrate":30000,"qoeRebuffer":0,"qoeLatency":11278.200000000003,"qoeBitrateSwitch":5000,"qoePlaybackSpeed":208.62522195407843},"chunk-stream5-00028":{"qoeTotal":15596.974778045918,"qoeBitrate":33000,"qoeRebuffer":0,"qoeLatency":12194.400000000003,"qoeBitrateSwitch":5000,"qoePlaybackSpeed":208.62522195407843},"chunk-stream5-00029":{"qoeTotal":17670.574778045917,"qoeBitrate":36000,"qoeRebuffer":0,"qoeLatency":13120.800000000003,"qoeBitrateSwitch":5000,"qoePlaybackSpeed":208.62522195407843},"chunk-stream5-00030":{"qoeTotal":19745.374778045916,"qoeBitrate":39000,"qoeRebuffer":0,"qoeLatency":14046.000000000004,"qoeBitrateSwitch":5000,"qoePlaybackSpeed":208.62522195407843},"chunk-stream5-00031":{"qoeTotal":21819.574778045917,"qoeBitrate":42000,"qoeRebuffer":0,"qoeLatency":14971.800000000003,"qoeBitrateSwitch":5000,"qoePlaybackSpeed":208.62522195407843},"chunk-stream5-00032":{"qoeTotal":23903.374778045916,"qoeBitrate":45000,"qoeRebuffer":0,"qoeLatency":15888.000000000004,"qoeBitrateSwitch":5000,"qoePlaybackSpeed":208.62522195407843},"chunk-stream5-00033":{"qoeTotal":25987.174778045915,"qoeBitrate":48000,"qoeRebuffer":0,"qoeLatency":16804.200000000004,"qoeBitrateSwitch":5000,"qoePlaybackSpeed":208.62522195407843},"chunk-stream5-00034":{"qoeTotal":28070.374778045916,"qoeBitrate":51000,"qoeRebuffer":0,"qoeLatency":17721.000000000004,"qoeBitrateSwitch":5000,"qoePlaybackSpeed":208.62522195407843},"chunk-stream5-00035":{"qoeTotal":30145.174778045915,"qoeBitrate":54000,"qoeRebuffer":0,"qoeLatency":18646.200000000004,"qoeBitrateSwitch":5000,"qoePlaybackSpeed":208.62522195407843},"chunk-stream5-00036":{"qoeTotal":32222.974778045915,"qoeBitrate":57000,"qoeRebuffer":0,"qoeLatency":19568.400000000005,"qoeBitrateSwitch":5000,"qoePlaybackSpeed":208.62522195407843},"chunk-stream5-00037":{"qoeTotal":34306.77477804592,"qoeBitrate":60000,"qoeRebuffer":0,"qoeLatency":20484.600000000006,"qoeBitrateSwitch":5000,"qoePlaybackSpeed":208.62522195407843},"chunk-stream5-00038":{"qoeTotal":36385.77477804592,"qoeBitrate":63000,"qoeRebuffer":0,"qoeLatency":21405.600000000006,"qoeBitrateSwitch":5000,"qoePlaybackSpeed":208.62522195407843}}