{"chunk-stream2-00018":{"qoeTotal":-969.1326263701851,"qoeBitrate":500,"qoeRebuffer":0,"qoeLatency":1420.8,"qoeBitrateSwitch":0,"qoePlaybackSpeed":48.33262637018518},"chunk-stream2-00019":{"qoeTotal":-5771.9607956383625,"qoeBitrate":1000,"qoeRebuffer":3538.799999982119,"qoeLatency":3139.2,"qoeBitrateSwitch":0,"qoePlaybackSpeed":93.9607956562428},"chunk-stream2-00020":{"qoeTotal":-10461.17878174083,"qoeBitrate":1500,"qoeRebuffer":6680.399999946356,"qoeLatency":5139.6,"qoeBitrateSwitch":0,"qoePlaybackSpeed":141.17878179447393},"chunk-stream2-00021":{"qoeTotal":-15469.998060833597,"qoeBitrate":2000,"qoeRebuffer":9833.999999910593,"qoeLatency":7452,"qoeBitrateSwitch":0,"qoePlaybackSpeed":183.9980609230039},"chunk-stream2-00022":{"qoeTotal":-20745.569213423445,"qoeBitrate":2500,"qoeRebuffer":12970.799999892712,"qoeLatency":10048.2,"qoeBitrateSwitch":0,"qoePlaybackSpeed":226.56921353073216},"chunk-stream2-00023":{"qoeTotal":-26341.231184056694,"qoeBitrate":3000,"qoeRebuffer":16120.799999892712,"qoeLatency":12945.6,"qoeBitrateSwitch":0,"qoePlaybackSpeed":274.83118416398383},"chunk-stream2-00024":{"qoeTotal":-33101.73885863959,"qoeBitrate":3500,"qoeRebuffer":20116.79999998212,"qoeLatency":16162.2,"qoeBitrateSwitch":0,"qoePlaybackSpeed":322.73885865747485},"chunk-stream2-00025":{"qoeTotal":-40937.5244835921,"qoeBitrate":4000,"qoeRebuffer":24838.800000071526,"qoeLatency":19731.600000000002,"qoeBitrateSwitch":0,"qoePlaybackSpeed":367.12448352056595},"chunk-stream2-00026":{"qoeTotal":-47483.53097887592,"qoeBitrate":4500,"qoeRebuffer":27944.400000035763,"qoeLatency":23627.4,"qoeBitrateSwitch":0,"qoePlaybackSpeed":411.7309788401568},"chunk-stream2-00027":{"qoeTotal":-54426.47541088927,"qoeBitrate":5000,"qoeRebuffer":31125.599999964237,"qoeLatency":27845.4,"qoeBitrateSwitch":0,"qoePlaybackSpeed":455.4754109250265},"chunk-stream2-00028":{"qoeTotal":-61640.90485704704,"qoeBitrate":5500,"qoeRebuffer":34288.79999998212,"qoeLatency":32350.2,"qoeBitrateSwitch":0,"qoePlaybackSpeed":501.90485706492365},"chunk-stream2-00029":{"qoeTotal":-69115.6027398349,"qoeBitrate":6000,"qoeRebuffer":37464.600000053644,"qoeLatency":37102.8,"qoeBitrateSwitch":0,"qoePlaybackSpeed":548.2027397812454},"chunk-stream2-00030":{"qoeTotal":-76754.17953600184,"qoeBitrate":6500,"qoeRebuffer":40576.20000010729,"qoeLatency":42090,"qoeBitrateSwitch":0,"qoePlaybackSpeed":587.9795358945574},"chunk-stream2-00031":{"qoeTotal":-84655.4300817752,"qoeBitrate":7000,"qoeRebuffer":43733.40000012517,"qoeLatency":47288.4,"qoeBitrateSwitch":0,"qoePlaybackSpeed":633.6300816500346},"chunk-stream2-00032":{"qoeTotal":-94203.19220635788,"qoeBitrate":7500,"qoeRebuffer":48262.200000196695,"qoeLatency":52766.4,"qoeBitrateSwitch":0,"qoePlaybackSpeed":674.5922061611898},"chunk-stream2-00033":{"qoeTotal":-104476.58796257072,"qoeBitrate":8000,"qoeRebuffer":53169.000000178814,"qoeLatency":58585.8,"qoeBitrateSwitch":0,"qoePlaybackSpeed":721.7879623918955},"init-stream1":{"qoeTotal":-107127.80344449298,"qoeBitrate":8300,"qoeRebuffer":53169.000000178814,"qoeLatency":61453.200000000004,"qoeBitrateSwitch":40,"qoePlaybackSpeed":765.6034443141598},"chunk-stream1-00034":{"qoeTotal":-114249.12614425547,"qoeBitrate":8600,"qoeRebuffer":54673.200000196695,"qoeLatency":67327.2,"qoeBitrateSwitch":40,"qoePlaybackSpeed":808.7261440587741},"chunk-stream1-00035":{"qoeTotal":-119924.94222423881,"qoeBitrate":8900,"qoeRebuffer":54673.200000196695,"qoeLatency":73272,"qoeBitrateSwitch":40,"qoePlaybackSpeed":839.7422240421124},"init-stream2":{"qoeTotal":-130783.94222416729,"qoeBitrate":9400,"qoeRebuffer":57773.40000012517,"qoeLatency":81490.8,"qoeBitrateSwitch":80,"qoePlaybackSpeed":839.7422240421124},"chunk-stream2-00036":{"qoeTotal":-139092.96087899653,"qoeBitrate":9900,"qoeRebuffer":60417.00000008941,"qoeLatency":87608.40000000001,"qoeBitrateSwitch":80,"qoePlaybackSpeed":887.5608789070903},"chunk-stream2-00037":{"qoeTotal":-148165.77974097346,"qoeBitrate":10400,"qoeRebuffer":63523.800000071526,"qoeLatency":94029.6,"qoeBitrateSwitch":80,"qoePlaybackSpeed":932.3797409019342},"chunk-stream2-00038":{"qoeTotal":-157529.08464214674,"qoeBitrate":10900,"qoeRebuffer":66625.80000007153,"qoeLatency":100747.20000000001,"qoeBitrateSwitch":80,"qoePlaybackSpeed":976.0846420752158},"chunk-stream2-00039":{"qoeTotal":-167171.91496348902,"qoeBitrate":11400,"qoeRebuffer":69733.80000007153,"qoeLatency":107733.6,"qoeBitrateSwitch":80,"qoePlaybackSpeed":1024.5149634174838},"chunk-stream2-00040":{"qoeTotal":-178713.1852262922,"qoeBitrate":11900,"qoeRebuffer":74448.0000000894,"qoeLatency":115014,"qoeBitrateSwitch":80,"qoePlaybackSpeed":1071.1852262027933},"chunk-stream2-00041":{"qoeTotal":-190348.24245658313,"qoeBitrate":12400,"qoeRebuffer":78946.2000001967,"qoeLatency":122604.6,"qoeBitrateSwitch":80,"qoePlaybackSpeed":1117.442456386442},"chunk-stream2-00042":{"qoeTotal":-201618.09545682938,"qoeBitrate":12900,"qoeRebuffer":82947.60000014305,"qoeLatency":130325.40000000001,"qoeBitrateSwitch":80,"qoePlaybackSpeed":1165.0954566863134},"chunk-stream2-00043":{"qoeTotal":-210646.72736453824,"qoeBitrate":13400,"qoeRebuffer":84502.2000001967,"qoeLatency":138261,"qoeBitrateSwitch":80,"qoePlaybackSpeed":1203.5273643415428},"chunk-stream2-00068":{"qoeTotal":-218804.1228341719,"qoeBitrate":13900,"qoeRebuffer":84502.2000001967,"qoeLatency":146874,"qoeBitrateSwitch":80,"qoePlaybackSpeed":1247.9228339752103},"chunk-stream2-00069":{"qoeTotal":-225906.1430581215,"qoeBitrate":14400,"qoeRebuffer":90310.2000001967,"qoeLatency":148627.8,"qoeBitrateSwitch":80,"qoePlaybackSpeed":1288.1430579247976},"chunk-stream2-00070":{"qoeTotal":-231229.29123440967,"qoeBitrate":14900,"qoeRebuffer":94084.2000001967,"qoeLatency":150633,"qoeBitrateSwitch":80,"qoePlaybackSpeed":1332.0912342129882},"chunk-stream2-00071":{"qoeTotal":-236174.6140632976,"qoeBitrate":15400,"qoeRebuffer":97227.00000017881,"qoeLatency":152887.8,"qoeBitrateSwitch":80,"qoePlaybackSpeed":1379.8140631188107},"chunk-stream1-00072":{"qoeTotal":-239960.79859332443,"qoeBitrate":15700,"qoeRebuffer":98818.2000001967,"qoeLatency":155302.8,"qoeBitrateSwitch":120,"qoePlaybackSpeed":1419.7985931277535},"chunk-stream2-00073":{"qoeTotal":-243752.27351341915,"qoeBitrate":16200,"qoeRebuffer":100390.80000025034,"qoeLatency":157940.4,"qoeBitrateSwitch":160,"qoePlaybackSpeed":1461.0735131687989},"chunk-stream2-00074":{"qoeTotal":-247686.88899534137,"qoeBitrate":16700,"qoeRebuffer":101920.80000025034,"qoeLatency":160801.19999999998,"qoeBitrateSwitch":160,"qoePlaybackSpeed":1504.8889950910632},"chunk-stream1-00075":{"qoeTotal":-252006.364760335,"qoeBitrate":17000,"qoeRebuffer":103488.00000017881,"qoeLatency":163781.99999999997,"qoeBitrateSwitch":200,"qoePlaybackSpeed":1536.3647601562377},"chunk-stream2-00076":{"qoeTotal":-257901.75566114017,"qoeBitrate":17500,"qoeRebuffer":106593.00000017881,"qoeLatency":166987.19999999998,"qoeBitrateSwitch":240,"qoePlaybackSpeed":1581.555660961378},"chunk-stream2-00077":{"qoeTotal":-264025.14342880185,"qoeBitrate":18000,"qoeRebuffer":109733.40000012517,"qoeLatency":170430.59999999998,"qoeBitrateSwitch":240,"qoePlaybackSpeed":1621.1434286767287},"chunk-stream2-00078":{"qoeTotal":-270426.41011392075,"qoeBitrate":18500,"qoeRebuffer":112917.60000014305,"qoeLatency":174100.8,"qoeBitrateSwitch":240,"qoePlaybackSpeed":1668.0101137777237},"chunk-stream2-00079":{"qoeTotal":-277066.4623611839,"qoeBitrate":19000,"qoeRebuffer":116051.40000012517,"qoeLatency":178065,"qoeBitrateSwitch":240,"qoePlaybackSpeed":1710.062361058696},"chunk-stream2-00080":{"qoeTotal":-284026.15908361383,"qoeBitrate":19500,"qoeRebuffer":119199.60000014305,"qoeLatency":182329.8,"qoeBitrateSwitch":240,"qoePlaybackSpeed":1756.7590834707883},"chunk-stream2-00081":{"qoeTotal":-292746.9767959251,"qoeBitrate":20000,"qoeRebuffer":123856.80000016093,"qoeLatency":186846,"qoeBitrateSwitch":240,"qoePlaybackSpeed":1804.1767957641875},"chunk-stream2-00082":{"qoeTotal":-300253.04880418815,"qoeBitrate":20500,"qoeRebuffer":127032.60000014305,"qoeLatency":191632.2,