{"switchHistory":[{"start":8.8355,"end":8.963551,"quality":{"mediaType":"video","bitrate":1000000,"width":640,"height":360,"scanType":null,"qualityIndex":2}},{"start":8.963551,"end":68.864842,"quality":{"mediaType":"video","bitrate":1000000,"width":640,"height":360,"scanType":null,"qualityIndex":2}}],"switchRequests":[],"stallDurationMs":250.29999999701977,"numStalls":1,"averageLatency":1.531938388625593,"averageBufferLength":1.0754834123222734,"averageBitrate":999999.9999999999,"numSwitches":2,"averageBitrateVariations":0,"averagePlaybackRate":1.0062948400427825,"averagePlaybackRateNonOne":1.0967831656577802}