{"chunk-stream2-00018":{"qoeTotal":-477.6463318556342,"qoeBitrate":500,"qoeRebuffer":0,"qoeLatency":936,"qoeBitrateSwitch":0,"qoePlaybackSpeed":41.64633185563416},"init-stream3":{"qoeTotal":-1713.0926637112682,"qoeBitrate":1750,"qoeRebuffer":0,"qoeLatency":1879.8,"qoeBitrateSwitch":1500,"qoePlaybackSpeed":83.29266371126832},"chunk-stream3-00019":{"qoeTotal":-1462.3389955669027,"qoeBitrate":3000,"qoeRebuffer":0,"qoeLatency":2837.4,"qoeBitrateSwitch":1500,"qoePlaybackSpeed":124.93899556690248},"init-stream4":{"qoeTotal":-1968.185327422537,"qoeBitrate":5000,"qoeRebuffer":0,"qoeLatency":3801.6000000000004,"qoeBitrateSwitch":3000,"qoePlaybackSpeed":166.58532742253664}}