{"chunk-stream2-00018":{"qoeTotal":-547.551802125576,"qoeBitrate":500,"qoeRebuffer":0,"qoeLatency":1000.8,"qoeBitrateSwitch":0,"qoePlaybackSpeed":46.751802125576106},"init-stream5":{"qoeTotal":-625.1516879198597,"qoeBitrate":3500,"qoeRebuffer":0,"qoeLatency":3518.3999999999996,"qoeBitrateSwitch":500,"qoePlaybackSpeed":106.75168791986003},"chunk-stream5-00019":{"qoeTotal":-419.79131649588896,"qoeBitrate":6500,"qoeRebuffer":1580.3999999463558,"qoeLatency":4687.2,"qoeBitrateSwitch":500,"qoePlaybackSpeed":152.19131654953335},"init-stream4":{"qoeTotal":-283.08951008082556,"qoeBitrate":8500,"qoeRebuffer":1580.3999999463558,"qoeLatency":6329.4,"qoeBitrateSwitch":700,"qoePlaybackSpeed":173.2895101344701},"chunk-stream4-00020":{"qoeTotal":-2824.17568533708,"qoeBitrate":10500,"qoeRebuffer":4721.399999946356,"qoeLatency":7690.2,"qoeBitrateSwitch":700,"qoePlaybackSpeed":212.57568539072426},"chunk-stream4-00021":{"qoeTotal":-3893.4902835079497,"qoeBitrate":12500,"qoeRebuffer":6272.999999910593,"qoeLatency":9174,"qoeBitrateSwitch":700,"qoePlaybackSpeed":246.49028359735672},"init-stream3":{"qoeTotal":-4416.404339191097,"qoeBitrate":13750,"qoeRebuffer":6272.999999910593,"qoeLatency":10764,"qoeBitrateSwitch":850,"qoePlaybackSpeed":279.40433928050453},"chunk-stream3-00022":{"qoeTotal":-4735.1484897297205,"qoeBitrate":15000,"qoeRebuffer":6272.999999910593,"qoeLatency":12297.6,"qoeBitrateSwitch":850,"qoePlaybackSpeed":314.54848981912716},"chunk-stream4-00023":{"qoeTotal":-4504.168405740081,"qoeBitrate":17000,"qoeRebuffer":6272.999999910593,"qoeLatency":13892.4,"qoeBitrateSwitch":1000,"qoePlaybackSpeed":338.76840582948813},"chunk-stream4-00024":{"qoeTotal":-4193.764182685463,"qoeBitrate":19000,"qoeRebuffer":6272.999999910593,"qoeLatency":15553.8,"qoeBitrateSwitch":1000,"qoePlaybackSpeed":366.9641827748708},"chunk-stream4-00025":{"qoeTotal":-5505.311441849875,"qoeBitrate":21000,"qoeRebuffer":7814.399999856949,"qoeLatency":17293.2,"qoeBitrateSwitch":1000,"qoePlaybackSpeed":397.71144199292587},"chunk-stream4-00026":{"qoeTotal":-6942.4565677472465,"qoeBitrate":23000,"qoeRebuffer":9394.799999892712,"qoeLatency":19115.4,"qoeBitrateSwitch":1000,"qoePlaybackSpeed":432.25656785453305},"chunk-stream4-00027":{"qoeTotal":-8469.266399370474,"qoeBitrate":25000,"qoeRebuffer":10932.59999987483,"qoeLatency":21065.4,"qoeBitrateSwitch":1000,"qoePlaybackSpeed":471.26639949564236},"chunk-stream3-00028":{"qoeTotal":-9401.017849693828,"qoeBitrate":26250,"qoeRebuffer":10932.59999987483,"qoeLatency":23056.800000000003,"qoeBitrateSwitch":1150,"qoePlaybackSpeed":511.61784981899444},"chunk-stream4-00029":{"qoeTotal":-9620.789874655464,"qoeBitrate":28250,"qoeRebuffer":10932.59999987483,"qoeLatency":25091.4,"qoeBitrateSwitch":1300,"qoePlaybackSpeed":546.7898747806321},"chunk-stream4-00030":{"qoeTotal":-9756.190514943919,"qoeBitrate":30250,"qoeRebuffer":10932.59999987483,"qoeLatency":27195,"qoeBitrateSwitch":1300,"qoePlaybackSpeed":578.5905150690879},"chunk-stream4-00031":{"qoeTotal":-11525.069302855776,"qoeBitrate":32250,"qoeRebuffer":12491.399999856949,"qoeLatency":29378.4,"qoeBitrateSwitch":1300,"qoePlaybackSpeed":605.2693029988258},"chunk-stream4-00032":{"qoeTotal":-11815.508325035098,"qoeBitrate":34250,"qoeRebuffer":12491.399999856949,"qoeLatency":31631.4,"qoeBitrateSwitch":1300,"qoePlaybackSpeed":642.7083251781473},"chunk-stream4-00033":{"qoeTotal":-13696.308324999332,"qoeBitrate":36250,"qoeRebuffer":14030.999999821186,"qoeLatency":33972.6,"qoeBitrateSwitch":1300,"qoePlaybackSpeed":642.7083251781473},"chunk-stream4-00034":{"qoeTotal":-17177.967348382306,"qoeBitrate":38250,"qoeRebuffer":17068.79999989271,"qoeLatency":36382.799999999996,"qoeBitrateSwitch":1300,"qoePlaybackSpeed":676.3673484895976},"chunk-stream4-00035":{"qoeTotal":-17683.99907716198,"qoeBitrate":40250,"qoeRebuffer":17068.79999989271,"qoeLatency":38846.99999999999,"qoeBitrateSwitch":1300,"qoePlaybackSpeed":718.1990772692776},"chunk-stream4-00036":{"qoeTotal":-18219.230142014676,"qoeBitrate":42250,"qoeRebuffer":17068.79999989271,"qoeLatency":41344.19999999999,"qoeBitrateSwitch":1300,"qoePlaybackSpeed":756.2301421219739},"chunk-stream4-00037":{"qoeTotal":-18767.55105128598,"qoeBitrate":44250,"qoeRebuffer":17068.79999989271,"qoeLatency":43865.39999999999,"qoeBitrateSwitch":1300,"qoePlaybackSpeed":783.3510513932821},"chunk-stream4-00038":{"qoeTotal":-19346.282863416043,"qoeBitrate":46250,"qoeRebuffer":17068.79999989271,"qoeLatency":46413.599999999984,"qoeBitrateSwitch":1300,"qoePlaybackSpeed":813.8828635233488},"chunk-stream4-00039":{"qoeTotal":-19938.100779273936,"qoeBitrate":48250,"qoeRebuffer":17068.79999989271,"qoeLatency":48982.79999999998,"qoeBitrateSwitch":1300,"qoePlaybackSpeed":836.5007793812423},"chunk-stream4-00040":{"qoeTotal":-20545.554263621976,"qoeBitrate":50250,"qoeRebuffer":17068.79999989271,"qoeLatency":51578.99999999998,"qoeBitrateSwitch":1300,"qoePlaybackSpeed":847.7542637292852},"chunk-stream4-00041":{"qoeTotal":-21211.816712012234,"qoeBitrate":52250,"qoeRebuffer":17068.79999989271,"qoeLatency":54219.59999999998,"qoeBitrateSwitch":1300,"qoePlaybackSpeed":873.4167121195462},"chunk-stream4-00042":{"qoeTotal":-21899.59839301794,"qoeBitrate":54250,"qoeRebuffer":17068.79999989271,"qoeLatency":56881.199999999975,"qoeBitrateSwitch":1300,"qoePlaybackSpeed":899.5983931252524},"chunk-stream4-00043":{"qoeTotal":-22515.296890555277,"qoeBitrate":56250,"qoeRebuffer":17068.79999989271,"qoeLatency":59496.59999999998,"qoeBitrateSwitch":1300,"qoePlaybackSpeed":899.8968906625895},"chunk-stream4-00044":{"qoeTotal":-23120.496763069954,"qoeBitrate":58250,"qoeRebuffer":17068.79999989271,"qoeLatency":62041.799999999974,"qoeBitrateSwitch":1300,"qoePlaybackSpeed":959.8967631772673},"chunk-stream4-00045":{"qoeTotal":-23670.704705661214,"qoeBitrate":60250,"qoeRebuffer":17068.79999989271,"qoeLatency":64566.59999999998,"qoeBitrateSwitch":1300,"qoePlaybackSpeed":985.3047057685251},"chunk-stream4-00046":{"qoeTotal":-24224.403043044338,"qoeBitrate":62250,"qoeRebuffer":17068.79999989271,"qoeLatency":67103.99999999997,"qoeBitrateSwitch":1300,"qoePlaybackSpeed":1001.6030431516549},"chunk-stream4-00047":{"qoeTotal":-24710.531699284184,"qoeBitrate":64250,"qoeRebuffer":17068.79999989271,"qoeLatency":69587.99999999997,"qoeBitrateSwitch":1300,"qoePlaybackSpeed":1003.7316993914995},"chunk-stream4-00048":{"qoeTotal":-25145.386924422724,"qoeBitrate":66250,"qoeRebuffer":17068.79999989271,"qoeLatency":72015.59999999998,"qoeBitrateSwitch":1300,"qoePlaybackSpeed":1010.9869245300354},"chunk-stream4-00049":{"qoeTotal":-25565.04958276328,"qoeBitrate":68250,"qoeRebuffer":17068.79999989271,"qoeLatency":74416.79999999997,"qoeBitrateSwitch":1300,"qoePlaybackSpeed":1029.4495828705953},"chunk-stream4-00050":{"qoeTotal":-26065.543007201188,"qoeBitrate":70250,"qoeRebuffer":17068.79999989271,"qoeLatency":76884.59999999998,"qoeBitrateSwitch":1300,"qoePlaybackSpeed":1062.1430073085007},"chunk-stream4-00051":{"qoeTotal":-26625.766815062183,"qoeBitrate":72250,"qoeRebuffer":17068.79999989271,"qoeLatency":79403.99999999997,"qoeBitrateSwitch":1300,"qoePlaybackSpeed":1102.9668151694998},"chunk-stream4-00052":{"qoeTotal":-27178.92062146131,"qoeBitrate":74250,"qoeRebuffer":17068.79999989271,"qoeLatency":81950.39999999997,"qoeBitrateSwitch":1300,"qoePlaybackSpeed":1109.7206215686358},"chunk-stream4-00053":{"qoeTotal":-27754.847991861763,"qoeBitrate":76250,"qoeRebuffer":17068.79999989271,"qoeLatency":84505.19999999997,"qoeBitrateSwitch":1300,"qoePlaybackSpeed":1130.8479919690835},"chunk-stream4-00054":{"qoeTotal":-28334.247877656042,"qoeBitrate":78250,"qoeRebuffer":17068.79999989271,"qoeLatency":87024.59999999996,"qoeBitrateSwitch":1300,"qoePlaybackSpeed":1190.8478777633675},"chunk-stream5-00055":{"qoeTotal":-28312.247877656042,"qoeBitrate":81250,"qoeRebuffer":17068.79999989271,"qoeLatency":89802.59999999996,"qoeBitrateSwitch":1500,"qoePlaybackSpeed":1190.8478777633675},"chunk-stream5-00056":{"qoeTotal":-40930.43464336816,"qoeBitrate":84250,"qoeRebuffer":29063.399999946356,