{"chunk-stream2-00018":{"qoeTotal":-641.3403880880296,"qoeBitrate":500,"qoeRebuffer":0,"qoeLatency":1097.3999999999999,"qoeBitrateSwitch":0,"qoePlaybackSpeed":43.94038808802978},"chunk-stream2-00019":{"qoeTotal":-2846.8797597335524,"qoeBitrate":1000,"qoeRebuffer":1534.7999999821184,"qoeLatency":2241.6,"qoeBitrateSwitch":0,"qoePlaybackSpeed":70.47975975143427},"chunk-stream2-00020":{"qoeTotal":-3570.536180118517,"qoeBitrate":1500,"qoeRebuffer":1534.7999999821184,"qoeLatency":3427.8,"qoeBitrateSwitch":0,"qoePlaybackSpeed":107.93618013639838},"init-stream3":{"qoeTotal":-4251.769452093909,"qoeBitrate":2750,"qoeRebuffer":1534.7999999821184,"qoeLatency":5163,"qoeBitrateSwitch":150,"qoePlaybackSpeed":153.96945211179064},"chunk-stream3-00021":{"qoeTotal":-6452.182495300703,"qoeBitrate":4000,"qoeRebuffer":3597,"qoeLatency":6504.6,"qoeBitrateSwitch":150,"qoePlaybackSpeed":200.58249530070202},"init-stream2":{"qoeTotal":-11346.565979371211,"qoeBitrate":4500,"qoeRebuffer":3597,"qoeLatency":11705.4,"qoeBitrateSwitch":300,"qoePlaybackSpeed":244.1659793712122},"chunk-stream2-00022":{"qoeTotal":-12931.189895047673,"qoeBitrate":5000,"qoeRebuffer":4099.799999982119,"qoeLatency":13244.4,"qoeBitrateSwitch":300,"qoePlaybackSpeed":286.9898950655552},"chunk-stream2-00023":{"qoeTotal":-17219.66806669493,"qoeBitrate":5500,"qoeRebuffer":7258.200000017881,"qoeLatency":14844.599999999999,"qoeBitrateSwitch":300,"qoePlaybackSpeed":316.8680666770491},"chunk-stream2-00024":{"qoeTotal":-18415.836987900737,"qoeBitrate":6000,"qoeRebuffer":7258.200000017881,"qoeLatency":16506,"qoeBitrateSwitch":300,"qoePlaybackSpeed":351.6369878828552},"chunk-stream2-00025":{"qoeTotal":-21273.626324806926,"qoeBitrate":6500,"qoeRebuffer":8796,"qoeLatency":18289.8,"qoeBitrateSwitch":300,"qoePlaybackSpeed":387.8263248069268},"chunk-stream2-00026":{"qoeTotal":-24343.78820896033,"qoeBitrate":7000,"qoeRebuffer":10357.200000017881,"qoeLatency":20263.2,"qoeBitrateSwitch":300,"qoePlaybackSpeed":423.3882089424488},"chunk-stream2-00027":{"qoeTotal":-27567.98515830713,"qoeBitrate":7500,"qoeRebuffer":11905.799999982119,"qoeLatency":22401.600000000002,"qoeBitrateSwitch":300,"qoePlaybackSpeed":460.585158325006},"chunk-stream2-00028":{"qoeTotal":-29300.916332560497,"qoeBitrate":8000,"qoeRebuffer":11905.799999982119,"qoeLatency":24606.600000000002,"qoeBitrateSwitch":300,"qoePlaybackSpeed":488.5163325783771},"chunk-stream2-00029":{"qoeTotal":-31091.266952070375,"qoeBitrate":8500,"qoeRebuffer":11905.799999982119,"qoeLatency":26863.800000000003,"qoeBitrateSwitch":300,"qoePlaybackSpeed":521.6669520882542},"chunk-stream2-00030":{"qoeTotal":-32941.04699822363,"qoeBitrate":9000,"qoeRebuffer":11905.799999982119,"qoeLatency":29174.4,"qoeBitrateSwitch":300,"qoePlaybackSpeed":560.8469982415108},"chunk-stream2-00031":{"qoeTotal":-34769.31348797865,"qoeBitrate":9500,"qoeRebuffer":11905.799999982119,"qoeLatency":31501.800000000003,"qoeBitrateSwitch":300,"qoePlaybackSpeed":561.7134879965272},"chunk-stream2-00032":{"qoeTotal":-36586.08512751609,"qoeBitrate":10000,"qoeRebuffer":11905.799999982119,"qoeLatency":33797.4,"qoeBitrateSwitch":300,"qoePlaybackSpeed":582.8851275339691},"chunk-stream2-00033":{"qoeTotal":-38416.16193050836,"qoeBitrate":10500,"qoeRebuffer":11905.799999982119,"qoeLatency":36114.6,"qoeBitrateSwitch":300,"qoePlaybackSpeed":595.7619305262378},"chunk-stream2-00034":{"qoeTotal":-40283.76095007553,"qoeBitrate":11000,"qoeRebuffer":11905.799999982119,"qoeLatency":38422.2,"qoeBitrateSwitch":300,"qoePlaybackSpeed":655.7609500934147},"chunk-stream2-00035":{"qoeTotal":-42052.44357906611,"qoeBitrate":11500,"qoeRebuffer":11905.799999982119,"qoeLatency":40686,"qoeBitrateSwitch":300,"qoePlaybackSpeed":660.6435790839915},"chunk-stream2-00036":{"qoeTotal":-43796.50391821138,"qoeBitrate":12000,"qoeRebuffer":11905.799999982119,"qoeLatency":42923.4,"qoeBitrateSwitch":300,"qoePlaybackSpeed":667.3039182292657},"chunk-stream2-00037":{"qoeTotal":-45596.902325825016,"qoeBitrate":12500,"qoeRebuffer":11905.799999982119,"qoeLatency":45163.8,"qoeBitrateSwitch":300,"qoePlaybackSpeed":727.3023258428972},"chunk-stream2-00038":{"qoeTotal":-47276.010415148485,"qoeBitrate":13000,"qoeRebuffer":11905.799999982119,"qoeLatency":47332.200000000004,"qoeBitrateSwitch":300,"qoePlaybackSpeed":738.0104151663606},"chunk-stream2-00039":{"qoeTotal":-48976.0968583016,"qoeBitrate":13500,"qoeRebuffer":11905.799999982119,"qoeLatency":49513.200000000004,"qoeBitrateSwitch":300,"qoePlaybackSpeed":757.0968583194791},"chunk-stream2-00040":{"qoeTotal":-50660.57906860758,"qoeBitrate":14000,"qoeRebuffer":11905.799999982119,"qoeLatency":51681.600000000006,"qoeBitrateSwitch":300,"qoePlaybackSpeed":773.1790686254503},"chunk-stream2-00041":{"qoeTotal":-52340.109572942725,"qoeBitrate":14500,"qoeRebuffer":11905.799999982119,"qoeLatency":53851.200000000004,"qoeBitrateSwitch":300,"qoePlaybackSpeed":783.1095729606046},"chunk-stream2-00042":{"qoeTotal":-54068.506714653704,"qoeBitrate":15000,"qoeRebuffer":11905.799999982119,"qoeLatency":56019.600000000006,"qoeBitrateSwitch":300,"qoePlaybackSpeed":843.1067146715808},"chunk-stream2-00043":{"qoeTotal":-55734.50385636468,"qoeBitrate":15500,"qoeRebuffer":11905.799999982119,"qoeLatency":58125.600000000006,"qoeBitrateSwitch":300,"qoePlaybackSpeed":903.103856382557},"chunk-stream2-00044":{"qoeTotal":-57336.30099807566,"qoeBitrate":16000,"qoeRebuffer":11905.799999982119,"qoeLatency":60167.40000000001,"qoeBitrateSwitch":300,"qoePlaybackSpeed":963.1009980935331},"chunk-stream3-00044":{"qoeTotal":-58409.23564302458,"qoeBitrate":17250,"qoeRebuffer":11905.799999982119,"qoeLatency":62322.00000000001,"qoeBitrateSwitch":450,"qoePlaybackSpeed":981.4356430424538},"chunk-stream3-00045":{"qoeTotal":-64452.03687736452,"qoeBitrate":18500,"qoeRebuffer":16651.79999998212,"qoeLatency":64826.40000000001,"qoeBitrateSwitch":450,"qoePlaybackSpeed":1023.8368773823909},"chunk-stream2-00046":{"qoeTotal":-66656.23687736451,"qoeBitrate":19000,"qoeRebuffer":16651.79999998212,"qoeLatency":67380.6,"qoeBitrateSwitch":600,"qoePlaybackSpeed":1023.8368773823909},"chunk-stream2-00047":{"qoeTotal":-70323.65661377915,"qoeBitrate":19500,"qoeRebuffer":18244.199999928474,"qoeLatency":69953.40000000001,"qoeBitrateSwitch":600,"qoePlaybackSpeed":1026.0566138506751},"chunk-stream2-00048":{"qoeTotal":-72402.99009827261,"qoeBitrate":20000,"qoeRebuffer":18244.199999928474,"qoeLatency":72524.40000000001,"qoeBitrateSwitch":600,"qoePlaybackSpeed":1034.3900983441267},"chunk-stream3-00049":{"qoeTotal":-79032.43893099323,"qoeBitrate":21250,"qoeRebuffer":23011.79999998212,"qoeLatency":75438.00000000001,"qoeBitrateSwitch":750,"qoePlaybackSpeed":1082.638931011096},"chunk-stream3-00050":{"qoeTotal":-89182.6877636602,"qoeBitrate":22500,"qoeRebuffer":30817.79999998212,"qoeLatency":78984.00000000001,"qoeBitrateSwitch":750,"qoePlaybackSpeed":1130.8877636780653},"chunk-stream2-00051":{"qoeTotal":-94087.1601180955,"qoeBitrate":23000,"qoeRebuffer":32326.20000001788,"qoeLatency":82686.60000000002,"qoeBitrateSwitch":900,"qoePlaybackSpeed":1174.3601180775959},"chunk-stream2-00052":{"qoeTotal":-97346.92740421135,"qoeBitrate":23500,"qoeRebuffer":32326.20000001788,"qoeLatency":86418.00000000001,"qoeBitrateSwitch":900,"qoePlaybackSpeed":1202.7274041934643},"chunk-stream2-00053":{"qoeTotal":-100576.46831535899,"qoeBitrate":24000,"qoeRebuffer":32326.20000001788,"qoeLatency":90145.20000000001,"qoeBitrateSwitch":900,"qoePlaybackSpeed":1205.0683153410882},"chunk-stream3-00053":{"qoeTotal":-103202.36533375643,"qoeBitrate":25250,"qoeRebuffer":32326.20000001788,"qoeLatency":93820.20000000001,"qoeBitrateSwitch":1050,"qoePlaybackSpeed":1255.965333738539},"chunk-stream3-00054":{"qoeTotal":-105986.12001530788,"qoeBitrate":26500,"qoeRebuffer":32326.20000001788,"qoeLatency":97821.6,"qoeBitrateSwitch":1050,"qoePlaybackSpeed":1288.3200152899885},"chunk-stream3-00055":{"qoeTotal":-115527.12001543306,"qoeBitrate":27750,"qoeRebuffer":38643.60000014305,"qoeLatency":102295.20000000001,"qoeBitrateSwitch":1050,