{"chunk-stream2-00018":{"qoeTotal":-928.3782933344334,"qoeBitrate":500,"qoeRebuffer":0,"qoeLatency":1378.2,"qoeBitrateSwitch":0,"qoePlaybackSpeed":50.17829333443331},"init-stream0":{"qoeTotal":-5775.654009419479,"qoeBitrate":600,"qoeRebuffer":0,"qoeLatency":6199.2,"qoeBitrateSwitch":80,"qoePlaybackSpeed":96.4540094194788},"chunk-stream0-00019":{"qoeTotal":-7479.032302753912,"qoeBitrate":700,"qoeRebuffer":300,"qoeLatency":7652.4,"qoeBitrateSwitch":80,"qoePlaybackSpeed":146.63230275391211},"chunk-stream0-00020":{"qoeTotal":-10378.99809203375,"qoeBitrate":800,"qoeRebuffer":1830,"qoeLatency":9117.6,"qoeBitrateSwitch":80,"qoePlaybackSpeed":151.3980920337486},"chunk-stream0-00021":{"qoeTotal":-11787.548182505032,"qoeBitrate":900,"qoeRebuffer":1830,"qoeLatency":10567.2,"qoeBitrateSwitch":80,"qoePlaybackSpeed":210.3481825050309},"init-stream1":{"qoeTotal":-16149.564798891588,"qoeBitrate":1200,"qoeRebuffer":1830,"qoeLatency":15174,"qoeBitrateSwitch":120,"qoePlaybackSpeed":225.56479889158715},"chunk-stream1-00022":{"qoeTotal":-17247.71488936287,"qoeBitrate":1500,"qoeRebuffer":1830,"qoeLatency":16513.2,"qoeBitrateSwitch":120,"qoePlaybackSpeed":284.51488936286944},"chunk-stream1-00023":{"qoeTotal":-18238.0985395857,"qoeBitrate":1800,"qoeRebuffer":1830,"qoeLatency":17800.8,"qoeBitrateSwitch":120,"qoePlaybackSpeed":287.2985395857},"chunk-stream1-00024":{"qoeTotal":-19278.4467835076,"qoeBitrate":2100,"qoeRebuffer":1830,"qoeLatency":19120.8,"qoeBitrateSwitch":120,"qoePlaybackSpeed":307.64678350759914},"chunk-stream0-00025":{"qoeTotal":-20563.388143797005,"qoeBitrate":2200,"qoeRebuffer":1830,"qoeLatency":20449.8,"qoeBitrateSwitch":160,"qoePlaybackSpeed":323.5881437970042},"init-stream3":{"qoeTotal":-24131.588143797,"qoeBitrate":3450,"qoeRebuffer":1830,"qoeLatency":24978,"qoeBitrateSwitch":390,"qoePlaybackSpeed":383.58814379699777},"chunk-stream3-00026":{"qoeTotal":-37001.93030055332,"qoeBitrate":4700,"qoeRebuffer":13717.200001716614,"qoeLatency":27163.2,"qoeBitrateSwitch":390,"qoePlaybackSpeed":431.53029883671377},"chunk-stream0-00027":{"qoeTotal":-39937.47245587915,"qoeBitrate":4800,"qoeRebuffer":14216.400002002716,"qoeLatency":29421.600000000002,"qoeBitrateSwitch":620,"qoePlaybackSpeed":479.47245387642977},"chunk-stream0-00028":{"qoeTotal":-43707.01441377195,"qoeBitrate":4900,"qoeRebuffer":15805.200001716614,"qoeLatency":31695.600000000002,"qoeBitrateSwitch":620,"qoePlaybackSpeed":486.2144120553249},"chunk-stream0-00029":{"qoeTotal":-45902.0131358486,"qoeBitrate":5000,"qoeRebuffer":15805.200001716614,"qoeLatency":33930.600000000006,"qoeBitrateSwitch":620,"qoePlaybackSpeed":546.2131341319816},"chunk-stream0-00030":{"qoeTotal":-48053.21185792526,"qoeBitrate":5100,"qoeRebuffer":15805.200001716614,"qoeLatency":36121.8,"qoeBitrateSwitch":620,"qoePlaybackSpeed":606.2118562086383},"chunk-stream0-00031":{"qoeTotal":-50164.81058000191,"qoeBitrate":5200,"qoeRebuffer":15805.200001716614,"qoeLatency":38273.4,"qoeBitrateSwitch":620,"qoePlaybackSpeed":666.210578285295},"init-stream2":{"qoeTotal":-54804.610580001914,"qoeBitrate":5700,"qoeRebuffer":15805.200001716614,"qoeLatency":43273.200000000004,"qoeBitrateSwitch":700,"qoePlaybackSpeed":726.2105782852949},"chunk-stream2-00032":{"qoeTotal":-56338.60930207857,"qoeBitrate":6200,"qoeRebuffer":15805.200001716614,"qoeLatency":45247.200000000004,"qoeBitrateSwitch":700,"qoePlaybackSpeed":786.2093003619516},"chunk-stream1-00033":{"qoeTotal":-58090.09380977544,"qoeBitrate":6500,"qoeRebuffer":15805.200001716614,"qoeLatency":47230.8,"qoeBitrateSwitch":740,"qoePlaybackSpeed":814.0938080588227},"chunk-stream0-00034":{"qoeTotal":-60060.39108073848,"qoeBitrate":6600,"qoeRebuffer":15805.200001716614,"qoeLatency":49233,"qoeBitrateSwitch":780,"qoePlaybackSpeed":842.1910790218678},"chunk-stream0-00035":{"qoeTotal":-62028.580055851795,"qoeBitrate":6700,"qoeRebuffer":15805.200001716614,"qoeLatency":51241.2,"qoeBitrateSwitch":780,"qoePlaybackSpeed":902.1800541351805},"chunk-stream0-00036":{"qoeTotal":-63958.969030965105,"qoeBitrate":6800,"qoeRebuffer":15805.200001716614,"qoeLatency":53211.6,"qoeBitrateSwitch":780,"qoePlaybackSpeed":962.1690292484932},"chunk-stream1-00037":{"qoeTotal":-65627.35800607842,"qoeBitrate":7100,"qoeRebuffer":15805.200001716614,"qoeLatency":55080,"qoeBitrateSwitch":820,"qoePlaybackSpeed":1022.1580043618059},"chunk-stream1-00038":{"qoeTotal":-67160.34698119173,"qoeBitrate":7400,"qoeRebuffer":15805.200001716614,"qoeLatency":56853,"qoeBitrateSwitch":820,"qoePlaybackSpeed":1082.1469794751185},"chunk-stream0-00039":{"qoeTotal":-68885.33595630505,"qoeBitrate":7500,"qoeRebuffer":15805.200001716614,"qoeLatency":58578,"qoeBitrateSwitch":860,"qoePlaybackSpeed":1142.135954588431},"chunk-stream0-00040":{"qoeTotal":-70531.92493141837,"qoeBitrate":7600,"qoeRebuffer":15805.200001716614,"qoeLatency":60264.6,"qoeBitrateSwitch":860,"qoePlaybackSpeed":1202.1249297017437},"chunk-stream1-00041":{"qoeTotal":-71903.91390653167,"qoeBitrate":7900,"qoeRebuffer":15805.200001716614,"qoeLatency":61836.6,"qoeBitrateSwitch":900,"qoePlaybackSpeed":1262.1139048150562},"chunk-stream1-00042":{"qoeTotal":-73156.10288164497,"qoeBitrate":8200,"qoeRebuffer":15805.200001716614,"qoeLatency":63328.799999999996,"qoeBitrateSwitch":900,"qoePlaybackSpeed":1322.1028799283688},"chunk-stream1-00043":{"qoeTotal":-74329.09185675828,"qoeBitrate":8500,"qoeRebuffer":15805.200001716614,"qoeLatency":64741.799999999996,"qoeBitrateSwitch":900,"qoePlaybackSpeed":1382.0918550416814},"chunk-stream2-00044":{"qoeTotal":-75299.39784331237,"qoeBitrate":9000,"qoeRebuffer":15805.200001716614,"qoeLatency":66136.2,"qoeBitrateSwitch":940,"qoePlaybackSpeed":1417.9978415957626},"chunk-stream0-00045":{"qoeTotal":-76734.55388854785,"qoeBitrate":9100,"qoeRebuffer":15805.200001716614,"qoeLatency":67555.8,"qoeBitrateSwitch":1020,"qoePlaybackSpeed":1453.5538868312306},"chunk-stream0-00046":{"qoeTotal":-78097.07675136717,"qoeBitrate":9200,"qoeRebuffer":15805.200001716614,"qoeLatency":68959.8,"qoeBitrateSwitch":1020,"qoePlaybackSpeed":1512.0767496505525},"chunk-stream1-00047":{"qoeTotal":-79210.1996141865,"qoeBitrate":9500,"qoeRebuffer":15805.200001716614,"qoeLatency":70274.40000000001,"qoeBitrateSwitch":1060,"qoePlaybackSpeed":1570.5996124698745},"chunk-stream1-00048":{"qoeTotal":-80157.7893068301,"qoeBitrate":9800,"qoeRebuffer":15805.200001716614,"qoeLatency":71517.6,"qoeBitrateSwitch":1060,"qoePlaybackSpeed":1574.9893051134848},"chunk-stream1-00049":{"qoeTotal":-81118.5540179141,"qoeBitrate":10100,"qoeRebuffer":15805.200001716614,"qoeLatency":72769.20000000001,"qoeBitrateSwitch":1060,"qoePlaybackSpeed":1584.1540161974692},"chunk-stream0-00050":{"qoeTotal":-82321.58947517251,"qoeBitrate":10200,"qoeRebuffer":15805.200001716614,"qoeLatency":74026.80000000002,"qoeBitrateSwitch":1100,"qoePlaybackSpeed":1589.5894734558753},"chunk-stream0-00051":{"qoeTotal":-83506.98895972612,"qoeBitrate":10300,"qoeRebuffer":15805.200001716614,"qoeLatency":75258.00000000001,"qoeBitrateSwitch":1100,"qoePlaybackSpeed":1643.7889580094868},"chunk-stream2-00052":{"qoeTotal":-84263.50000869759,"qoeBitrate":10800,"qoeRebuffer":15805.200001716614,"qoeLatency":76387.20000000001,"qoeBitrateSwitch":1180,"qoePlaybackSpeed":1691.100006980967},"chunk-stream1-00053":{"qoeTotal":-85113.55446542753,"qoeBitrate":11100,"qoeRebuffer":15805.200001716614,"qoeLatency":77479.80000000002,"qoeBitrateSwitch":1220,"qoePlaybackSpeed":1708.554463710898},"chunk-stream0-00054":{"qoeTotal":-86181.50234584969,"qoeBitrate":11200,"qoeRebuffer":15805.200001716614,"qoeLatency":78567.00000000001,"qoeBitrateSwitch":1260,"qoePlaybackSpeed":1749.302344133059},"init-stream5":{"qoeTotal":-86792.70234509917,"qoeBitrate":14200,"qoeRebuffer":15805.200001716614,"qoeLatency":81538.20000000001,"qoeBitrateSwitch":1840,"qoePlaybackSpeed":1809.3023433825456},"chunk-stream5-00055":{"qoeTotal":-137542.50234509917,"qoeBitrate":17200,"qoeRebuffer":63847.200001716614,"qoeLatency":87246.00000000001,"qoeBitrateSwitch":1840,"qoePlaybackSpeed":1809.3023433825456},