{"chunk-stream2-00018":{"qoeTotal":-547.6183195827278,"qoeBitrate":500,"qoeRebuffer":0,"qoeLatency":999,"qoeBitrateSwitch":0,"qoePlaybackSpeed":48.618319582727885},"init-stream5":{"qoeTotal":-1474.8183194586695,"qoeBitrate":3500,"qoeRebuffer":0,"qoeLatency":4366.200000000001,"qoeBitrateSwitch":500,"qoePlaybackSpeed":108.61831945866886},"chunk-stream5-00019":{"qoeTotal":-1230.534344771098,"qoeBitrate":6500,"qoeRebuffer":1508.399999946356,"qoeLatency":5568.000000000001,"qoeBitrateSwitch":500,"qoePlaybackSpeed":154.1343448247411},"init-stream4":{"qoeTotal":-9016.360158296948,"qoeBitrate":8500,"qoeRebuffer":3063.599999964237,"qoeLatency":13554.600000000002,"qoeBitrateSwitch":700,"qoePlaybackSpeed":198.16015833270808},"chunk-stream4-00020":{"qoeTotal":-12041.013434176253,"qoeBitrate":10500,"qoeRebuffer":6639.59999987483,"qoeLatency":14962.800000000003,"qoeBitrateSwitch":700,"qoePlaybackSpeed":238.6134343014201},"chunk-stream4-00021":{"qoeTotal":-13188.210912896473,"qoeBitrate":12500,"qoeRebuffer":8180.399999856949,"qoeLatency":16532.4,"qoeBitrateSwitch":700,"qoePlaybackSpeed":275.4109130395226},"init-stream3":{"qoeTotal":-19986.35476095765,"qoeBitrate":13750,"qoeRebuffer":8180.399999856949,"qoeLatency":24397.2,"qoeBitrateSwitch":850,"qoePlaybackSpeed":308.75476110069917},"chunk-stream3-00022":{"qoeTotal":-20346.75476095765,"qoeBitrate":15000,"qoeRebuffer":8180.399999856949,"qoeLatency":26007.600000000002,"qoeBitrateSwitch":850,"qoePlaybackSpeed":308.75476110069917},"chunk-stream3-00023":{"qoeTotal":-22290.155854135966,"qoeBitrate":16250,"qoeRebuffer":9717.599999785423,"qoeLatency":27653.4,"qoeBitrateSwitch":850,"qoePlaybackSpeed":319.1558543505415},"chunk-stream4-00024":{"qoeTotal":-22158.42321688214,"qoeBitrate":18250,"qoeRebuffer":9717.599999785423,"qoeLatency":29347.800000000003,"qoeBitrateSwitch":1000,"qoePlaybackSpeed":343.02321709671537},"chunk-stream4-00025":{"qoeTotal":-23518.76665613668,"qoeBitrate":20250,"qoeRebuffer":11265.599999785423,"qoeLatency":31122.600000000002,"qoeBitrateSwitch":1000,"qoePlaybackSpeed":380.56665635125415},"chunk-stream3-00026":{"qoeTotal":-24268.200922762593,"qoeBitrate":21500,"qoeRebuffer":11265.599999785423,"qoeLatency":32944.200000000004,"qoeBitrateSwitch":1150,"qoePlaybackSpeed":408.4009229771671},"chunk-stream4-00027":{"qoeTotal":-25930.442423059754,"qoeBitrate":23500,"qoeRebuffer":12822.599999785423,"qoeLatency":34859.4,"qoeBitrateSwitch":1300,"qoePlaybackSpeed":448.44242327432914},"chunk-stream4-00028":{"qoeTotal":-27530.758249855087,"qoeBitrate":25500,"qoeRebuffer":14332.799999713898,"qoeLatency":36911.4,"qoeBitrateSwitch":1300,"qoePlaybackSpeed":486.55825014118676},"chunk-stream4-00029":{"qoeTotal":-29215.55741457572,"qoeBitrate":27500,"qoeRebuffer":15843.599999696016,"qoeLatency":39049.200000000004,"qoeBitrateSwitch":1300,"qoePlaybackSpeed":522.7574148796989},"chunk-stream3-00030":{"qoeTotal":-30338.296127775167,"qoeBitrate":28750,"qoeRebuffer":15843.599999696016,"qoeLatency":41235.600000000006,"qoeBitrateSwitch":1450,"qoePlaybackSpeed":559.0961280791455},"chunk-stream4-00031":{"qoeTotal":-30750.136295398628,"qoeBitrate":30750,"qoeRebuffer":15843.599999696016,"qoeLatency":43470.600000000006,"qoeBitrateSwitch":1600,"qoePlaybackSpeed":585.9362957026058},"chunk-stream4-00032":{"qoeTotal":-31083.62778546295,"qoeBitrate":32750,"qoeRebuffer":15843.599999696016,"qoeLatency":45775.200000000004,"qoeBitrateSwitch":1600,"qoePlaybackSpeed":614.8277857669293},"chunk-stream4-00033":{"qoeTotal":-33075.94852710783,"qoeBitrate":34750,"qoeRebuffer":17384.399999678135,"qoeLatency":48183.600000000006,"qoeBitrateSwitch":1600,"qoePlaybackSpeed":657.9485274296915},"chunk-stream4-00034":{"qoeTotal":-36727.07637460284,"qoeBitrate":36750,"qoeRebuffer":20488.199999570847,"qoeLatency":50691.00000000001,"qoeBitrateSwitch":1600,"qoePlaybackSpeed":697.8763750319869},"chunk-stream4-00035":{"qoeTotal":-37347.64191174111,"qoeBitrate":38750,"qoeRebuffer":20488.199999570847,"qoeLatency":53269.200000000004,"qoeBitrateSwitch":1600,"qoePlaybackSpeed":740.2419121702605},"chunk-stream4-00036":{"qoeTotal":-39569.449905204965,"qoeBitrate":40750,"qoeRebuffer":22044.59999960661,"qoeLatency":55896.00000000001,"qoeBitrateSwitch":1600,"qoePlaybackSpeed":778.8499055983493},"chunk-stream3-00037":{"qoeTotal":-41182.591153661015,"qoeBitrate":42000,"qoeRebuffer":22044.59999960661,"qoeLatency":58570.200000000004,"qoeBitrateSwitch":1750,"qoePlaybackSpeed":817.7911540543995},"chunk-stream4-00038":{"qoeTotal":-42106.95133072969,"qoeBitrate":44000,"qoeRebuffer":22044.59999960661,"qoeLatency":61308.00000000001,"qoeBitrateSwitch":1900,"qoePlaybackSpeed":854.3513311230736},"chunk-stream4-00039":{"qoeTotal":-42954.994954727044,"qoeBitrate":46000,"qoeRebuffer":22044.59999960661,"qoeLatency":64120.80000000001,"qoeBitrateSwitch":1900,"qoePlaybackSpeed":889.5949551204264},"chunk-stream4-00040":{"qoeTotal":-45405.291156996056,"qoeBitrate":48000,"qoeRebuffer":23547.59999960661,"qoeLatency":67038.6,"qoeBitrateSwitch":1900,"qoePlaybackSpeed":919.0911573894377},"chunk-stream3-00041":{"qoeTotal":-47303.61042317242,"qoeBitrate":49250,"qoeRebuffer":23547.59999960661,"qoeLatency":70006.20000000001,"qoeBitrateSwitch":2050,"qoePlaybackSpeed":949.8104235657987},"chunk-stream4-00042":{"qoeTotal":-48491.61528961608,"qoeBitrate":51250,"qoeRebuffer":23547.59999960661,"qoeLatency":73017.00000000001,"qoeBitrateSwitch":2200,"qoePlaybackSpeed":977.0152900094578},"chunk-stream4-00043":{"qoeTotal":-49516.61137410344,"qoeBitrate":53250,"qoeRebuffer":23547.59999960661,"qoeLatency":76031.40000000001,"qoeBitrateSwitch":2200,"qoePlaybackSpeed":987.6113744968214},"chunk-stream4-00044":{"qoeTotal":-50505.114237867754,"qoeBitrate":55250,"qoeRebuffer":23547.59999960661,"qoeLatency":78999.00000000001,"qoeBitrateSwitch":2200,"qoePlaybackSpeed":1008.5142382611294},"chunk-stream4-00045":{"qoeTotal":-51524.319082124544,"qoeBitrate":57250,"qoeRebuffer":23547.59999960661,"qoeLatency":82002.60000000002,"qoeBitrateSwitch":2200,"qoePlaybackSpeed":1024.1190825179128},"chunk-stream4-00046":{"qoeTotal":-52589.04339748003,"qoeBitrate":59250,"qoeRebuffer":23547.59999960661,"qoeLatency":85039.80000000002,"qoeBitrateSwitch":2200,"qoePlaybackSpeed":1051.6433978734044},"chunk-stream4-00047":{"qoeTotal":-53695.4173403276,"qoeBitrate":61250,"qoeRebuffer":23547.59999960661,"qoeLatency":88111.20000000001,"qoeBitrateSwitch":2200,"qoePlaybackSpeed":1086.617340720977},"chunk-stream4-00048":{"qoeTotal":-54799.695652304166,"qoeBitrate":63250,"qoeRebuffer":23547.59999960661,"qoeLatency":91199.40000000001,"qoeBitrateSwitch":2200,"qoePlaybackSpeed":1102.6956526975475},"chunk-stream4-00049":{"qoeTotal":-55929.857056155844,"qoeBitrate":65250,"qoeRebuffer":23547.59999960661,"qoeLatency":94301.40000000001,"qoeBitrateSwitch":2200,"qoePlaybackSpeed":1130.8570565492232},"chunk-stream4-00050":{"qoeTotal":-57181.21127659538,"qoeBitrate":67250,"qoeRebuffer":23547.59999960661,"qoeLatency":97509.6,"qoeBitrateSwitch":2200,"qoePlaybackSpeed":1174.0112769887671},"chunk-stream4-00051":{"qoeTotal":-60124.98074065657,"qoeBitrate":69250,"qoeRebuffer":25098.59999960661,"qoeLatency":100857.6,"qoeBitrateSwitch":2200,"qoePlaybackSpeed":1218.7807410499483},"chunk-stream3-00052":{"qoeTotal":-62409.52103449401,"qoeBitrate":70500,"qoeRebuffer":25098.59999960661,"qoeLatency":104230.8,"qoeBitrateSwitch":2350,"qoePlaybackSpeed":1230.1210348874044},"chunk-stream4-00053":{"qoeTotal":-63969.551622031824,"qoeBitrate":72500,"qoeRebuffer":25098.59999960661,"qoeLatency":107616.6,"qoeBitrateSwitch":2500,"qoePlaybackSpeed":1254.3516224252055},"chunk-stream4-00054":{"qoeTotal":-65412.951621907756,"qoeBitrate":74500,"qoeRebuffer":25098.59999960661,"qoeLatency":111000,"qoeBitrateSwitch":2500,"qoePlaybackSpeed":1314.3516223011466},"chunk-stream5-00055":{"qoeTotal":-66277.75162190775,"qoeBitrate":77500,"qoeRebuffer":25098.59999960661,"qoeLatency":114664.8,"qoeBitrateSwitch":2700,"qoePlaybackSpeed":1314.3516223011466},"chunk-stream4-00056":{"qoeTotal":-73375.58260029982,