{"init-stream2":{"qoeTotal":500,"qoeBitrate":500,"qoeRebuffer":0,"qoeLatency":0,"qoeBitrateSwitch":0,"qoePlaybackSpeed":0},"chunk-stream2-00002":{"qoeTotal":934.7960545450387,"qoeBitrate":1000,"qoeRebuffer":0,"qoeLatency":7.029999999999999,"qoeBitrateSwitch":0,"qoePlaybackSpeed":58.17394545496126},"chunk-stream2-00003":{"qoeTotal":1368.0721090900774,"qoeBitrate":1500,"qoeRebuffer":0,"qoeLatency":15.58,"qoeBitrateSwitch":0,"qoePlaybackSpeed":116.34789090992253},"init-stream3":{"qoeTotal":2405.9000031606192,"qoeBitrate":2750,"qoeRebuffer":0,"qoeLatency":25.82,"qoeBitrateSwitch":150,"qoePlaybackSpeed":168.27999683938054},"chunk-stream3-00004":{"qoeTotal":3593.0478972311616,"qoeBitrate":4000,"qoeRebuffer":0,"qoeLatency":36.74,"qoeBitrateSwitch":150,"qoePlaybackSpeed":220.21210276883855},"chunk-stream3-00005":{"qoeTotal":4785.537118592226,"qoeBitrate":5250,"qoeRebuffer":0,"qoeLatency":48.120000000000005,"qoeBitrateSwitch":150,"qoePlaybackSpeed":266.34288140777454},"init-stream4":{"qoeTotal":6587.25150016396,"qoeBitrate":7250,"qoeRebuffer":0,"qoeLatency":60.720000000000006,"qoeBitrateSwitch":300,"qoePlaybackSpeed":302.0284998360389},"chunk-stream4-00006":{"qoeTotal":8543.299943483516,"qoeBitrate":9250,"qoeRebuffer":0,"qoeLatency":73.75,"qoeBitrateSwitch":300,"qoePlaybackSpeed":332.9500565164835},"init-stream5":{"qoeTotal":11307.847879879679,"qoeBitrate":12250,"qoeRebuffer":0,"qoeLatency":87.57,"qoeBitrateSwitch":500,"qoePlaybackSpeed":354.58212012032135},"chunk-stream5-00007":{"qoeTotal":14259.229672501153,"qoeBitrate":15250,"qoeRebuffer":0,"qoeLatency":102.00999999999999,"qoeBitrateSwitch":500,"qoePlaybackSpeed":388.7603274988474},"chunk-stream5-00008":{"qoeTotal":16309.145830383422,"qoeBitrate":18250,"qoeRebuffer":0,"qoeLatency":1025.4099999999999,"qoeBitrateSwitch":500,"qoePlaybackSpeed":415.4441696165777},"chunk-stream5-00009":{"qoeTotal":18275.194115413942,"qoeBitrate":21250,"qoeRebuffer":0,"qoeLatency":2023.21,"qoeBitrateSwitch":500,"qoePlaybackSpeed":451.59588458605845},"chunk-stream5-00010":{"qoeTotal":20180.950114622647,"qoeBitrate":24250,"qoeRebuffer":0,"qoeLatency":3083.41,"qoeBitrateSwitch":500,"qoePlaybackSpeed":485.6398853773552},"chunk-stream5-00011":{"qoeTotal":22043.523623500467,"qoeBitrate":27250,"qoeRebuffer":0,"qoeLatency":4196.41,"qoeBitrateSwitch":500,"qoePlaybackSpeed":510.06637649953393},"chunk-stream5-00012":{"qoeTotal":23837.381489489868,"qoeBitrate":30250,"qoeRebuffer":0,"qoeLatency":5373.01,"qoeBitrateSwitch":500,"qoePlaybackSpeed":539.6085105101298},"chunk-stream5-00013":{"qoeTotal":25533.23366081616,"qoeBitrate":33250,"qoeRebuffer":0,"qoeLatency":6636.01,"qoeBitrateSwitch":500,"qoePlaybackSpeed":580.756339183836},"chunk-stream4-00014":{"qoeTotal":25975.20984133726,"qoeBitrate":35250,"qoeRebuffer":0,"qoeLatency":7959.01,"qoeBitrateSwitch":700,"qoePlaybackSpeed":615.7801586627378},"chunk-stream4-00015":{"qoeTotal":26577.814018300167,"qoeBitrate":37250,"qoeRebuffer":0,"qoeLatency":9331.210000000001,"qoeBitrateSwitch":700,"qoePlaybackSpeed":640.9759816998351},"chunk-stream4-00016":{"qoeTotal":27165.072713113896,"qoeBitrate":39250,"qoeRebuffer":0,"qoeLatency":10735.210000000001,"qoeBitrateSwitch":700,"qoePlaybackSpeed":649.7172868861056},"chunk-stream4-00017":{"qoeTotal":27721.15912024753,"qoeBitrate":41250,"qoeRebuffer":0,"qoeLatency":12162.61,"qoeBitrateSwitch":700,"qoePlaybackSpeed":666.2308797524713},"chunk-stream4-00018":{"qoeTotal":28275.15402560406,"qoeBitrate":43250,"qoeRebuffer":0,"qoeLatency":13604.41,"qoeBitrateSwitch":700,"qoePlaybackSpeed":670.4359743959411},"chunk-stream4-00019":{"qoeTotal":28810.73779349694,"qoeBitrate":45250,"qoeRebuffer":0,"qoeLatency":15059.41,"qoeBitrateSwitch":700,"qoePlaybackSpeed":679.8522065030586},"chunk-stream4-00020":{"qoeTotal":29304.60872332195,"qoeBitrate":47250,"qoeRebuffer":0,"qoeLatency":16506.61,"qoeBitrateSwitch":700,"qoePlaybackSpeed":738.7812766780469},"chunk-stream4-00021":{"qoeTotal":29833.064135520064,"qoeBitrate":49250,"qoeRebuffer":0,"qoeLatency":17919.61,"qoeBitrateSwitch":700,"qoePlaybackSpeed":797.325864479934},"chunk-stream4-00022":{"qoeTotal":30440.849878006473,"qoeBitrate":51250,"qoeRebuffer":0,"qoeLatency":19299.010000000002,"qoeBitrateSwitch":700,"qoePlaybackSpeed":810.1401219935267},"chunk-stream4-00023":{"qoeTotal":31074.994186026994,"qoeBitrate":53250,"qoeRebuffer":0,"qoeLatency":20664.010000000002,"qoeBitrateSwitch":700,"qoePlaybackSpeed":810.9958139730047},"chunk-stream4-00024":{"qoeTotal":31661.894704700007,"qoeBitrate":55250,"qoeRebuffer":0,"qoeLatency":22019.410000000003,"qoeBitrateSwitch":700,"qoePlaybackSpeed":868.6952952999877},"chunk-stream4-00025":{"qoeTotal":32274.13462908723,"qoeBitrate":57250,"qoeRebuffer":0,"qoeLatency":23350.210000000003,"qoeBitrateSwitch":700,"qoePlaybackSpeed":925.655370912763},"chunk-stream4-00026":{"qoeTotal":32939.299377873205,"qoeBitrate":59250,"qoeRebuffer":0,"qoeLatency":24665.410000000003,"qoeBitrateSwitch":700,"qoePlaybackSpeed":945.2906221267929},"chunk-stream4-00027":{"qoeTotal":33616.85033931021,"qoeBitrate":61250,"qoeRebuffer":0,"qoeLatency":25985.410000000003,"qoeBitrateSwitch":700,"qoePlaybackSpeed":947.7396606897911},"chunk-stream4-00028":{"qoeTotal":34291.26640646979,"qoeBitrate":63250,"qoeRebuffer":0,"qoeLatency":27285.610000000004,"qoeBitrateSwitch":700,"qoePlaybackSpeed":973.1235935302066},"chunk-stream4-00029":{"qoeTotal":34962.6759534809,"qoeBitrate":65250,"qoeRebuffer":0,"qoeLatency":28606.210000000003,"qoeBitrateSwitch":700,"qoePlaybackSpeed":981.1140465190932},"chunk-stream4-00030":{"qoeTotal":35635.777560821545,"qoeBitrate":67250,"qoeRebuffer":0,"qoeLatency":29925.610000000004,"qoeBitrateSwitch":700,"qoePlaybackSpeed":988.6124391784554},"chunk-stream4-00031":{"qoeTotal":36300.7845066431,"qoeBitrate":69250,"qoeRebuffer":0,"qoeLatency":31252.210000000003,"qoeBitrateSwitch":700,"qoePlaybackSpeed":997.0054933568981},"chunk-stream4-00032":{"qoeTotal":36987.19272516414,"qoeBitrate":71250,"qoeRebuffer":0,"qoeLatency":32555.410000000003,"qoeBitrateSwitch":700,"qoePlaybackSpeed":1007.3972748358551},"chunk-stream4-00033":{"qoeTotal":37694.77486090292,"qoeBitrate":73250,"qoeRebuffer":0,"qoeLatency":33831.61,"qoeBitrateSwitch":700,"qoePlaybackSpeed":1023.6151390970774},"chunk-stream4-00034":{"qoeTotal":38381.003810193746,"qoeBitrate":75250,"qoeRebuffer":0,"qoeLatency":35129.41,"qoeBitrateSwitch":700,"qoePlaybackSpeed":1039.5861898062487},"chunk-stream4-00035":{"qoeTotal":39060.06084929819,"qoeBitrate":77250,"qoeRebuffer":0,"qoeLatency":36444.01,"qoeBitrateSwitch":700,"qoePlaybackSpeed":1045.929150701804},"chunk-stream4-00036":{"qoeTotal":39798.07230599726,"qoeBitrate":79250,"qoeRebuffer":0,"qoeLatency":37702.810000000005,"qoeBitrateSwitch":700,"qoePlaybackSpeed":1049.1176940027385},"chunk-stream4-00037":{"qoeTotal":40514.337794098385,"qoeBitrate":81250,"qoeRebuffer":0,"qoeLatency":38973.01,"qoeBitrateSwitch":700,"qoePlaybackSpeed":1062.6522059016102},"chunk-stream4-00038":{"qoeTotal":41268.3749330598,"qoeBitrate":83250,"qoeRebuffer":0,"qoeLatency":40207.810000000005,"qoeBitrateSwitch":700,"qoePlaybackSpeed":1073.815066940194},"chunk-stream4-00039":{"qoeTotal":42022.494856526275,"qoeBitrate":85250,"qoeRebuffer":0,"qoeLatency":41450.41,"qoeBitrateSwitch":700,"qoePlaybackSpeed":1077.0951434737212},"chunk-stream4-00040":{"qoeTotal":42781.1934475688,"qoeBitrate":87250,"qoeRebuffer":0,"qoeLatency":42681.01,"qoeBitrateSwitch":700,"qoePlaybackSpeed":1087.7965524311965},"chunk-stream4-00041":{"qoeTotal":43519.507869267974,"qoeBitrate":89250,"qoeRebuffer":0,"qoeLatency":43932.01,"qoeBitrateSwitch":700,"qoePlaybackSpeed":1098.482130732023},"chunk-stream4-00042":{"qoeTotal":44323.96849603146,"qoeBitrate":91250,"qoeRebuffer":0,"qoeLatency":45126.61,"qoeBitrateSwitch":700,"qoePlaybackSpeed":1099.4215039685403},"chunk-stream4-00043":{"qoeTotal":45074.471516330836,"qoeBitrate":93250,"qoeRebuffer":0,"qoeLatency":46347.61,"qoeBitrateSwitch":700,"qoePlaybackSpeed":1127.9184836691659},