{"switchHistory":[{"start":8.856,"end":9.047306,"quality":{"mediaType":"video","bitrate":1000000,"width":640,"height":360,"scanType":null,"qualityIndex":2}},{"start":9.047306,"end":68.921749,"quality":{"mediaType":"video","bitrate":200000,"width":320,"height":180,"scanType":null,"qualityIndex":0}}],"switchRequests":[{"timeAbsolute":1700808975.547,"timeRelative":8.885062,"quality":{"mediaType":"video","bitrate":200000,"width":320,"height":180,"scanType":null,"qualityIndex":0}}],"stallDurationMs":75.30000066757202,"numStalls":84,"averageLatency":1.3678723404255309,"averageBufferLength":1.2324326241134747,"averageBitrate":202547.95457557682,"numSwitches":2,"averageBitrateVariations":800000,"averagePlaybackRate":0.9049039200821419,"averagePlaybackRateNonOne":0.8832483771305503}