{"init-stream2":{"qoeTotal":500,"qoeBitrate":500,"qoeRebuffer":0,"qoeLatency":0,"qoeBitrateSwitch":0,"qoePlaybackSpeed":0},"chunk-stream2-00002":{"qoeTotal":934.777284389203,"qoeBitrate":1000,"qoeRebuffer":0,"qoeLatency":7.98,"qoeBitrateSwitch":0,"qoePlaybackSpeed":57.24271561079695},"chunk-stream2-00003":{"qoeTotal":1368.024568778406,"qoeBitrate":1500,"qoeRebuffer":0,"qoeLatency":17.490000000000002,"qoeBitrateSwitch":0,"qoePlaybackSpeed":114.4854312215939},"chunk-stream2-00004":{"qoeTotal":1811.8479567366958,"qoeBitrate":2000,"qoeRebuffer":0,"qoeLatency":29.01,"qoeBitrateSwitch":0,"qoePlaybackSpeed":159.14204326330412},"chunk-stream2-00005":{"qoeTotal":2259.4699322842835,"qoeBitrate":2500,"qoeRebuffer":0,"qoeLatency":41.13,"qoeBitrateSwitch":0,"qoePlaybackSpeed":199.40006771571655},"chunk-stream2-00006":{"qoeTotal":2720.324879600165,"qoeBitrate":3000,"qoeRebuffer":0,"qoeLatency":54.47,"qoeBitrateSwitch":0,"qoePlaybackSpeed":225.20512039983532},"chunk-stream2-00007":{"qoeTotal":3192.480922466937,"qoeBitrate":3500,"qoeRebuffer":0,"qoeLatency":68.61,"qoeBitrateSwitch":0,"qoePlaybackSpeed":238.90907753306274},"chunk-stream2-00008":{"qoeTotal":3668.8346911310914,"qoeBitrate":4000,"qoeRebuffer":0,"qoeLatency":83.03,"qoeBitrateSwitch":0,"qoePlaybackSpeed":248.13530886890834},"init-stream3":{"qoeTotal":4754.294691131092,"qoeBitrate":5250,"qoeRebuffer":0,"qoeLatency":97.57,"qoeBitrateSwitch":150,"qoePlaybackSpeed":248.13530886890834},"chunk-stream3-00009":{"qoeTotal":4093.771180069639,"qoeBitrate":6500,"qoeRebuffer":797.4000000357628,"qoeLatency":1166.1699999999998,"qoeBitrateSwitch":150,"qoePlaybackSpeed":292.6588198945984},"chunk-stream2-00010":{"qoeTotal":-833.3252463890124,"qoeBitrate":7000,"qoeRebuffer":4688.400000035763,"qoeLatency":2503.5699999999997,"qoeBitrateSwitch":300,"qoePlaybackSpeed":341.35524635324987},"chunk-stream2-00011":{"qoeTotal":-3356.0913651525184,"qoeBitrate":7500,"qoeRebuffer":6298.200000017881,"qoeLatency":3887.17,"qoeBitrateSwitch":300,"qoePlaybackSpeed":370.721365134637},"chunk-stream2-00012":{"qoeTotal":-4313.509726671771,"qoeBitrate":8000,"qoeRebuffer":6298.200000017881,"qoeLatency":5286.37,"qoeBitrateSwitch":300,"qoePlaybackSpeed":428.9397266538902},"chunk-stream2-00013":{"qoeTotal":-5217.528088191025,"qoeBitrate":8500,"qoeRebuffer":6298.200000017881,"qoeLatency":6632.17,"qoeBitrateSwitch":300,"qoePlaybackSpeed":487.1580881731434},"chunk-stream2-00014":{"qoeTotal":-6067.5464497102785,"qoeBitrate":9000,"qoeRebuffer":6298.200000017881,"qoeLatency":7923.97,"qoeBitrateSwitch":300,"qoePlaybackSpeed":545.3764496923966},"chunk-stream2-00015":{"qoeTotal":-6860.1984416216665,"qoeBitrate":9500,"qoeRebuffer":6298.200000017881,"qoeLatency":9162.970000000001,"qoeBitrateSwitch":300,"qoePlaybackSpeed":599.0284416037838},"chunk-stream2-00016":{"qoeTotal":-7605.450433533054,"qoeBitrate":10000,"qoeRebuffer":6298.200000017881,"qoeLatency":10354.570000000002,"qoeBitrateSwitch":300,"qoePlaybackSpeed":652.680433515171},"chunk-stream2-00017":{"qoeTotal":-8189.511674447004,"qoeBitrate":10500,"qoeRebuffer":6298.200000017881,"qoeLatency":11438.170000000002,"qoeBitrateSwitch":300,"qoePlaybackSpeed":653.1416744291212},"chunk-stream2-00018":{"qoeTotal":-8796.92744147351,"qoeBitrate":11000,"qoeRebuffer":6298.200000017881,"qoeLatency":12506.770000000002,"qoeBitrateSwitch":300,"qoePlaybackSpeed":691.9574414556272},"chunk-stream2-00019":{"qoeTotal":-9360.550415493393,"qoeBitrate":11500,"qoeRebuffer":6298.200000017881,"qoeLatency":13538.170000000002,"qoeBitrateSwitch":300,"qoePlaybackSpeed":724.1804154755093},"chunk-stream2-00020":{"qoeTotal":-9890.04096617531,"qoeBitrate":12000,"qoeRebuffer":6298.200000017881,"qoeLatency":14540.170000000002,"qoeBitrateSwitch":300,"qoePlaybackSpeed":751.670966157426},"chunk-stream2-00021":{"qoeTotal":-10356.477001571096,"qoeBitrate":12500,"qoeRebuffer":6298.200000017881,"qoeLatency":15491.770000000002,"qoeBitrateSwitch":300,"qoePlaybackSpeed":766.5070015532132},"chunk-stream2-00022":{"qoeTotal":-10807.361853658136,"qoeBitrate":13000,"qoeRebuffer":6298.200000017881,"qoeLatency":16431.97,"qoeBitrateSwitch":300,"qoePlaybackSpeed":777.191853640253},"chunk-stream2-00023":{"qoeTotal":-11249.846705745174,"qoeBitrate":13500,"qoeRebuffer":6298.200000017881,"qoeLatency":17363.77,"qoeBitrateSwitch":300,"qoePlaybackSpeed":787.8767057272929},"chunk-stream2-00024":{"qoeTotal":-11677.85074688867,"qoeBitrate":14000,"qoeRebuffer":6298.200000017881,"qoeLatency":18286.57,"qoeBitrateSwitch":300,"qoePlaybackSpeed":793.0807468707885},"chunk-stream2-00025":{"qoeTotal":-12101.25074688867,"qoeBitrate":14500,"qoeRebuffer":6298.200000017881,"qoeLatency":19209.97,"qoeBitrateSwitch":300,"qoePlaybackSpeed":793.0807468707885},"chunk-stream2-00026":{"qoeTotal":-12524.05074688867,"qoeBitrate":15000,"qoeRebuffer":6298.200000017881,"qoeLatency":20132.77,"qoeBitrateSwitch":300,"qoePlaybackSpeed":793.0807468707885},"chunk-stream2-00027":{"qoeTotal":-12958.91430422123,"qoeBitrate":15500,"qoeRebuffer":6298.200000017881,"qoeLatency":21059.77,"qoeBitrateSwitch":300,"qoePlaybackSpeed":800.9443042033488},"chunk-stream2-00028":{"qoeTotal":-13387.71430422123,"qoeBitrate":16000,"qoeRebuffer":6298.200000017881,"qoeLatency":21988.57,"qoeBitrateSwitch":300,"qoePlaybackSpeed":800.9443042033488},"chunk-stream2-00029":{"qoeTotal":-13815.91430422123,"qoeBitrate":16500,"qoeRebuffer":6298.200000017881,"qoeLatency":22916.77,"qoeBitrateSwitch":300,"qoePlaybackSpeed":800.9443042033488},"chunk-stream2-00030":{"qoeTotal":-14244.71430422123,"qoeBitrate":17000,"qoeRebuffer":6298.200000017881,"qoeLatency":23845.57,"qoeBitrateSwitch":300,"qoePlaybackSpeed":800.9443042033488},"chunk-stream2-00031":{"qoeTotal":-14673.51430422123,"qoeBitrate":17500,"qoeRebuffer":6298.200000017881,"qoeLatency":24774.37,"qoeBitrateSwitch":300,"qoePlaybackSpeed":800.9443042033488},"chunk-stream2-00032":{"qoeTotal":-15101.71430422123,"qoeBitrate":18000,"qoeRebuffer":6298.200000017881,"qoeLatency":25702.57,"qoeBitrateSwitch":300,"qoePlaybackSpeed":800.9443042033488},"chunk-stream2-00033":{"qoeTotal":-15569.480389186261,"qoeBitrate":18500,"qoeRebuffer":6298.200000017881,"qoeLatency":26651.17,"qoeBitrateSwitch":300,"qoePlaybackSpeed":820.1103891683823},"init-stream1":{"qoeTotal":-16281.61641409291,"qoeBitrate":18800,"qoeRebuffer":6298.200000017881,"qoeLatency":27608.17,"qoeBitrateSwitch":340,"qoePlaybackSpeed":835.246414075031},"chunk-stream1-00034":{"qoeTotal":-16972.788517325054,"qoeBitrate":19100,"qoeRebuffer":6298.200000017881,"qoeLatency":28586.769999999997,"qoeBitrateSwitch":340,"qoePlaybackSpeed":847.818517307175},"chunk-stream1-00035":{"qoeTotal":-17659.74879157987,"qoeBitrate":19400,"qoeRebuffer":6298.200000017881,"qoeLatency":29568.969999999998,"qoeBitrateSwitch":340,"qoePlaybackSpeed":852.578791561993},"chunk-stream2-00036":{"qoeTotal":-18184.598184831346,"qoeBitrate":19900,"qoeRebuffer":6298.200000017881,"qoeLatency":30533.769999999997,"qoeBitrateSwitch":380,"qoePlaybackSpeed":872.6281848134679},"chunk-stream2-00037":{"qoeTotal":-18646.26952740737,"qoeBitrate":20400,"qoeRebuffer":6298.200000017881,"qoeLatency":31481.17,"qoeBitrateSwitch":380,"qoePlaybackSpeed":886.8995273894907},"chunk-stream2-00038":{"qoeTotal":-19070.86952740737,"qoeBitrate":20900,"qoeRebuffer":6298.200000017881,"qoeLatency":32405.769999999997,"qoeBitrateSwitch":380,"qoePlaybackSpeed":886.8995273894907},"chunk-stream2-00039":{"qoeTotal":-19495.469527407367,"qoeBitrate":21400,"qoeRebuffer":6298.200000017881,"qoeLatency":33330.369999999995,"qoeBitrateSwitch":380,"qoePlaybackSpeed":886.8995273894907},"chunk-stream2-00040":{"qoeTotal":-19919.469527407367,"qoeBitrate":21900,"qoeRebuffer":6298.200000017881,"qoeLatency":34254.369999999995,"qoeBitrateSwitch":380,"qoePlaybackSpeed":886.8995273894907},"chunk-stream2-00041":{"qoeTotal":-20343.469527407367,"qoeBitrate":22400,"qoeRebuffer":6298.200000017881,"qoeLatency":35178.369999999995,"qoeBitrateSwitch":380,"qoePlaybackSpeed":886.8995273894907},