{"chunk-stream2-00018":{"qoeTotal":-961.5999999999999,"qoeBitrate":500,"qoeRebuffer":0,"qoeLatency":1461.6,"qoeBitrateSwitch":0,"qoePlaybackSpeed":0},"chunk-stream2-00019":{"qoeTotal":-5757.572115614292,"qoeBitrate":1000,"qoeRebuffer":3516.000000089407,"qoeLatency":3193.8,"qoeBitrateSwitch":0,"qoePlaybackSpeed":47.77211552488452},"chunk-stream2-00020":{"qoeTotal":-10467.34452908262,"qoeBitrate":1500,"qoeRebuffer":6638.400000035763,"qoeLatency":5235.6,"qoeBitrateSwitch":0,"qoePlaybackSpeed":93.34452904685651},"chunk-stream2-00021":{"qoeTotal":-15459.225915491952,"qoeBitrate":2000,"qoeRebuffer":9760.200000107288,"qoeLatency":7561.8,"qoeBitrateSwitch":0,"qoePlaybackSpeed":137.2259153846645},"chunk-stream2-00022":{"qoeTotal":-20758.163236966237,"qoeBitrate":2500,"qoeRebuffer":12888.600000053644,"qoeLatency":10192.8,"qoeBitrateSwitch":0,"qoePlaybackSpeed":176.76323691259438},"chunk-stream2-00023":{"qoeTotal":-26307.721948077335,"qoeBitrate":3000,"qoeRebuffer":16010.400000035763,"qoeLatency":13072.8,"qoeBitrateSwitch":0,"qoePlaybackSpeed":224.52194804157276},"chunk-stream2-00024":{"qoeTotal":-32183.175635941494,"qoeBitrate":3500,"qoeRebuffer":19165.20000001788,"qoeLatency":16251.599999999999,"qoeBitrateSwitch":0,"qoePlaybackSpeed":266.3756359236132},"chunk-stream2-00025":{"qoeTotal":-38362.03900593192,"qoeBitrate":4000,"qoeRebuffer":22320,"qoeLatency":19729.8,"qoeBitrateSwitch":0,"qoePlaybackSpeed":312.23900593191405},"chunk-stream2-00026":{"qoeTotal":-44804.45678237889,"qoeBitrate":4500,"qoeRebuffer":25474.800000071526,"qoeLatency":23471.399999999998,"qoeBitrateSwitch":0,"qoePlaybackSpeed":358.25678230737043},"chunk-stream2-00027":{"qoeTotal":-51555.77804507516,"qoeBitrate":5000,"qoeRebuffer":28650.600000053644,"qoeLatency":27503.999999999996,"qoeBitrateSwitch":0,"qoePlaybackSpeed":401.1780450215122},"chunk-stream2-00028":{"qoeTotal":-58649.97317532187,"qoeBitrate":5500,"qoeRebuffer":31830.600000053644,"qoeLatency":31873.799999999996,"qoeBitrateSwitch":0,"qoePlaybackSpeed":445.5731752682334},"chunk-stream2-00029":{"qoeTotal":-67056.2130722707,"qoeBitrate":6000,"qoeRebuffer":36020.40000003576,"qoeLatency":36542.99999999999,"qoeBitrateSwitch":0,"qoePlaybackSpeed":492.8130722349312},"chunk-stream2-00030":{"qoeTotal":-76036.37506494591,"qoeBitrate":6500,"qoeRebuffer":40491,"qoeLatency":41507.399999999994,"qoeBitrateSwitch":0,"qoePlaybackSpeed":537.9750649459174},"chunk-stream2-00031":{"qoeTotal":-83983.90979426728,"qoeBitrate":7000,"qoeRebuffer":43651.79999998212,"qoeLatency":46748.99999999999,"qoeBitrateSwitch":0,"qoePlaybackSpeed":583.1097942851673},"chunk-stream2-00032":{"qoeTotal":-93374.27957879746,"qoeBitrate":7500,"qoeRebuffer":47941.20000001788,"qoeLatency":52304.99999999999,"qoeBitrateSwitch":0,"qoePlaybackSpeed":628.0795787795756},"init-stream1":{"qoeTotal":-94825.45792373674,"qoeBitrate":7800,"qoeRebuffer":47941.20000001788,"qoeLatency":53993.99999999999,"qoeBitrateSwitch":40,"qoePlaybackSpeed":650.2579237188554},"chunk-stream1-00033":{"qoeTotal":-103404.56044277511,"qoeBitrate":8100,"qoeRebuffer":51021.00000008941,"qoeLatency":59748.59999999999,"qoeBitrateSwitch":40,"qoePlaybackSpeed":694.9604426857125},"chunk-stream1-00034":{"qoeTotal":-108940.25090842995,"qoeBitrate":8400,"qoeRebuffer":51021.00000008941,"qoeLatency":65557.2,"qoeBitrateSwitch":40,"qoePlaybackSpeed":722.0509083405444},"chunk-stream1-00035":{"qoeTotal":-114521.1839102485,"qoeBitrate":8700,"qoeRebuffer":51021.00000008941,"qoeLatency":71414.4,"qoeBitrateSwitch":40,"qoePlaybackSpeed":745.7839101590904},"init-stream2":{"qoeTotal":-115791.48917582663,"qoeBitrate":9200,"qoeRebuffer":51021.00000008941,"qoeLatency":73131.59999999999,"qoeBitrateSwitch":80,"qoePlaybackSpeed":758.8891757372294},"chunk-stream2-00036":{"qoeTotal":-123437.94369813056,"qoeBitrate":9700,"qoeRebuffer":53151.00000008941,"qoeLatency":79102.79999999999,"qoeBitrateSwitch":80,"qoePlaybackSpeed":804.1436980411738},"chunk-stream2-00037":{"qoeTotal":-132337.73543078246,"qoeBitrate":10200,"qoeRebuffer":56253.00000008941,"qoeLatency":85357.79999999999,"qoeBitrateSwitch":80,"qoePlaybackSpeed":846.9354306930713},"chunk-stream2-00038":{"qoeTotal":-141506.07277383562,"qoeBitrate":10700,"qoeRebuffer":59365.800000071526,"qoeLatency":91870.19999999998,"qoeBitrateSwitch":80,"qoePlaybackSpeed":890.0727737641078},"chunk-stream2-00039":{"qoeTotal":-152447.2262075166,"qoeBitrate":11200,"qoeRebuffer":63999.600000053644,"qoeLatency":98629.79999999999,"qoeBitrateSwitch":80,"qoePlaybackSpeed":937.8262074629691},"chunk-stream2-00040":{"qoeTotal":-162238.4194838504,"qoeBitrate":11700,"qoeRebuffer":67179,"qoeLatency":105697.79999999999,"qoeBitrateSwitch":80,"qoePlaybackSpeed":981.6194838504088},"chunk-stream2-00041":{"qoeTotal":-173327.73455734667,"qoeBitrate":12200,"qoeRebuffer":71373.59999996424,"qoeLatency":113047.19999999998,"qoeBitrateSwitch":80,"qoePlaybackSpeed":1026.9345573824664},"chunk-stream2-00042":{"qoeTotal":-183556.67920774454,"qoeBitrate":12700,"qoeRebuffer":74544,"qoeLatency":120564.59999999998,"qoeBitrateSwitch":80,"qoePlaybackSpeed":1068.0792077445562},"chunk-stream2-00043":{"qoeTotal":-192344.36645293143,"qoeBitrate":13200,"qoeRebuffer":76114.79999998212,"qoeLatency":128242.79999999997,"qoeBitrateSwitch":80,"qoePlaybackSpeed":1106.7664529493277},"chunk-stream2-00044":{"qoeTotal":-201322.39738528762,"qoeBitrate":13700,"qoeRebuffer":77678.40000003576,"qoeLatency":136117.19999999998,"qoeBitrateSwitch":80,"qoePlaybackSpeed":1146.7973852518712},"chunk-stream2-00069":{"qoeTotal":-209504.59749635498,"qoeBitrate":14200,"qoeRebuffer":77678.40000003576,"qoeLatency":144757.8,"qoeBitrateSwitch":80,"qoePlaybackSpeed":1188.3974963192422},"chunk-stream2-00070":{"qoeTotal":-218562.76235094306,"qoeBitrate":14700,"qoeRebuffer":85416.0000000894,"qoeLatency":146534.4,"qoeBitrateSwitch":80,"qoePlaybackSpeed":1232.3623508536562},"chunk-stream2-00071":{"qoeTotal":-223239.55697852888,"qoeBitrate":15200,"qoeRebuffer":88512.60000014305,"qoeLatency":148573.8,"qoeBitrateSwitch":80,"qoePlaybackSpeed":1273.1569783858338},"chunk-stream1-00072":{"qoeTotal":-226753.0567049405,"qoeBitrate":15500,"qoeRebuffer":90045.60000014305,"qoeLatency":150770.4,"qoeBitrateSwitch":120,"qoePlaybackSpeed":1317.056704797465},"chunk-stream2-00073":{"qoeTotal":-230254.3128241194,"qoeBitrate":16000,"qoeRebuffer":91560.60000014305,"qoeLatency":153174,"qoeBitrateSwitch":160,"qoePlaybackSpeed":1359.7128239763515},"chunk-stream2-00074":{"qoeTotal":-235699.24208964533,"qoeBitrate":16500,"qoeRebuffer":94740.0000000894,"qoeLatency":155898.6,"qoeBitrateSwitch":160,"qoePlaybackSpeed":1400.6420895559247},"chunk-stream1-00075":{"qoeTotal":-239890.09769724976,"qoeBitrate":16800,"qoeRebuffer":96305.40000012517,"qoeLatency":158744.4,"qoeBitrateSwitch":200,"qoePlaybackSpeed":1440.2976971245864},"chunk-stream1-00076":{"qoeTotal":-242476.09769724976,"qoeBitrate":17100,"qoeRebuffer":96305.40000012517,"qoeLatency":161630.4,"qoeBitrateSwitch":200,"qoePlaybackSpeed":1440.2976971245864},"chunk-stream1-00077":{"qoeTotal":-246744.14370967046,"qoeBitrate":17400,"qoeRebuffer":97889.40000012517,"qoeLatency":164580,"qoeBitrateSwitch":200,"qoePlaybackSpeed":1474.7437095452897},"chunk-stream2-00078":{"qoeTotal":-251037.71389876193,"qoeBitrate":17900,"qoeRebuffer":99406.20000010729,"qoeLatency":167777.4,"qoeBitrateSwitch":240,"qoePlaybackSpeed":1514.1138986546541},"chunk-stream2-00079":{"qoeTotal":-257659.6139408972,"qoeBitrate":18400,"qoeRebuffer":103041.0000000894,"qoeLatency":171220.8,"qoeBitrateSwitch":240,"qoePlaybackSpeed":1557.8139408078014},"chunk-stream2-00080":{"qoeTotal":-265612.50878328574,"qoeBitrate":18900,"qoeRebuffer":107709.60000005364,"qoeLatency":174960.59999999998,"qoeBitrateSwitch":240,"qoePlaybackSpeed":1602.3087832321166},"chunk-stream2-00081":{"qoeTotal":-272335.233926813,"qoeBitrate":19400,"qoeRebuffer":110895,"qoeLatency":178955.39999999997,"qoeBitrateSwitch":240,"qoePlaybackSpeed":1644.8339268130283},"chunk-stream2-00082":{"qoeTotal":-279208.9047490348,"qoeBitrate":19900,