{"chunk-stream2-00018":{"qoeTotal":-540.46972612984,"qoeBitrate":500,"qoeRebuffer":0,"qoeLatency":991.8000000000001,"qoeBitrateSwitch":0,"qoePlaybackSpeed":48.66972612983991},"init-stream5":{"qoeTotal":-625.2696253436384,"qoeBitrate":3500,"qoeRebuffer":0,"qoeLatency":3516.6000000000004,"qoeBitrateSwitch":500,"qoePlaybackSpeed":108.66962534363796},"chunk-stream5-00019":{"qoeTotal":-422.56619408565905,"qoeBitrate":6500,"qoeRebuffer":1586.3999999463558,"qoeLatency":4684.200000000001,"qoeBitrateSwitch":500,"qoePlaybackSpeed":151.96619413930247},"init-stream4":{"qoeTotal":-288.7500760674134,"qoeBitrate":8500,"qoeRebuffer":1586.3999999463558,"qoeLatency":6343.800000000001,"qoeBitrateSwitch":700,"qoePlaybackSpeed":158.55007612105643},"chunk-stream4-00020":{"qoeTotal":-2863.8003159866416,"qoeBitrate":10500,"qoeRebuffer":4770.599999964237,"qoeLatency":7695.600000000001,"qoeBitrateSwitch":700,"qoePlaybackSpeed":197.6003160224033},"chunk-stream4-00021":{"qoeTotal":-3939.9028895941697,"qoeBitrate":12500,"qoeRebuffer":6330.599999964237,"qoeLatency":9171.600000000002,"qoeBitrateSwitch":700,"qoePlaybackSpeed":237.7028896299303},"init-stream3":{"qoeTotal":-4471.054743839309,"qoeBitrate":13750,"qoeRebuffer":6330.599999964237,"qoeLatency":10759.800000000003,"qoeBitrateSwitch":850,"qoePlaybackSpeed":280.6547438750686},"chunk-stream3-00022":{"qoeTotal":-4777.1382896343885,"qoeBitrate":15000,"qoeRebuffer":6330.599999964237,"qoeLatency":12283.800000000003,"qoeBitrateSwitch":850,"qoePlaybackSpeed":312.7382896701487},"chunk-stream4-00023":{"qoeTotal":-4545.464211466266,"qoeBitrate":17000,"qoeRebuffer":6330.599999964237,"qoeLatency":13875.000000000004,"qoeBitrateSwitch":1000,"qoePlaybackSpeed":339.8642115020249},"chunk-stream4-00024":{"qoeTotal":-4235.383984677423,"qoeBitrate":19000,"qoeRebuffer":6330.599999964237,"qoeLatency":15533.400000000003,"qoeBitrateSwitch":1000,"qoePlaybackSpeed":371.3839847131819},"chunk-stream4-00025":{"qoeTotal":-5559.795008188188,"qoeBitrate":21000,"qoeRebuffer":7881.599999964237,"qoeLatency":17275.800000000003,"qoeBitrateSwitch":1000,"qoePlaybackSpeed":402.3950082239482},"chunk-stream4-00026":{"qoeTotal":-6929.6632698943995,"qoeBitrate":23000,"qoeRebuffer":9383.399999946356,"qoeLatency":19108.200000000004,"qoeBitrateSwitch":1000,"qoePlaybackSpeed":438.06326994803953},"chunk-stream4-00027":{"qoeTotal":-8444.231524123892,"qoeBitrate":25000,"qoeRebuffer":10915.199999928474,"qoeLatency":21053.400000000005,"qoeBitrateSwitch":1000,"qoePlaybackSpeed":475.6315241954129},"chunk-stream4-00028":{"qoeTotal":-10078.106225821231,"qoeBitrate":27000,"qoeRebuffer":12466.799999892712,"qoeLatency":23095.200000000004,"qoeBitrateSwitch":1000,"qoePlaybackSpeed":516.1062259285155},"chunk-stream3-00029":{"qoeTotal":-11114.284654625626,"qoeBitrate":28250,"qoeRebuffer":12466.799999892712,"qoeLatency":25188.000000000004,"qoeBitrateSwitch":1150,"qoePlaybackSpeed":559.4846547329101},"chunk-stream4-00030":{"qoeTotal":-11453.349492428515,"qoeBitrate":30250,"qoeRebuffer":12466.799999892712,"qoeLatency":27337.200000000004,"qoeBitrateSwitch":1300,"qoePlaybackSpeed":599.3494925357982},"chunk-stream4-00031":{"qoeTotal":-11697.705595758029,"qoeBitrate":32250,"qoeRebuffer":12466.799999892712,"qoeLatency":29554.200000000004,"qoeBitrateSwitch":1300,"qoePlaybackSpeed":626.7055958653132},"chunk-stream4-00032":{"qoeTotal":-12018.8140192227,"qoeBitrate":34250,"qoeRebuffer":12466.799999892712,"qoeLatency":31845.600000000006,"qoeBitrateSwitch":1300,"qoePlaybackSpeed":656.4140193299836},"chunk-stream4-00033":{"qoeTotal":-13985.93090140527,"qoeBitrate":36250,"qoeRebuffer":13999.199999839067,"qoeLatency":34242.600000000006,"qoeBitrateSwitch":1300,"qoePlaybackSpeed":694.130901566197},"chunk-stream4-00034":{"qoeTotal":-14476.209907448274,"qoeBitrate":38250,"qoeRebuffer":13999.199999839067,"qoeLatency":36694.200000000004,"qoeBitrateSwitch":1300,"qoePlaybackSpeed":732.8099076092018},"chunk-stream4-00035":{"qoeTotal":-14996.73611212255,"qoeBitrate":40250,"qoeRebuffer":13999.199999839067,"qoeLatency":39194.4,"qoeBitrateSwitch":1300,"qoePlaybackSpeed":753.1361122834803},"chunk-stream4-00036":{"qoeTotal":-15536.138660289944,"qoeBitrate":42250,"qoeRebuffer":13999.199999839067,"qoeLatency":41723.4,"qoeBitrateSwitch":1300,"qoePlaybackSpeed":763.538660450875},"chunk-stream4-00037":{"qoeTotal":-16100.964101354164,"qoeBitrate":44250,"qoeRebuffer":13999.199999839067,"qoeLatency":44282.4,"qoeBitrateSwitch":1300,"qoePlaybackSpeed":769.3641015150944},"chunk-stream4-00038":{"qoeTotal":-16731.96399801655,"qoeBitrate":46250,"qoeRebuffer":13999.199999839067,"qoeLatency":46853.4,"qoeBitrateSwitch":1300,"qoePlaybackSpeed":829.3639981774797},"chunk-stream4-00039":{"qoeTotal":-17330.603374040733,"qoeBitrate":48250,"qoeRebuffer":13999.199999839067,"qoeLatency":49438.200000000004,"qoeBitrateSwitch":1300,"qoePlaybackSpeed":843.2033742016628},"chunk-stream4-00040":{"qoeTotal":-17965.39205680257,"qoeBitrate":50250,"qoeRebuffer":13999.199999839067,"qoeLatency":52057.8,"qoeBitrateSwitch":1300,"qoePlaybackSpeed":858.3920569635001},"chunk-stream4-00041":{"qoeTotal":-18668.14981481023,"qoeBitrate":52250,"qoeRebuffer":13999.199999839067,"qoeLatency":54724.8,"qoeBitrateSwitch":1300,"qoePlaybackSpeed":894.1498149711599},"chunk-stream4-00042":{"qoeTotal":-19405.949773214317,"qoeBitrate":54250,"qoeRebuffer":13999.199999839067,"qoeLatency":57402.600000000006,"qoeBitrateSwitch":1300,"qoePlaybackSpeed":954.1497733752453},"chunk-stream4-00043":{"qoeTotal":-20053.912082534076,"qoeBitrate":56250,"qoeRebuffer":13999.199999839067,"qoeLatency":60042.600000000006,"qoeBitrateSwitch":1300,"qoePlaybackSpeed":962.1120826950017},"chunk-stream4-00044":{"qoeTotal":-20630.93471018346,"qoeBitrate":58250,"qoeRebuffer":13999.199999839067,"qoeLatency":62619.00000000001,"qoeBitrateSwitch":1300,"qoePlaybackSpeed":962.7347103443849},"chunk-stream4-00045":{"qoeTotal":-21260.134603698745,"qoeBitrate":60250,"qoeRebuffer":13999.199999839067,"qoeLatency":65188.200000000004,"qoeBitrateSwitch":1300,"qoePlaybackSpeed":1022.7346038596742},"chunk-stream4-00046":{"qoeTotal":-21847.554016233793,"qoeBitrate":62250,"qoeRebuffer":13999.199999839067,"qoeLatency":67750.8,"qoeBitrateSwitch":1300,"qoePlaybackSpeed":1047.5540163947212},"chunk-stream4-00047":{"qoeTotal":-22420.353844146674,"qoeBitrate":64250,"qoeRebuffer":13999.199999839067,"qoeLatency":70263.6,"qoeBitrateSwitch":1300,"qoePlaybackSpeed":1107.5538443076},"chunk-stream4-00048":{"qoeTotal":-22878.815363609974,"qoeBitrate":66250,"qoeRebuffer":13999.199999839067,"qoeLatency":72715.8,"qoeBitrateSwitch":1300,"qoePlaybackSpeed":1113.8153637709038},"chunk-stream4-00049":{"qoeTotal":-23331.20914436027,"qoeBitrate":68250,"qoeRebuffer":13999.199999839067,"qoeLatency":75150,"qoeBitrateSwitch":1300,"qoePlaybackSpeed":1132.009144521201},"chunk-stream4-00050":{"qoeTotal":-23854.293845754815,"qoeBitrate":70250,"qoeRebuffer":13999.199999839067,"qoeLatency":77640,"qoeBitrateSwitch":1300,"qoePlaybackSpeed":1165.0938459157494},"chunk-stream4-00051":{"qoeTotal":-24433.30098009998,"qoeBitrate":72250,"qoeRebuffer":13999.199999839067,"qoeLatency":80179.8,"qoeBitrateSwitch":1300,"qoePlaybackSpeed":1204.3009802609088},"chunk-stream4-00052":{"qoeTotal":-25015.444192218594,"qoeBitrate":74250,"qoeRebuffer":13999.199999839067,"qoeLatency":82743.6,"qoeBitrateSwitch":1300,"qoePlaybackSpeed":1222.6441923795194},"chunk-stream4-00053":{"qoeTotal":-25608.232497597473,"qoeBitrate":76250,"qoeRebuffer":13999.199999839067,"qoeLatency":85317,"qoeBitrateSwitch":1300,"qoePlaybackSpeed":1242.0324977584075},"chunk-stream4-00054":{"qoeTotal":-26194.832396811278,"qoeBitrate":78250,"qoeRebuffer":13999.199999839067,"qoeLatency":87843.6,"qoeBitrateSwitch":1300,"qoePlaybackSpeed":1302.0323969722056},"chunk-stream5-00055":{"qoeTotal":-26188.432396811284,"qoeBitrate":81250,"qoeRebuffer":13999.199999839067,"qoeLatency":90637.20000000001,"qoeBitrateSwitch":1500,"qoePlaybackSpeed":1302.0323969722056},"chunk-stream5-00056":{"qoeTotal":-38821.85476921719,