{"chunk-stream2-00019":{"qoeTotal":-728.1999936902173,"qoeBitrate":500,"qoeRebuffer":0,"qoeLatency":1182,"qoeBitrateSwitch":0,"qoePlaybackSpeed":46.19999369021735},"init-stream0":{"qoeTotal":-4217.599993690217,"qoeBitrate":600,"qoeRebuffer":0,"qoeLatency":4691.4,"qoeBitrateSwitch":80,"qoePlaybackSpeed":46.19999369021735},"chunk-stream0-00020":{"qoeTotal":-5339.799993690217,"qoeBitrate":700,"qoeRebuffer":0,"qoeLatency":5913.599999999999,"qoeBitrateSwitch":80,"qoePlaybackSpeed":46.19999369021735},"chunk-stream0-00021":{"qoeTotal":-8030.16556929924,"qoeBitrate":800,"qoeRebuffer":1552.2000002861023,"qoeLatency":7139.4,"qoeBitrateSwitch":80,"qoePlaybackSpeed":58.56556901313777},"init-stream1":{"qoeTotal":-10635.765560247091,"qoeBitrate":1100,"qoeRebuffer":1552.2000002861023,"qoeLatency":9945,"qoeBitrateSwitch":120,"qoePlaybackSpeed":118.5655599609884},"chunk-stream1-00022":{"qoeTotal":-11529.213457155578,"qoeBitrate":1400,"qoeRebuffer":1552.2000002861023,"qoeLatency":11124.6,"qoeBitrateSwitch":120,"qoePlaybackSpeed":132.41345686947605},"chunk-stream1-00023":{"qoeTotal":-12442.828180803654,"qoeBitrate":1700,"qoeRebuffer":1552.2000002861023,"qoeLatency":12324,"qoeBitrateSwitch":120,"qoePlaybackSpeed":146.62818051755204},"chunk-stream0-00024":{"qoeTotal":-13583.191576838728,"qoeBitrate":1800,"qoeRebuffer":1552.2000002861023,"qoeLatency":13522.8,"qoeBitrateSwitch":160,"qoePlaybackSpeed":148.19157655262586},"init-stream5":{"qoeTotal":-12423.869058942819,"qoeBitrate":4800,"qoeRebuffer":1552.2000002861023,"qoeLatency":14728.199999999999,"qoeBitrateSwitch":740,"qoePlaybackSpeed":203.4690586567176},"chunk-stream5-00025":{"qoeTotal":-42587.25477170859,"qoeBitrate":7800,"qoeRebuffer":30832.19999742508,"qoeLatency":18563.399999999998,"qoeBitrateSwitch":740,"qoePlaybackSpeed":251.65477428351556},"chunk-stream0-00026":{"qoeTotal":-48125.8276913871,"qoeBitrate":7900,"qoeRebuffer":31932.599996566772,"qoeLatency":22480.8,"qoeBitrateSwitch":1320,"qoePlaybackSpeed":292.4276948203277},"chunk-stream0-00027":{"qoeTotal":-53538.69390232736,"qoeBitrate":8000,"qoeRebuffer":33507.59999656677,"qoeLatency":26410.8,"qoeBitrateSwitch":1320,"qoePlaybackSpeed":300.2939057605858},"chunk-stream0-00028":{"qoeTotal":-57405.89390232608,"qoeBitrate":8100,"qoeRebuffer":33507.59999656677,"qoeLatency":30318,"qoeBitrateSwitch":1320,"qoePlaybackSpeed":360.2939057593136},"chunk-stream0-00029":{"qoeTotal":-61229.89390232482,"qoeBitrate":8200,"qoeRebuffer":33507.59999656677,"qoeLatency":34182,"qoeBitrateSwitch":1320,"qoePlaybackSpeed":420.2939057580414},"chunk-stream0-00030":{"qoeTotal":-65010.09390232354,"qoeBitrate":8300,"qoeRebuffer":33507.59999656677,"qoeLatency":38002.2,"qoeBitrateSwitch":1320,"qoePlaybackSpeed":480.29390575676916},"chunk-stream0-00031":{"qoeTotal":-68746.49390232227,"qoeBitrate":8400,"qoeRebuffer":33507.59999656677,"qoeLatency":41778.6,"qoeBitrateSwitch":1320,"qoePlaybackSpeed":540.2939057554969},"chunk-stream1-00032":{"qoeTotal":-72156.093902321,"qoeBitrate":8700,"qoeRebuffer":33507.59999656677,"qoeLatency":45388.2,"qoeBitrateSwitch":1360,"qoePlaybackSpeed":600.2939057542246},"chunk-stream0-00033":{"qoeTotal":-75711.69390231972,"qoeBitrate":8800,"qoeRebuffer":33507.59999656677,"qoeLatency":48943.799999999996,"qoeBitrateSwitch":1400,"qoePlaybackSpeed":660.2939057529524},"chunk-stream0-00034":{"qoeTotal":-79189.49390231846,"qoeBitrate":8900,"qoeRebuffer":33507.59999656677,"qoeLatency":52461.6,"qoeBitrateSwitch":1400,"qoePlaybackSpeed":720.2939057516801},"chunk-stream0-00035":{"qoeTotal":-82625.29390231718,"qoeBitrate":9000,"qoeRebuffer":33507.59999656677,"qoeLatency":55937.4,"qoeBitrateSwitch":1400,"qoePlaybackSpeed":780.2939057504078},"chunk-stream1-00036":{"qoeTotal":-85788.2939023159,"qoeBitrate":9300,"qoeRebuffer":33507.59999656677,"qoeLatency":59300.4,"qoeBitrateSwitch":1440,"qoePlaybackSpeed":840.2939057491355},"chunk-stream1-00037":{"qoeTotal":-88801.49390231464,"qoeBitrate":9600,"qoeRebuffer":33507.59999656677,"qoeLatency":62553.6,"qoeBitrateSwitch":1440,"qoePlaybackSpeed":900.2939057478633},"chunk-stream1-00038":{"qoeTotal":-91681.38481338626,"qoeBitrate":9900,"qoeRebuffer":33507.59999656677,"qoeLatency":65723.4,"qoeBitrateSwitch":1440,"qoePlaybackSpeed":910.3848168195022},"chunk-stream0-00039":{"qoeTotal":-94792.58810743054,"qoeBitrate":10000,"qoeRebuffer":33507.59999656677,"qoeLatency":68893.2,"qoeBitrateSwitch":1480,"qoePlaybackSpeed":911.7881108637698},"chunk-stream0-00040":{"qoeTotal":-97886.98810669855,"qoeBitrate":10100,"qoeRebuffer":33507.59999656677,"qoeLatency":72027.59999999999,"qoeBitrateSwitch":1480,"qoePlaybackSpeed":971.7881101317867},"chunk-stream0-00041":{"qoeTotal":-100939.98810596656,"qoeBitrate":10200,"qoeRebuffer":33507.59999656677,"qoeLatency":75120.59999999999,"qoeBitrateSwitch":1480,"qoePlaybackSpeed":1031.7881093998035},"chunk-stream0-00042":{"qoeTotal":-103958.78810523459,"qoeBitrate":10300,"qoeRebuffer":33507.59999656677,"qoeLatency":78179.4,"qoeBitrateSwitch":1480,"qoePlaybackSpeed":1091.7881086678203},"chunk-stream1-00043":{"qoeTotal":-106721.5881045026,"qoeBitrate":10600,"qoeRebuffer":33507.59999656677,"qoeLatency":81142.2,"qoeBitrateSwitch":1520,"qoePlaybackSpeed":1151.7881079358372},"chunk-stream1-00044":{"qoeTotal":-109347.78810377062,"qoeBitrate":10900,"qoeRebuffer":33507.59999656677,"qoeLatency":84008.4,"qoeBitrateSwitch":1520,"qoePlaybackSpeed":1211.788107203854},"chunk-stream1-00045":{"qoeTotal":-111868.38810303864,"qoeBitrate":11200,"qoeRebuffer":33507.59999656677,"qoeLatency":86769,"qoeBitrateSwitch":1520,"qoePlaybackSpeed":1271.7881064718708},"init-stream2":{"qoeTotal":-114713.78810291144,"qoeBitrate":11700,"qoeRebuffer":33507.59999656677,"qoeLatency":90014.4,"qoeBitrateSwitch":1560,"qoePlaybackSpeed":1331.7881063446712},"chunk-stream2-00046":{"qoeTotal":-116978.74429945082,"qoeBitrate":12200,"qoeRebuffer":33507.59999656677,"qoeLatency":92759.4,"qoeBitrateSwitch":1560,"qoePlaybackSpeed":1351.7443028840512},"chunk-stream0-00047":{"qoeTotal":-119729.48183548675,"qoeBitrate":12300,"qoeRebuffer":33507.59999656677,"qoeLatency":95517.59999999999,"qoeBitrateSwitch":1640,"qoePlaybackSpeed":1364.281838919985},"chunk-stream0-00048":{"qoeTotal":-122408.61937152268,"qoeBitrate":12400,"qoeRebuffer":33507.59999656677,"qoeLatency":98284.2,"qoeBitrateSwitch":1640,"qoePlaybackSpeed":1376.8193749559186},"chunk-stream0-00049":{"qoeTotal":-125090.2193505546,"qoeBitrate":12500,"qoeRebuffer":33507.59999656677,"qoeLatency":101005.8,"qoeBitrateSwitch":1640,"qoePlaybackSpeed":1436.819353987821},"chunk-stream0-00050":{"qoeTotal":-127724.4193295865,"qoeBitrate":12600,"qoeRebuffer":33507.59999656677,"qoeLatency":103680,"qoeBitrateSwitch":1640,"qoePlaybackSpeed":1496.8193330197232},"chunk-stream1-00051":{"qoeTotal":-130088.81930861839,"qoeBitrate":12900,"qoeRebuffer":33507.59999656677,"qoeLatency":106244.4,"qoeBitrateSwitch":1680,"qoePlaybackSpeed":1556.8193120516255},"chunk-stream1-00052":{"qoeTotal":-132323.21928765028,"qoeBitrate":13200,"qoeRebuffer":33507.59999656677,"qoeLatency":108718.79999999999,"qoeBitrateSwitch":1680,"qoePlaybackSpeed":1616.8192910835278},"chunk-stream1-00053":{"qoeTotal":-134471.8192666822,"qoeBitrate":13500,"qoeRebuffer":33507.59999656677,"qoeLatency":111107.4,"qoeBitrateSwitch":1680,"qoePlaybackSpeed":1676.81927011543},"chunk-stream0-00054":{"qoeTotal":-136820.8192457141,"qoeBitrate":13600,"qoeRebuffer":33507.59999656677,"qoeLatency":113456.4,"qoeBitrateSwitch":1720,"qoePlaybackSpeed":1736.8192491473324},"chunk-stream2-00055":{"qoeTotal":-139010.8192457141,"qoeBitrate":14100,"qoeRebuffer":33507.59999656677,"qoeLatency":116066.4,"qoeBitrateSwitch":1800,"qoePlaybackSpeed":1736.8192491473324},"chunk-stream0-00056":{"qoeTotal":-145911.50851110762,"qoeBitrate":14200,"qoeRebuffer":37706.39999628067,"qoeLatency":118750.79999999999,"qoeBitrateSwitch":1880,"qoePlaybackSpeed":1774.3085148269533},"chunk-stream0-00057":{"qoeTotal":-150023.91422666796,"qoeBitrate":14300,"qoeRebuffer":39217.799996852875,"qoeLatency":121444.19999999998,