{"chunk-stream2-00018":{"qoeTotal":-930.2434224763703,"qoeBitrate":500,"qoeRebuffer":0,"qoeLatency":1382.3999999999999,"qoeBitrateSwitch":0,"qoePlaybackSpeed":47.843422476370414},"chunk-stream2-00019":{"qoeTotal":-5783.167436815635,"qoeBitrate":1000,"qoeRebuffer":3635.400000035763,"qoeLatency":3055.8,"qoeBitrateSwitch":0,"qoePlaybackSpeed":91.9674367798716},"chunk-stream2-00020":{"qoeTotal":-10427.050444021843,"qoeBitrate":1500,"qoeRebuffer":6777.600000053644,"qoeLatency":5011.2,"qoeBitrateSwitch":0,"qoePlaybackSpeed":138.25044396819735},"chunk-stream2-00021":{"qoeTotal":-15348.65500692299,"qoeBitrate":2000,"qoeRebuffer":9927.000000089407,"qoeLatency":7239,"qoeBitrateSwitch":0,"qoePlaybackSpeed":182.65500683358377},"chunk-stream2-00022":{"qoeTotal":-20580.670616092604,"qoeBitrate":2500,"qoeRebuffer":13087.200000107288,"qoeLatency":9771,"qoeBitrateSwitch":0,"qoePlaybackSpeed":222.4706159853149},"chunk-stream2-00023":{"qoeTotal":-26111.093283904465,"qoeBitrate":3000,"qoeRebuffer":16247.40000012517,"qoeLatency":12594,"qoeBitrateSwitch":0,"qoePlaybackSpeed":269.69328377929673},"chunk-stream2-00024":{"qoeTotal":-31991.469170165205,"qoeBitrate":3500,"qoeRebuffer":19414.800000071526,"qoeLatency":15763.2,"qoeBitrateSwitch":0,"qoePlaybackSpeed":313.4691700936787},"chunk-stream2-00025":{"qoeTotal":-38173.50706508868,"qoeBitrate":4000,"qoeRebuffer":22545.600000053644,"qoeLatency":19272.600000000002,"qoeBitrateSwitch":0,"qoePlaybackSpeed":355.30706503503046},"chunk-stream2-00026":{"qoeTotal":-45703.52987080782,"qoeBitrate":4500,"qoeRebuffer":26682,"qoeLatency":23121,"qoeBitrateSwitch":0,"qoePlaybackSpeed":400.5298708078199},"chunk-stream2-00027":{"qoeTotal":-54279.63243357185,"qoeBitrate":5000,"qoeRebuffer":31571.999999910593,"qoeLatency":27259.2,"qoeBitrateSwitch":0,"qoePlaybackSpeed":448.4324336612604},"chunk-stream2-00028":{"qoeTotal":-62221.862954613876,"qoeBitrate":5500,"qoeRebuffer":35464.799999803305,"qoeLatency":31764.600000000002,"qoeBitrateSwitch":0,"qoePlaybackSpeed":492.4629548105625},"chunk-stream2-00029":{"qoeTotal":-69676.17940178755,"qoeBitrate":6000,"qoeRebuffer":38609.39999976754,"qoeLatency":36530.4,"qoeBitrateSwitch":0,"qoePlaybackSpeed":536.3794020200128},"chunk-stream2-00030":{"qoeTotal":-78844.8576967892,"qoeBitrate":6500,"qoeRebuffer":43178.99999964237,"qoeLatency":41583,"qoeBitrateSwitch":0,"qoePlaybackSpeed":582.8576971468226},"chunk-stream2-00031":{"qoeTotal":-86923.45848991603,"qoeBitrate":7000,"qoeRebuffer":46358.99999964237,"qoeLatency":46937.4,"qoeBitrateSwitch":0,"qoePlaybackSpeed":627.058490273655},"chunk-stream2-00032":{"qoeTotal":-96787.43457798134,"qoeBitrate":7500,"qoeRebuffer":51053.39999958873,"qoeLatency":52561.2,"qoeBitrateSwitch":0,"qoePlaybackSpeed":672.8345783926162},"init-stream1":{"qoeTotal":-106186.23457790981,"qoeBitrate":7800,"qoeRebuffer":52608.5999995172,"qoeLatency":60664.799999999996,"qoeBitrateSwitch":40,"qoePlaybackSpeed":672.8345783926162},"chunk-stream1-00033":{"qoeTotal":-114059.53617845383,"qoeBitrate":8100,"qoeRebuffer":54926.99999946356,"qoeLatency":66476.4,"qoeBitrateSwitch":40,"qoePlaybackSpeed":716.1361789902693},"chunk-stream1-00034":{"qoeTotal":-119657.23593140324,"qoeBitrate":8400,"qoeRebuffer":54926.99999946356,"qoeLatency":72346.79999999999,"qoeBitrateSwitch":40,"qoePlaybackSpeed":743.4359319396959},"chunk-stream1-00035":{"qoeTotal":-125291.51412906944,"qoeBitrate":8700,"qoeRebuffer":54926.99999946356,"qoeLatency":78259.79999999999,"qoeBitrateSwitch":40,"qoePlaybackSpeed":764.7141296059006},"init-stream2":{"qoeTotal":-130246.51412906944,"qoeBitrate":9200,"qoeRebuffer":59003.99999946356,"qoeLatency":79597.79999999999,"qoeBitrateSwitch":80,"qoePlaybackSpeed":764.7141296059006},"chunk-stream2-00036":{"qoeTotal":-137325.5546588584,"qoeBitrate":9700,"qoeRebuffer":60505.79999944568,"qoeLatency":85630.19999999998,"qoeBitrateSwitch":80,"qoePlaybackSpeed":809.554659412746},"chunk-stream2-00037":{"qoeTotal":-144672.8580813466,"qoeBitrate":10200,"qoeRebuffer":62036.99999946356,"qoeLatency":91902.59999999998,"qoeBitrateSwitch":80,"qoePlaybackSpeed":853.2580818830689},"chunk-stream2-00038":{"qoeTotal":-153869.87579595676,"qoeBitrate":10700,"qoeRebuffer":65201.99999946356,"qoeLatency":98388.59999999998,"qoeBitrateSwitch":80,"qoePlaybackSpeed":899.2757964932297},"chunk-stream2-00039":{"qoeTotal":-165470.24447131166,"qoeBitrate":11200,"qoeRebuffer":70525.79999935627,"qoeLatency":105118.19999999998,"qoeBitrateSwitch":80,"qoePlaybackSpeed":946.2444719554072},"chunk-stream2-00040":{"qoeTotal":-175948.50343233402,"qoeBitrate":11700,"qoeRebuffer":74433.5999994278,"qoeLatency":112143.59999999998,"qoeBitrateSwitch":80,"qoePlaybackSpeed":991.3034329062573},"chunk-stream2-00041":{"qoeTotal":-188081.22462646943,"qoeBitrate":12200,"qoeRebuffer":79657.19999939203,"qoeLatency":119507.39999999998,"qoeBitrateSwitch":80,"qoePlaybackSpeed":1036.624627077433},"chunk-stream2-00042":{"qoeTotal":-196689.62179415504,"qoeBitrate":12700,"qoeRebuffer":81203.99999937415,"qoeLatency":127024.19999999998,"qoeBitrateSwitch":80,"qoePlaybackSpeed":1081.4217947809095},"chunk-stream2-00043":{"qoeTotal":-205491.80773508546,"qoeBitrate":13200,"qoeRebuffer":82749.59999933839,"qoeLatency":134740.19999999998,"qoeBitrateSwitch":80,"qoePlaybackSpeed":1122.007735747077},"chunk-stream2-00044":{"qoeTotal":-215849.8911890142,"qoeBitrate":13700,"qoeRebuffer":85664.3999993205,"qoeLatency":142637.99999999997,"qoeBitrateSwitch":80,"qoePlaybackSpeed":1167.4911896937126},"chunk-stream2-00069":{"qoeTotal":-224022.8911890142,"qoeBitrate":14200,"qoeRebuffer":85664.3999993205,"qoeLatency":151310.99999999997,"qoeBitrateSwitch":80,"qoePlaybackSpeed":1167.4911896937126},"chunk-stream2-00070":{"qoeTotal":-233599.8082969924,"qoeBitrate":14700,"qoeRebuffer":94008.5999994278,"qoeLatency":152998.19999999998,"qoeBitrateSwitch":80,"qoePlaybackSpeed":1213.0082975646499},"chunk-stream2-00071":{"qoeTotal":-238245.5227969051,"qoeBitrate":15200,"qoeRebuffer":97136.39999940991,"qoeLatency":154974.59999999998,"qoeBitrateSwitch":80,"qoePlaybackSpeed":1254.5227974952145},"chunk-stream2-00072":{"qoeTotal":-244364.25817729702,"qoeBitrate":15700,"qoeRebuffer":101483.99999928474,"qoeLatency":157200.59999999998,"qoeBitrateSwitch":80,"qoePlaybackSpeed":1299.6581780123042},"chunk-stream2-00073":{"qoeTotal":-250974.01026322163,"qoeBitrate":16200,"qoeRebuffer":106054.79999926686,"qoeLatency":159694.19999999998,"qoeBitrateSwitch":80,"qoePlaybackSpeed":1345.0102639547904},"chunk-stream2-00074":{"qoeTotal":-257538.88649517656,"qoeBitrate":16700,"qoeRebuffer":110274.59999924898,"qoeLatency":162494.99999999997,"qoeBitrateSwitch":80,"qoePlaybackSpeed":1389.2864959275953},"chunk-stream1-00075":{"qoeTotal":-261859.00312434963,"qoeBitrate":17000,"qoeRebuffer":111863.3999992311,"qoeLatency":165454.19999999998,"qoeBitrateSwitch":120,"qoePlaybackSpeed":1421.4031251185484},"chunk-stream1-00076":{"qoeTotal":-264619.99764233717,"qoeBitrate":17300,"qoeRebuffer":111863.3999992311,"qoeLatency":168472.19999999998,"qoeBitrateSwitch":120,"qoePlaybackSpeed":1464.397643106138},"chunk-stream1-00077":{"qoeTotal":-269013.37742102914,"qoeBitrate":17600,"qoeRebuffer":113441.3999992311,"qoeLatency":171554.99999999997,"qoeBitrateSwitch":120,"qoePlaybackSpeed":1496.9774217980507},"chunk-stream2-00078":{"qoeTotal":-273508.7272629492,"qoeBitrate":18100,"qoeRebuffer":115033.19999921322,"qoeLatency":174874.79999999996,"qoeBitrateSwitch":160,"qoePlaybackSpeed":1540.7272637360543},"chunk-stream2-00079":{"qoeTotal":-280528.2550651404,"qoeBitrate":18600,"qoeRebuffer":118916.99999919534,"qoeLatency":178466.39999999997,"qoeBitrateSwitch":160,"qoePlaybackSpeed":1584.8550659450452},"chunk-stream2-00080":{"qoeTotal":-288705.44706387364,"qoeBitrate":19100,"qoeRebuffer":123664.19999921322,"qoeLatency":182353.79999999996,"qoeBitrateSwitch":160,"qoePlaybackSpeed":1627.4470646604686},"chunk-stream2-00081":{"qoeTotal":-295529.01613065985,"qoeBitrate":19600,"qoeRebuffer":126824.3999991417,"qoeLatency":186474.59999999995,