{"chunk-stream2-00018":{"qoeTotal":-996.231335381539,"qoeBitrate":500,"qoeRebuffer":0,"qoeLatency":1446.6,"qoeBitrateSwitch":0,"qoePlaybackSpeed":49.6313353815391},"chunk-stream2-00019":{"qoeTotal":-5814.082379565886,"qoeBitrate":1000,"qoeRebuffer":3535.7999999821186,"qoeLatency":3184.2,"qoeBitrateSwitch":0,"qoePlaybackSpeed":94.08237958376807},"chunk-stream2-00020":{"qoeTotal":-10519.406020810127,"qoeBitrate":1500,"qoeRebuffer":6674.399999946356,"qoeLatency":5204.4,"qoeBitrateSwitch":0,"qoePlaybackSpeed":140.6060208637725},"chunk-stream2-00021":{"qoeTotal":-15506.52555467837,"qoeBitrate":2000,"qoeRebuffer":9819.599999964237,"qoeLatency":7501.799999999999,"qoeBitrateSwitch":0,"qoePlaybackSpeed":185.1255547141339},"chunk-stream2-00022":{"qoeTotal":-20815.404273710814,"qoeBitrate":2500,"qoeRebuffer":12981.599999964237,"qoeLatency":10109.4,"qoeBitrateSwitch":0,"qoePlaybackSpeed":224.40427374657466},"chunk-stream2-00023":{"qoeTotal":-27239.079104745782,"qoeBitrate":3000,"qoeRebuffer":16978.79999998212,"qoeLatency":12987.599999999999,"qoeBitrateSwitch":0,"qoePlaybackSpeed":272.6791047636659},"chunk-stream2-00024":{"qoeTotal":-34709.12721708771,"qoeBitrate":3500,"qoeRebuffer":21656.400000035763,"qoeLatency":16236.599999999999,"qoeBitrateSwitch":0,"qoePlaybackSpeed":316.12721705195287},"chunk-stream2-00025":{"qoeTotal":-40963.967751519194,"qoeBitrate":4000,"qoeRebuffer":24789.000000089407,"qoeLatency":19816.199999999997,"qoeBitrateSwitch":0,"qoePlaybackSpeed":358.7677514297885},"chunk-stream2-00026":{"qoeTotal":-47539.01027240012,"qoeBitrate":4500,"qoeRebuffer":27895.800000071526,"qoeLatency":23740.199999999997,"qoeBitrateSwitch":0,"qoePlaybackSpeed":403.0102723285951},"chunk-stream2-00027":{"qoeTotal":-54507.51412612611,"qoeBitrate":5000,"qoeRebuffer":31071.60000014305,"qoeLatency":27988.199999999997,"qoeBitrateSwitch":0,"qoePlaybackSpeed":447.71412598306284},"chunk-stream2-00028":{"qoeTotal":-61765.25191094184,"qoeBitrate":5500,"qoeRebuffer":34235.40000012517,"qoeLatency":32537.999999999996,"qoeBitrateSwitch":0,"qoePlaybackSpeed":491.8519108166721},"chunk-stream2-00029":{"qoeTotal":-69329.58969579333,"qoeBitrate":6000,"qoeRebuffer":37395.60000014305,"qoeLatency":37398,"qoeBitrateSwitch":0,"qoePlaybackSpeed":535.9896956502813},"chunk-stream2-00030":{"qoeTotal":-78368.65244569944,"qoeBitrate":6500,"qoeRebuffer":41765.40000021458,"qoeLatency":42520.8,"qoeBitrateSwitch":0,"qoePlaybackSpeed":582.4524454848635},"chunk-stream2-00031":{"qoeTotal":-86524.93697137746,"qoeBitrate":7000,"qoeRebuffer":44949.00000026822,"qoeLatency":47949.600000000006,"qoeBitrateSwitch":0,"qoePlaybackSpeed":626.3369711092398},"chunk-stream2-00032":{"qoeTotal":-95860.16745834588,"qoeBitrate":7500,"qoeRebuffer":49042.80000016093,"qoeLatency":53646.00000000001,"qoeBitrateSwitch":0,"qoePlaybackSpeed":671.367458184942},"init-stream1":{"qoeTotal":-103544.8838359158,"qoeBitrate":7800,"qoeRebuffer":49042.80000016093,"qoeLatency":61546.8,"qoeBitrateSwitch":40,"qoePlaybackSpeed":715.2838357548626},"chunk-stream1-00033":{"qoeTotal":-112072.36530428125,"qoeBitrate":8100,"qoeRebuffer":51952.80000016093,"qoeLatency":67420.2,"qoeBitrateSwitch":40,"qoePlaybackSpeed":759.3653041203237},"chunk-stream1-00034":{"qoeTotal":-117727.42658374127,"qoeBitrate":8400,"qoeRebuffer":51952.80000016093,"qoeLatency":73347.59999999999,"qoeBitrateSwitch":40,"qoePlaybackSpeed":787.0265835803453},"chunk-stream1-00035":{"qoeTotal":-123441.48617478665,"qoeBitrate":8700,"qoeRebuffer":51952.80000016093,"qoeLatency":79325.4,"qoeBitrateSwitch":40,"qoePlaybackSpeed":823.2861746257271},"init-stream2":{"qoeTotal":-131090.82031265605,"qoeBitrate":9200,"qoeRebuffer":51952.80000016093,"qoeLatency":87406.2,"qoeBitrateSwitch":80,"qoePlaybackSpeed":851.8203124951235},"chunk-stream2-00036":{"qoeTotal":-138594.06490417055,"qoeBitrate":9700,"qoeRebuffer":53840.40000021458,"qoeLatency":93479.4,"qoeBitrateSwitch":80,"qoePlaybackSpeed":894.2649039559722},"chunk-stream2-00037":{"qoeTotal":-146007.07582716353,"qoeBitrate":10200,"qoeRebuffer":55394.40000021458,"qoeLatency":99793.79999999999,"qoeBitrateSwitch":80,"qoePlaybackSpeed":938.8758269489716},"chunk-stream2-00038":{"qoeTotal":-155294.18924735422,"qoeBitrate":10700,"qoeRebuffer":58580.40000021458,"qoeLatency":106352.4,"qoeBitrateSwitch":80,"qoePlaybackSpeed":981.3892471396412},"chunk-stream2-00039":{"qoeTotal":-163164.67349587652,"qoeBitrate":11200,"qoeRebuffer":60109.80000025034,"qoeLatency":113148.59999999999,"qoeBitrateSwitch":80,"qoePlaybackSpeed":1026.2734956262047},"chunk-stream2-00040":{"qoeTotal":-173500.76950125946,"qoeBitrate":11700,"qoeRebuffer":63833.40000021458,"qoeLatency":120215.99999999999,"qoeBitrateSwitch":80,"qoePlaybackSpeed":1071.369501044891},"chunk-stream2-00041":{"qoeTotal":-184247.3296295213,"qoeBitrate":12200,"qoeRebuffer":67629.60000023246,"qoeLatency":127618.19999999998,"qoeBitrateSwitch":80,"qoePlaybackSpeed":1119.5296292888531},"chunk-stream2-00042":{"qoeTotal":-194459.05063428552,"qoeBitrate":12700,"qoeRebuffer":70740.60000023246,"qoeLatency":135173.99999999997,"qoeBitrateSwitch":80,"qoePlaybackSpeed":1164.4506340530825},"chunk-stream2-00043":{"qoeTotal":-203318.13081208736,"qoeBitrate":13200,"qoeRebuffer":72303.60000023246,"qoeLatency":142929.59999999998,"qoeBitrateSwitch":80,"qoePlaybackSpeed":1204.9308118549168},"chunk-stream2-00044":{"qoeTotal":-212366.33957987986,"qoeBitrate":13700,"qoeRebuffer":73833.00000026822,"qoeLatency":150907.19999999998,"qoeBitrateSwitch":80,"qoePlaybackSpeed":1246.1395796116449},"chunk-stream2-00069":{"qoeTotal":-220578.33957987986,"qoeBitrate":14200,"qoeRebuffer":73833.00000026822,"qoeLatency":159619.19999999998,"qoeBitrateSwitch":80,"qoePlaybackSpeed":1246.1395796116449},"chunk-stream2-00070":{"qoeTotal":-229256.53874286835,"qoeBitrate":14700,"qoeRebuffer":81325.80000025034,"qoeLatency":161260.8,"qoeBitrateSwitch":80,"qoePlaybackSpeed":1289.9387426180192},"chunk-stream2-00071":{"qoeTotal":-234609.2410573299,"qoeBitrate":15200,"qoeRebuffer":85265.40000021458,"qoeLatency":163126.19999999998,"qoeBitrateSwitch":80,"qoePlaybackSpeed":1337.6410571153501},"chunk-stream1-00072":{"qoeTotal":-238001.01542436614,"qoeBitrate":15500,"qoeRebuffer":86833.80000025034,"qoeLatency":165170.4,"qoeBitrateSwitch":120,"qoePlaybackSpeed":1376.8154241158024},"chunk-stream2-00073":{"qoeTotal":-241379.6042780839,"qoeBitrate":16000,"qoeRebuffer":88371.00000026822,"qoeLatency":167427.6,"qoeBitrateSwitch":160,"qoePlaybackSpeed":1421.0042778156496},"chunk-stream2-00074":{"qoeTotal":-247377.54406984145,"qoeBitrate":16500,"qoeRebuffer":92307.60000023246,"qoeLatency":169942.80000000002,"qoeBitrateSwitch":160,"qoePlaybackSpeed":1467.1440696089849},"chunk-stream1-00075":{"qoeTotal":-251376.028189724,"qoeBitrate":16800,"qoeRebuffer":93832.2000001967,"qoeLatency":172646.40000000002,"qoeBitrateSwitch":200,"qoePlaybackSpeed":1497.4281895272704},"chunk-stream1-00076":{"qoeTotal":-255355.17608736674,"qoeBitrate":17100,"qoeRebuffer":95338.80000016093,"qoeLatency":175384.80000000002,"qoeBitrateSwitch":200,"qoePlaybackSpeed":1531.5760872058},"chunk-stream2-00077":{"qoeTotal":-259505.06819832633,"qoeBitrate":17600,"qoeRebuffer":96923.40000012517,"qoeLatency":178366.80000000002,"qoeBitrateSwitch":240,"qoePlaybackSpeed":1574.8681982011437},"chunk-stream2-00078":{"qoeTotal":-265409.3238553516,"qoeBitrate":18100,"qoeRebuffer":100030.20000010729,"qoeLatency":181620.00000000003,"qoeBitrateSwitch":240,"qoePlaybackSpeed":1619.1238552442885},"chunk-stream2-00079":{"qoeTotal":-271625.19144680095,"qoeBitrate":18600,"qoeRebuffer":103163.40000012517,"qoeLatency":185161.80000000002,"qoeBitrateSwitch":240,"qoePlaybackSpeed":1659.991446675753},"chunk-stream2-00080":{"qoeTotal":-278052.19144681876,"qoeBitrate":19100,"qoeRebuffer":106296.60000014305,"qoeLatency":188955.6,"qoeBitrateSwitch":240,"qoePlaybackSpeed":1659.991446675753},"chunk-stream2-00081":{"qoeTotal":-286362.6720471458,"qoeBitrate":19600,"qoeRebuffer":110999.40000012517,"qoeLatency":193023.6,"qoeBitrateSwitch":240,