{"switchHistory":[{"start":8.8885,"end":9.110999,"quality":{"mediaType":"video","bitrate":1000000,"width":640,"height":360,"scanType":null,"qualityIndex":2}},{"start":9.110999,"end":69.101987,"quality":{"mediaType":"video","bitrate":200000,"width":320,"height":180,"scanType":null,"qualityIndex":0}}],"switchRequests":[{"timeAbsolute":1700801508.474,"timeRelative":8.904449,"quality":{"mediaType":"video","bitrate":200000,"width":320,"height":180,"scanType":null,"qualityIndex":0}}],"stallDurationMs":79.19999933242798,"numStalls":77,"averageLatency":1.385276595744681,"averageBufferLength":1.2711323877068565,"averageBitrate":202956.13505990777,"numSwitches":2,"averageBitrateVariations":800000,"averagePlaybackRate":0.9205675656011801,"averagePlaybackRateNonOne":0.9015037813454633}