{"chunk-stream2-00018":{"qoeTotal":-572.4480145706689,"qoeBitrate":500,"qoeRebuffer":0,"qoeLatency":1023.6,"qoeBitrateSwitch":0,"qoePlaybackSpeed":48.84801457066887},"chunk-stream2-00019":{"qoeTotal":-1128.550112799677,"qoeBitrate":1000,"qoeRebuffer":0,"qoeLatency":2066.4,"qoeBitrateSwitch":0,"qoePlaybackSpeed":62.15011279967695},"chunk-stream2-00020":{"qoeTotal":-1711.22609614064,"qoeBitrate":1500,"qoeRebuffer":0,"qoeLatency":3115.8,"qoeBitrateSwitch":0,"qoePlaybackSpeed":95.42609614063986},"chunk-stream2-00021":{"qoeTotal":-2265.6560036406504,"qoeBitrate":2000,"qoeRebuffer":0,"qoeLatency":4141.8,"qoeBitrateSwitch":0,"qoePlaybackSpeed":123.85600364065027},"chunk-stream2-00022":{"qoeTotal":-2797.2859111406606,"qoeBitrate":2500,"qoeRebuffer":0,"qoeLatency":5145,"qoeBitrateSwitch":0,"qoePlaybackSpeed":152.2859111406607},"chunk-stream2-00023":{"qoeTotal":-3296.9340503177245,"qoeBitrate":3000,"qoeRebuffer":0,"qoeLatency":6124.2,"qoeBitrateSwitch":0,"qoePlaybackSpeed":172.7340503177249},"chunk-stream2-00024":{"qoeTotal":-3771.830321239021,"qoeBitrate":3500,"qoeRebuffer":0,"qoeLatency":7083,"qoeBitrateSwitch":0,"qoePlaybackSpeed":188.83032123902098},"chunk-stream2-00025":{"qoeTotal":-4225.115173326061,"qoeBitrate":4000,"qoeRebuffer":0,"qoeLatency":8025.6,"qoeBitrateSwitch":0,"qoePlaybackSpeed":199.5151733260608},"chunk-stream2-00026":{"qoeTotal":-4658.088681538927,"qoeBitrate":4500,"qoeRebuffer":0,"qoeLatency":8952,"qoeBitrateSwitch":0,"qoePlaybackSpeed":206.08868153892655},"chunk-stream2-00027":{"qoeTotal":-5076.088681538927,"qoeBitrate":5000,"qoeRebuffer":0,"qoeLatency":9870,"qoeBitrateSwitch":0,"qoePlaybackSpeed":206.08868153892655},"chunk-stream2-00028":{"qoeTotal":-5495.888681538926,"qoeBitrate":5500,"qoeRebuffer":0,"qoeLatency":10789.8,"qoeBitrateSwitch":0,"qoePlaybackSpeed":206.08868153892655},"chunk-stream2-00029":{"qoeTotal":-5914.488681538926,"qoeBitrate":6000,"qoeRebuffer":0,"qoeLatency":11708.4,"qoeBitrateSwitch":0,"qoePlaybackSpeed":206.08868153892655},"chunk-stream2-00030":{"qoeTotal":-6333.088681538927,"qoeBitrate":6500,"qoeRebuffer":0,"qoeLatency":12627,"qoeBitrateSwitch":0,"qoePlaybackSpeed":206.08868153892655},"chunk-stream2-00031":{"qoeTotal":-6751.688681538927,"qoeBitrate":7000,"qoeRebuffer":0,"qoeLatency":13545.6,"qoeBitrateSwitch":0,"qoePlaybackSpeed":206.08868153892655},"chunk-stream2-00032":{"qoeTotal":-7170.288681538927,"qoeBitrate":7500,"qoeRebuffer":0,"qoeLatency":14464.2,"qoeBitrateSwitch":0,"qoePlaybackSpeed":206.08868153892655},"chunk-stream2-00033":{"qoeTotal":-7588.888681538928,"qoeBitrate":8000,"qoeRebuffer":0,"qoeLatency":15382.800000000001,"qoeBitrateSwitch":0,"qoePlaybackSpeed":206.08868153892655},"chunk-stream2-00034":{"qoeTotal":-8007.488681538928,"qoeBitrate":8500,"qoeRebuffer":0,"qoeLatency":16301.400000000001,"qoeBitrateSwitch":0,"qoePlaybackSpeed":206.08868153892655},"chunk-stream2-00035":{"qoeTotal":-8425.488681538927,"qoeBitrate":9000,"qoeRebuffer":0,"qoeLatency":17219.4,"qoeBitrateSwitch":0,"qoePlaybackSpeed":206.08868153892655},"chunk-stream2-00036":{"qoeTotal":-8843.488681538927,"qoeBitrate":9500,"qoeRebuffer":0,"qoeLatency":18137.4,"qoeBitrateSwitch":0,"qoePlaybackSpeed":206.08868153892655},"init-stream3":{"qoeTotal":-8806.567327512801,"qoeBitrate":10750,"qoeRebuffer":0,"qoeLatency":19170,"qoeBitrateSwitch":150,"qoePlaybackSpeed":236.56732751280032},"chunk-stream3-00037":{"qoeTotal":-8476.3673275128,"qoeBitrate":12000,"qoeRebuffer":0,"qoeLatency":20089.8,"qoeBitrateSwitch":150,"qoePlaybackSpeed":236.56732751280032},"chunk-stream3-00038":{"qoeTotal":-8147.367327512799,"qoeBitrate":13250,"qoeRebuffer":0,"qoeLatency":21010.8,"qoeBitrateSwitch":150,"qoePlaybackSpeed":236.56732751280032},"chunk-stream3-00039":{"qoeTotal":-7818.967327512798,"qoeBitrate":14500,"qoeRebuffer":0,"qoeLatency":21932.399999999998,"qoeBitrateSwitch":150,"qoePlaybackSpeed":236.56732751280032},"chunk-stream3-00040":{"qoeTotal":-7489.367327512799,"qoeBitrate":15750,"qoeRebuffer":0,"qoeLatency":22852.8,"qoeBitrateSwitch":150,"qoePlaybackSpeed":236.56732751280032},"chunk-stream3-00041":{"qoeTotal":-7160.367327512799,"qoeBitrate":17000,"qoeRebuffer":0,"qoeLatency":23773.8,"qoeBitrateSwitch":150,"qoePlaybackSpeed":236.56732751280032},"chunk-stream3-00042":{"qoeTotal":-6825.967327512798,"qoeBitrate":18250,"qoeRebuffer":0,"qoeLatency":24689.399999999998,"qoeBitrateSwitch":150,"qoePlaybackSpeed":236.56732751280032},"init-stream4":{"qoeTotal":-26541.292832510233,"qoeBitrate":20250,"qoeRebuffer":13398.599997997284,"qoeLatency":32808,"qoeBitrateSwitch":300,"qoePlaybackSpeed":284.69283451295047},"chunk-stream4-00043":{"qoeTotal":-25456.89283251023,"qoeBitrate":22250,"qoeRebuffer":13398.599997997284,"qoeLatency":33723.6,"qoeBitrateSwitch":300,"qoePlaybackSpeed":284.69283451295047},"chunk-stream4-00044":{"qoeTotal":-24378.49283251023,"qoeBitrate":24250,"qoeRebuffer":13398.599997997284,"qoeLatency":34645.2,"qoeBitrateSwitch":300,"qoePlaybackSpeed":284.69283451295047},"chunk-stream4-00045":{"qoeTotal":-23294.09283251023,"qoeBitrate":26250,"qoeRebuffer":13398.599997997284,"qoeLatency":35560.799999999996,"qoeBitrateSwitch":300,"qoePlaybackSpeed":284.69283451295047},"chunk-stream4-00046":{"qoeTotal":-22215.692832510227,"qoeBitrate":28250,"qoeRebuffer":13398.599997997284,"qoeLatency":36482.399999999994,"qoeBitrateSwitch":300,"qoePlaybackSpeed":284.69283451295047},"chunk-stream4-00047":{"qoeTotal":-21131.292832510226,"qoeBitrate":30250,"qoeRebuffer":13398.599997997284,"qoeLatency":37397.99999999999,"qoeBitrateSwitch":300,"qoePlaybackSpeed":284.69283451295047},"chunk-stream4-00048":{"qoeTotal":-20052.292832510226,"qoeBitrate":32250,"qoeRebuffer":13398.599997997284,"qoeLatency":38318.99999999999,"qoeBitrateSwitch":300,"qoePlaybackSpeed":284.69283451295047},"chunk-stream4-00049":{"qoeTotal":-18967.892832510224,"qoeBitrate":34250,"qoeRebuffer":13398.599997997284,"qoeLatency":39234.59999999999,"qoeBitrateSwitch":300,"qoePlaybackSpeed":284.69283451295047},"chunk-stream4-00050":{"qoeTotal":-17891.292832510226,"qoeBitrate":36250,"qoeRebuffer":13398.599997997284,"qoeLatency":40157.99999999999,"qoeBitrateSwitch":300,"qoePlaybackSpeed":284.69283451295047},"chunk-stream4-00051":{"qoeTotal":-16921.51797644829,"qoeBitrate":38250,"qoeRebuffer":13398.599997997284,"qoeLatency":41140.799999999996,"qoeBitrateSwitch":300,"qoePlaybackSpeed":332.1179784510108},"chunk-stream4-00052":{"qoeTotal":-19314.175737731475,"qoeBitrate":40250,"qoeRebuffer":16489.799998283386,"qoeLatency":42403.2,"qoeBitrateSwitch":300,"qoePlaybackSpeed":371.1757394480924},"chunk-stream4-00053":{"qoeTotal":-21990.223369591753,"qoeBitrate":42250,"qoeRebuffer":19589.399999141693,"qoeLatency":43942.2,"qoeBitrateSwitch":300,"qoePlaybackSpeed":408.6233704500624},"chunk-stream4-00054":{"qoeTotal":-24921.343634870173,"qoeBitrate":44250,"qoeRebuffer":22695,"qoeLatency":45729,"qoeBitrateSwitch":300,"qoePlaybackSpeed":447.34363487017237},"chunk-stream4-00055":{"qoeTotal":-36984.58973709304,"qoeBitrate":46250,"qoeRebuffer":33797.400000572205,"qoeLatency":48643.8,"qoeBitrateSwitch":300,"qoePlaybackSpeed":493.3897365208294},"chunk-stream4-00056":{"qoeTotal":-50202.39052290516,"qoeBitrate":48250,"qoeRebuffer":44871.60000085831,"qoeLatency":52742.4,"qoeBitrateSwitch":300,"qoePlaybackSpeed":538.3905220468478},"chunk-stream4-00057":{"qoeTotal":-66516.9160293331,"qoeBitrate":50250,"qoeRebuffer":57916.2000002861,"qoeLatency":57964.2,"qoeBitrateSwitch":300,"qoePlaybackSpeed":586.5160290469979},"chunk-stream4-00058":{"qoeTotal":-91646.64153804987,"qoeBitrate":52250,"qoeRebuffer":78032.40000200272,"qoeLatency":64929.6,"qoeBitrateSwitch":300,"qoePlaybackSpeed":634.6415360471481},"chunk-stream4-00083":{"qoeTotal":-99268.36704505,"qoeBitrate":54250,"qoeRebuffer":78032.40000200272,"qoeLatency":74503.2,"qoeBitrateSwitch":300,"qoePlaybackSpeed":682.7670430472982},"init-stream1":{"qoeTotal":-116692.29255262236,"qoeBitrate":54550,"qoeRebuffer":92818.80000257492,"qoeLatency":77052.59999999999,"qoeBitrateSwitch":640,