{"chunk-stream2-00018":{"qoeTotal":-474.9146185668785,"qoeBitrate":500,"qoeRebuffer":0,"qoeLatency":940.8000000000001,"qoeBitrateSwitch":0,"qoePlaybackSpeed":34.11461856687845},"init-stream0":{"qoeTotal":-1435.829237133757,"qoeBitrate":600,"qoeRebuffer":0,"qoeLatency":1887.6000000000001,"qoeBitrateSwitch":80,"qoePlaybackSpeed":68.2292371337569},"chunk-stream0-00019":{"qoeTotal":-2317.9438557006356,"qoeBitrate":700,"qoeRebuffer":0,"qoeLatency":2835.6000000000004,"qoeBitrateSwitch":80,"qoePlaybackSpeed":102.34385570063534},"chunk-stream0-00020":{"qoeTotal":-3201.8584742675143,"qoeBitrate":800,"qoeRebuffer":0,"qoeLatency":3785.4000000000005,"qoeBitrateSwitch":80,"qoePlaybackSpeed":136.4584742675138},"chunk-stream0-00021":{"qoeTotal":-4083.493856186251,"qoeBitrate":900,"qoeRebuffer":0,"qoeLatency":4750.8,"qoeBitrateSwitch":80,"qoePlaybackSpeed":152.6938561862506},"init-stream5":{"qoeTotal":-2628.970564260157,"qoeBitrate":3900,"qoeRebuffer":0,"qoeLatency":5703,"qoeBitrateSwitch":660,"qoePlaybackSpeed":165.97056426015723},"chunk-stream5-00022":{"qoeTotal":-581.655416347197,"qoeBitrate":6900,"qoeRebuffer":0,"qoeLatency":6645,"qoeBitrateSwitch":660,"qoePlaybackSpeed":176.65541634719705},"chunk-stream5-00023":{"qoeTotal":1481.859731565763,"qoeBitrate":9900,"qoeRebuffer":0,"qoeLatency":7570.8,"qoeBitrateSwitch":660,"qoePlaybackSpeed":187.34026843423686},"chunk-stream5-00024":{"qoeTotal":3549.6344631876286,"qoeBitrate":12900,"qoeRebuffer":0,"qoeLatency":8496.6,"qoeBitrateSwitch":660,"qoePlaybackSpeed":193.765536812371},"chunk-stream5-00025":{"qoeTotal":5624.434463187628,"qoeBitrate":15900,"qoeRebuffer":0,"qoeLatency":9421.800000000001,"qoeBitrateSwitch":660,"qoePlaybackSpeed":193.765536812371},"chunk-stream5-00026":{"qoeTotal":7708.834463187628,"qoeBitrate":18900,"qoeRebuffer":0,"qoeLatency":10337.400000000001,"qoeBitrateSwitch":660,"qoePlaybackSpeed":193.765536812371},"chunk-stream5-00027":{"qoeTotal":9784.234463187628,"qoeBitrate":21900,"qoeRebuffer":0,"qoeLatency":11262.000000000002,"qoeBitrateSwitch":660,"qoePlaybackSpeed":193.765536812371},"chunk-stream5-00028":{"qoeTotal":11868.634463187627,"qoeBitrate":24900,"qoeRebuffer":0,"qoeLatency":12177.600000000002,"qoeBitrateSwitch":660,"qoePlaybackSpeed":193.765536812371},"chunk-stream5-00029":{"qoeTotal":13953.034463187627,"qoeBitrate":27900,"qoeRebuffer":0,"qoeLatency":13093.200000000003,"qoeBitrateSwitch":660,"qoePlaybackSpeed":193.765536812371},"chunk-stream5-00030":{"qoeTotal":16029.634463187627,"qoeBitrate":30900,"qoeRebuffer":0,"qoeLatency":14016.600000000002,"qoeBitrateSwitch":660,"qoePlaybackSpeed":193.765536812371},"chunk-stream5-00031":{"qoeTotal":18114.034463187625,"qoeBitrate":33900,"qoeRebuffer":0,"qoeLatency":14932.200000000003,"qoeBitrateSwitch":660,"qoePlaybackSpeed":193.765536812371},"chunk-stream5-00032":{"qoeTotal":20189.434463187627,"qoeBitrate":36900,"qoeRebuffer":0,"qoeLatency":15856.800000000003,"qoeBitrateSwitch":660,"qoePlaybackSpeed":193.765536812371},"chunk-stream5-00033":{"qoeTotal":22261.834463187628,"qoeBitrate":39900,"qoeRebuffer":0,"qoeLatency":16784.4,"qoeBitrateSwitch":660,"qoePlaybackSpeed":193.765536812371},"chunk-stream5-00034":{"qoeTotal":24345.634463187627,"qoeBitrate":42900,"qoeRebuffer":0,"qoeLatency":17700.600000000002,"qoeBitrateSwitch":660,"qoePlaybackSpeed":193.765536812371},"chunk-stream5-00035":{"qoeTotal":26420.434463187627,"qoeBitrate":45900,"qoeRebuffer":0,"qoeLatency":18625.800000000003,"qoeBitrateSwitch":660,"qoePlaybackSpeed":193.765536812371},"chunk-stream5-00036":{"qoeTotal":28494.634463187627,"qoeBitrate":48900,"qoeRebuffer":0,"qoeLatency":19551.600000000002,"qoeBitrateSwitch":660,"qoePlaybackSpeed":193.765536812371},"chunk-stream5-00037":{"qoeTotal":30567.03446318763,"qoeBitrate":51900,"qoeRebuffer":0,"qoeLatency":20479.2,"qoeBitrateSwitch":660,"qoePlaybackSpeed":193.765536812371},"chunk-stream5-00038":{"qoeTotal":32641.834463187628,"qoeBitrate":54900,"qoeRebuffer":0,"qoeLatency":21404.4,"qoeBitrateSwitch":660,"qoePlaybackSpeed":193.765536812371},"chunk-stream5-00039":{"qoeTotal":34714.834463187624,"qoeBitrate":57900,"qoeRebuffer":0,"qoeLatency":22331.4,"qoeBitrateSwitch":660,"qoePlaybackSpeed":193.765536812371},"chunk-stream5-00040":{"qoeTotal":36798.63446318762,"qoeBitrate":60900,"qoeRebuffer":0,"qoeLatency":23247.600000000002,"qoeBitrateSwitch":660,"qoePlaybackSpeed":193.765536812371},"chunk-stream5-00041":{"qoeTotal":38883.03446318763,"qoeBitrate":63900,"qoeRebuffer":0,"qoeLatency":24163.2,"qoeBitrateSwitch":660,"qoePlaybackSpeed":193.765536812371},"chunk-stream5-00042":{"qoeTotal":40959.63446318762,"qoeBitrate":66900,"qoeRebuffer":0,"qoeLatency":25086.600000000002,"qoeBitrateSwitch":660,"qoePlaybackSpeed":193.765536812371},"chunk-stream5-00043":{"qoeTotal":43043.43446318762,"qoeBitrate":69900,"qoeRebuffer":0,"qoeLatency":26002.800000000003,"qoeBitrateSwitch":660,"qoePlaybackSpeed":193.765536812371},"chunk-stream5-00044":{"qoeTotal":45127.834463187624,"qoeBitrate":72900,"qoeRebuffer":0,"qoeLatency":26918.4,"qoeBitrateSwitch":660,"qoePlaybackSpeed":193.765536812371},"chunk-stream5-00045":{"qoeTotal":47211.63446318762,"qoeBitrate":75900,"qoeRebuffer":0,"qoeLatency":27834.600000000002,"qoeBitrateSwitch":660,"qoePlaybackSpeed":193.765536812371},"chunk-stream5-00046":{"qoeTotal":49295.43446318762,"qoeBitrate":78900,"qoeRebuffer":0,"qoeLatency":28750.800000000003,"qoeBitrateSwitch":660,"qoePlaybackSpeed":193.765536812371},"chunk-stream5-00047":{"qoeTotal":51371.43446318762,"qoeBitrate":81900,"qoeRebuffer":0,"qoeLatency":29674.800000000003,"qoeBitrateSwitch":660,"qoePlaybackSpeed":193.765536812371},"chunk-stream5-00048":{"qoeTotal":53455.834463187624,"qoeBitrate":84900,"qoeRebuffer":0,"qoeLatency":30590.4,"qoeBitrateSwitch":660,"qoePlaybackSpeed":193.765536812371}}