{"chunk-stream2-00018":{"qoeTotal":-503.8123312817953,"qoeBitrate":500,"qoeRebuffer":0,"qoeLatency":960,"qoeBitrateSwitch":0,"qoePlaybackSpeed":43.812331281795316},"init-stream0":{"qoeTotal":-1494.8246625635907,"qoeBitrate":600,"qoeRebuffer":0,"qoeLatency":1927.2,"qoeBitrateSwitch":80,"qoePlaybackSpeed":87.62466256359063},"chunk-stream0-00019":{"qoeTotal":-2409.436993845386,"qoeBitrate":700,"qoeRebuffer":0,"qoeLatency":2898,"qoeBitrateSwitch":80,"qoePlaybackSpeed":131.43699384538596},"chunk-stream0-00020":{"qoeTotal":-3327.6493251271813,"qoeBitrate":800,"qoeRebuffer":0,"qoeLatency":3872.4,"qoeBitrateSwitch":80,"qoePlaybackSpeed":175.24932512718127},"chunk-stream0-00021":{"qoeTotal":-4240.481388731019,"qoeBitrate":900,"qoeRebuffer":0,"qoeLatency":4863.6,"qoeBitrateSwitch":80,"qoePlaybackSpeed":196.88138873101906},"init-stream5":{"qoeTotal":-2827.9134523348575,"qoeBitrate":3900,"qoeRebuffer":0,"qoeLatency":5849.400000000001,"qoeBitrateSwitch":660,"qoePlaybackSpeed":218.51345233485685},"chunk-stream5-00022":{"qoeTotal":-800.6674837577854,"qoeBitrate":6900,"qoeRebuffer":0,"qoeLatency":6807.6,"qoeBitrateSwitch":660,"qoePlaybackSpeed":233.06748375778497},"chunk-stream5-00023":{"qoeTotal":1247.88999702872,"qoeBitrate":9900,"qoeRebuffer":0,"qoeLatency":7747.200000000001,"qoeBitrateSwitch":660,"qoePlaybackSpeed":244.9100029712792},"chunk-stream5-00024":{"qoeTotal":4108.839996742618,"qoeBitrate":12900,"qoeRebuffer":124.20000028610228,"qoeLatency":7762.050000000001,"qoeBitrateSwitch":660,"qoePlaybackSpeed":244.9100029712792},"chunk-stream5-00025":{"qoeTotal":7093.989996742617,"qoeBitrate":15900,"qoeRebuffer":124.20000028610228,"qoeLatency":7776.9000000000015,"qoeBitrateSwitch":660,"qoePlaybackSpeed":244.9100029712792},"chunk-stream5-00026":{"qoeTotal":10079.139996742617,"qoeBitrate":18900,"qoeRebuffer":124.20000028610228,"qoeLatency":7791.750000000002,"qoeBitrateSwitch":660,"qoePlaybackSpeed":244.9100029712792},"chunk-stream5-00027":{"qoeTotal":13064.289996742616,"qoeBitrate":21900,"qoeRebuffer":124.20000028610228,"qoeLatency":7806.600000000002,"qoeBitrateSwitch":660,"qoePlaybackSpeed":244.9100029712792},"chunk-stream5-00028":{"qoeTotal":16049.439996742616,"qoeBitrate":24900,"qoeRebuffer":124.20000028610228,"qoeLatency":7821.450000000003,"qoeBitrateSwitch":660,"qoePlaybackSpeed":244.9100029712792},"chunk-stream5-00029":{"qoeTotal":19034.589996742616,"qoeBitrate":27900,"qoeRebuffer":124.20000028610228,"qoeLatency":7836.300000000003,"qoeBitrateSwitch":660,"qoePlaybackSpeed":244.9100029712792},"chunk-stream5-00030":{"qoeTotal":22019.739996742617,"qoeBitrate":30900,"qoeRebuffer":124.20000028610228,"qoeLatency":7851.150000000003,"qoeBitrateSwitch":660,"qoePlaybackSpeed":244.9100029712792},"chunk-stream5-00031":{"qoeTotal":25004.889996742615,"qoeBitrate":33900,"qoeRebuffer":124.20000028610228,"qoeLatency":7866.000000000004,"qoeBitrateSwitch":660,"qoePlaybackSpeed":244.9100029712792},"chunk-stream5-00032":{"qoeTotal":27990.039996742613,"qoeBitrate":36900,"qoeRebuffer":124.20000028610228,"qoeLatency":7880.850000000004,"qoeBitrateSwitch":660,"qoePlaybackSpeed":244.9100029712792},"chunk-stream5-00033":{"qoeTotal":30975.189996742614,"qoeBitrate":39900,"qoeRebuffer":124.20000028610228,"qoeLatency":7895.700000000004,"qoeBitrateSwitch":660,"qoePlaybackSpeed":244.9100029712792},"chunk-stream5-00034":{"qoeTotal":33960.339996742616,"qoeBitrate":42900,"qoeRebuffer":124.20000028610228,"qoeLatency":7910.550000000005,"qoeBitrateSwitch":660,"qoePlaybackSpeed":244.9100029712792},"chunk-stream5-00035":{"qoeTotal":36945.48999674261,"qoeBitrate":45900,"qoeRebuffer":124.20000028610228,"qoeLatency":7925.400000000005,"qoeBitrateSwitch":660,"qoePlaybackSpeed":244.9100029712792},"chunk-stream5-00036":{"qoeTotal":39930.63999674261,"qoeBitrate":48900,"qoeRebuffer":124.20000028610228,"qoeLatency":7940.2500000000055,"qoeBitrateSwitch":660,"qoePlaybackSpeed":244.9100029712792},"chunk-stream5-00037":{"qoeTotal":42915.78999674261,"qoeBitrate":51900,"qoeRebuffer":124.20000028610228,"qoeLatency":7955.100000000006,"qoeBitrateSwitch":660,"qoePlaybackSpeed":244.9100029712792},"chunk-stream5-00038":{"qoeTotal":45900.939996742614,"qoeBitrate":54900,"qoeRebuffer":124.20000028610228,"qoeLatency":7969.950000000006,"qoeBitrateSwitch":660,"qoePlaybackSpeed":244.9100029712792},"chunk-stream5-00039":{"qoeTotal":48886.089996742616,"qoeBitrate":57900,"qoeRebuffer":124.20000028610228,"qoeLatency":7984.800000000007,"qoeBitrateSwitch":660,"qoePlaybackSpeed":244.9100029712792},"chunk-stream5-00040":{"qoeTotal":51871.23999674261,"qoeBitrate":60900,"qoeRebuffer":124.20000028610228,"qoeLatency":7999.650000000007,"qoeBitrateSwitch":660,"qoePlaybackSpeed":244.9100029712792},"chunk-stream5-00041":{"qoeTotal":54856.38999674261,"qoeBitrate":63900,"qoeRebuffer":124.20000028610228,"qoeLatency":8014.500000000007,"qoeBitrateSwitch":660,"qoePlaybackSpeed":244.9100029712792},"chunk-stream5-00042":{"qoeTotal":57841.53999674261,"qoeBitrate":66900,"qoeRebuffer":124.20000028610228,"qoeLatency":8029.350000000008,"qoeBitrateSwitch":660,"qoePlaybackSpeed":244.9100029712792}}