{"init-stream2":{"qoeTotal":497.74,"qoeBitrate":500,"qoeRebuffer":0,"qoeLatency":2.2600000000000002,"qoeBitrateSwitch":0,"qoePlaybackSpeed":0},"chunk-stream2-00021":{"qoeTotal":960.5213086716717,"qoeBitrate":1000,"qoeRebuffer":0,"qoeLatency":6.640000000000001,"qoeBitrateSwitch":0,"qoePlaybackSpeed":32.83869132832833},"chunk-stream2-00022":{"qoeTotal":1442.5083419638972,"qoeBitrate":1500,"qoeRebuffer":0,"qoeLatency":11.5,"qoeBitrateSwitch":0,"qoePlaybackSpeed":45.99165803610268},"chunk-stream2-00023":{"qoeTotal":1933.305027935939,"qoeBitrate":2000,"qoeRebuffer":0,"qoeLatency":16.82,"qoeBitrateSwitch":0,"qoePlaybackSpeed":49.87497206406106},"chunk-stream2-00024":{"qoeTotal":801.3267322371717,"qoeBitrate":2500,"qoeRebuffer":1579.2000002861025,"qoeLatency":23.73,"qoeBitrateSwitch":0,"qoePlaybackSpeed":95.74326747672586},"chunk-stream2-00025":{"qoeTotal":-1866.6146606635593,"qoeBitrate":3000,"qoeRebuffer":4692.000000357628,"qoeLatency":35.24,"qoeBitrateSwitch":0,"qoePlaybackSpeed":139.3746603059315},"chunk-stream2-00026":{"qoeTotal":-5478.333308906432,"qoeBitrate":3500,"qoeRebuffer":7808.400000214577,"qoeLatency":983.84,"qoeBitrateSwitch":0,"qoePlaybackSpeed":186.09330869185484},"chunk-stream2-00027":{"qoeTotal":-9718.682589611528,"qoeBitrate":4000,"qoeRebuffer":11331.600000500679,"qoeLatency":2154.44,"qoeBitrateSwitch":0,"qoePlaybackSpeed":232.64258911084892},"chunk-stream2-00028":{"qoeTotal":-19521.282589826104,"qoeBitrate":4500,"qoeRebuffer":19815.000000715256,"qoeLatency":3973.6400000000003,"qoeBitrateSwitch":0,"qoePlaybackSpeed":232.64258911084892},"chunk-stream2-00029":{"qoeTotal":-29598.81094479007,"qoeBitrate":5000,"qoeRebuffer":27918.000001072884,"qoeLatency":6406.040000000001,"qoeBitrateSwitch":0,"qoePlaybackSpeed":274.7709437171869},"chunk-stream2-00030":{"qoeTotal":-36522.64857113625,"qoeBitrate":5500,"qoeRebuffer":32584.80000114441,"qoeLatency":9118.04,"qoeBitrateSwitch":0,"qoePlaybackSpeed":319.8085699918367},"chunk-stream2-00031":{"qoeTotal":-42285.48619755395,"qoeBitrate":6000,"qoeRebuffer":35762.40000128746,"qoeLatency":12158.240000000002,"qoeBitrateSwitch":0,"qoePlaybackSpeed":364.84619626648646},"chunk-stream2-00032":{"qoeTotal":-49913.52394617811,"qoeBitrate":6500,"qoeRebuffer":40481.40000164509,"qoeLatency":15522.440000000002,"qoeBitrateSwitch":0,"qoePlaybackSpeed":409.6839445330202},"chunk-stream2-00033":{"qoeTotal":-59403.61187867294,"qoeBitrate":7000,"qoeRebuffer":46579.200001716614,"qoeLatency":19367.24,"qoeBitrateSwitch":0,"qoePlaybackSpeed":457.1718769563248},"chunk-stream2-00034":{"qoeTotal":-67276.17579008667,"qoeBitrate":7500,"qoeRebuffer":50775.00000107288,"qoeLatency":23497.04,"qoeBitrateSwitch":0,"qoePlaybackSpeed":504.1357890137771},"chunk-stream2-00035":{"qoeTotal":-77521.13970200106,"qoeBitrate":8000,"qoeRebuffer":56987.40000092983,"qoeLatency":27982.64,"qoeBitrateSwitch":0,"qoePlaybackSpeed":551.0997010712294},"chunk-stream2-00036":{"qoeTotal":-85810.703613987,"qoeBitrate":8500,"qoeRebuffer":60927.60000085831,"qoeLatency":32785.04,"qoeBitrateSwitch":0,"qoePlaybackSpeed":598.0636131286817},"chunk-stream2-00037":{"qoeTotal":-93661.65741348188,"qoeBitrate":9000,"qoeRebuffer":64107.00000107288,"qoeLatency":37909.64,"qoeBitrateSwitch":0,"qoePlaybackSpeed":645.0174124089982},"chunk-stream2-00038":{"qoeTotal":-101869.01121283372,"qoeBitrate":9500,"qoeRebuffer":67288.80000114441,"qoeLatency":43388.24,"qoeBitrateSwitch":0,"qoePlaybackSpeed":691.9712116893147},"chunk-stream2-00039":{"qoeTotal":-111016.56501240014,"qoeBitrate":10000,"qoeRebuffer":71031.00000143051,"qoeLatency":49246.64,"qoeBitrateSwitch":0,"qoePlaybackSpeed":738.9250109696312},"chunk-stream2-00040":{"qoeTotal":-125613.31881139436,"qoeBitrate":10500,"qoeRebuffer":79618.80000114441,"qoeLatency":55708.64,"qoeBitrateSwitch":0,"qoePlaybackSpeed":785.8788102499477},"chunk-stream2-00041":{"qoeTotal":-139003.47261081773,"qoeBitrate":11000,"qoeRebuffer":86525.40000128746,"qoeLatency":62645.24,"qoeBitrateSwitch":0,"qoePlaybackSpeed":832.8326095302642},"chunk-stream2-00042":{"qoeTotal":-147249.04477933553,"qoeBitrate":11500,"qoeRebuffer":88096.20000100136,"qoeLatency":69776.84,"qoeBitrateSwitch":0,"qoePlaybackSpeed":876.0047783341843},"chunk-stream2-00043":{"qoeTotal":-155668.90097679285,"qoeBitrate":12000,"qoeRebuffer":89638.20000100136,"qoeLatency":77108.84,"qoeBitrateSwitch":0,"qoePlaybackSpeed":921.8609757914903},"chunk-stream2-00044":{"qoeTotal":-165881.6369803332,"qoeBitrate":12500,"qoeRebuffer":92742.00000107288,"qoeLatency":84672.44,"qoeBitrateSwitch":0,"qoePlaybackSpeed":967.1969792602958},"chunk-stream2-00045":{"qoeTotal":-176451.7962592712,"qoeBitrate":13000,"qoeRebuffer":95888.40000128746,"qoeLatency":92550.44,"qoeBitrateSwitch":0,"qoePlaybackSpeed":1012.9562579837611},"chunk-stream2-00046":{"qoeTotal":-187399.12429488503,"qoeBitrate":13500,"qoeRebuffer":99034.20000135899,"qoeLatency":100805.24,"qoeBitrateSwitch":0,"qoePlaybackSpeed":1059.6842935260524},"chunk-stream2-00047":{"qoeTotal":-198741.32360027847,"qoeBitrate":14000,"qoeRebuffer":102217.80000150204,"qoeLatency":109423.04000000001,"qoeBitrateSwitch":0,"qoePlaybackSpeed":1100.4835987764154},"chunk-stream2-00048":{"qoeTotal":-210393.7725893738,"qoeBitrate":14500,"qoeRebuffer":105356.40000164509,"qoeLatency":118399.64000000001,"qoeBitrateSwitch":0,"qoePlaybackSpeed":1137.7325877287055},"chunk-stream2-00049":{"qoeTotal":-227492.58883770523,"qoeBitrate":15000,"qoeRebuffer":113344.80000078678,"qoeLatency":127961.84000000001,"qoeBitrateSwitch":0,"qoePlaybackSpeed":1185.9488369184219},"chunk-stream2-00050":{"qoeTotal":-248914.405087038,"qoeBitrate":15500,"qoeRebuffer":124835.40000092983,"qoeLatency":138344.84000000003,"qoeBitrateSwitch":0,"qoePlaybackSpeed":1234.1650861081382},"chunk-stream2-00051":{"qoeTotal":-266023.42133644223,"qoeBitrate":16000,"qoeRebuffer":131593.8000011444,"qoeLatency":149147.24000000002,"qoeBitrateSwitch":0,"qoePlaybackSpeed":1282.3813352978545},"chunk-stream2-00052":{"qoeTotal":-279747.02256060374,"qoeBitrate":16500,"qoeRebuffer":134692.200001359,"qoeLatency":160229.84000000003,"qoeBitrateSwitch":0,"qoePlaybackSpeed":1324.9825592447248},"chunk-stream2-00053":{"qoeTotal":-291976.3384709912,"qoeBitrate":17000,"qoeRebuffer":136197.00000107288,"qoeLatency":171425.84000000003,"qoeBitrateSwitch":0,"qoePlaybackSpeed":1353.498469918286},"chunk-stream2-00054":{"qoeTotal":-302803.4653942756,"qoeBitrate":17500,"qoeRebuffer":136197.00000107288,"qoeLatency":182711.84000000003,"qoeBitrateSwitch":0,"qoePlaybackSpeed":1394.6253932027137},"chunk-stream2-00055":{"qoeTotal":-317153.36311561667,"qoeBitrate":18000,"qoeRebuffer":139323.00000107288,"qoeLatency":194387.84000000003,"qoeBitrateSwitch":0,"qoePlaybackSpeed":1442.523114543777},"chunk-stream2-00056":{"qoeTotal":-336727.0965380092,"qoeBitrate":18500,"qoeRebuffer":147166.20000100136,"qoeLatency":206585.84000000003,"qoeBitrateSwitch":0,"qoePlaybackSpeed":1475.056537007814},"chunk-stream2-00057":{"qoeTotal":-350216.2116317735,"qoeBitrate":19000,"qoeRebuffer":148722.00000071526,"qoeLatency":218979.44000000003,"qoeBitrateSwitch":0,"qoePlaybackSpeed":1514.7716310582182},"chunk-stream2-00058":{"qoeTotal":-365355.8928783609,"qoeBitrate":19500,"qoeRebuffer":151758.60000050068,"qoeLatency":231538.64000000004,"qoeBitrateSwitch":0,"qoePlaybackSpeed":1558.6528778601883},"chunk-stream2-00059":{"qoeTotal":-379197.09734069236,"qoeBitrate":20000,"qoeRebuffer":153288.60000050068,"qoeLatency":244310.84000000005,"qoeBitrateSwitch":0,"qoePlaybackSpeed":1597.6573401915718},"chunk-stream2-00060":{"qoeTotal":-393259.69803562236,"qoeBitrate":20500,"qoeRebuffer":154868.4000005722,"qoeLatency":257248.04000000007,"qoeBitrateSwitch":0,"qoePlaybackSpeed":1643.2580350501385},"chunk-stream2-00061":{"qoeTotal":-407445.7821915228,"qoeBitrate":21000,"qoeRebuffer":156438.00000071526,"qoeLatency":270319.04000000004,"qoeBitrateSwitch":0,"qoePlaybackSpeed":1688.742190807543},"chunk-stream2-00062":{"qoeTotal":-421757.51725194295,"qoeBitrate":21500,"qoeRebuffer":158014.20000064373,