{"chunk-stream2-00018":{"qoeTotal":-660.1777302105228,"qoeBitrate":500,"qoeRebuffer":0,"qoeLatency":1113,"qoeBitrateSwitch":0,"qoePlaybackSpeed":47.17773021052278},"init-stream3":{"qoeTotal":-7068.932209027432,"qoeBitrate":1750,"qoeRebuffer":0,"qoeLatency":8608.8,"qoeBitrateSwitch":150,"qoePlaybackSpeed":60.1322090274327},"chunk-stream3-00019":{"qoeTotal":-10369.981588333221,"qoeBitrate":3000,"qoeRebuffer":3139.200000017882,"qoeLatency":9974.4,"qoeBitrateSwitch":150,"qoePlaybackSpeed":106.38158831534037},"init-stream2":{"qoeTotal":-19294.132524071956,"qoeBitrate":3500,"qoeRebuffer":4243.200000017881,"qoeLatency":18097.2,"qoeBitrateSwitch":300,"qoePlaybackSpeed":153.7325240540755},"chunk-stream2-00020":{"qoeTotal":-22250.555494868946,"qoeBitrate":4000,"qoeRebuffer":6191.40000012517,"qoeLatency":19577.4,"qoeBitrateSwitch":300,"qoePlaybackSpeed":181.75549474377436},"chunk-stream2-00021":{"qoeTotal":-23275.109280421417,"qoeBitrate":4500,"qoeRebuffer":6191.40000012517,"qoeLatency":21086.4,"qoeBitrateSwitch":300,"qoePlaybackSpeed":197.30928029624692},"chunk-stream3-00022":{"qoeTotal":-25311.983048298494,"qoeBitrate":5750,"qoeRebuffer":7687.200000107288,"qoeLatency":22684.800000000003,"qoeBitrateSwitch":450,"qoePlaybackSpeed":239.98304819120327},"chunk-stream2-00023":{"qoeTotal":-26655.694478226473,"qoeBitrate":6250,"qoeRebuffer":7687.200000107288,"qoeLatency":24357.600000000002,"qoeBitrateSwitch":600,"qoePlaybackSpeed":260.89447811918126},"chunk-stream2-00024":{"qoeTotal":-29392.76518709989,"qoeBitrate":6750,"qoeRebuffer":9214.800000071526,"qoeLatency":26052.600000000002,"qoeBitrateSwitch":600,"qoePlaybackSpeed":275.3651870283601},"chunk-stream3-00025":{"qoeTotal":-31708.947275834842,"qoeBitrate":8000,"qoeRebuffer":10770.600000053644,"qoeLatency":27866.4,"qoeBitrateSwitch":750,"qoePlaybackSpeed":321.9472757811979},"chunk-stream3-00026":{"qoeTotal":-35782.26574269091,"qoeBitrate":9250,"qoeRebuffer":13944.600000053644,"qoeLatency":29968.800000000003,"qoeBitrateSwitch":750,"qoePlaybackSpeed":368.8657426372651},"chunk-stream2-00027":{"qoeTotal":-39184.27829072185,"qoeBitrate":9750,"qoeRebuffer":15447.000000089407,"qoeLatency":32189.4,"qoeBitrateSwitch":900,"qoePlaybackSpeed":397.8782906324429},"chunk-stream3-00028":{"qoeTotal":-42038.62858230512,"qoeBitrate":11000,"qoeRebuffer":16963.20000010729,"qoeLatency":34586.4,"qoeBitrateSwitch":1050,"qoePlaybackSpeed":439.028582197829},"chunk-stream2-00029":{"qoeTotal":-44171.46683243704,"qoeBitrate":11500,"qoeRebuffer":16963.20000010729,"qoeLatency":37050,"qoeBitrateSwitch":1200,"qoePlaybackSpeed":458.2668323297515},"chunk-stream2-00030":{"qoeTotal":-47656.85199888447,"qoeBitrate":12000,"qoeRebuffer":18459.600000053644,"qoeLatency":39535.2,"qoeBitrateSwitch":1200,"qoePlaybackSpeed":462.0519988308268},"chunk-stream2-00031":{"qoeTotal":-49664.8517756996,"qoeBitrate":12500,"qoeRebuffer":18459.600000053644,"qoeLatency":41983.2,"qoeBitrateSwitch":1200,"qoePlaybackSpeed":522.0517756459569},"chunk-stream3-00032":{"qoeTotal":-51072.75343638954,"qoeBitrate":13750,"qoeRebuffer":18459.600000053644,"qoeLatency":44451,"qoeBitrateSwitch":1350,"qoePlaybackSpeed":562.1534363358926},"chunk-stream3-00033":{"qoeTotal":-58014.61939775299,"qoeBitrate":15000,"qoeRebuffer":23754.599999964237,"qoeLatency":47304,"qoeBitrateSwitch":1350,"qoePlaybackSpeed":606.0193977887513},"chunk-stream2-00034":{"qoeTotal":-60597.67353147554,"qoeBitrate":15500,"qoeRebuffer":23754.599999964237,"qoeLatency":50208,"qoeBitrateSwitch":1500,"qoePlaybackSpeed":635.0735315113021},"chunk-stream2-00035":{"qoeTotal":-63033.756788929364,"qoeBitrate":16000,"qoeRebuffer":23754.599999964237,"qoeLatency":53136,"qoeBitrateSwitch":1500,"qoePlaybackSpeed":643.1567889651236},"chunk-stream2-00036":{"qoeTotal":-65517.55678368055,"qoeBitrate":16500,"qoeRebuffer":23754.599999964237,"qoeLatency":56059.8,"qoeBitrateSwitch":1500,"qoePlaybackSpeed":703.1567837163091},"chunk-stream3-00037":{"qoeTotal":-67393.61618693247,"qoeBitrate":17750,"qoeRebuffer":23754.599999964237,"qoeLatency":58996.8,"qoeBitrateSwitch":1650,"qoePlaybackSpeed":742.216186968227},"chunk-stream2-00038":{"qoeTotal":-70076.4476896294,"qoeBitrate":18250,"qoeRebuffer":23754.599999964237,"qoeLatency":61984.200000000004,"qoeBitrateSwitch":1800,"qoePlaybackSpeed":787.6476896651546},"chunk-stream2-00039":{"qoeTotal":-72587.62389066032,"qoeBitrate":18750,"qoeRebuffer":23754.599999964237,"qoeLatency":64990.200000000004,"qoeBitrateSwitch":1800,"qoePlaybackSpeed":792.8238906960747},"chunk-stream3-00040":{"qoeTotal":-76114.7137615278,"qoeBitrate":20000,"qoeRebuffer":25278.599999964237,"qoeLatency":68046,"qoeBitrateSwitch":1950,"qoePlaybackSpeed":840.1137615635638},"chunk-stream2-00041":{"qoeTotal":-80497.71564004135,"qoeBitrate":20500,"qoeRebuffer":26837.999999910593,"qoeLatency":71188.2,"qoeBitrateSwitch":2100,"qoePlaybackSpeed":871.5156401307667},"chunk-stream2-00042":{"qoeTotal":-83176.67848311654,"qoeBitrate":21000,"qoeRebuffer":26837.999999910593,"qoeLatency":74353.8,"qoeBitrateSwitch":2100,"qoePlaybackSpeed":884.8784832059496},"chunk-stream3-00043":{"qoeTotal":-85255.91593519658,"qoeBitrate":22250,"qoeRebuffer":26837.999999910593,"qoeLatency":77499.6,"qoeBitrateSwitch":2250,"qoePlaybackSpeed":918.3159352859781},"chunk-stream2-00044":{"qoeTotal":-88114.4738294574,"qoeBitrate":22750,"qoeRebuffer":26837.999999910593,"qoeLatency":80677.20000000001,"qoeBitrateSwitch":2400,"qoePlaybackSpeed":949.2738295467998},"chunk-stream3-00045":{"qoeTotal":-90323.18063320873,"qoeBitrate":24000,"qoeRebuffer":26837.999999910593,"qoeLatency":83944.20000000001,"qoeBitrateSwitch":2550,"qoePlaybackSpeed":990.980633298126},"chunk-stream2-00046":{"qoeTotal":-94917.20340281843,"qoeBitrate":24500,"qoeRebuffer":28368.59999987483,"qoeLatency":87328.80000000002,"qoeBitrateSwitch":2700,"qoePlaybackSpeed":1019.8034029435821},"chunk-stream3-00047":{"qoeTotal":-98922.3925997478,"qoeBitrate":25750,"qoeRebuffer":29909.999999910593,"qoeLatency":90848.40000000002,"qoeBitrateSwitch":2850,"qoePlaybackSpeed":1063.9925998371882},"chunk-stream2-00048":{"qoeTotal":-102155.5925997478,"qoeBitrate":26250,"qoeRebuffer":29909.999999910593,"qoeLatency":94431.60000000002,"qoeBitrateSwitch":3000,"qoePlaybackSpeed":1063.9925998371882},"chunk-stream2-00049":{"qoeTotal":-106837.35187103604,"qoeBitrate":26750,"qoeRebuffer":31460.399999946356,"qoeLatency":98047.20000000003,"qoeBitrateSwitch":3000,"qoePlaybackSpeed":1079.751871089652},"chunk-stream2-00050":{"qoeTotal":-110015.71211882099,"qoeBitrate":27250,"qoeRebuffer":31460.399999946356,"qoeLatency":101697.00000000003,"qoeBitrateSwitch":3000,"qoePlaybackSpeed":1108.3121188745963},"chunk-stream2-00051":{"qoeTotal":-113213.85018168036,"qoeBitrate":27750,"qoeRebuffer":31460.399999946356,"qoeLatency":105371.40000000002,"qoeBitrateSwitch":3000,"qoePlaybackSpeed":1132.0501817339778},"chunk-stream2-00052":{"qoeTotal":-116379.6546709123,"qoeBitrate":28250,"qoeRebuffer":31460.399999946356,"qoeLatency":109033.80000000002,"qoeBitrateSwitch":3000,"qoePlaybackSpeed":1135.4546709659303},"chunk-stream2-00053":{"qoeTotal":-119554.05467090028,"qoeBitrate":28750,"qoeRebuffer":31460.399999946356,"qoeLatency":112648.20000000001,"qoeBitrateSwitch":3000,"qoePlaybackSpeed":1195.45467095392},"chunk-stream3-00054":{"qoeTotal":-123609.22534147862,"qoeBitrate":30000,"qoeRebuffer":33028.199999928474,"qoeLatency":116204.40000000001,"qoeBitrateSwitch":3150,"qoePlaybackSpeed":1226.6253415501467},"chunk-stream3-00055":{"qoeTotal":-129808.22534149651,"qoeBitrate":31250,"qoeRebuffer":36146.399999946356,"qoeLatency":120535.20000000001,"qoeBitrateSwitch":3150,"qoePlaybackSpeed":1226.6253415501467},"chunk-stream3-00056":{"qoeTotal":-148976.95617985487,"qoeBitrate":32500,"qoeRebuffer":51351.59999996424,"qoeLatency":125706.00000000001,"qoeBitrateSwitch":3150,"qoePlaybackSpeed":1269.3561798906178},"chunk-stream2-00057":{"qoeTotal":-155505.5556421213,"qoeBitrate":33000,"qoeRebuffer":52902.59999996424,"qoeLatency":131000.40000000001,"qoeBitrateSwitch":3300,