{"chunk-stream2-00019":{"qoeTotal":-741.2392424004446,"qoeBitrate":500,"qoeRebuffer":0,"qoeLatency":1191.6,"qoeBitrateSwitch":0,"qoePlaybackSpeed":49.63924240044466},"chunk-stream2-00020":{"qoeTotal":-3498.3263596942284,"qoeBitrate":1000,"qoeRebuffer":1902.5999994277954,"qoeLatency":2511.6,"qoeBitrateSwitch":0,"qoePlaybackSpeed":84.1263602664329},"chunk-stream2-00021":{"qoeTotal":-4403.030609964917,"qoeBitrate":1500,"qoeRebuffer":1902.5999994277954,"qoeLatency":3879,"qoeBitrateSwitch":0,"qoePlaybackSpeed":121.4306105371218},"chunk-stream2-00022":{"qoeTotal":-5279.279571882228,"qoeBitrate":2000,"qoeRebuffer":1902.5999994277954,"qoeLatency":5238,"qoeBitrateSwitch":0,"qoePlaybackSpeed":138.67957245443273},"chunk-stream2-00023":{"qoeTotal":-6085.613490387182,"qoeBitrate":2500,"qoeRebuffer":1902.5999994277954,"qoeLatency":6540.6,"qoeBitrateSwitch":0,"qoePlaybackSpeed":142.41349095938605},"chunk-stream2-00024":{"qoeTotal":-6932.755146785278,"qoeBitrate":3000,"qoeRebuffer":1902.5999994277954,"qoeLatency":7854.6,"qoeBitrateSwitch":0,"qoePlaybackSpeed":175.55514735748224},"chunk-stream2-00025":{"qoeTotal":-7834.213234844101,"qoeBitrate":3500,"qoeRebuffer":1902.5999994277954,"qoeLatency":9226.2,"qoeBitrateSwitch":0,"qoePlaybackSpeed":205.4132354163045},"chunk-stream2-00026":{"qoeTotal":-10392.250205798808,"qoeBitrate":4000,"qoeRebuffer":3439.7999997138977,"qoeLatency":10708.800000000001,"qoeBitrateSwitch":0,"qoePlaybackSpeed":243.6502060849095},"init-stream1":{"qoeTotal":-11594.426583365597,"qoeBitrate":4300,"qoeRebuffer":3439.7999997138977,"qoeLatency":11778.6,"qoeBitrateSwitch":400,"qoePlaybackSpeed":276.02658365169856},"chunk-stream1-00027":{"qoeTotal":-12834.540231008086,"qoeBitrate":4600,"qoeRebuffer":3439.7999997138977,"qoeLatency":13304.400000000001,"qoeBitrateSwitch":400,"qoePlaybackSpeed":290.34023129418625},"chunk-stream1-00028":{"qoeTotal":-14078.781523050731,"qoeBitrate":4900,"qoeRebuffer":3439.7999997138977,"qoeLatency":14848.2,"qoeBitrateSwitch":400,"qoePlaybackSpeed":290.7815233368333},"chunk-stream1-00029":{"qoeTotal":-15342.417252589614,"qoeBitrate":5200,"qoeRebuffer":3439.7999997138977,"qoeLatency":16352.400000000001,"qoeBitrateSwitch":400,"qoePlaybackSpeed":350.2172528757145},"chunk-stream1-00030":{"qoeTotal":-16537.652982128493,"qoeBitrate":5500,"qoeRebuffer":3439.7999997138977,"qoeLatency":17788.2,"qoeBitrateSwitch":400,"qoePlaybackSpeed":409.6529824145957},"chunk-stream1-00031":{"qoeTotal":-17683.644823351224,"qoeBitrate":5800,"qoeRebuffer":3439.7999997138977,"qoeLatency":19176,"qoeBitrateSwitch":400,"qoePlaybackSpeed":467.84482363732457},"chunk-stream1-00032":{"qoeTotal":-18767.236664573953,"qoeBitrate":6100,"qoeRebuffer":3439.7999997138977,"qoeLatency":20501.4,"qoeBitrateSwitch":400,"qoePlaybackSpeed":526.0366648600534},"chunk-stream1-00033":{"qoeTotal":-19779.445624499614,"qoeBitrate":6400,"qoeRebuffer":3439.7999997138977,"qoeLatency":21758.4,"qoeBitrateSwitch":400,"qoePlaybackSpeed":581.2456247857158},"chunk-stream1-00034":{"qoeTotal":-20745.252660230602,"qoeBitrate":6700,"qoeRebuffer":3439.7999997138977,"qoeLatency":22972.2,"qoeBitrateSwitch":400,"qoePlaybackSpeed":633.2526605167049},"chunk-stream1-00035":{"qoeTotal":-21666.659695961593,"qoeBitrate":7000,"qoeRebuffer":3439.7999997138977,"qoeLatency":24141.600000000002,"qoeBitrateSwitch":400,"qoePlaybackSpeed":685.2596962476939},"chunk-stream1-00036":{"qoeTotal":-22540.562451948303,"qoeBitrate":7300,"qoeRebuffer":3439.7999997138977,"qoeLatency":25267.800000000003,"qoeBitrateSwitch":400,"qoePlaybackSpeed":732.9624522344022},"init-stream2":{"qoeTotal":-23571.204658164374,"qoeBitrate":7800,"qoeRebuffer":3439.7999997138977,"qoeLatency":26358.600000000002,"qoeBitrateSwitch":800,"qoePlaybackSpeed":772.8046584504732},"chunk-stream2-00037":{"qoeTotal":-24180.58078114061,"qoeBitrate":8300,"qoeRebuffer":3439.7999997138977,"qoeLatency":27429.600000000002,"qoeBitrateSwitch":800,"qoePlaybackSpeed":811.180781426707},"chunk-stream2-00038":{"qoeTotal":-24768.859701170546,"qoeBitrate":8800,"qoeRebuffer":3439.7999997138977,"qoeLatency":28482.000000000004,"qoeBitrateSwitch":800,"qoePlaybackSpeed":847.0597014566434},"chunk-stream2-00039":{"qoeTotal":-25320.867766762316,"qoeBitrate":9300,"qoeRebuffer":3439.7999997138977,"qoeLatency":29505.000000000004,"qoeBitrateSwitch":800,"qoePlaybackSpeed":876.0677670484152},"chunk-stream2-00040":{"qoeTotal":-25831.809834081807,"qoeBitrate":9800,"qoeRebuffer":3439.7999997138977,"qoeLatency":30492.000000000004,"qoeBitrateSwitch":800,"qoePlaybackSpeed":900.0098343679066},"init-stream3":{"qoeTotal":-27945.96858133981,"qoeBitrate":11050,"qoeRebuffer":3439.7999997138977,"qoeLatency":32322.000000000004,"qoeBitrateSwitch":2300,"qoePlaybackSpeed":934.1685816259073},"chunk-stream3-00041":{"qoeTotal":-27666.803963258546,"qoeBitrate":12300,"qoeRebuffer":3439.7999997138977,"qoeLatency":33276.600000000006,"qoeBitrateSwitch":2300,"qoePlaybackSpeed":950.4039635446442},"init-stream4":{"qoeTotal":-28224.635175929965,"qoeBitrate":14300,"qoeRebuffer":3439.7999997138977,"qoeLatency":34304.40000000001,"qoeBitrateSwitch":3800,"qoePlaybackSpeed":980.4351762160583},"chunk-stream4-00042":{"qoeTotal":-27177.920028017004,"qoeBitrate":16300,"qoeRebuffer":3439.7999997138977,"qoeLatency":35247.00000000001,"qoeBitrateSwitch":3800,"qoePlaybackSpeed":991.1200283030981},"init-stream5":{"qoeTotal":-27124.004880104043,"qoeBitrate":19300,"qoeRebuffer":3439.7999997138977,"qoeLatency":36182.40000000001,"qoeBitrateSwitch":5800,"qoePlaybackSpeed":1001.804880390138},"chunk-stream5-00043":{"qoeTotal":-25054.57051801611,"qoeBitrate":22300,"qoeRebuffer":3439.7999997138977,"qoeLatency":37105.80000000001,"qoeBitrateSwitch":5800,"qoePlaybackSpeed":1008.9705183022012},"chunk-stream5-00044":{"qoeTotal":-22970.170518016108,"qoeBitrate":25300,"qoeRebuffer":3439.7999997138977,"qoeLatency":38021.40000000001,"qoeBitrateSwitch":5800,"qoePlaybackSpeed":1008.9705183022012},"chunk-stream5-00045":{"qoeTotal":-20885.170518016108,"qoeBitrate":28300,"qoeRebuffer":3439.7999997138977,"qoeLatency":38936.40000000001,"qoeBitrateSwitch":5800,"qoePlaybackSpeed":1008.9705183022012},"chunk-stream5-00046":{"qoeTotal":-18807.97051801611,"qoeBitrate":31300,"qoeRebuffer":3439.7999997138977,"qoeLatency":39859.20000000001,"qoeBitrateSwitch":5800,"qoePlaybackSpeed":1008.9705183022012},"chunk-stream5-00047":{"qoeTotal":-16722.97051801611,"qoeBitrate":34300,"qoeRebuffer":3439.7999997138977,"qoeLatency":40774.20000000001,"qoeBitrateSwitch":5800,"qoePlaybackSpeed":1008.9705183022012},"chunk-stream5-00048":{"qoeTotal":-14638.57051801611,"qoeBitrate":37300,"qoeRebuffer":3439.7999997138977,"qoeLatency":41689.80000000001,"qoeBitrateSwitch":5800,"qoePlaybackSpeed":1008.9705183022012},"chunk-stream5-00049":{"qoeTotal":-12554.170518016108,"qoeBitrate":40300,"qoeRebuffer":3439.7999997138977,"qoeLatency":42605.40000000001,"qoeBitrateSwitch":5800,"qoePlaybackSpeed":1008.9705183022012},"chunk-stream5-00050":{"qoeTotal":-10469.170518016108,"qoeBitrate":43300,"qoeRebuffer":3439.7999997138977,"qoeLatency":43520.40000000001,"qoeBitrateSwitch":5800,"qoePlaybackSpeed":1008.9705183022012},"chunk-stream5-00051":{"qoeTotal":-8384.170518016108,"qoeBitrate":46300,"qoeRebuffer":3439.7999997138977,"qoeLatency":44435.40000000001,"qoeBitrateSwitch":5800,"qoePlaybackSpeed":1008.9705183022012},"chunk-stream5-00052":{"qoeTotal":-6299.170518016108,"qoeBitrate":49300,"qoeRebuffer":3439.7999997138977,"qoeLatency":45350.40000000001,"qoeBitrateSwitch":5800,"qoePlaybackSpeed":1008.9705183022012},"chunk-stream5-00053":{"qoeTotal":-4214.170518016108,"qoeBitrate":52300,"qoeRebuffer":3439.7999997138977,"qoeLatency":46265.40000000001,"qoeBitrateSwitch":5800,"qoePlaybackSpeed":1008.9705183022012},"chunk-stream5-00054":{"qoeTotal":-2139.9705180161104,"qoeBitrate":55300,"qoeRebuffer":3439.7999997138977,"qoeLatency":47191.20000000001,"qoeBitrateSwitch":5800,"qoePlaybackSpeed":1008.9705183022012},"chunk-stream5-00055":{"qoeTotal":-55.57051801610908,"qoeBitrate":58300,