{"chunk-stream2-00018":{"qoeTotal":-585.9792947862994,"qoeBitrate":500,"qoeRebuffer":0,"qoeLatency":1035.6,"qoeBitrateSwitch":0,"qoePlaybackSpeed":50.379294786299475},"chunk-stream2-00019":{"qoeTotal":-2686.29803724508,"qoeBitrate":1000,"qoeRebuffer":1531.7999997138977,"qoeLatency":2091.6,"qoeBitrateSwitch":0,"qoePlaybackSpeed":62.89803753118239},"chunk-stream2-00020":{"qoeTotal":-3262.016779989963,"qoeBitrate":1500,"qoeRebuffer":1531.7999997138977,"qoeLatency":3154.8,"qoeBitrateSwitch":0,"qoePlaybackSpeed":75.41678027606531},"chunk-stream2-00021":{"qoeTotal":-3841.102398418228,"qoeBitrate":2000,"qoeRebuffer":1531.7999997138977,"qoeLatency":4198.200000000001,"qoeBitrateSwitch":0,"qoePlaybackSpeed":111.10239870432966},"chunk-stream2-00022":{"qoeTotal":-4393.003066309603,"qoeBitrate":2500,"qoeRebuffer":1531.7999997138977,"qoeLatency":5219.400000000001,"qoeBitrateSwitch":0,"qoePlaybackSpeed":141.80306659570527},"chunk-stream2-00023":{"qoeTotal":-4922.130241567488,"qoeBitrate":3000,"qoeRebuffer":1531.7999997138977,"qoeLatency":6222.6,"qoeBitrateSwitch":0,"qoePlaybackSpeed":167.73024185359046},"chunk-stream2-00024":{"qoeTotal":-5407.5461686744475,"qoeBitrate":3500,"qoeRebuffer":1531.7999997138977,"qoeLatency":7190.400000000001,"qoeBitrateSwitch":0,"qoePlaybackSpeed":185.34616896054877},"chunk-stream2-00025":{"qoeTotal":-5867.244460573689,"qoeBitrate":4000,"qoeRebuffer":1531.7999997138977,"qoeLatency":8138.400000000001,"qoeBitrateSwitch":0,"qoePlaybackSpeed":197.0444608597907},"chunk-stream2-00026":{"qoeTotal":-6305.010098485752,"qoeBitrate":4500,"qoeRebuffer":1531.7999997138977,"qoeLatency":9069,"qoeBitrateSwitch":0,"qoePlaybackSpeed":204.2100987718538},"chunk-stream2-00027":{"qoeTotal":-6725.410098485751,"qoeBitrate":5000,"qoeRebuffer":1531.7999997138977,"qoeLatency":9989.4,"qoeBitrateSwitch":0,"qoePlaybackSpeed":204.2100987718538},"chunk-stream2-00028":{"qoeTotal":-7145.210098485751,"qoeBitrate":5500,"qoeRebuffer":1531.7999997138977,"qoeLatency":10909.199999999999,"qoeBitrateSwitch":0,"qoePlaybackSpeed":204.2100987718538},"chunk-stream2-00029":{"qoeTotal":-7565.61009848575,"qoeBitrate":6000,"qoeRebuffer":1531.7999997138977,"qoeLatency":11829.599999999999,"qoeBitrateSwitch":0,"qoePlaybackSpeed":204.2100987718538},"init-stream3":{"qoeTotal":-21370.21009963016,"qoeBitrate":7250,"qoeRebuffer":8037.600000858307,"qoeLatency":20228.399999999998,"qoeBitrateSwitch":150,"qoePlaybackSpeed":204.2100987718538},"chunk-stream3-00030":{"qoeTotal":-21037.01009963016,"qoeBitrate":8500,"qoeRebuffer":8037.600000858307,"qoeLatency":21145.199999999997,"qoeBitrateSwitch":150,"qoePlaybackSpeed":204.2100987718538},"chunk-stream3-00031":{"qoeTotal":-20709.21009963016,"qoeBitrate":9750,"qoeRebuffer":8037.600000858307,"qoeLatency":22067.399999999998,"qoeBitrateSwitch":150,"qoePlaybackSpeed":204.2100987718538},"chunk-stream3-00032":{"qoeTotal":-20376.01009963016,"qoeBitrate":11000,"qoeRebuffer":8037.600000858307,"qoeLatency":22984.199999999997,"qoeBitrateSwitch":150,"qoePlaybackSpeed":204.2100987718538},"chunk-stream3-00033":{"qoeTotal":-20043.41009963016,"qoeBitrate":12250,"qoeRebuffer":8037.600000858307,"qoeLatency":23901.6,"qoeBitrateSwitch":150,"qoePlaybackSpeed":204.2100987718538},"chunk-stream3-00034":{"qoeTotal":-19823.039061459993,"qoeBitrate":13500,"qoeRebuffer":8037.600000858307,"qoeLatency":24892.199999999997,"qoeBitrateSwitch":150,"qoePlaybackSpeed":243.23906060168943},"chunk-stream3-00035":{"qoeTotal":-21271.764157303878,"qoeBitrate":14750,"qoeRebuffer":9600.600000858307,"qoeLatency":25988.999999999996,"qoeBitrateSwitch":150,"qoePlaybackSpeed":282.1641564455742},"chunk-stream3-00036":{"qoeTotal":-22857.864904882907,"qoeBitrate":16000,"qoeRebuffer":11183.400002002716,"qoeLatency":27198.599999999995,"qoeBitrateSwitch":150,"qoePlaybackSpeed":325.8649028801963},"chunk-stream3-00037":{"qoeTotal":-24515.349733668165,"qoeBitrate":17250,"qoeRebuffer":12706.200001716614,"qoeLatency":28546.799999999996,"qoeBitrateSwitch":150,"qoePlaybackSpeed":362.3497319515538},"chunk-stream3-00038":{"qoeTotal":-24705.82114494536,"qoeBitrate":18500,"qoeRebuffer":12706.200001716614,"qoeLatency":29956.799999999996,"qoeBitrateSwitch":150,"qoePlaybackSpeed":392.8211432287489},"chunk-stream3-00039":{"qoeTotal":-24937.681923725093,"qoeBitrate":19750,"qoeRebuffer":12706.200001716614,"qoeLatency":31404.599999999995,"qoeBitrateSwitch":150,"qoePlaybackSpeed":426.8819220084836},"chunk-stream3-00040":{"qoeTotal":-25215.18612119989,"qoeBitrate":21000,"qoeRebuffer":12706.200001716614,"qoeLatency":32899.2,"qoeBitrateSwitch":150,"qoePlaybackSpeed":459.78611948328205},"chunk-stream3-00041":{"qoeTotal":-25526.148890082695,"qoeBitrate":22250,"qoeRebuffer":12706.200001716614,"qoeLatency":34425,"qoeBitrateSwitch":150,"qoePlaybackSpeed":494.9488883660808},"chunk-stream3-00042":{"qoeTotal":-25835.672098049432,"qoeBitrate":23500,"qoeRebuffer":12706.200001716614,"qoeLatency":35972.4,"qoeBitrateSwitch":150,"qoePlaybackSpeed":507.07209633281605},"chunk-stream3-00043":{"qoeTotal":-26143.191412135893,"qoeBitrate":24750,"qoeRebuffer":12706.200001716614,"qoeLatency":37521,"qoeBitrateSwitch":150,"qoePlaybackSpeed":515.9914104192779},"chunk-stream3-00044":{"qoeTotal":-26442.443742276082,"qoeBitrate":26000,"qoeRebuffer":12706.200001716614,"qoeLatency":39010.8,"qoeBitrateSwitch":150,"qoePlaybackSpeed":575.4437405594656},"chunk-stream3-00045":{"qoeTotal":-26618.000193745025,"qoeBitrate":27250,"qoeRebuffer":12706.200001716614,"qoeLatency":40431,"qoeBitrateSwitch":150,"qoePlaybackSpeed":580.8001920284125},"chunk-stream3-00046":{"qoeTotal":-26823.347654752633,"qoeBitrate":28500,"qoeRebuffer":12706.200001716614,"qoeLatency":41878.2,"qoeBitrateSwitch":150,"qoePlaybackSpeed":588.9476530360208},"chunk-stream3-00047":{"qoeTotal":-27094.912163930403,"qoeBitrate":29750,"qoeRebuffer":12706.200001716614,"qoeLatency":43361.399999999994,"qoeBitrateSwitch":150,"qoePlaybackSpeed":627.312162213795},"chunk-stream3-00048":{"qoeTotal":-28973.036016879218,"qoeBitrate":31000,"qoeRebuffer":14236.200001716614,"qoeLatency":44920.799999999996,"qoeBitrateSwitch":150,"qoePlaybackSpeed":666.0360151626071},"chunk-stream3-00049":{"qoeTotal":-31032.692045681815,"qoeBitrate":32250,"qoeRebuffer":15812.400000572205,"qoeLatency":46614.6,"qoeBitrateSwitch":150,"qoePlaybackSpeed":705.6920451096104},"chunk-stream3-00050":{"qoeTotal":-33254.98549800811,"qoeBitrate":33500,"qoeRebuffer":17402.400000572205,"qoeLatency":48453,"qoeBitrateSwitch":150,"qoePlaybackSpeed":749.5854974359042},"chunk-stream3-00051":{"qoeTotal":-35555.82139526395,"qoeBitrate":34750,"qoeRebuffer":18916.200001716614,"qoeLatency":50454,"qoeBitrateSwitch":150,"qoePlaybackSpeed":785.6213935473364},"chunk-stream3-00052":{"qoeTotal":-36394.40225937789,"qoeBitrate":36000,"qoeRebuffer":18916.200001716614,"qoeLatency":52504.8,"qoeBitrateSwitch":150,"qoePlaybackSpeed":823.4022576612684},"chunk-stream3-00053":{"qoeTotal":-37242.76195876699,"qoeBitrate":37250,"qoeRebuffer":18916.200001716614,"qoeLatency":54586.200000000004,"qoeBitrateSwitch":150,"qoePlaybackSpeed":840.3619570503713},"chunk-stream3-00054":{"qoeTotal":-38112.26839674016,"qoeBitrate":38500,"qoeRebuffer":18916.200001716614,"qoeLatency":56686.200000000004,"qoeBitrateSwitch":150,"qoePlaybackSpeed":859.8683950235423},"chunk-stream3-00055":{"qoeTotal":-40968.464831915706,"qoeBitrate":39750,"qoeRebuffer":20424.60000228882,"qoeLatency":59247.00000000001,"qoeBitrateSwitch":150,"qoePlaybackSpeed":896.8648296268834},"chunk-stream3-00056":{"qoeTotal":-51395.01425533013,"qoeBitrate":41000,"qoeRebuffer":29052.00000143051,"qoeLatency":62259.600000000006,"qoeBitrateSwitch":150,"qoePlaybackSpeed":933.4142538996088},"chunk-stream3-00057":{"qoeTotal":-53254.66090044707,"qoeBitrate":42250,"qoeRebuffer":29052.00000143051,"qoeLatency":65335.200000000004,"qoeBitrateSwitch":150,"qoePlaybackSpeed":967.4608990165542},"chunk-stream3-00058":{"qoeTotal":-55182.748258895044,"qoeBitrate":43500,"qoeRebuffer":29052.00000143051,"qoeLatency":68467.20000000001,