{"init-stream2":{"qoeTotal":497.72,"qoeBitrate":500,"qoeRebuffer":0,"qoeLatency":2.2800000000000002,"qoeBitrateSwitch":0,"qoePlaybackSpeed":0},"chunk-stream2-00021":{"qoeTotal":960.6113027129327,"qoeBitrate":1000,"qoeRebuffer":0,"qoeLatency":6.69,"qoeBitrateSwitch":0,"qoePlaybackSpeed":32.69869728706729},"chunk-stream2-00022":{"qoeTotal":1443.3800910153857,"qoeBitrate":1500,"qoeRebuffer":0,"qoeLatency":11.57,"qoeBitrateSwitch":0,"qoePlaybackSpeed":45.04990898461438},"chunk-stream2-00023":{"qoeTotal":1934.115246653602,"qoeBitrate":2000,"qoeRebuffer":0,"qoeLatency":16.9,"qoeBitrateSwitch":0,"qoePlaybackSpeed":48.984753346397866},"chunk-stream2-00024":{"qoeTotal":2421.457001880271,"qoeBitrate":2500,"qoeRebuffer":0,"qoeLatency":22.4,"qoeBitrateSwitch":0,"qoePlaybackSpeed":56.142998119729},"chunk-stream2-00025":{"qoeTotal":1349.108763110569,"qoeBitrate":3000,"qoeRebuffer":1525.8000000715256,"qoeLatency":29.869999999999997,"qoeBitrateSwitch":0,"qoePlaybackSpeed":95.22123681790544},"chunk-stream2-00026":{"qoeTotal":-1345.8248169772737,"qoeBitrate":3500,"qoeRebuffer":4662,"qoeLatency":41.92999999999999,"qoeBitrateSwitch":0,"qoePlaybackSpeed":141.89481697727365},"chunk-stream2-00027":{"qoeTotal":-5011.21764388295,"qoeBitrate":4000,"qoeRebuffer":7812.599999785423,"qoeLatency":1012.73,"qoeBitrateSwitch":0,"qoePlaybackSpeed":185.8876440975273},"chunk-stream2-00028":{"qoeTotal":-8863.369641101666,"qoeBitrate":4500,"qoeRebuffer":10907.999999642372,"qoeLatency":2222.33,"qoeBitrateSwitch":0,"qoePlaybackSpeed":233.03964145929444},"chunk-stream2-00029":{"qoeTotal":-19903.76963945658,"qoeBitrate":5000,"qoeRebuffer":20496.599997997284,"qoeLatency":4174.13,"qoeBitrateSwitch":0,"qoePlaybackSpeed":233.03964145929444},"chunk-stream2-00030":{"qoeTotal":-27161.065851259886,"qoeBitrate":5500,"qoeRebuffer":25748.39999806881,"qoeLatency":6633.530000000001,"qoeBitrateSwitch":0,"qoePlaybackSpeed":279.13585319107904},"chunk-stream2-00031":{"qoeTotal":-32559.584031202776,"qoeBitrate":6000,"qoeRebuffer":28853.39999806881,"qoeLatency":9385.73,"qoeBitrateSwitch":0,"qoePlaybackSpeed":320.4540331339671},"chunk-stream2-00032":{"qoeTotal":-40087.53615497353,"qoeBitrate":6500,"qoeRebuffer":33744.599997997284,"qoeLatency":12475.13,"qoeBitrateSwitch":0,"qoePlaybackSpeed":367.8061569762493},"chunk-stream2-00033":{"qoeTotal":-48650.48827895887,"qoeBitrate":7000,"qoeRebuffer":39247.199998140335,"qoeLatency":15988.13,"qoeBitrateSwitch":0,"qoePlaybackSpeed":415.1582808185316},"chunk-stream2-00034":{"qoeTotal":-56432.599822399054,"qoeBitrate":7500,"qoeRebuffer":43657.199998140335,"qoeLatency":19811.93,"qoeBitrateSwitch":0,"qoePlaybackSpeed":463.4698242587189},"chunk-stream2-00035":{"qoeTotal":-64929.91136598229,"qoeBitrate":8000,"qoeRebuffer":48442.799998283386,"qoeLatency":23975.33,"qoeBitrateSwitch":0,"qoePlaybackSpeed":511.78136769890625},"chunk-stream2-00036":{"qoeTotal":-73073.2229092079,"qoeBitrate":8500,"qoeRebuffer":52544.39999806881,"qoeLatency":28468.730000000003,"qoeBitrateSwitch":0,"qoePlaybackSpeed":560.0929111390935},"chunk-stream2-00037":{"qoeTotal":-80585.07628038609,"qoeBitrate":9000,"qoeRebuffer":55690.79999792576,"qoeLatency":33286.73,"qoeBitrateSwitch":0,"qoePlaybackSpeed":607.5462824603109},"chunk-stream2-00038":{"qoeTotal":-88429.92965149271,"qoeBitrate":9500,"qoeRebuffer":58826.39999771118,"qoeLatency":38448.530000000006,"qoeBitrateSwitch":0,"qoePlaybackSpeed":654.9996537815282},"chunk-stream2-00039":{"qoeTotal":-96586.16119602886,"qoeBitrate":10000,"qoeRebuffer":61937.39999771118,"qoeLatency":43950.530000000006,"qoeBitrateSwitch":0,"qoePlaybackSpeed":698.2311983176774},"chunk-stream2-00040":{"qoeTotal":-108268.01719003101,"qoeBitrate":10500,"qoeRebuffer":68130.59999763966,"qoeLatency":49891.130000000005,"qoeBitrateSwitch":0,"qoePlaybackSpeed":746.2871923913431},"chunk-stream2-00041":{"qoeTotal":-122694.27318353247,"qoeBitrate":11000,"qoeRebuffer":76420.19999706745,"qoeLatency":56479.73,"qoeBitrateSwitch":0,"qoePlaybackSpeed":794.3431864650088},"chunk-stream2-00042":{"qoeTotal":-133817.3592050069,"qoeBitrate":11500,"qoeRebuffer":81162.5999969244,"qoeLatency":63316.73,"qoeBitrateSwitch":0,"qoePlaybackSpeed":838.0292080824903},"chunk-stream2-00043":{"qoeTotal":-141974.98763751355,"qoeBitrate":12000,"qoeRebuffer":82747.79999685287,"qoeLatency":70346.93000000001,"qoeBitrateSwitch":0,"qoePlaybackSpeed":880.2576406606781},"chunk-stream2-00044":{"qoeTotal":-151933.77029293854,"qoeBitrate":12500,"qoeRebuffer":85906.19999670982,"qoeLatency":77602.13,"qoeBitrateSwitch":0,"qoePlaybackSpeed":925.4402962287223},"chunk-stream2-00045":{"qoeTotal":-162137.40882632768,"qoeBitrate":13000,"qoeRebuffer":89018.99999678135,"qoeLatency":85147.13,"qoeBitrateSwitch":0,"qoePlaybackSpeed":971.2788295463214},"chunk-stream2-00046":{"qoeTotal":-172637.78541493622,"qoeBitrate":13500,"qoeRebuffer":92128.79999685287,"qoeLatency":92991.53,"qoeBitrateSwitch":0,"qoePlaybackSpeed":1017.4554180833554},"chunk-stream2-00047":{"qoeTotal":-183519.6861834601,"qoeBitrate":14000,"qoeRebuffer":95247.5999969244,"qoeLatency":101212.73,"qoeBitrateSwitch":0,"qoePlaybackSpeed":1059.3561865356958},"chunk-stream2-00048":{"qoeTotal":-196104.039266337,"qoeBitrate":14500,"qoeRebuffer":99716.3999966383,"qoeLatency":109783.12999999999,"qoeBitrateSwitch":0,"qoePlaybackSpeed":1104.5092696987028},"chunk-stream2-00049":{"qoeTotal":-210830.91278005493,"qoeBitrate":15000,"qoeRebuffer":105839.99999678135,"qoeLatency":118838.32999999999,"qoeBitrateSwitch":0,"qoePlaybackSpeed":1152.5827832735897},"chunk-stream2-00050":{"qoeTotal":-231756.9862937013,"qoeBitrate":15500,"qoeRebuffer":117328.79999685287,"qoeLatency":128727.52999999998,"qoeBitrateSwitch":0,"qoePlaybackSpeed":1200.6562968484766},"chunk-stream2-00051":{"qoeTotal":-250016.05980691858,"qoeBitrate":16000,"qoeRebuffer":125581.79999649525,"qoeLatency":139185.52999999997,"qoeBitrateSwitch":0,"qoePlaybackSpeed":1248.7298104233635},"chunk-stream2-00052":{"qoeTotal":-263479.1422070461,"qoeBitrate":16500,"qoeRebuffer":128759.99999642372,"qoeLatency":149927.92999999996,"qoeBitrateSwitch":0,"qoePlaybackSpeed":1291.2122106224174},"chunk-stream2-00053":{"qoeTotal":-277158.8900787204,"qoeBitrate":17000,"qoeRebuffer":131939.3999966383,"qoeLatency":160891.12999999998,"qoeBitrateSwitch":0,"qoePlaybackSpeed":1328.3600820821164},"chunk-stream2-00054":{"qoeTotal":-289341.37623676297,"qoeBitrate":17500,"qoeRebuffer":133477.19999670982,"qoeLatency":171998.92999999996,"qoeBitrateSwitch":0,"qoePlaybackSpeed":1365.2462400531938},"chunk-stream2-00055":{"qoeTotal":-301907.6033373408,"qoeBitrate":18000,"qoeRebuffer":135013.19999670982,"qoeLatency":183482.32999999996,"qoeBitrateSwitch":0,"qoePlaybackSpeed":1412.0733406310594},"chunk-stream2-00056":{"qoeTotal":-322842.10760968673,"qoeBitrate":18500,"qoeRebuffer":144402.59999656677,"qoeLatency":195495.52999999997,"qoeBitrateSwitch":0,"qoePlaybackSpeed":1443.977613119964},"chunk-stream2-00057":{"qoeTotal":-336128.9244074435,"qoeBitrate":19000,"qoeRebuffer":145943.99999642372,"qoeLatency":207703.72999999998,"qoeBitrateSwitch":0,"qoePlaybackSpeed":1481.194411019787},"chunk-stream2-00058":{"qoeTotal":-349557.02418673853,"qoeBitrate":19500,"qoeRebuffer":147460.1999963522,"qoeLatency":220078.12999999998,"qoeBitrateSwitch":0,"qoePlaybackSpeed":1518.694190386325},"chunk-stream2-00059":{"qoeTotal":-363172.45622908795,"qoeBitrate":20000,"qoeRebuffer":148969.79999649525,"qoeLatency":232644.52999999997,"qoeBitrateSwitch":0,"qoePlaybackSpeed":1558.126232592748},"chunk-stream2-00060":{"qoeTotal":-377031.8733241727,"qoeBitrate":20500,"qoeRebuffer":150540.59999656677,"qoeLatency":245396.92999999996,"qoeBitrateSwitch":0,"qoePlaybackSpeed":1594.3433276059945},"chunk-stream2-00061":{"qoeTotal":-391049.0476379674,"qoeBitrate":21000,"qoeRebuffer":152092.1999963522,"qoeLatency":258314.32999999996,"qoeBitrateSwitch":0,"qoePlaybackSpeed":1642.5176416152224},"chunk-stream2-00062":{"qoeTotal":-405189.68928607414,"qoeBitrate":21500,"qoeRebuffer":153631.79999649525,"qoeLatency":271372.73,