{"chunk-stream2-00018":{"qoeTotal":-544.6183195827278,"qoeBitrate":500,"qoeRebuffer":0,"qoeLatency":996,"qoeBitrateSwitch":0,"qoePlaybackSpeed":48.618319582727885},"init-stream5":{"qoeTotal":907.1633608345443,"qoeBitrate":3500,"qoeRebuffer":0,"qoeLatency":1995.6,"qoeBitrateSwitch":500,"qoePlaybackSpeed":97.23663916545577},"chunk-stream5-00019":{"qoeTotal":720.6756307883802,"qoeBitrate":6500,"qoeRebuffer":1948.1999999284744,"qoeLatency":3187.2,"qoeBitrateSwitch":500,"qoePlaybackSpeed":143.9243692831455},"init-stream4":{"qoeTotal":-4545.686106873367,"qoeBitrate":8500,"qoeRebuffer":1948.1999999284744,"qoeLatency":10248,"qoeBitrateSwitch":700,"qoePlaybackSpeed":149.48610694489284},"chunk-stream4-00020":{"qoeTotal":-7592.7152311002465,"qoeBitrate":10500,"qoeRebuffer":5577.59999987483,"qoeLatency":11624.4,"qoeBitrateSwitch":700,"qoePlaybackSpeed":190.7152312254167},"chunk-stream4-00021":{"qoeTotal":-8695.412883270164,"qoeBitrate":12500,"qoeRebuffer":7097.999999910593,"qoeLatency":13170,"qoeBitrateSwitch":700,"qoePlaybackSpeed":227.41288335957137},"init-stream3":{"qoeTotal":-14687.786913136199,"qoeBitrate":13750,"qoeRebuffer":7097.999999910593,"qoeLatency":20236.2,"qoeBitrateSwitch":850,"qoePlaybackSpeed":253.58691322560517},"chunk-stream3-00022":{"qoeTotal":-16706.538638038663,"qoeBitrate":15000,"qoeRebuffer":8687.999999910593,"qoeLatency":21889.2,"qoeBitrateSwitch":850,"qoePlaybackSpeed":279.3386381280672},"chunk-stream3-00023":{"qoeTotal":-17187.227137074424,"qoeBitrate":16250,"qoeRebuffer":8687.999999910593,"qoeLatency":23591.4,"qoeBitrateSwitch":850,"qoePlaybackSpeed":307.82713716383046},"chunk-stream3-00024":{"qoeTotal":-17728.40507915549,"qoeBitrate":17500,"qoeRebuffer":8687.999999910593,"qoeLatency":25353.600000000002,"qoeBitrateSwitch":850,"qoePlaybackSpeed":336.80507924489694},"chunk-stream3-00025":{"qoeTotal":-18346.942799479686,"qoeBitrate":18750,"qoeRebuffer":8687.999999910593,"qoeLatency":27178.800000000003,"qoeBitrateSwitch":850,"qoePlaybackSpeed":380.14279956908956},"chunk-stream3-00026":{"qoeTotal":-18996.85958198848,"qoeBitrate":20000,"qoeRebuffer":8687.999999910593,"qoeLatency":29055.600000000002,"qoeBitrateSwitch":850,"qoePlaybackSpeed":403.2595820778861},"chunk-stream3-00027":{"qoeTotal":-19691.99803240669,"qoeBitrate":21250,"qoeRebuffer":8687.999999910593,"qoeLatency":30981.000000000004,"qoeBitrateSwitch":850,"qoePlaybackSpeed":422.9980324960921},"chunk-stream3-00028":{"qoeTotal":-20420.537920261864,"qoeBitrate":22500,"qoeRebuffer":8687.999999910593,"qoeLatency":32932.8,"qoeBitrateSwitch":850,"qoePlaybackSpeed":449.73792035126974},"chunk-stream3-00029":{"qoeTotal":-21185.98972396958,"qoeBitrate":23750,"qoeRebuffer":8687.999999910593,"qoeLatency":34915.200000000004,"qoeBitrateSwitch":850,"qoePlaybackSpeed":482.78972405898145},"chunk-stream4-00030":{"qoeTotal":-21413.968169513828,"qoeBitrate":25750,"qoeRebuffer":8687.999999910593,"qoeLatency":36954.600000000006,"qoeBitrateSwitch":1000,"qoePlaybackSpeed":521.3681696032284},"chunk-stream3-00031":{"qoeTotal":-24046.90093001358,"qoeBitrate":27000,"qoeRebuffer":10251.599999964237,"qoeLatency":39094.200000000004,"qoeBitrateSwitch":1150,"qoePlaybackSpeed":551.1009300493386},"chunk-stream3-00032":{"qoeTotal":-24994.71290657259,"qoeBitrate":28250,"qoeRebuffer":10251.599999964237,"qoeLatency":41276.4,"qoeBitrateSwitch":1150,"qoePlaybackSpeed":566.7129066083502},"chunk-stream3-00033":{"qoeTotal":-25978.185810566643,"qoeBitrate":29500,"qoeRebuffer":10251.599999964237,"qoeLatency":43497.6,"qoeBitrateSwitch":1150,"qoePlaybackSpeed":578.9858106024075},"chunk-stream4-00034":{"qoeTotal":-26444.260163717005,"qoeBitrate":31500,"qoeRebuffer":10251.599999964237,"qoeLatency":45772.2,"qoeBitrateSwitch":1300,"qoePlaybackSpeed":620.4601637527708},"chunk-stream3-00035":{"qoeTotal":-27686.29115422792,"qoeBitrate":32750,"qoeRebuffer":10251.599999964237,"qoeLatency":48087.6,"qoeBitrateSwitch":1450,"qoePlaybackSpeed":647.0911542636875},"chunk-stream3-00036":{"qoeTotal":-28789.56474794773,"qoeBitrate":34000,"qoeRebuffer":10251.599999964237,"qoeLatency":50430.6,"qoeBitrateSwitch":1450,"qoePlaybackSpeed":657.3647479834932},"chunk-stream3-00037":{"qoeTotal":-29904.038327082868,"qoeBitrate":35250,"qoeRebuffer":10251.599999964237,"qoeLatency":52789.2,"qoeBitrateSwitch":1450,"qoePlaybackSpeed":663.2383271186319},"chunk-stream3-00038":{"qoeTotal":-31056.278040965386,"qoeBitrate":36500,"qoeRebuffer":10251.599999964237,"qoeLatency":55171.2,"qoeBitrateSwitch":1450,"qoePlaybackSpeed":683.4780410011529},"chunk-stream3-00039":{"qoeTotal":-32238.431895286885,"qoeBitrate":37750,"qoeRebuffer":10251.599999964237,"qoeLatency":57585.6,"qoeBitrateSwitch":1450,"qoePlaybackSpeed":701.2318953226501},"chunk-stream3-00040":{"qoeTotal":-33437.54936237729,"qoeBitrate":39000,"qoeRebuffer":10251.599999964237,"qoeLatency":60020.4,"qoeBitrateSwitch":1450,"qoePlaybackSpeed":715.5493624130554},"chunk-stream3-00041":{"qoeTotal":-34654.50124036351,"qoeBitrate":40250,"qoeRebuffer":10251.599999964237,"qoeLatency":62479.200000000004,"qoeBitrateSwitch":1450,"qoePlaybackSpeed":723.7012403992707},"chunk-stream3-00042":{"qoeTotal":-35904.7009663986,"qoeBitrate":41500,"qoeRebuffer":10251.599999964237,"qoeLatency":64919.4,"qoeBitrateSwitch":1450,"qoePlaybackSpeed":783.7009664343647},"chunk-stream4-00043":{"qoeTotal":-36508.700530243164,"qoeBitrate":43500,"qoeRebuffer":10251.599999964237,"qoeLatency":67313.4,"qoeBitrateSwitch":1600,"qoePlaybackSpeed":843.7005302789366},"chunk-stream4-00044":{"qoeTotal":-36875.699606905866,"qoeBitrate":45500,"qoeRebuffer":10251.599999964237,"qoeLatency":69620.4,"qoeBitrateSwitch":1600,"qoePlaybackSpeed":903.699606941637},"chunk-stream4-00045":{"qoeTotal":-37186.109841915495,"qoeBitrate":47500,"qoeRebuffer":10251.599999964237,"qoeLatency":71911.79999999999,"qoeBitrateSwitch":1600,"qoePlaybackSpeed":922.7098419512693},"chunk-stream4-00046":{"qoeTotal":-37538.85626540467,"qoeBitrate":49500,"qoeRebuffer":10251.599999964237,"qoeLatency":74242.79999999999,"qoeBitrateSwitch":1600,"qoePlaybackSpeed":944.4562654404415},"chunk-stream4-00047":{"qoeTotal":-37923.902059205786,"qoeBitrate":51500,"qoeRebuffer":10251.599999964237,"qoeLatency":76607.99999999999,"qoeBitrateSwitch":1600,"qoePlaybackSpeed":964.3020592415636},"chunk-stream4-00048":{"qoeTotal":-38348.63141578657,"qoeBitrate":53500,"qoeRebuffer":10251.599999964237,"qoeLatency":79006.19999999998,"qoeBitrateSwitch":1600,"qoePlaybackSpeed":990.8314158223494},"chunk-stream4-00049":{"qoeTotal":-38869.66430142952,"qoeBitrate":55500,"qoeRebuffer":10251.599999964237,"qoeLatency":81490.79999999999,"qoeBitrateSwitch":1600,"qoePlaybackSpeed":1027.2643014652936},"chunk-stream3-00050":{"qoeTotal":-41970.50601504215,"qoeBitrate":56750,"qoeRebuffer":11828.399999946356,"qoeLatency":84079.79999999999,"qoeBitrateSwitch":1750,"qoePlaybackSpeed":1062.3060150958038},"chunk-stream3-00051":{"qoeTotal":-43365.78818812411,"qoeBitrate":58000,"qoeRebuffer":11828.399999946356,"qoeLatency":86708.4,"qoeBitrateSwitch":1750,"qoePlaybackSpeed":1078.9881881777599},"chunk-stream3-00052":{"qoeTotal":-44806.78812760242,"qoeBitrate":59250,"qoeRebuffer":11828.399999946356,"qoeLatency":89339.4,"qoeBitrateSwitch":1750,"qoePlaybackSpeed":1138.988127656071},"chunk-stream4-00053":{"qoeTotal":-45589.20683955631,"qoeBitrate":61250,"qoeRebuffer":11828.399999946356,"qoeLatency":91951.2,"qoeBitrateSwitch":1900,"qoePlaybackSpeed":1159.6068396099597},"chunk-stream4-00054":{"qoeTotal":-46150.52522665725,"qoeBitrate":63250,"qoeRebuffer":11828.399999946356,"qoeLatency":94512,"qoeBitrateSwitch":1900,"qoePlaybackSpeed":1160.125226710894},"chunk-stream4-00055":{"qoeTotal":-46950.72522665725,"qoeBitrate":65250,"qoeRebuffer":11828.399999946356,"qoeLatency":97312.2,"qoeBitrateSwitch":1900,"qoePlaybackSpeed":1160.125226710894},"chunk-stream4-00056":{"qoeTotal":-57909.28804234447,"qoeBitrate":67250,"qoeRebuffer":21276.599999964237,"qoeLatency":100789.2,"qoeBitrateSwitch":1900,"qoePlaybackSpeed":1193.488042380241},