{"chunk-stream2-00018":{"qoeTotal":-510.9552503196392,"qoeBitrate":500,"qoeRebuffer":0,"qoeLatency":966.0000000000001,"qoeBitrateSwitch":0,"qoePlaybackSpeed":44.95525031963909},"init-stream0":{"qoeTotal":-1506.1105006392784,"qoeBitrate":600,"qoeRebuffer":0,"qoeLatency":1936.2000000000003,"qoeBitrateSwitch":80,"qoePlaybackSpeed":89.91050063927818},"chunk-stream0-00019":{"qoeTotal":-2424.8657509589175,"qoeBitrate":700,"qoeRebuffer":0,"qoeLatency":2910,"qoeBitrateSwitch":80,"qoePlaybackSpeed":134.86575095891726},"chunk-stream0-00020":{"qoeTotal":-3347.821001278556,"qoeBitrate":800,"qoeRebuffer":0,"qoeLatency":3888,"qoeBitrateSwitch":80,"qoePlaybackSpeed":179.82100127855637},"chunk-stream0-00021":{"qoeTotal":-4260.913597541724,"qoeBitrate":900,"qoeRebuffer":0,"qoeLatency":4879.2,"qoeBitrateSwitch":80,"qoePlaybackSpeed":201.7135975417241},"init-stream5":{"qoeTotal":-2754.713597541724,"qoeBitrate":3900,"qoeRebuffer":0,"qoeLatency":5793,"qoeBitrateSwitch":660,"qoePlaybackSpeed":201.7135975417241},"chunk-stream5-00022":{"qoeTotal":-714.1002018054035,"qoeBitrate":6900,"qoeRebuffer":0,"qoeLatency":6740.4,"qoeBitrateSwitch":660,"qoePlaybackSpeed":213.70020180540388},"chunk-stream5-00023":{"qoeTotal":1346.5271702484795,"qoeBitrate":9900,"qoeRebuffer":0,"qoeLatency":7670.4,"qoeBitrateSwitch":660,"qoePlaybackSpeed":223.07282975152097},"chunk-stream5-00024":{"qoeTotal":3420.457427696652,"qoeBitrate":12900,"qoeRebuffer":0,"qoeLatency":8589.6,"qoeBitrateSwitch":660,"qoePlaybackSpeed":229.94257230334765},"chunk-stream5-00025":{"qoeTotal":5506.657427696653,"qoeBitrate":15900,"qoeRebuffer":0,"qoeLatency":9503.4,"qoeBitrateSwitch":660,"qoePlaybackSpeed":229.94257230334765},"chunk-stream5-00026":{"qoeTotal":7592.857427696654,"qoeBitrate":18900,"qoeRebuffer":0,"qoeLatency":10417.199999999999,"qoeBitrateSwitch":660,"qoePlaybackSpeed":229.94257230334765},"chunk-stream5-00027":{"qoeTotal":9679.057427696654,"qoeBitrate":21900,"qoeRebuffer":0,"qoeLatency":11330.999999999998,"qoeBitrateSwitch":660,"qoePlaybackSpeed":229.94257230334765},"chunk-stream5-00028":{"qoeTotal":11765.257427696655,"qoeBitrate":24900,"qoeRebuffer":0,"qoeLatency":12244.799999999997,"qoeBitrateSwitch":660,"qoePlaybackSpeed":229.94257230334765},"chunk-stream5-00029":{"qoeTotal":13850.857427696656,"qoeBitrate":27900,"qoeRebuffer":0,"qoeLatency":13159.199999999997,"qoeBitrateSwitch":660,"qoePlaybackSpeed":229.94257230334765},"chunk-stream5-00030":{"qoeTotal":15937.057427696656,"qoeBitrate":30900,"qoeRebuffer":0,"qoeLatency":14072.999999999996,"qoeBitrateSwitch":660,"qoePlaybackSpeed":229.94257230334765},"chunk-stream5-00031":{"qoeTotal":18023.257427696655,"qoeBitrate":33900,"qoeRebuffer":0,"qoeLatency":14986.799999999996,"qoeBitrateSwitch":660,"qoePlaybackSpeed":229.94257230334765},"chunk-stream5-00032":{"qoeTotal":20108.857427696654,"qoeBitrate":36900,"qoeRebuffer":0,"qoeLatency":15901.199999999995,"qoeBitrateSwitch":660,"qoePlaybackSpeed":229.94257230334765},"chunk-stream5-00033":{"qoeTotal":22195.057427696654,"qoeBitrate":39900,"qoeRebuffer":0,"qoeLatency":16814.999999999996,"qoeBitrateSwitch":660,"qoePlaybackSpeed":229.94257230334765},"chunk-stream5-00034":{"qoeTotal":24281.257427696655,"qoeBitrate":42900,"qoeRebuffer":0,"qoeLatency":17728.799999999996,"qoeBitrateSwitch":660,"qoePlaybackSpeed":229.94257230334765},"chunk-stream5-00035":{"qoeTotal":26367.457427696656,"qoeBitrate":45900,"qoeRebuffer":0,"qoeLatency":18642.599999999995,"qoeBitrateSwitch":660,"qoePlaybackSpeed":229.94257230334765},"chunk-stream5-00036":{"qoeTotal":28453.657427696657,"qoeBitrate":48900,"qoeRebuffer":0,"qoeLatency":19556.399999999994,"qoeBitrateSwitch":660,"qoePlaybackSpeed":229.94257230334765},"chunk-stream5-00037":{"qoeTotal":30539.857427696657,"qoeBitrate":51900,"qoeRebuffer":0,"qoeLatency":20470.199999999993,"qoeBitrateSwitch":660,"qoePlaybackSpeed":229.94257230334765},"chunk-stream5-00038":{"qoeTotal":32626.057427696658,"qoeBitrate":54900,"qoeRebuffer":0,"qoeLatency":21383.999999999993,"qoeBitrateSwitch":660,"qoePlaybackSpeed":229.94257230334765},"chunk-stream5-00039":{"qoeTotal":34712.25742769666,"qoeBitrate":57900,"qoeRebuffer":0,"qoeLatency":22297.799999999992,"qoeBitrateSwitch":660,"qoePlaybackSpeed":229.94257230334765},"chunk-stream5-00040":{"qoeTotal":36798.45742769666,"qoeBitrate":60900,"qoeRebuffer":0,"qoeLatency":23211.59999999999,"qoeBitrateSwitch":660,"qoePlaybackSpeed":229.94257230334765},"init-stream4":{"qoeTotal":37684.65742769666,"qoeBitrate":62900,"qoeRebuffer":0,"qoeLatency":24125.39999999999,"qoeBitrateSwitch":860,"qoePlaybackSpeed":229.94257230334765},"chunk-stream4-00041":{"qoeTotal":38770.85742769666,"qoeBitrate":64900,"qoeRebuffer":0,"qoeLatency":25039.19999999999,"qoeBitrateSwitch":860,"qoePlaybackSpeed":229.94257230334765},"chunk-stream4-00042":{"qoeTotal":39857.057427696665,"qoeBitrate":66900,"qoeRebuffer":0,"qoeLatency":25952.99999999999,"qoeBitrateSwitch":860,"qoePlaybackSpeed":229.94257230334765},"chunk-stream5-00043":{"qoeTotal":41743.25742769666,"qoeBitrate":69900,"qoeRebuffer":0,"qoeLatency":26866.79999999999,"qoeBitrateSwitch":1060,"qoePlaybackSpeed":229.94257230334765},"chunk-stream5-00044":{"qoeTotal":43829.45742769666,"qoeBitrate":72900,"qoeRebuffer":0,"qoeLatency":27780.599999999988,"qoeBitrateSwitch":1060,"qoePlaybackSpeed":229.94257230334765},"chunk-stream5-00045":{"qoeTotal":45915.657427696664,"qoeBitrate":75900,"qoeRebuffer":0,"qoeLatency":28694.399999999987,"qoeBitrateSwitch":1060,"qoePlaybackSpeed":229.94257230334765},"chunk-stream5-00046":{"qoeTotal":48001.25742769666,"qoeBitrate":78900,"qoeRebuffer":0,"qoeLatency":29608.79999999999,"qoeBitrateSwitch":1060,"qoePlaybackSpeed":229.94257230334765},"chunk-stream5-00047":{"qoeTotal":50087.45742769666,"qoeBitrate":81900,"qoeRebuffer":0,"qoeLatency":30522.599999999988,"qoeBitrateSwitch":1060,"qoePlaybackSpeed":229.94257230334765},"chunk-stream5-00048":{"qoeTotal":52173.657427696664,"qoeBitrate":84900,"qoeRebuffer":0,"qoeLatency":31436.399999999987,"qoeBitrateSwitch":1060,"qoePlaybackSpeed":229.94257230334765},"chunk-stream5-00049":{"qoeTotal":54259.85742769667,"qoeBitrate":87900,"qoeRebuffer":0,"qoeLatency":32350.199999999986,"qoeBitrateSwitch":1060,"qoePlaybackSpeed":229.94257230334765},"chunk-stream5-00050":{"qoeTotal":56346.057427696665,"qoeBitrate":90900,"qoeRebuffer":0,"qoeLatency":33263.999999999985,"qoeBitrateSwitch":1060,"qoePlaybackSpeed":229.94257230334765},"init-stream3":{"qoeTotal":56332.25742769666,"qoeBitrate":92150,"qoeRebuffer":0,"qoeLatency":34177.79999999999,"qoeBitrateSwitch":1410,"qoePlaybackSpeed":229.94257230334765},"chunk-stream3-00051":{"qoeTotal":56668.45742769666,"qoeBitrate":93400,"qoeRebuffer":0,"qoeLatency":35091.59999999999,"qoeBitrateSwitch":1410,"qoePlaybackSpeed":229.94257230334765},"chunk-stream3-00052":{"qoeTotal":57000.45742769666,"qoeBitrate":94650,"qoeRebuffer":0,"qoeLatency":36009.59999999999,"qoeBitrateSwitch":1410,"qoePlaybackSpeed":229.94257230334765}}