{"chunk-stream2-00018":{"qoeTotal":-446.19999999999993,"qoeBitrate":500,"qoeRebuffer":0,"qoeLatency":946.1999999999999,"qoeBitrateSwitch":0,"qoePlaybackSpeed":0},"init-stream3":{"qoeTotal":-1682.6872289345613,"qoeBitrate":1750,"qoeRebuffer":0,"qoeLatency":1896,"qoeBitrateSwitch":1500,"qoePlaybackSpeed":36.68722893456127},"chunk-stream3-00019":{"qoeTotal":-1429.3744578691226,"qoeBitrate":3000,"qoeRebuffer":0,"qoeLatency":2856,"qoeBitrateSwitch":1500,"qoePlaybackSpeed":73.37445786912254},"init-stream4":{"qoeTotal":-1932.6616868036838,"qoeBitrate":5000,"qoeRebuffer":0,"qoeLatency":3822.6,"qoeBitrateSwitch":3000,"qoePlaybackSpeed":110.06168680368381},"chunk-stream4-00020":{"qoeTotal":-917.3404435507795,"qoeBitrate":7000,"qoeRebuffer":0,"qoeLatency":4789.8,"qoeBitrateSwitch":3000,"qoePlaybackSpeed":127.54044355077926},"chunk-stream4-00021":{"qoeTotal":97.9807997021253,"qoeBitrate":9000,"qoeRebuffer":0,"qoeLatency":5757,"qoeBitrateSwitch":3000,"qoePlaybackSpeed":145.0192002978747},"chunk-stream4-00022":{"qoeTotal":1135.251054729815,"qoeBitrate":11000,"qoeRebuffer":0,"qoeLatency":6705.6,"qoeBitrateSwitch":3000,"qoePlaybackSpeed":159.14894527018456},"chunk-stream4-00023":{"qoeTotal":2194.2248233939695,"qoeBitrate":13000,"qoeRebuffer":0,"qoeLatency":7637.400000000001,"qoeBitrateSwitch":3000,"qoePlaybackSpeed":168.3751766060301},"chunk-stream4-00024":{"qoeTotal":3268.141909216798,"qoeBitrate":15000,"qoeRebuffer":0,"qoeLatency":8557.800000000001,"qoeBitrateSwitch":3000,"qoePlaybackSpeed":174.05809078320078},"chunk-stream4-00025":{"qoeTotal":4353.741909216798,"qoeBitrate":17000,"qoeRebuffer":0,"qoeLatency":9472.2,"qoeBitrateSwitch":3000,"qoePlaybackSpeed":174.05809078320078},"chunk-stream4-00026":{"qoeTotal":5439.341909216799,"qoeBitrate":19000,"qoeRebuffer":0,"qoeLatency":10386.6,"qoeBitrateSwitch":3000,"qoePlaybackSpeed":174.05809078320078},"chunk-stream4-00027":{"qoeTotal":6524.941909216799,"qoeBitrate":21000,"qoeRebuffer":0,"qoeLatency":11301,"qoeBitrateSwitch":3000,"qoePlaybackSpeed":174.05809078320078},"chunk-stream4-00028":{"qoeTotal":7610.5419092167995,"qoeBitrate":23000,"qoeRebuffer":0,"qoeLatency":12215.4,"qoeBitrateSwitch":3000,"qoePlaybackSpeed":174.05809078320078},"chunk-stream4-00029":{"qoeTotal":8696.7419092168,"qoeBitrate":25000,"qoeRebuffer":0,"qoeLatency":13129.199999999999,"qoeBitrateSwitch":3000,"qoePlaybackSpeed":174.05809078320078},"chunk-stream4-00030":{"qoeTotal":9782.941909216801,"qoeBitrate":27000,"qoeRebuffer":0,"qoeLatency":14042.999999999998,"qoeBitrateSwitch":3000,"qoePlaybackSpeed":174.05809078320078},"chunk-stream4-00031":{"qoeTotal":10868.541909216801,"qoeBitrate":29000,"qoeRebuffer":0,"qoeLatency":14957.399999999998,"qoeBitrateSwitch":3000,"qoePlaybackSpeed":174.05809078320078},"chunk-stream4-00032":{"qoeTotal":11954.141909216802,"qoeBitrate":31000,"qoeRebuffer":0,"qoeLatency":15871.799999999997,"qoeBitrateSwitch":3000,"qoePlaybackSpeed":174.05809078320078},"chunk-stream4-00033":{"qoeTotal":13039.741909216802,"qoeBitrate":33000,"qoeRebuffer":0,"qoeLatency":16786.199999999997,"qoeBitrateSwitch":3000,"qoePlaybackSpeed":174.05809078320078},"chunk-stream4-00034":{"qoeTotal":14120.541909216801,"qoeBitrate":35000,"qoeRebuffer":0,"qoeLatency":17705.399999999998,"qoeBitrateSwitch":3000,"qoePlaybackSpeed":174.05809078320078},"chunk-stream4-00035":{"qoeTotal":15206.1419092168,"qoeBitrate":37000,"qoeRebuffer":0,"qoeLatency":18619.8,"qoeBitrateSwitch":3000,"qoePlaybackSpeed":174.05809078320078},"chunk-stream4-00036":{"qoeTotal":16292.3419092168,"qoeBitrate":39000,"qoeRebuffer":0,"qoeLatency":19533.6,"qoeBitrateSwitch":3000,"qoePlaybackSpeed":174.05809078320078},"chunk-stream4-00037":{"qoeTotal":17377.9419092168,"qoeBitrate":41000,"qoeRebuffer":0,"qoeLatency":20448,"qoeBitrateSwitch":3000,"qoePlaybackSpeed":174.05809078320078},"chunk-stream4-00038":{"qoeTotal":18463.541909216798,"qoeBitrate":43000,"qoeRebuffer":0,"qoeLatency":21362.4,"qoeBitrateSwitch":3000,"qoePlaybackSpeed":174.05809078320078},"chunk-stream4-00039":{"qoeTotal":19549.141909216796,"qoeBitrate":45000,"qoeRebuffer":0,"qoeLatency":22276.800000000003,"qoeBitrateSwitch":3000,"qoePlaybackSpeed":174.05809078320078},"chunk-stream4-00040":{"qoeTotal":20634.741909216795,"qoeBitrate":47000,"qoeRebuffer":0,"qoeLatency":23191.200000000004,"qoeBitrateSwitch":3000,"qoePlaybackSpeed":174.05809078320078},"chunk-stream4-00041":{"qoeTotal":21720.341909216793,"qoeBitrate":49000,"qoeRebuffer":0,"qoeLatency":24105.600000000006,"qoeBitrateSwitch":3000,"qoePlaybackSpeed":174.05809078320078},"chunk-stream4-00042":{"qoeTotal":22805.941909216792,"qoeBitrate":51000,"qoeRebuffer":0,"qoeLatency":25020.000000000007,"qoeBitrateSwitch":3000,"qoePlaybackSpeed":174.05809078320078},"chunk-stream4-00043":{"qoeTotal":23891.54190921679,"qoeBitrate":53000,"qoeRebuffer":0,"qoeLatency":25934.40000000001,"qoeBitrateSwitch":3000,"qoePlaybackSpeed":174.05809078320078},"chunk-stream4-00044":{"qoeTotal":24977.14190921679,"qoeBitrate":55000,"qoeRebuffer":0,"qoeLatency":26848.80000000001,"qoeBitrateSwitch":3000,"qoePlaybackSpeed":174.05809078320078},"chunk-stream4-00045":{"qoeTotal":26062.741909216787,"qoeBitrate":57000,"qoeRebuffer":0,"qoeLatency":27763.20000000001,"qoeBitrateSwitch":3000,"qoePlaybackSpeed":174.05809078320078},"chunk-stream4-00046":{"qoeTotal":27148.94190921679,"qoeBitrate":59000,"qoeRebuffer":0,"qoeLatency":28677.00000000001,"qoeBitrateSwitch":3000,"qoePlaybackSpeed":174.05809078320078},"chunk-stream4-00047":{"qoeTotal":28234.541909216787,"qoeBitrate":61000,"qoeRebuffer":0,"qoeLatency":29591.400000000012,"qoeBitrateSwitch":3000,"qoePlaybackSpeed":174.05809078320078},"chunk-stream4-00048":{"qoeTotal":29320.141909216785,"qoeBitrate":63000,"qoeRebuffer":0,"qoeLatency":30505.800000000014,"qoeBitrateSwitch":3000,"qoePlaybackSpeed":174.05809078320078},"chunk-stream4-00049":{"qoeTotal":30405.741909216784,"qoeBitrate":65000,"qoeRebuffer":0,"qoeLatency":31420.200000000015,"qoeBitrateSwitch":3000,"qoePlaybackSpeed":174.05809078320078},"chunk-stream4-00050":{"qoeTotal":31491.941909216785,"qoeBitrate":67000,"qoeRebuffer":0,"qoeLatency":32334.000000000015,"qoeBitrateSwitch":3000,"qoePlaybackSpeed":174.05809078320078},"chunk-stream4-00051":{"qoeTotal":32577.541909216783,"qoeBitrate":69000,"qoeRebuffer":0,"qoeLatency":33248.400000000016,"qoeBitrateSwitch":3000,"qoePlaybackSpeed":174.05809078320078},"chunk-stream4-00052":{"qoeTotal":33663.141909216785,"qoeBitrate":71000,"qoeRebuffer":0,"qoeLatency":34162.80000000002,"qoeBitrateSwitch":3000,"qoePlaybackSpeed":174.05809078320078},"chunk-stream4-00053":{"qoeTotal":34748.741909216784,"qoeBitrate":73000,"qoeRebuffer":0,"qoeLatency":35077.20000000002,"qoeBitrateSwitch":3000,"qoePlaybackSpeed":174.05809078320078},"chunk-stream4-00054":{"qoeTotal":35828.94190921678,"qoeBitrate":75000,"qoeRebuffer":0,"qoeLatency":35997.00000000002,"qoeBitrateSwitch":3000,"qoePlaybackSpeed":174.05809078320078},"chunk-stream4-00055":{"qoeTotal":36914.54190921678,"qoeBitrate":77000,"qoeRebuffer":0,"qoeLatency":36911.40000000002,"qoeBitrateSwitch":3000,"qoePlaybackSpeed":174.05809078320078},"chunk-stream4-00056":{"qoeTotal":38000.74190921678,"qoeBitrate":79000,"qoeRebuffer":0,"qoeLatency":37825.200000000026,"qoeBitrateSwitch":3000,"qoePlaybackSpeed":174.05809078320078},"chunk-stream4-00057":{"qoeTotal":39076.74190921678,"qoeBitrate":81000,"qoeRebuffer":0,"qoeLatency":38749.200000000026,"qoeBitrateSwitch":3000,"qoePlaybackSpeed":174.05809078320078},"chunk-stream4-00058":{"qoeTotal":40162.941909216774,"qoeBitrate":83000,"qoeRebuffer":0,"qoeLatency":39663.00000000003,"qoeBitrateSwitch":3000,"qoePlaybackSpeed":174.05809078320078},"chunk-stream4-00059":{"qoeTotal":41248.54190921677,"qoeBitrate":85000,"qoeRebuffer":0,"qoeLatency":40577.40000000003,"qoeBitrateSwitch":3000,"qoePlaybackSpeed":174.05809078320078},"chunk-stream4-00060":{"qoeTotal":42334.14190921677,"qoeBitrate":87000,"qoeRebuffer":0,"qoeLatency":41491.80000000003,"qoeBitrateSwitch":3000,"qoePlaybackSpeed":174.05809078320078},