{"chunk-stream2-00018":{"qoeTotal":-531.7015465383893,"qoeBitrate":500,"qoeRebuffer":0,"qoeLatency":984.6,"qoeBitrateSwitch":0,"qoePlaybackSpeed":47.10154653838921},"init-stream5":{"qoeTotal":-179.70154653838912,"qoeBitrate":3500,"qoeRebuffer":0,"qoeLatency":3132.6,"qoeBitrateSwitch":500,"qoePlaybackSpeed":47.10154653838921},"chunk-stream5-00019":{"qoeTotal":163.93708854821554,"qoeBitrate":6500,"qoeRebuffer":1503,"qoeLatency":4244.4,"qoeBitrateSwitch":500,"qoePlaybackSpeed":88.66291145178482},"init-stream4":{"qoeTotal":-1188.2160733983744,"qoeBitrate":8500,"qoeRebuffer":1503,"qoeLatency":7362.599999999999,"qoeBitrateSwitch":700,"qoePlaybackSpeed":122.61607339837488},"chunk-stream4-00020":{"qoeTotal":-1955.7591894828852,"qoeBitrate":10500,"qoeRebuffer":3030.599999964237,"qoeLatency":8565.599999999999,"qoeBitrateSwitch":700,"qoePlaybackSpeed":159.55918951864948},"chunk-stream4-00021":{"qoeTotal":-1258.731911832831,"qoeBitrate":12500,"qoeRebuffer":3030.599999964237,"qoeLatency":9830.999999999998,"qoeBitrateSwitch":700,"qoePlaybackSpeed":197.1319118685956},"chunk-stream4-00022":{"qoeTotal":-605.6945869869874,"qoeBitrate":14500,"qoeRebuffer":3030.599999964237,"qoeLatency":11146.799999999997,"qoeBitrateSwitch":700,"qoePlaybackSpeed":228.2945870227527},"chunk-stream4-00023":{"qoeTotal":7.084900773955837,"qoeBitrate":16500,"qoeRebuffer":3030.599999964237,"qoeLatency":12506.399999999998,"qoeBitrateSwitch":700,"qoePlaybackSpeed":255.91509926180913},"chunk-stream4-00024":{"qoeTotal":591.5325731093769,"qoeBitrate":18500,"qoeRebuffer":3030.599999964237,"qoeLatency":13901.999999999998,"qoeBitrateSwitch":700,"qoePlaybackSpeed":275.8674269263877},"chunk-stream4-00025":{"qoeTotal":1129.0670029177018,"qoeBitrate":20500,"qoeRebuffer":3030.599999964237,"qoeLatency":15336.599999999999,"qoeBitrateSwitch":700,"qoePlaybackSpeed":303.7329971180626},"chunk-stream4-00026":{"qoeTotal":1642.002356323702,"qoeBitrate":22500,"qoeRebuffer":3030.599999964237,"qoeLatency":16800.6,"qoeBitrateSwitch":700,"qoePlaybackSpeed":326.7976437120621},"chunk-stream4-00027":{"qoeTotal":2102.099715448899,"qoeBitrate":24500,"qoeRebuffer":3030.599999964237,"qoeLatency":18305.399999999998,"qoeBitrateSwitch":700,"qoePlaybackSpeed":361.9002845868657},"chunk-stream4-00028":{"qoeTotal":2543.439883507583,"qoeBitrate":26500,"qoeRebuffer":3030.599999964237,"qoeLatency":19846.8,"qoeBitrateSwitch":700,"qoePlaybackSpeed":379.1601165281803},"chunk-stream4-00029":{"qoeTotal":2938.5454432919155,"qoeBitrate":28500,"qoeRebuffer":3030.599999964237,"qoeLatency":21429,"qoeBitrateSwitch":700,"qoePlaybackSpeed":401.8545567438473},"chunk-stream4-00030":{"qoeTotal":3290.0849608039,"qoeBitrate":30500,"qoeRebuffer":3030.599999964237,"qoeLatency":23055,"qoeBitrateSwitch":700,"qoePlaybackSpeed":424.3150392318632},"chunk-stream4-00031":{"qoeTotal":3615.191333722415,"qoeBitrate":32500,"qoeRebuffer":3030.599999964237,"qoeLatency":24713.4,"qoeBitrateSwitch":700,"qoePlaybackSpeed":440.8086663133464},"chunk-stream4-00032":{"qoeTotal":3906.04576738533,"qoeBitrate":34500,"qoeRebuffer":3030.599999964237,"qoeLatency":26405.4,"qoeBitrateSwitch":700,"qoePlaybackSpeed":457.9542326504316},"chunk-stream4-00033":{"qoeTotal":4144.840060929211,"qoeBitrate":36500,"qoeRebuffer":3030.599999964237,"qoeLatency":28138.2,"qoeBitrateSwitch":700,"qoePlaybackSpeed":486.35993910655117},"chunk-stream4-00034":{"qoeTotal":4343.795631872122,"qoeBitrate":38500,"qoeRebuffer":3030.599999964237,"qoeLatency":29908.2,"qoeBitrateSwitch":700,"qoePlaybackSpeed":517.4043681636402},"chunk-stream4-00035":{"qoeTotal":4535.325775329498,"qoeBitrate":40500,"qoeRebuffer":3030.599999964237,"qoeLatency":31701,"qoeBitrateSwitch":700,"qoePlaybackSpeed":533.0742247062648},"chunk-stream4-00036":{"qoeTotal":4703.063859611049,"qoeBitrate":42500,"qoeRebuffer":3030.599999964237,"qoeLatency":33515.4,"qoeBitrateSwitch":700,"qoePlaybackSpeed":550.9361404247118},"chunk-stream4-00037":{"qoeTotal":4830.434361358658,"qoeBitrate":44500,"qoeRebuffer":3030.599999964237,"qoeLatency":35362.200000000004,"qoeBitrateSwitch":700,"qoePlaybackSpeed":576.7656386771001},"chunk-stream4-00038":{"qoeTotal":4930.7979462846815,"qoeBitrate":46500,"qoeRebuffer":3030.599999964237,"qoeLatency":37251.00000000001,"qoeBitrateSwitch":700,"qoePlaybackSpeed":587.6020537510744},"chunk-stream4-00039":{"qoeTotal":4981.727458507726,"qoeBitrate":48500,"qoeRebuffer":3030.599999964237,"qoeLatency":39178.200000000004,"qoeBitrateSwitch":700,"qoePlaybackSpeed":609.4725415280329},"chunk-stream4-00040":{"qoeTotal":4979.335868036298,"qoeBitrate":50500,"qoeRebuffer":3030.599999964237,"qoeLatency":41149.8,"qoeBitrateSwitch":700,"qoePlaybackSpeed":640.2641319994618},"chunk-stream4-00041":{"qoeTotal":4922.9728963480575,"qoeBitrate":52500,"qoeRebuffer":3030.599999964237,"qoeLatency":43185,"qoeBitrateSwitch":700,"qoePlaybackSpeed":661.427103687705},"chunk-stream4-00042":{"qoeTotal":4847.187630670519,"qoeBitrate":54500,"qoeRebuffer":3030.599999964237,"qoeLatency":45244.8,"qoeBitrateSwitch":700,"qoePlaybackSpeed":677.4123693652408},"chunk-stream4-00043":{"qoeTotal":4721.3947313313,"qoeBitrate":56500,"qoeRebuffer":3030.599999964237,"qoeLatency":47310.600000000006,"qoeBitrateSwitch":700,"qoePlaybackSpeed":737.4052687044572},"chunk-stream4-00044":{"qoeTotal":4658.928015686154,"qoeBitrate":58500,"qoeRebuffer":3030.599999964237,"qoeLatency":49351.200000000004,"qoeBitrateSwitch":700,"qoePlaybackSpeed":759.2719843496046},"chunk-stream4-00045":{"qoeTotal":4596.039240724,"qoeBitrate":60500,"qoeRebuffer":3030.599999964237,"qoeLatency":51406.8,"qoeBitrateSwitch":700,"qoePlaybackSpeed":766.5607593117606},"chunk-stream4-00046":{"qoeTotal":4495.767239912149,"qoeBitrate":62500,"qoeRebuffer":3030.599999964237,"qoeLatency":53482.8,"qoeBitrateSwitch":700,"qoePlaybackSpeed":790.8327601236109},"chunk-stream4-00047":{"qoeTotal":4413.318233802588,"qoeBitrate":64500,"qoeRebuffer":3030.599999964237,"qoeLatency":55553.4,"qoeBitrateSwitch":700,"qoePlaybackSpeed":802.6817662331733},"chunk-stream4-00048":{"qoeTotal":4392.648167267193,"qoeBitrate":66500,"qoeRebuffer":3030.599999964237,"qoeLatency":57564,"qoeBitrateSwitch":700,"qoePlaybackSpeed":812.7518327685699},"chunk-stream4-00049":{"qoeTotal":4344.433153782149,"qoeBitrate":68500,"qoeRebuffer":3030.599999964237,"qoeLatency":59594.4,"qoeBitrateSwitch":700,"qoePlaybackSpeed":830.5668462536127},"chunk-stream4-00050":{"qoeTotal":4212.288994698791,"qoeBitrate":70500,"qoeRebuffer":3030.599999964237,"qoeLatency":61693.200000000004,"qoeBitrateSwitch":700,"qoePlaybackSpeed":863.9110053369677},"chunk-stream4-00051":{"qoeTotal":2452.1332519147873,"qoeBitrate":72500,"qoeRebuffer":4603.799999982119,"qoeLatency":63841.200000000004,"qoeBitrateSwitch":700,"qoePlaybackSpeed":902.86674810309},"chunk-stream4-00052":{"qoeTotal":2216.9763872104113,"qoeBitrate":74500,"qoeRebuffer":4603.799999982119,"qoeLatency":66032.40000000001,"qoeBitrateSwitch":700,"qoePlaybackSpeed":946.8236128074611},"chunk-stream4-00053":{"qoeTotal":1951.978602157607,"qoeBitrate":76500,"qoeRebuffer":4603.799999982119,"qoeLatency":68237.40000000001,"qoeBitrateSwitch":700,"qoePlaybackSpeed":1006.8213978602656},"chunk-stream4-00054":{"qoeTotal":1761.3808171047967,"qoeBitrate":78500,"qoeRebuffer":4603.799999982119,"qoeLatency":70368.00000000001,"qoeBitrateSwitch":700,"qoePlaybackSpeed":1066.81918291307},"chunk-stream4-00055":{"qoeTotal":1613.3808171047967,"qoeBitrate":80500,"qoeRebuffer":4603.799999982119,"qoeLatency":72516.00000000001,"qoeBitrateSwitch":700,"qoePlaybackSpeed":1066.81918291307},"chunk-stream5-00056":{"qoeTotal":-5855.57838796404,"qoeBitrate":83500,"qoeRebuffer":12034.200000017881,"qoeLatency":75324.60000000002,"qoeBitrateSwitch":900,"qoePlaybackSpeed":1096.778387946139},"chunk-stream5-00057":{"qoeTotal":-9105.683228925229,"qoeBitrate":86500,"qoeRebuffer":15130.200000017881,"qoeLatency":78436.80000000002,"qoeBitrateSwitch":900,"qoePlaybackSpeed":1138.6832289073297},"chunk-stream4-00058":{"qoeTotal":-12214.551274750593,"qoeBitrate":88500,