{"init-stream2":{"qoeTotal":497.94,"qoeBitrate":500,"qoeRebuffer":0,"qoeLatency":2.06,"qoeBitrateSwitch":0,"qoePlaybackSpeed":0},"chunk-stream2-00021":{"qoeTotal":970.9694081164491,"qoeBitrate":1000,"qoeRebuffer":0,"qoeLatency":5.9399999999999995,"qoeBitrateSwitch":0,"qoePlaybackSpeed":23.090591883550783},"chunk-stream2-00022":{"qoeTotal":1449.0693114303142,"qoeBitrate":1500,"qoeRebuffer":0,"qoeLatency":10.3,"qoeBitrateSwitch":0,"qoePlaybackSpeed":40.630688569685745},"chunk-stream2-00023":{"qoeTotal":1934.5752418377392,"qoeBitrate":2000,"qoeRebuffer":0,"qoeLatency":15.11,"qoeBitrateSwitch":0,"qoePlaybackSpeed":50.314758162260894},"chunk-stream2-00024":{"qoeTotal":2419.841172245164,"qoeBitrate":2500,"qoeRebuffer":0,"qoeLatency":20.16,"qoeBitrateSwitch":0,"qoePlaybackSpeed":59.99882775483604},"chunk-stream2-00025":{"qoeTotal":2911.569137291419,"qoeBitrate":3000,"qoeRebuffer":0,"qoeLatency":25.35,"qoeBitrateSwitch":0,"qoePlaybackSpeed":63.08086270858108},"chunk-stream2-00026":{"qoeTotal":3403.217102337674,"qoeBitrate":3500,"qoeRebuffer":0,"qoeLatency":30.62,"qoeBitrateSwitch":0,"qoePlaybackSpeed":66.16289766232612},"chunk-stream2-00027":{"qoeTotal":3894.785067383929,"qoeBitrate":4000,"qoeRebuffer":0,"qoeLatency":35.97,"qoeBitrateSwitch":0,"qoePlaybackSpeed":69.24493261607115},"chunk-stream2-00028":{"qoeTotal":4387.769765877813,"qoeBitrate":4500,"qoeRebuffer":0,"qoeLatency":41.43,"qoeBitrateSwitch":0,"qoePlaybackSpeed":70.80023412218658},"chunk-stream2-00029":{"qoeTotal":4874.362303694562,"qoeBitrate":5000,"qoeRebuffer":0,"qoeLatency":46.94,"qoeBitrateSwitch":0,"qoePlaybackSpeed":78.69769630543816},"chunk-stream2-00030":{"qoeTotal":3809.5373606885814,"qoeBitrate":5500,"qoeRebuffer":1511.4000002145767,"qoeLatency":54.849999999999994,"qoeBitrateSwitch":0,"qoePlaybackSpeed":124.21263909684194},"chunk-stream2-00031":{"qoeTotal":1140.0124955776853,"qoeBitrate":6000,"qoeRebuffer":4620.600000143051,"qoeLatency":68.02,"qoeBitrateSwitch":0,"qoePlaybackSpeed":171.36750427926367},"chunk-stream2-00032":{"qoeTotal":-4227.142369676262,"qoeBitrate":6500,"qoeRebuffer":9296.400000214577,"qoeLatency":1212.22,"qoeBitrateSwitch":0,"qoePlaybackSpeed":218.5223694616854},"chunk-stream2-00033":{"qoeTotal":-10087.497234787159,"qoeBitrate":7000,"qoeRebuffer":14058.600000143051,"qoeLatency":2763.2200000000003,"qoeBitrateSwitch":0,"qoePlaybackSpeed":265.67723464410716},"chunk-stream2-00034":{"qoeTotal":-15567.30848027607,"qoeBitrate":7500,"qoeRebuffer":18181.199999928474,"qoeLatency":4573.42,"qoeBitrateSwitch":0,"qoePlaybackSpeed":312.68848034759463},"chunk-stream2-00035":{"qoeTotal":-21127.253857756266,"qoeBitrate":8000,"qoeRebuffer":22137.599999785423,"qoeLatency":6630.22,"qoeBitrateSwitch":0,"qoePlaybackSpeed":359.4338579708422},"chunk-stream2-00036":{"qoeTotal":-26591.241269109072,"qoeBitrate":8500,"qoeRebuffer":25763.999999642372,"qoeLatency":8921.02,"qoeBitrateSwitch":0,"qoePlaybackSpeed":406.22126946669954},"chunk-stream2-00037":{"qoeTotal":-31852.56613750631,"qoeBitrate":9000,"qoeRebuffer":28878.599999427795,"qoeLatency":11528.02,"qoeBitrateSwitch":0,"qoePlaybackSpeed":445.9461380785133},"chunk-stream2-00038":{"qoeTotal":-37364.76343850949,"qoeBitrate":9500,"qoeRebuffer":31972.79999935627,"qoeLatency":14401.42,"qoeBitrateSwitch":0,"qoePlaybackSpeed":490.54343915322727},"chunk-stream2-00039":{"qoeTotal":-43176.96073929811,"qoeBitrate":10000,"qoeRebuffer":35085.59999907017,"qoeLatency":17556.22,"qoeBitrateSwitch":0,"qoePlaybackSpeed":535.1407402279413},"chunk-stream2-00040":{"qoeTotal":-50442.81113293885,"qoeBitrate":10500,"qoeRebuffer":39335.99999892712,"qoeLatency":21024.22,"qoeBitrateSwitch":0,"qoePlaybackSpeed":582.591134011728},"chunk-stream2-00041":{"qoeTotal":-59274.46620560538,"qoeBitrate":11000,"qoeRebuffer":44798.39999914169,"qoeLatency":24850.420000000002,"qoeBitrateSwitch":0,"qoePlaybackSpeed":625.6462064636879},"chunk-stream2-00042":{"qoeTotal":-65310.99805928211,"qoeBitrate":11500,"qoeRebuffer":47296.79999935627,"qoeLatency":28841.02,"qoeBitrateSwitch":0,"qoePlaybackSpeed":673.1780599258377},"chunk-stream2-00043":{"qoeTotal":-73779.49850527395,"qoeBitrate":12000,"qoeRebuffer":51991.79999935627,"qoeLatency":33072.82,"qoeBitrateSwitch":0,"qoePlaybackSpeed":714.8785059176706},"chunk-stream2-00044":{"qoeTotal":-80903.63215736527,"qoeBitrate":12500,"qoeRebuffer":55098.599999427795,"qoeLatency":37547.62,"qoeBitrateSwitch":0,"qoePlaybackSpeed":757.4121579374706},"chunk-stream2-00045":{"qoeTotal":-88334.18966180173,"qoeBitrate":13000,"qoeRebuffer":58246.19999921322,"qoeLatency":42284.62,"qoeBitrateSwitch":0,"qoePlaybackSpeed":803.369662588521},"chunk-stream2-00046":{"qoeTotal":-96040.3030180728,"qoeBitrate":13500,"qoeRebuffer":61420.19999921322,"qoeLatency":47271.82,"qoeBitrateSwitch":0,"qoePlaybackSpeed":848.2830188595714},"chunk-stream2-00047":{"qoeTotal":-103950.91060521494,"qoeBitrate":14000,"qoeRebuffer":64534.19999921322,"qoeLatency":52526.619999999995,"qoeBitrateSwitch":0,"qoePlaybackSpeed":890.0906060017322},"chunk-stream2-00048":{"qoeTotal":-112119.46590099059,"qoeBitrate":14500,"qoeRebuffer":67657.79999899864,"qoeLatency":58030.42,"qoeBitrateSwitch":0,"qoePlaybackSpeed":931.2459019919497},"chunk-stream2-00049":{"qoeTotal":-120634.50847768158,"qoeBitrate":15000,"qoeRebuffer":70810.19999885559,"qoeLatency":63849.82,"qoeBitrateSwitch":0,"qoePlaybackSpeed":974.4884788259735},"chunk-stream2-00050":{"qoeTotal":-133260.44090183408,"qoeBitrate":15500,"qoeRebuffer":77608.19999921322,"qoeLatency":70130.62,"qoeBitrateSwitch":0,"qoePlaybackSpeed":1021.6209026208804},"chunk-stream2-00051":{"qoeTotal":-143289.57332570053,"qoeBitrate":16000,"qoeRebuffer":81461.99999928474,"qoeLatency":76758.81999999999,"qoeBitrateSwitch":0,"qoePlaybackSpeed":1068.7533264157873},"chunk-stream2-00052":{"qoeTotal":-151194.90491452732,"qoeBitrate":16500,"qoeRebuffer":82986.59999907017,"qoeLatency":83603.01999999999,"qoeBitrateSwitch":0,"qoePlaybackSpeed":1105.284915457149},"chunk-stream2-00053":{"qoeTotal":-159332.09083799977,"qoeBitrate":17000,"qoeRebuffer":84552.59999907017,"qoeLatency":90635.62,"qoeBitrateSwitch":0,"qoePlaybackSpeed":1143.8708389295944},"chunk-stream2-00054":{"qoeTotal":-167662.8859051243,"qoeBitrate":17500,"qoeRebuffer":86098.19999921322,"qoeLatency":97872.22,"qoeBitrateSwitch":0,"qoePlaybackSpeed":1192.4659059110918},"chunk-stream2-00055":{"qoeTotal":-176595.845399038,"qoeBitrate":18000,"qoeRebuffer":87608.3999991417,"qoeLatency":105762.22,"qoeBitrateSwitch":0,"qoePlaybackSpeed":1225.2253998963076},"chunk-stream2-00056":{"qoeTotal":-197395.53693614068,"qoeBitrate":18500,"qoeRebuffer":100271.99999928474,"qoeLatency":114353.02,"qoeBitrateSwitch":0,"qoePlaybackSpeed":1270.5169368559236},"chunk-stream2-00057":{"qoeTotal":-210610.6109112894,"qoeBitrate":19000,"qoeRebuffer":104968.19999921322,"qoeLatency":123325.42,"qoeBitrateSwitch":0,"qoePlaybackSpeed":1316.990912076188},"chunk-stream2-00058":{"qoeTotal":-224222.88488643814,"qoeBitrate":19500,"qoeRebuffer":109715.3999991417,"qoeLatency":132644.02,"qoeBitrateSwitch":0,"qoePlaybackSpeed":1363.4648872964522},"chunk-stream2-00059":{"qoeTotal":-236510.95886144383,"qoeBitrate":20000,"qoeRebuffer":112841.99999892712,"qoeLatency":142259.02,"qoeBitrateSwitch":0,"qoePlaybackSpeed":1409.9388625167164},"chunk-stream2-00060":{"qoeTotal":-250111.57329132158,"qoeBitrate":20500,"qoeRebuffer":116999.99999856949,"qoeLatency":152154.81999999998,"qoeBitrateSwitch":0,"qoePlaybackSpeed":1456.753292752112},"chunk-stream2-00061":{"qoeTotal":-262984.06799841084,"qoeBitrate":21000,"qoeRebuffer":120138.59999871254,"qoeLatency":162347.02,"qoeBitrateSwitch":0,"qoePlaybackSpeed":1498.4479996982918},"chunk-stream2-00062":{"qoeTotal":-276976.9585873759,"qoeBitrate":21500,"qoeRebuffer":124119.59999871254,"qoeLatency":172814.02,"qoeBitrateSwitch":0,"qoePlaybackSpeed":1543.3385886633346},"chunk-stream2-00063":{"qoeTotal":-291275.7166783394,"qoeBitrate":22000,"qoeRebuffer":128117.99999856949,"qoeLatency":183569.62,"qoeBitrateSwitch":0,