{"chunk-stream2-00018":{"qoeTotal":-532.185973502963,"qoeBitrate":500,"qoeRebuffer":0,"qoeLatency":985.1999999999999,"qoeBitrateSwitch":0,"qoePlaybackSpeed":46.98597350296308},"init-stream5":{"qoeTotal":-4563.785973502962,"qoeBitrate":3500,"qoeRebuffer":0,"qoeLatency":7456.799999999999,"qoeBitrateSwitch":500,"qoePlaybackSpeed":106.98597350296305},"chunk-stream5-00019":{"qoeTotal":-4229.155689782186,"qoeBitrate":6500,"qoeRebuffer":1498.2000000178814,"qoeLatency":8580,"qoeBitrateSwitch":500,"qoePlaybackSpeed":150.95568976430408},"init-stream4":{"qoeTotal":-10420.178113171813,"qoeBitrate":8500,"qoeRebuffer":1498.2000000178814,"qoeLatency":16563,"qoeBitrateSwitch":700,"qoePlaybackSpeed":158.97811315393156},"chunk-stream4-00020":{"qoeTotal":-11234.872297293537,"qoeBitrate":10500,"qoeRebuffer":3022.2000000178814,"qoeLatency":17814,"qoeBitrateSwitch":700,"qoePlaybackSpeed":198.6722972756566},"chunk-stream4-00021":{"qoeTotal":-10574.523876079224,"qoeBitrate":12500,"qoeRebuffer":3022.2000000178814,"qoeLatency":19125.6,"qoeBitrateSwitch":700,"qoePlaybackSpeed":226.72387606134413},"chunk-stream4-00022":{"qoeTotal":-9983.03745159299,"qoeBitrate":14500,"qoeRebuffer":3022.2000000178814,"qoeLatency":20491.8,"qoeBitrateSwitch":700,"qoePlaybackSpeed":269.0374515751099},"chunk-stream4-00023":{"qoeTotal":-9415.274457172054,"qoeBitrate":16500,"qoeRebuffer":3022.2000000178814,"qoeLatency":21906,"qoeBitrateSwitch":700,"qoePlaybackSpeed":287.07445715417356},"chunk-stream4-00024":{"qoeTotal":-8913.991929562408,"qoeBitrate":18500,"qoeRebuffer":3022.2000000178814,"qoeLatency":23366.4,"qoeBitrateSwitch":700,"qoePlaybackSpeed":325.39192954452517},"chunk-stream4-00025":{"qoeTotal":-8421.16070162098,"qoeBitrate":20500,"qoeRebuffer":3022.2000000178814,"qoeLatency":24859.800000000003,"qoeBitrateSwitch":700,"qoePlaybackSpeed":339.16070160309545},"chunk-stream4-00026":{"qoeTotal":-7973.607723809007,"qoeBitrate":22500,"qoeRebuffer":3022.2000000178814,"qoeLatency":26394.000000000004,"qoeBitrateSwitch":700,"qoePlaybackSpeed":357.4077237911222},"chunk-stream4-00027":{"qoeTotal":-7590.598134639167,"qoeBitrate":24500,"qoeRebuffer":3022.2000000178814,"qoeLatency":27975.000000000004,"qoeBitrateSwitch":700,"qoePlaybackSpeed":393.3981346212819},"chunk-stream4-00028":{"qoeTotal":-7267.133780919267,"qoeBitrate":26500,"qoeRebuffer":3022.2000000178814,"qoeLatency":29619.000000000004,"qoeBitrateSwitch":700,"qoePlaybackSpeed":425.9337809013824},"chunk-stream4-00029":{"qoeTotal":-7000.625069631489,"qoeBitrate":28500,"qoeRebuffer":3022.2000000178814,"qoeLatency":31324.200000000004,"qoeBitrateSwitch":700,"qoePlaybackSpeed":454.2250696136037},"chunk-stream4-00030":{"qoeTotal":-6804.157824644672,"qoeBitrate":30500,"qoeRebuffer":3022.2000000178814,"qoeLatency":33090.00000000001,"qoeBitrateSwitch":700,"qoePlaybackSpeed":491.9578246267825},"chunk-stream4-00031":{"qoeTotal":-6652.231032724834,"qoeBitrate":32500,"qoeRebuffer":3022.2000000178814,"qoeLatency":34910.40000000001,"qoeBitrateSwitch":700,"qoePlaybackSpeed":519.6310327069438},"chunk-stream4-00032":{"qoeTotal":-6571.2374900476125,"qoeBitrate":34500,"qoeRebuffer":3022.2000000178814,"qoeLatency":36789.600000000006,"qoeBitrateSwitch":700,"qoePlaybackSpeed":559.437490029725},"chunk-stream4-00033":{"qoeTotal":-6550.799284731244,"qoeBitrate":36500,"qoeRebuffer":3022.2000000178814,"qoeLatency":38731.200000000004,"qoeBitrateSwitch":700,"qoePlaybackSpeed":597.3992847133584},"chunk-stream4-00034":{"qoeTotal":-6582.082123661447,"qoeBitrate":38500,"qoeRebuffer":3022.2000000178814,"qoeLatency":40728.600000000006,"qoeBitrateSwitch":700,"qoePlaybackSpeed":631.2821236435605},"chunk-stream4-00035":{"qoeTotal":-13923.598372450599,"qoeBitrate":40500,"qoeRebuffer":9711.600000053644,"qoeLatency":43332.600000000006,"qoeBitrateSwitch":700,"qoePlaybackSpeed":679.3983723969484},"init-stream3":{"qoeTotal":-19106.681940192986,"qoeBitrate":41750,"qoeRebuffer":9711.600000053644,"qoeLatency":49567.8,"qoeBitrateSwitch":850,"qoePlaybackSpeed":727.2819401393376},"chunk-stream3-00036":{"qoeTotal":-32517.198188946375,"qoeBitrate":43000,"qoeRebuffer":20796.600000053644,"qoeLatency":53095.200000000004,"qoeBitrateSwitch":850,"qoePlaybackSpeed":775.3981888927256},"chunk-stream3-00037":{"qoeTotal":-45622.9144377534,"qoeBitrate":44250,"qoeRebuffer":30799.20000010729,"qoeLatency":57400.200000000004,"qoeBitrateSwitch":850,"qoePlaybackSpeed":823.5144376461135},"chunk-stream3-00038":{"qoeTotal":-50309.82753360292,"qoeBitrate":45500,"qoeRebuffer":32332.800000071526,"qoeLatency":61758.00000000001,"qoeBitrateSwitch":850,"qoePlaybackSpeed":869.0275335313835},"chunk-stream3-00039":{"qoeTotal":-53490.827533602875,"qoeBitrate":46750,"qoeRebuffer":32332.800000071526,"qoeLatency":66129,"qoeBitrateSwitch":850,"qoePlaybackSpeed":929.0275335313515},"chunk-stream3-00040":{"qoeTotal":-56617.227533602825,"qoeBitrate":48000,"qoeRebuffer":32332.800000071526,"qoeLatency":70445.4,"qoeBitrateSwitch":850,"qoePlaybackSpeed":989.0275335313078},"chunk-stream5-00041":{"qoeTotal":-58328.42285950955,"qoeBitrate":51000,"qoeRebuffer":32332.800000071526,"qoeLatency":74769,"qoeBitrateSwitch":1200,"qoePlaybackSpeed":1026.622859438024},"chunk-stream4-00042":{"qoeTotal":-60910.68697959996,"qoeBitrate":53000,"qoeRebuffer":32332.800000071526,"qoeLatency":79138.2,"qoeBitrateSwitch":1400,"qoePlaybackSpeed":1039.6869795284338},"chunk-stream4-00043":{"qoeTotal":-63294.9457518543,"qoeBitrate":55000,"qoeRebuffer":32332.800000071526,"qoeLatency":83520,"qoeBitrateSwitch":1400,"qoePlaybackSpeed":1042.1457517827705},"chunk-stream4-00044":{"qoeTotal":-65662.61097524838,"qoeBitrate":57000,"qoeRebuffer":32332.800000071526,"qoeLatency":87873,"qoeBitrateSwitch":1400,"qoePlaybackSpeed":1056.8109751768482},"chunk-stream4-00045":{"qoeTotal":-68009.67879762896,"qoeBitrate":59000,"qoeRebuffer":32332.800000071526,"qoeLatency":92217,"qoeBitrateSwitch":1400,"qoePlaybackSpeed":1059.8787975574396},"chunk-stream4-00046":{"qoeTotal":-70365.88991224491,"qoeBitrate":61000,"qoeRebuffer":32332.800000071526,"qoeLatency":96566.4,"qoeBitrateSwitch":1400,"qoePlaybackSpeed":1066.6899121733845},"chunk-stream4-00047":{"qoeTotal":-72765.08991224486,"qoeBitrate":63000,"qoeRebuffer":32332.800000071526,"qoeLatency":100905.59999999999,"qoeBitrateSwitch":1400,"qoePlaybackSpeed":1126.6899121733427},"chunk-stream4-00048":{"qoeTotal":-75100.0525217961,"qoeBitrate":65000,"qoeRebuffer":32332.800000071526,"qoeLatency":105232.2,"qoeBitrateSwitch":1400,"qoePlaybackSpeed":1135.0525217245802},"chunk-stream4-00049":{"qoeTotal":-99987.73608950272,"qoeBitrate":67000,"qoeRebuffer":52943.40000003576,"qoeLatency":111461.4,"qoeBitrateSwitch":1400,"qoePlaybackSpeed":1182.9360894669694},"chunk-stream3-00050":{"qoeTotal":-109627.58191914795,"qoeBitrate":68250,"qoeRebuffer":57066.59999996424,"qoeLatency":118035,"qoeBitrateSwitch":1550,"qoePlaybackSpeed":1225.98191918371},"chunk-stream3-00051":{"qoeTotal":-114988.64827084691,"qoeBitrate":69500,"qoeRebuffer":57066.59999996424,"qoeLatency":124631.4,"qoeBitrateSwitch":1550,"qoePlaybackSpeed":1240.6482708826795},"chunk-stream3-00052":{"qoeTotal":-120377.0482708469,"qoeBitrate":70750,"qoeRebuffer":57066.59999996424,"qoeLatency":131209.8,"qoeBitrateSwitch":1550,"qoePlaybackSpeed":1300.6482708826795},"chunk-stream4-00053":{"qoeTotal":-125070.01052564153,"qoeBitrate":72750,"qoeRebuffer":57066.59999996424,"qoeLatency":137747.4,"qoeBitrateSwitch":1700,"qoePlaybackSpeed":1306.0105256772897},"chunk-stream4-00054":{"qoeTotal":-129617.81052564151,"qoeBitrate":74750,"qoeRebuffer":57066.59999996424,"qoeLatency":144235.19999999998,"qoeBitrateSwitch":1700,"qoePlaybackSpeed":1366.0105256772897},"chunk-stream5-00054":{"qoeTotal":-133284.50754403896,"qoeBitrate":77750,"qoeRebuffer":57066.59999996424,"qoeLatency":150650.99999999997,"qoeBitrateSwitch":1900,"qoePlaybackSpeed":1416.9075440747406},"chunk-stream5-00055":{"qoeTotal":-140372.30754405685,"qoeBitrate":80750,"qoeRebuffer":60169.79999998212,"qoeLatency":157635.59999999998,"qoeBitrateSwitch":1900,