{"chunk-stream2-00018":{"qoeTotal":-661.3211756427015,"qoeBitrate":500,"qoeRebuffer":0,"qoeLatency":1113.6000000000001,"qoeBitrateSwitch":0,"qoePlaybackSpeed":47.721175642701375},"chunk-stream2-00019":{"qoeTotal":-1359.5268768630092,"qoeBitrate":1000,"qoeRebuffer":0,"qoeLatency":2280.6000000000004,"qoeBitrateSwitch":0,"qoePlaybackSpeed":78.92687686300874},"chunk-stream2-00020":{"qoeTotal":-2116.0894602755543,"qoeBitrate":1500,"qoeRebuffer":0,"qoeLatency":3497.4000000000005,"qoeBitrateSwitch":0,"qoePlaybackSpeed":118.68946027555359},"chunk-stream2-00021":{"qoeTotal":-2866.1785663403907,"qoeBitrate":2000,"qoeRebuffer":0,"qoeLatency":4728.6,"qoeBitrateSwitch":0,"qoePlaybackSpeed":137.5785663403905},"chunk-stream2-00022":{"qoeTotal":-3543.8987448085554,"qoeBitrate":2500,"qoeRebuffer":0,"qoeLatency":5904.6,"qoeBitrateSwitch":0,"qoePlaybackSpeed":139.29874480855483},"chunk-stream2-00023":{"qoeTotal":-4221.279613399259,"qoeBitrate":3000,"qoeRebuffer":0,"qoeLatency":7071.6,"qoeBitrateSwitch":0,"qoePlaybackSpeed":149.67961339925824},"chunk-stream2-00024":{"qoeTotal":-4880.11059245128,"qoeBitrate":3500,"qoeRebuffer":0,"qoeLatency":8211.6,"qoeBitrateSwitch":0,"qoePlaybackSpeed":168.5105924512804},"chunk-stream2-00025":{"qoeTotal":-5562.605497921685,"qoeBitrate":4000,"qoeRebuffer":0,"qoeLatency":9377.4,"qoeBitrateSwitch":0,"qoePlaybackSpeed":185.20549792168515},"chunk-stream2-00026":{"qoeTotal":-6335.288677299017,"qoeBitrate":4500,"qoeRebuffer":0,"qoeLatency":10607.4,"qoeBitrateSwitch":0,"qoePlaybackSpeed":227.88867729901682},"init-stream1":{"qoeTotal":-7774.6603705052385,"qoeBitrate":4800,"qoeRebuffer":0,"qoeLatency":11890.8,"qoeBitrateSwitch":400,"qoePlaybackSpeed":283.8603705052389},"chunk-stream1-00027":{"qoeTotal":-8800.829448554068,"qoeBitrate":5100,"qoeRebuffer":0,"qoeLatency":13171.8,"qoeBitrateSwitch":400,"qoePlaybackSpeed":329.0294485540696},"chunk-stream1-00028":{"qoeTotal":-9801.578402951913,"qoeBitrate":5400,"qoeRebuffer":0,"qoeLatency":14470.8,"qoeBitrateSwitch":400,"qoePlaybackSpeed":330.77840295191436},"chunk-stream1-00029":{"qoeTotal":-10823.48036208491,"qoeBitrate":5700,"qoeRebuffer":0,"qoeLatency":15738,"qoeBitrateSwitch":400,"qoePlaybackSpeed":385.4803620849106},"chunk-stream1-00030":{"qoeTotal":-11778.027954377772,"qoeBitrate":6000,"qoeRebuffer":0,"qoeLatency":16941,"qoeBitrateSwitch":400,"qoePlaybackSpeed":437.0279543777725},"chunk-stream1-00031":{"qoeTotal":-12679.965225596392,"qoeBitrate":6300,"qoeRebuffer":0,"qoeLatency":18094.8,"qoeBitrateSwitch":400,"qoePlaybackSpeed":485.1652255963922},"chunk-stream1-00032":{"qoeTotal":-13526.122805665333,"qoeBitrate":6600,"qoeRebuffer":0,"qoeLatency":19198.2,"qoeBitrateSwitch":400,"qoePlaybackSpeed":527.9228056653326},"chunk-stream1-00033":{"qoeTotal":-14315.384872292363,"qoeBitrate":6900,"qoeRebuffer":0,"qoeLatency":20251.2,"qoeBitrateSwitch":400,"qoePlaybackSpeed":564.1848722923625},"chunk-stream1-00034":{"qoeTotal":-15071.926182326259,"qoeBitrate":7200,"qoeRebuffer":0,"qoeLatency":21276.600000000002,"qoeBitrateSwitch":400,"qoePlaybackSpeed":595.3261823262558},"chunk-stream1-00035":{"qoeTotal":-15797.218141216224,"qoeBitrate":7500,"qoeRebuffer":0,"qoeLatency":22275.600000000002,"qoeBitrateSwitch":400,"qoePlaybackSpeed":621.6181412162218},"chunk-stream1-00036":{"qoeTotal":-16501.65374153793,"qoeBitrate":7800,"qoeRebuffer":0,"qoeLatency":23256.600000000002,"qoeBitrateSwitch":400,"qoePlaybackSpeed":645.0537415379297},"chunk-stream1-00037":{"qoeTotal":-17180.879967366793,"qoeBitrate":8100,"qoeRebuffer":0,"qoeLatency":24217.800000000003,"qoeBitrateSwitch":400,"qoePlaybackSpeed":663.0799673667889},"chunk-stream1-00038":{"qoeTotal":-17840.122486580287,"qoeBitrate":8400,"qoeRebuffer":0,"qoeLatency":25165.200000000004,"qoeBitrateSwitch":400,"qoePlaybackSpeed":674.9224865802831},"chunk-stream1-00039":{"qoeTotal":-18478.635940619253,"qoeBitrate":8700,"qoeRebuffer":0,"qoeLatency":26096.400000000005,"qoeBitrateSwitch":400,"qoePlaybackSpeed":682.235940619249},"chunk-stream1-00040":{"qoeTotal":-19103.527522060507,"qoeBitrate":9000,"qoeRebuffer":0,"qoeLatency":27016.800000000007,"qoeBitrateSwitch":400,"qoePlaybackSpeed":686.7275220604989},"init-stream0":{"qoeTotal":-20560.381119078014,"qoeBitrate":9100,"qoeRebuffer":0,"qoeLatency":28128.600000000006,"qoeBitrateSwitch":800,"qoePlaybackSpeed":731.7811190780089},"chunk-stream0-00041":{"qoeTotal":-21377.181119078014,"qoeBitrate":9200,"qoeRebuffer":0,"qoeLatency":29045.400000000005,"qoeBitrateSwitch":800,"qoePlaybackSpeed":731.7811190780089},"chunk-stream0-00042":{"qoeTotal":-22193.981119078013,"qoeBitrate":9300,"qoeRebuffer":0,"qoeLatency":29962.200000000004,"qoeBitrateSwitch":800,"qoePlaybackSpeed":731.7811190780089},"chunk-stream0-00043":{"qoeTotal":-23010.781119078012,"qoeBitrate":9400,"qoeRebuffer":0,"qoeLatency":30879.000000000004,"qoeBitrateSwitch":800,"qoePlaybackSpeed":731.7811190780089},"chunk-stream0-00044":{"qoeTotal":-23827.58111907801,"qoeBitrate":9500,"qoeRebuffer":0,"qoeLatency":31795.800000000003,"qoeBitrateSwitch":800,"qoePlaybackSpeed":731.7811190780089},"chunk-stream0-00045":{"qoeTotal":-24644.38111907801,"qoeBitrate":9600,"qoeRebuffer":0,"qoeLatency":32712.600000000002,"qoeBitrateSwitch":800,"qoePlaybackSpeed":731.7811190780089},"chunk-stream0-00046":{"qoeTotal":-25461.18111907801,"qoeBitrate":9700,"qoeRebuffer":0,"qoeLatency":33629.4,"qoeBitrateSwitch":800,"qoePlaybackSpeed":731.7811190780089},"chunk-stream0-00047":{"qoeTotal":-26277.981119078013,"qoeBitrate":9800,"qoeRebuffer":0,"qoeLatency":34546.200000000004,"qoeBitrateSwitch":800,"qoePlaybackSpeed":731.7811190780089},"chunk-stream0-00048":{"qoeTotal":-27094.781119078016,"qoeBitrate":9900,"qoeRebuffer":0,"qoeLatency":35463.00000000001,"qoeBitrateSwitch":800,"qoePlaybackSpeed":731.7811190780089},"chunk-stream0-00049":{"qoeTotal":-27911.58111907802,"qoeBitrate":10000,"qoeRebuffer":0,"qoeLatency":36379.80000000001,"qoeBitrateSwitch":800,"qoePlaybackSpeed":731.7811190780089},"chunk-stream1-00050":{"qoeTotal":-28929.58111907802,"qoeBitrate":10300,"qoeRebuffer":0,"qoeLatency":37297.80000000001,"qoeBitrateSwitch":1200,"qoePlaybackSpeed":731.7811190780089},"init-stream2":{"qoeTotal":-29744.58111907802,"qoeBitrate":10800,"qoeRebuffer":0,"qoeLatency":38212.80000000001,"qoeBitrateSwitch":1600,"qoePlaybackSpeed":731.7811190780089},"chunk-stream2-00051":{"qoeTotal":-30163.181119078017,"qoeBitrate":11300,"qoeRebuffer":0,"qoeLatency":39131.40000000001,"qoeBitrateSwitch":1600,"qoePlaybackSpeed":731.7811190780089},"chunk-stream2-00052":{"qoeTotal":-30581.181119078017,"qoeBitrate":11800,"qoeRebuffer":0,"qoeLatency":40049.40000000001,"qoeBitrateSwitch":1600,"qoePlaybackSpeed":731.7811190780089},"init-stream3":{"qoeTotal":-40428.01639996849,"qoeBitrate":13050,"qoeRebuffer":1509,"qoeLatency":48089.40000000001,"qoeBitrateSwitch":3100,"qoePlaybackSpeed":779.6163999684804},"chunk-stream3-00053":{"qoeTotal":-40097.81639996849,"qoeBitrate":14300,"qoeRebuffer":1509,"qoeLatency":49009.20000000001,"qoeBitrateSwitch":3100,"qoePlaybackSpeed":779.6163999684804},"chunk-stream3-00054":{"qoeTotal":-39767.616399968494,"qoeBitrate":15550,"qoeRebuffer":1509,"qoeLatency":49929.000000000015,"qoeBitrateSwitch":3100,"qoePlaybackSpeed":779.6163999684804},"chunk-stream3-00055":{"qoeTotal":-39440.4163999685,"qoeBitrate":16800,"qoeRebuffer":1509,"qoeLatency":50851.80000000002,"qoeBitrateSwitch":3100,"qoePlaybackSpeed":779.6163999684804},"init-stream4":{"qoeTotal":-44214.25168085897,"qoeBitrate":18800,"qoeRebuffer":1509,"qoeLatency":56077.80000000002,"qoeBitrateSwitch":4600,"qoePlaybackSpeed":827.4516808589519},"chunk-stream4-00056":{"qoeTotal":-43177.28937201889,"qoeBitrate":20800,"qoeRebuffer":1509,"qoeLatency":57015.60000000002,"qoeBitrateSwitch":4600,"qoePlaybackSpeed":852.6893720188706},"chunk-stream4-00057":{"qoeTotal":-42500.889372018886,"qoeBitrate":22800,"qoeRebuffer":1509,"qoeLatency":58339.20000000002,"qoeBitrateSwitch":4600,"qoePlaybackSpeed":852.6893720188706},"chunk-stream4-00058":{"qoeTotal":-46539.90661437632,