{"chunk-stream2-00018":{"qoeTotal":-553.8480145706689,"qoeBitrate":500,"qoeRebuffer":0,"qoeLatency":1005,"qoeBitrateSwitch":0,"qoePlaybackSpeed":48.84801457066887},"chunk-stream2-00019":{"qoeTotal":-1108.0256473710315,"qoeBitrate":1000,"qoeRebuffer":0,"qoeLatency":2030.4,"qoeBitrateSwitch":0,"qoePlaybackSpeed":77.62564737103143},"chunk-stream2-00020":{"qoeTotal":-1641.2032801713942,"qoeBitrate":1500,"qoeRebuffer":0,"qoeLatency":3034.8,"qoeBitrateSwitch":0,"qoePlaybackSpeed":106.40328017139399},"chunk-stream2-00021":{"qoeTotal":-2158.271337268271,"qoeBitrate":2000,"qoeRebuffer":0,"qoeLatency":4027.8,"qoeBitrateSwitch":0,"qoePlaybackSpeed":130.47133726827076},"chunk-stream2-00022":{"qoeTotal":-2655.1207305197463,"qoeBitrate":2500,"qoeRebuffer":0,"qoeLatency":5004.6,"qoeBitrateSwitch":0,"qoePlaybackSpeed":150.52073051974577},"chunk-stream2-00023":{"qoeTotal":-3131.956112438483,"qoeBitrate":3000,"qoeRebuffer":0,"qoeLatency":5965.200000000001,"qoeBitrateSwitch":0,"qoePlaybackSpeed":166.75611243848257},"chunk-stream2-00024":{"qoeTotal":-3584.786142670105,"qoeBitrate":3500,"qoeRebuffer":0,"qoeLatency":6907.200000000001,"qoeBitrateSwitch":0,"qoePlaybackSpeed":177.58614267010455},"init-stream3":{"qoeTotal":-3432.2161729017275,"qoeBitrate":4750,"qoeRebuffer":0,"qoeLatency":7843.800000000001,"qoeBitrateSwitch":150,"qoePlaybackSpeed":188.41617290172655},"chunk-stream3-00025":{"qoeTotal":-3119.6773530080236,"qoeBitrate":6000,"qoeRebuffer":0,"qoeLatency":8773.800000000001,"qoeBitrateSwitch":150,"qoePlaybackSpeed":195.87735300802234},"chunk-stream3-00026":{"qoeTotal":-2791.277353008024,"qoeBitrate":7250,"qoeRebuffer":0,"qoeLatency":9695.400000000001,"qoeBitrateSwitch":150,"qoePlaybackSpeed":195.87735300802234},"chunk-stream3-00027":{"qoeTotal":-2462.277353008024,"qoeBitrate":8500,"qoeRebuffer":0,"qoeLatency":10616.400000000001,"qoeBitrateSwitch":150,"qoePlaybackSpeed":195.87735300802234},"chunk-stream3-00028":{"qoeTotal":-2127.8773530080243,"qoeBitrate":9750,"qoeRebuffer":0,"qoeLatency":11532.000000000002,"qoeBitrateSwitch":150,"qoePlaybackSpeed":195.87735300802234},"chunk-stream3-00029":{"qoeTotal":-1798.877353008024,"qoeBitrate":11000,"qoeRebuffer":0,"qoeLatency":12453.000000000002,"qoeBitrateSwitch":150,"qoePlaybackSpeed":195.87735300802234},"chunk-stream3-00030":{"qoeTotal":-1469.2773530080237,"qoeBitrate":12250,"qoeRebuffer":0,"qoeLatency":13373.400000000001,"qoeBitrateSwitch":150,"qoePlaybackSpeed":195.87735300802234},"chunk-stream3-00031":{"qoeTotal":-1134.877353008024,"qoeBitrate":13500,"qoeRebuffer":0,"qoeLatency":14289.000000000002,"qoeBitrateSwitch":150,"qoePlaybackSpeed":195.87735300802234},"chunk-stream3-00032":{"qoeTotal":-800.4773530080245,"qoeBitrate":14750,"qoeRebuffer":0,"qoeLatency":15204.600000000002,"qoeBitrateSwitch":150,"qoePlaybackSpeed":195.87735300802234},"chunk-stream3-00033":{"qoeTotal":-466.0773530080249,"qoeBitrate":16000,"qoeRebuffer":0,"qoeLatency":16120.200000000003,"qoeBitrateSwitch":150,"qoePlaybackSpeed":195.87735300802234},"chunk-stream3-00034":{"qoeTotal":-137.67735300802525,"qoeBitrate":17250,"qoeRebuffer":0,"qoeLatency":17041.800000000003,"qoeBitrateSwitch":150,"qoePlaybackSpeed":195.87735300802234},"chunk-stream3-00035":{"qoeTotal":191.32264699197475,"qoeBitrate":18500,"qoeRebuffer":0,"qoeLatency":17962.800000000003,"qoeBitrateSwitch":150,"qoePlaybackSpeed":195.87735300802234},"chunk-stream3-00036":{"qoeTotal":525.7226469919763,"qoeBitrate":19750,"qoeRebuffer":0,"qoeLatency":18878.4,"qoeBitrateSwitch":150,"qoePlaybackSpeed":195.87735300802234},"chunk-stream3-00037":{"qoeTotal":854.1226469919777,"qoeBitrate":21000,"qoeRebuffer":0,"qoeLatency":19800,"qoeBitrateSwitch":150,"qoePlaybackSpeed":195.87735300802234},"chunk-stream3-00038":{"qoeTotal":1188.5226469919792,"qoeBitrate":22250,"qoeRebuffer":0,"qoeLatency":20715.6,"qoeBitrateSwitch":150,"qoePlaybackSpeed":195.87735300802234},"chunk-stream3-00039":{"qoeTotal":1518.1226469919777,"qoeBitrate":23500,"qoeRebuffer":0,"qoeLatency":21636,"qoeBitrateSwitch":150,"qoePlaybackSpeed":195.87735300802234},"chunk-stream3-00040":{"qoeTotal":1847.7226469919763,"qoeBitrate":24750,"qoeRebuffer":0,"qoeLatency":22556.4,"qoeBitrateSwitch":150,"qoePlaybackSpeed":195.87735300802234},"chunk-stream3-00041":{"qoeTotal":2182.1226469919775,"qoeBitrate":26000,"qoeRebuffer":0,"qoeLatency":23472,"qoeBitrateSwitch":150,"qoePlaybackSpeed":195.87735300802234},"chunk-stream3-00042":{"qoeTotal":2516.522646991979,"qoeBitrate":27250,"qoeRebuffer":0,"qoeLatency":24387.6,"qoeBitrateSwitch":150,"qoePlaybackSpeed":195.87735300802234},"chunk-stream3-00043":{"qoeTotal":2851.522646991979,"qoeBitrate":28500,"qoeRebuffer":0,"qoeLatency":25302.6,"qoeBitrateSwitch":150,"qoePlaybackSpeed":195.87735300802234},"chunk-stream3-00044":{"qoeTotal":3181.1226469919775,"qoeBitrate":29750,"qoeRebuffer":0,"qoeLatency":26223,"qoeBitrateSwitch":150,"qoePlaybackSpeed":195.87735300802234},"chunk-stream3-00045":{"qoeTotal":3516.1226469919775,"qoeBitrate":31000,"qoeRebuffer":0,"qoeLatency":27138,"qoeBitrateSwitch":150,"qoePlaybackSpeed":195.87735300802234},"chunk-stream3-00046":{"qoeTotal":3846.322646991978,"qoeBitrate":32250,"qoeRebuffer":0,"qoeLatency":28057.8,"qoeBitrateSwitch":150,"qoePlaybackSpeed":195.87735300802234},"chunk-stream3-00047":{"qoeTotal":4180.72264699198,"qoeBitrate":33500,"qoeRebuffer":0,"qoeLatency":28973.399999999998,"qoeBitrateSwitch":150,"qoePlaybackSpeed":195.87735300802234},"chunk-stream3-00048":{"qoeTotal":4510.322646991978,"qoeBitrate":34750,"qoeRebuffer":0,"qoeLatency":29893.8,"qoeBitrateSwitch":150,"qoePlaybackSpeed":195.87735300802234},"chunk-stream3-00049":{"qoeTotal":4838.72264699198,"qoeBitrate":36000,"qoeRebuffer":0,"qoeLatency":30815.399999999998,"qoeBitrateSwitch":150,"qoePlaybackSpeed":195.87735300802234},"chunk-stream3-00050":{"qoeTotal":5173.122646991981,"qoeBitrate":37250,"qoeRebuffer":0,"qoeLatency":31730.999999999996,"qoeBitrateSwitch":150,"qoePlaybackSpeed":195.87735300802234},"chunk-stream3-00051":{"qoeTotal":5502.72264699198,"qoeBitrate":38500,"qoeRebuffer":0,"qoeLatency":32651.399999999998,"qoeBitrateSwitch":150,"qoePlaybackSpeed":195.87735300802234},"chunk-stream3-00052":{"qoeTotal":5832.92264699198,"qoeBitrate":39750,"qoeRebuffer":0,"qoeLatency":33571.2,"qoeBitrateSwitch":150,"qoePlaybackSpeed":195.87735300802234},"chunk-stream3-00053":{"qoeTotal":6167.322646991982,"qoeBitrate":41000,"qoeRebuffer":0,"qoeLatency":34486.799999999996,"qoeBitrateSwitch":150,"qoePlaybackSpeed":195.87735300802234},"chunk-stream3-00054":{"qoeTotal":6497.522646991979,"qoeBitrate":42250,"qoeRebuffer":0,"qoeLatency":35406.6,"qoeBitrateSwitch":150,"qoePlaybackSpeed":195.87735300802234},"chunk-stream3-00055":{"qoeTotal":6824.722646991976,"qoeBitrate":43500,"qoeRebuffer":0,"qoeLatency":36329.4,"qoeBitrateSwitch":150,"qoePlaybackSpeed":195.87735300802234},"chunk-stream3-00056":{"qoeTotal":7115.322646991975,"qoeBitrate":44750,"qoeRebuffer":0,"qoeLatency":37288.8,"qoeBitrateSwitch":150,"qoePlaybackSpeed":195.87735300802234},"chunk-stream3-00057":{"qoeTotal":5868.722646705871,"qoeBitrate":46000,"qoeRebuffer":1498.2000002861023,"qoeLatency":38287.200000000004,"qoeBitrateSwitch":150,"qoePlaybackSpeed":195.87735300802234},"chunk-stream3-00058":{"qoeTotal":4471.472573692996,"qoeBitrate":47250,"qoeRebuffer":3057.600000858307,"qoeLatency":39331.8,"qoeBitrateSwitch":150,"qoePlaybackSpeed":239.12742544869445},"chunk-stream3-00059":{"qoeTotal":4650.682550744536,"qoeBitrate":48500,"qoeRebuffer":3057.600000858307,"qoeLatency":40389,"qoeBitrateSwitch":150,"qoePlaybackSpeed":252.71744839715723},"chunk-stream3-00060":{"qoeTotal":4830.822819777476,"qoeBitrate":49750,"qoeRebuffer":3057.600000858307,"qoeLatency":41445.6,"qoeBitrateSwitch":150,"qoePlaybackSpeed":265.97717936421856},"chunk-stream3-00061":{"qoeTotal":5038.919639746809,"qoeBitrate":51000,"qoeRebuffer":3057.600000858307,"qoeLatency":42483.6,"qoeBitrateSwitch":150,"qoePlaybackSpeed":269.88035939488634},"chunk-stream3-00062":{"qoeTotal":5249.465287044883,"qoeBitrate":52250,