{"chunk-stream2-00018":{"qoeTotal":-598.7283955424001,"qoeBitrate":500,"qoeRebuffer":0,"qoeLatency":1050.6,"qoeBitrateSwitch":0,"qoePlaybackSpeed":48.12839554240023},"init-stream4":{"qoeTotal":-5.256791084800454,"qoeBitrate":2500,"qoeRebuffer":0,"qoeLatency":2109,"qoeBitrateSwitch":300,"qoePlaybackSpeed":96.25679108480045},"chunk-stream4-00019":{"qoeTotal":-2554.1701422918736,"qoeBitrate":4500,"qoeRebuffer":3177.599999964237,"qoeLatency":3437.4,"qoeBitrateSwitch":300,"qoePlaybackSpeed":139.17014232763628},"init-stream3":{"qoeTotal":-4401.863558956179,"qoeBitrate":5750,"qoeRebuffer":3177.599999964237,"qoeLatency":6370.8,"qoeBitrateSwitch":450,"qoePlaybackSpeed":153.46355899194202},"chunk-stream3-00020":{"qoeTotal":-7846.069730554911,"qoeBitrate":7000,"qoeRebuffer":6297.599999964237,"qoeLatency":7909.8,"qoeBitrateSwitch":450,"qoePlaybackSpeed":188.66973059067402},"chunk-stream3-00021":{"qoeTotal":-9838.829036096293,"qoeBitrate":8250,"qoeRebuffer":7862.399999946356,"qoeLatency":9552,"qoeBitrateSwitch":450,"qoePlaybackSpeed":224.42903614993662},"chunk-stream3-00022":{"qoeTotal":-11924.116598839542,"qoeBitrate":9500,"qoeRebuffer":9450,"qoeLatency":11262,"qoeBitrateSwitch":450,"qoePlaybackSpeed":262.11659883954303},"chunk-stream3-00023":{"qoeTotal":-14096.094415285683,"qoeBitrate":10750,"qoeRebuffer":11010,"qoeLatency":13083,"qoeBitrateSwitch":450,"qoePlaybackSpeed":303.0944152856832},"chunk-stream3-00024":{"qoeTotal":-16362.875672927865,"qoeBitrate":12000,"qoeRebuffer":12586.799999982119,"qoeLatency":14982,"qoeBitrateSwitch":450,"qoePlaybackSpeed":344.07567294574665},"chunk-stream3-00025":{"qoeTotal":-18707.564204998558,"qoeBitrate":13250,"qoeRebuffer":14107.199999928474,"qoeLatency":17016.6,"qoeBitrateSwitch":450,"qoePlaybackSpeed":383.7642050700834},"chunk-stream3-00026":{"qoeTotal":-21193.438301400136,"qoeBitrate":14500,"qoeRebuffer":15641.999999910593,"qoeLatency":19179,"qoeBitrateSwitch":450,"qoePlaybackSpeed":422.4383014895417},"chunk-stream3-00027":{"qoeTotal":-23788.525371329586,"qoeBitrate":15750,"qoeRebuffer":17183.999999910593,"qoeLatency":21443.4,"qoeBitrateSwitch":450,"qoePlaybackSpeed":461.12537141899327},"chunk-stream3-00028":{"qoeTotal":-26528.753579924527,"qoeBitrate":17000,"qoeRebuffer":18762.599999964237,"qoeLatency":23820.600000000002,"qoeBitrateSwitch":450,"qoePlaybackSpeed":495.5535799602892},"chunk-stream3-00029":{"qoeTotal":-29304.590010705466,"qoeBitrate":18250,"qoeRebuffer":20270.399999946356,"qoeLatency":26299.800000000003,"qoeBitrateSwitch":450,"qoePlaybackSpeed":534.3900107591081},"chunk-stream3-00030":{"qoeTotal":-32173.349737532284,"qoeBitrate":19500,"qoeRebuffer":21811.79999989271,"qoeLatency":28836.600000000002,"qoeBitrateSwitch":450,"qoePlaybackSpeed":574.9497376395718},"chunk-stream3-00031":{"qoeTotal":-35091.90962854955,"qoeBitrate":20750,"qoeRebuffer":23314.199999839067,"qoeLatency":31468.800000000003,"qoeBitrateSwitch":450,"qoePlaybackSpeed":608.9096287104775},"chunk-stream3-00032":{"qoeTotal":-38173.50765169256,"qoeBitrate":22000,"qoeRebuffer":24856.199999839067,"qoeLatency":34220.4,"qoeBitrateSwitch":450,"qoePlaybackSpeed":646.907651853493},"chunk-stream3-00033":{"qoeTotal":-41409.51292323826,"qoeBitrate":23250,"qoeRebuffer":26416.79999989271,"qoeLatency":37106.4,"qoeBitrateSwitch":450,"qoePlaybackSpeed":686.3129233455478},"chunk-stream3-00034":{"qoeTotal":-46248.14266457144,"qoeBitrate":24500,"qoeRebuffer":29520.59999987483,"qoeLatency":40051.8,"qoeBitrateSwitch":450,"qoePlaybackSpeed":725.7426646966026},"chunk-stream3-00035":{"qoeTotal":-48053.97784497331,"qoeBitrate":25750,"qoeRebuffer":29520.59999987483,"qoeLatency":43069.200000000004,"qoeBitrateSwitch":450,"qoePlaybackSpeed":764.177845098479},"chunk-stream3-00036":{"qoeTotal":-51485.51386044819,"qoeBitrate":27000,"qoeRebuffer":31100.399999946356,"qoeLatency":46132.200000000004,"qoeBitrateSwitch":450,"qoePlaybackSpeed":802.913860501833},"chunk-stream3-00037":{"qoeTotal":-55012.133558222,"qoeBitrate":28250,"qoeRebuffer":32654.399999946356,"qoeLatency":49316.4,"qoeBitrateSwitch":450,"qoePlaybackSpeed":841.3335582756395},"chunk-stream3-00038":{"qoeTotal":-58612.88030637002,"qoeBitrate":29500,"qoeRebuffer":34216.79999998212,"qoeLatency":52567.8,"qoeBitrateSwitch":450,"qoePlaybackSpeed":878.2803063878932},"chunk-stream3-00039":{"qoeTotal":-62265.82903749887,"qoeBitrate":30750,"qoeRebuffer":35739,"qoeLatency":55910.4,"qoeBitrateSwitch":450,"qoePlaybackSpeed":916.4290374988708},"chunk-stream3-00040":{"qoeTotal":-66066.58195212344,"qoeBitrate":32000,"qoeRebuffer":37314,"qoeLatency":59349.6,"qoeBitrateSwitch":450,"qoePlaybackSpeed":952.9819521234422},"chunk-stream3-00041":{"qoeTotal":-69903.53386429384,"qoeBitrate":33250,"qoeRebuffer":38819.399999946356,"qoeLatency":62886,"qoeBitrateSwitch":450,"qoePlaybackSpeed":998.1338643474858},"chunk-stream3-00042":{"qoeTotal":-72278.84253102083,"qoeBitrate":34500,"qoeRebuffer":38819.399999946356,"qoeLatency":66474,"qoeBitrateSwitch":450,"qoePlaybackSpeed":1035.442531074472},"chunk-stream3-00043":{"qoeTotal":-74686.71484013462,"qoeBitrate":35750,"qoeRebuffer":38819.399999946356,"qoeLatency":70111.8,"qoeBitrateSwitch":450,"qoePlaybackSpeed":1055.5148401882664},"chunk-stream3-00044":{"qoeTotal":-77127.72164669097,"qoeBitrate":37000,"qoeRebuffer":38819.399999946356,"qoeLatency":73785,"qoeBitrateSwitch":450,"qoePlaybackSpeed":1073.3216467446177},"chunk-stream3-00045":{"qoeTotal":-79612.5021063581,"qoeBitrate":38250,"qoeRebuffer":38819.399999946356,"qoeLatency":77499,"qoeBitrateSwitch":450,"qoePlaybackSpeed":1094.1021064117401},"chunk-stream3-00046":{"qoeTotal":-82154.17434445569,"qoeBitrate":39500,"qoeRebuffer":38819.399999946356,"qoeLatency":81255,"qoeBitrateSwitch":450,"qoePlaybackSpeed":1129.7743445093295},"chunk-stream3-00047":{"qoeTotal":-84719.59496370339,"qoeBitrate":40750,"qoeRebuffer":38819.399999946356,"qoeLatency":85053.6,"qoeBitrateSwitch":450,"qoePlaybackSpeed":1146.5949637570238},"chunk-stream3-00048":{"qoeTotal":-87347.18911886407,"qoeBitrate":42000,"qoeRebuffer":38819.399999946356,"qoeLatency":88889.40000000001,"qoeBitrateSwitch":450,"qoePlaybackSpeed":1188.3891189177155},"chunk-stream3-00049":{"qoeTotal":-90025.51941932699,"qoeBitrate":43250,"qoeRebuffer":38819.399999946356,"qoeLatency":92785.8,"qoeBitrateSwitch":450,"qoePlaybackSpeed":1220.3194193806276},"chunk-stream3-00050":{"qoeTotal":-94465.55510568824,"qoeBitrate":44500,"qoeRebuffer":40411.79999989271,"qoeLatency":96840.6,"qoeBitrateSwitch":450,"qoePlaybackSpeed":1263.155105795518},"chunk-stream3-00051":{"qoeTotal":-98986.12191807033,"qoeBitrate":45750,"qoeRebuffer":41917.79999989271,"qoeLatency":101064.6,"qoeBitrateSwitch":450,"qoePlaybackSpeed":1303.721918177609},"chunk-stream3-00052":{"qoeTotal":-102066.07438980552,"qoeBitrate":47000,"qoeRebuffer":41917.79999989271,"qoeLatency":105349.20000000001,"qoeBitrateSwitch":450,"qoePlaybackSpeed":1349.0743899127963},"chunk-stream3-00053":{"qoeTotal":-105182.9859065193,"qoeBitrate":48250,"qoeRebuffer":41917.79999989271,"qoeLatency":109672.80000000002,"qoeBitrateSwitch":450,"qoePlaybackSpeed":1392.3859066265672},"chunk-stream3-00054":{"qoeTotal":-108302.60697977582,"qoeBitrate":49500,"qoeRebuffer":41917.79999989271,"qoeLatency":114026.40000000002,"qoeBitrateSwitch":450,"qoePlaybackSpeed":1408.4069798830965},"chunk-stream3-00055":{"qoeTotal":-111628.90411529079,"qoeBitrate":50750,"qoeRebuffer":41917.79999989271,"qoeLatency":118573.80000000002,"qoeBitrateSwitch":450,"qoePlaybackSpeed":1437.3041153980635},"chunk-stream3-00056":{"qoeTotal":-121793.40046790385,"qoeBitrate":52000,"qoeRebuffer":48253.799999803305,"qoeLatency":123610.80000000002,"qoeBitrateSwitch":450,"qoePlaybackSpeed":1478.8004681005332},"chunk-stream3-00057":{"qoeTotal":-127315.58621496167,"qoeBitrate":53250,"qoeRebuffer":49792.799999803305,"qoeLatency":128801.40000000002,"qoeBitrateSwitch":450,"qoePlaybackSpeed":1521.386215158342},"chunk-stream3-00058":{"qoeTotal":-132957.93368680443,"qoeBitrate":54500,"qoeRebuffer":51332.39999985695,