{"chunk-stream2-00018":{"qoeTotal":-563.4732778369298,"qoeBitrate":500,"qoeRebuffer":0,"qoeLatency":1014.6,"qoeBitrateSwitch":0,"qoePlaybackSpeed":48.87327783692983},"init-stream4":{"qoeTotal":-10058.73831277852,"qoeBitrate":2500,"qoeRebuffer":3135,"qoeLatency":9026.4,"qoeBitrateSwitch":300,"qoePlaybackSpeed":97.33831277852025},"chunk-stream4-00019":{"qoeTotal":-10841.475553263426,"qoeBitrate":4500,"qoeRebuffer":4666.200000017881,"qoeLatency":10236,"qoeBitrateSwitch":300,"qoePlaybackSpeed":139.27555324554572},"init-stream3":{"qoeTotal":-11653.667217523805,"qoeBitrate":5750,"qoeRebuffer":4666.200000017881,"qoeLatency":12104.4,"qoeBitrateSwitch":450,"qoePlaybackSpeed":183.06721750592408},"chunk-stream3-00020":{"qoeTotal":-14946.157139834837,"qoeBitrate":7000,"qoeRebuffer":7775.399999946356,"qoeLatency":13498.199999999999,"qoeBitrateSwitch":450,"qoePlaybackSpeed":222.5571398884823},"chunk-stream3-00021":{"qoeTotal":-16905.39621723952,"qoeBitrate":8250,"qoeRebuffer":9355.200000017881,"qoeLatency":15090.599999999999,"qoeBitrateSwitch":450,"qoePlaybackSpeed":259.59621722163735},"chunk-stream3-00022":{"qoeTotal":-17302.996217239517,"qoeBitrate":9500,"qoeRebuffer":9355.200000017881,"qoeLatency":16738.199999999997,"qoeBitrateSwitch":450,"qoePlaybackSpeed":259.59621722163735},"chunk-stream3-00023":{"qoeTotal":-19308.91099473858,"qoeBitrate":10750,"qoeRebuffer":10910.399999946356,"qoeLatency":18419.999999999996,"qoeBitrateSwitch":450,"qoePlaybackSpeed":278.5109947922291},"chunk-stream3-00024":{"qoeTotal":-19795.516721460277,"qoeBitrate":12000,"qoeRebuffer":10910.399999946356,"qoeLatency":20131.199999999997,"qoeBitrateSwitch":450,"qoePlaybackSpeed":303.91672151392305},"chunk-stream4-00025":{"qoeTotal":-21355.342097976485,"qoeBitrate":14000,"qoeRebuffer":12477.599999964237,"qoeLatency":21928.799999999996,"qoeBitrateSwitch":600,"qoePlaybackSpeed":348.9420980122522},"chunk-stream3-00026":{"qoeTotal":-23795.96716304881,"qoeBitrate":15250,"qoeRebuffer":13996.200000017881,"qoeLatency":23919.599999999995,"qoeBitrateSwitch":750,"qoePlaybackSpeed":380.1671630309303},"chunk-stream3-00027":{"qoeTotal":-24644.021942874933,"qoeBitrate":16500,"qoeRebuffer":13996.200000017881,"qoeLatency":25969.799999999996,"qoeBitrateSwitch":750,"qoePlaybackSpeed":428.02194285705457},"chunk-stream3-00028":{"qoeTotal":-25523.339278740244,"qoeBitrate":17750,"qoeRebuffer":13996.200000017881,"qoeLatency":28061.399999999994,"qoeBitrateSwitch":750,"qoePlaybackSpeed":465.739278722369},"chunk-stream3-00029":{"qoeTotal":-26375.81902504698,"qoeBitrate":19000,"qoeRebuffer":13996.200000017881,"qoeLatency":30157.199999999993,"qoeBitrateSwitch":750,"qoePlaybackSpeed":472.4190250291063},"chunk-stream4-00030":{"qoeTotal":-26576.593595094633,"qoeBitrate":21000,"qoeRebuffer":13996.200000017881,"qoeLatency":32196.599999999995,"qoeBitrateSwitch":900,"qoePlaybackSpeed":483.7935950767561},"chunk-stream4-00031":{"qoeTotal":-26666.469067806247,"qoeBitrate":23000,"qoeRebuffer":13996.200000017881,"qoeLatency":34271.399999999994,"qoeBitrateSwitch":900,"qoePlaybackSpeed":498.86906778837294},"chunk-stream4-00032":{"qoeTotal":-26823.123316356046,"qoeBitrate":25000,"qoeRebuffer":13996.200000017881,"qoeLatency":36398.99999999999,"qoeBitrateSwitch":900,"qoePlaybackSpeed":527.9233163381731},"chunk-stream4-00033":{"qoeTotal":-28666.123316338162,"qoeBitrate":27000,"qoeRebuffer":15582,"qoeLatency":38656.19999999999,"qoeBitrateSwitch":900,"qoePlaybackSpeed":527.9233163381731},"chunk-stream4-00034":{"qoeTotal":-35362.7341604636,"qoeBitrate":29000,"qoeRebuffer":21664.20000010729,"qoeLatency":41224.79999999999,"qoeBitrateSwitch":900,"qoePlaybackSpeed":573.7341603563276},"chunk-stream4-00035":{"qoeTotal":-37611.19863328726,"qoeBitrate":31000,"qoeRebuffer":23177.400000035763,"qoeLatency":43927.79999999999,"qoeBitrateSwitch":900,"qoePlaybackSpeed":605.9986332515123},"chunk-stream4-00036":{"qoeTotal":-38424.404362452966,"qoeBitrate":33000,"qoeRebuffer":23177.400000035763,"qoeLatency":46696.19999999999,"qoeBitrateSwitch":900,"qoePlaybackSpeed":650.8043624172132},"chunk-stream3-00037":{"qoeTotal":-40170.571248776796,"qoeBitrate":34250,"qoeRebuffer":23177.400000035763,"qoeLatency":49504.79999999999,"qoeBitrateSwitch":1050,"qoePlaybackSpeed":688.3712487410477},"chunk-stream4-00038":{"qoeTotal":-41202.91595378506,"qoeBitrate":36250,"qoeRebuffer":23177.400000035763,"qoeLatency":52365.59999999999,"qoeBitrateSwitch":1200,"qoePlaybackSpeed":709.9159537493006},"chunk-stream4-00039":{"qoeTotal":-43674.54820057236,"qoeBitrate":38250,"qoeRebuffer":24678.600000053644,"qoeLatency":55300.19999999999,"qoeBitrateSwitch":1200,"qoePlaybackSpeed":745.7482005187278},"chunk-stream4-00040":{"qoeTotal":-46344.03423799638,"qoeBitrate":40250,"qoeRebuffer":26226.000000089407,"qoeLatency":58379.99999999999,"qoeBitrateSwitch":1200,"qoePlaybackSpeed":788.0342379069792},"chunk-stream3-00041":{"qoeTotal":-48411.36753091682,"qoeBitrate":41500,"qoeRebuffer":26226.000000089407,"qoeLatency":61514.99999999999,"qoeBitrateSwitch":1350,"qoePlaybackSpeed":820.3675308274202},"chunk-stream4-00042":{"qoeTotal":-49763.68831562526,"qoeBitrate":43500,"qoeRebuffer":26226.000000089407,"qoeLatency":64694.99999999999,"qoeBitrateSwitch":1500,"qoePlaybackSpeed":842.6883155358591},"chunk-stream4-00043":{"qoeTotal":-51003.032628221335,"qoeBitrate":45500,"qoeRebuffer":26226.000000089407,"qoeLatency":67916.4,"qoeBitrateSwitch":1500,"qoePlaybackSpeed":860.6326281319333},"chunk-stream3-00044":{"qoeTotal":-53176.657373276976,"qoeBitrate":46750,"qoeRebuffer":26226.000000089407,"qoeLatency":71166,"qoeBitrateSwitch":1650,"qoePlaybackSpeed":884.6573731875673},"chunk-stream3-00045":{"qoeTotal":-55240.95325338541,"qoeBitrate":48000,"qoeRebuffer":26226.000000089407,"qoeLatency":74461.2,"qoeBitrateSwitch":1650,"qoePlaybackSpeed":903.7532532960016},"chunk-stream3-00046":{"qoeTotal":-57360.807321278546,"qoeBitrate":49250,"qoeRebuffer":26226.000000089407,"qoeLatency":77794.8,"qoeBitrateSwitch":1650,"qoePlaybackSpeed":940.0073211891381},"chunk-stream3-00047":{"qoeTotal":-59500.65749349005,"qoeBitrate":50500,"qoeRebuffer":26226.000000089407,"qoeLatency":81156.6,"qoeBitrateSwitch":1650,"qoePlaybackSpeed":968.0574934006344},"chunk-stream3-00048":{"qoeTotal":-61682.201176296134,"qoeBitrate":51750,"qoeRebuffer":26226.000000089407,"qoeLatency":84552.6,"qoeBitrateSwitch":1650,"qoePlaybackSpeed":1003.6011762067182},"chunk-stream3-00049":{"qoeTotal":-63855.149487238035,"qoeBitrate":53000,"qoeRebuffer":26226.000000089407,"qoeLatency":87964.8,"qoeBitrateSwitch":1650,"qoePlaybackSpeed":1014.3494871486273},"chunk-stream3-00050":{"qoeTotal":-66078.12165206725,"qoeBitrate":54250,"qoeRebuffer":26226.000000089407,"qoeLatency":91416.6,"qoeBitrateSwitch":1650,"qoePlaybackSpeed":1035.5216519778292},"chunk-stream3-00051":{"qoeTotal":-68334.8227947846,"qoeBitrate":55500,"qoeRebuffer":26226.000000089407,"qoeLatency":94902,"qoeBitrateSwitch":1650,"qoePlaybackSpeed":1056.8227946951984},"chunk-stream3-00052":{"qoeTotal":-70588.28699354133,"qoeBitrate":56750,"qoeRebuffer":26226.000000089407,"qoeLatency":98401.2,"qoeBitrateSwitch":1650,"qoePlaybackSpeed":1061.0869934519299},"chunk-stream4-00053":{"qoeTotal":-72236.88699349524,"qoeBitrate":58750,"qoeRebuffer":26226.000000089407,"qoeLatency":101839.8,"qoeBitrateSwitch":1800,"qoePlaybackSpeed":1121.0869934058323},"chunk-stream4-00054":{"qoeTotal":-73722.8223799055,"qoeBitrate":60750,"qoeRebuffer":26226.000000089407,"qoeLatency":105282.6,"qoeBitrateSwitch":1800,"qoePlaybackSpeed":1164.222379816079},"chunk-stream4-00055":{"qoeTotal":-77335.22237994126,"qoeBitrate":62750,"qoeRebuffer":27740.40000012517,"qoeLatency":109380.6,"qoeBitrateSwitch":1800,"qoePlaybackSpeed":1164.222379816079},"chunk-stream3-00056":{"qoeTotal":-85454.83141229599,"qoeBitrate":64000,"qoeRebuffer":32463.60000014305,"qoeLatency":113850.6,"qoeBitrateSwitch":1950,"qoePlaybackSpeed":1190.6314121529256},"chunk-stream3-00057":{"qoeTotal":-93532.61788790855,"qoeBitrate":65250,"qoeRebuffer":37245.00000008941,