{"chunk-stream2-00018":{"qoeTotal":-978.1362152167854,"qoeBitrate":500,"qoeRebuffer":0,"qoeLatency":1428.6,"qoeBitrateSwitch":0,"qoePlaybackSpeed":49.536215216785486},"chunk-stream2-00019":{"qoeTotal":-5835.2913872917,"qoeBitrate":1000,"qoeRebuffer":3575.400000035763,"qoeLatency":3165,"qoeBitrateSwitch":0,"qoePlaybackSpeed":94.89138725593648},"init-stream1":{"qoeTotal":-13385.340736311146,"qoeBitrate":1300,"qoeRebuffer":3575.400000035763,"qoeLatency":10929.6,"qoeBitrateSwitch":40,"qoePlaybackSpeed":140.34073627538277},"chunk-stream1-00020":{"qoeTotal":-16627.052961906666,"qoeBitrate":1600,"qoeRebuffer":5150.400000035763,"qoeLatency":12866.400000000001,"qoeBitrateSwitch":40,"qoePlaybackSpeed":170.25296187090166},"init-stream2":{"qoeTotal":-25825.114726172316,"qoeBitrate":2100,"qoeRebuffer":6694.200000017881,"qoeLatency":20932.800000000003,"qoeBitrateSwitch":80,"qoePlaybackSpeed":218.1147261544309},"chunk-stream2-00021":{"qoeTotal":-29046.050768172932,"qoeBitrate":2600,"qoeRebuffer":8221.200000017881,"qoeLatency":23079.600000000002,"qoeBitrateSwitch":80,"qoePlaybackSpeed":265.25076815505037},"chunk-stream2-00022":{"qoeTotal":-34146.93593122879,"qoeBitrate":3100,"qoeRebuffer":11317.800000071526,"qoeLatency":25542.000000000004,"qoeBitrateSwitch":80,"qoePlaybackSpeed":307.1359311572663},"chunk-stream2-00023":{"qoeTotal":-39607.374831359586,"qoeBitrate":3600,"qoeRebuffer":14492.40000012517,"qoeLatency":28284.600000000002,"qoeBitrateSwitch":80,"qoePlaybackSpeed":350.37483123440995},"chunk-stream2-00024":{"qoeTotal":-45288.520690402205,"qoeBitrate":4100,"qoeRebuffer":17587.800000160933,"qoeLatency":31324.2,"qoeBitrateSwitch":80,"qoePlaybackSpeed":396.5206902412735},"chunk-stream2-00025":{"qoeTotal":-51241.408026968005,"qoeBitrate":4600,"qoeRebuffer":20685.000000178814,"qoeLatency":34637.4,"qoeBitrateSwitch":80,"qoePlaybackSpeed":439.0080267891873},"chunk-stream2-00026":{"qoeTotal":-58444.7891000239,"qoeBitrate":5100,"qoeRebuffer":24730.800000160933,"qoeLatency":38254.200000000004,"qoeBitrateSwitch":80,"qoePlaybackSpeed":479.7890998629662},"chunk-stream2-00027":{"qoeTotal":-66104.35655561021,"qoeBitrate":5600,"qoeRebuffer":28964.400000035763,"qoeLatency":42133.200000000004,"qoeBitrateSwitch":80,"qoePlaybackSpeed":526.7565555744313},"chunk-stream2-00028":{"qoeTotal":-72958.34201399203,"qoeBitrate":6100,"qoeRebuffer":32099.400000035763,"qoeLatency":46305.00000000001,"qoeBitrateSwitch":80,"qoePlaybackSpeed":573.9420139562678},"chunk-stream2-00029":{"qoeTotal":-80119.46087604908,"qoeBitrate":6600,"qoeRebuffer":35232.600000053644,"qoeLatency":50788.200000000004,"qoeBitrateSwitch":80,"qoePlaybackSpeed":618.6608759954257},"chunk-stream2-00030":{"qoeTotal":-87568.20638939762,"qoeBitrate":7100,"qoeRebuffer":38370.00000008941,"qoeLatency":55557.00000000001,"qoeBitrateSwitch":80,"qoePlaybackSpeed":661.2063893082151},"chunk-stream2-00031":{"qoeTotal":-95301.88733466771,"qoeBitrate":7600,"qoeRebuffer":41518.20000010729,"qoeLatency":60597.600000000006,"qoeBitrateSwitch":80,"qoePlaybackSpeed":706.0873345604189},"chunk-stream2-00032":{"qoeTotal":-104765.37927216494,"qoeBitrate":8100,"qoeRebuffer":46083.00000008941,"qoeLatency":65950.8,"qoeBitrateSwitch":80,"qoePlaybackSpeed":751.5792720755262},"chunk-stream1-00033":{"qoeTotal":-111667.7562092433,"qoeBitrate":8400,"qoeRebuffer":47650.800000071526,"qoeLatency":71501.40000000001,"qoeBitrateSwitch":120,"qoePlaybackSpeed":795.5562091717713},"chunk-stream1-00034":{"qoeTotal":-117004.74963226773,"qoeBitrate":8700,"qoeRebuffer":47650.800000071526,"qoeLatency":77108.40000000001,"qoeBitrateSwitch":120,"qoePlaybackSpeed":825.5496321961916},"chunk-stream1-00035":{"qoeTotal":-122390.74652637569,"qoeBitrate":9000,"qoeRebuffer":47650.800000071526,"qoeLatency":82765.8,"qoeBitrateSwitch":120,"qoePlaybackSpeed":854.1465263041542},"chunk-stream2-00036":{"qoeTotal":-129330.01662453634,"qoeBitrate":9500,"qoeRebuffer":49200.00000008941,"qoeLatency":88573.8,"qoeBitrateSwitch":160,"qoePlaybackSpeed":896.2166244469302},"chunk-stream2-00037":{"qoeTotal":-138809.85994693945,"qoeBitrate":10000,"qoeRebuffer":53094.600000053644,"qoeLatency":94614,"qoeBitrateSwitch":160,"qoePlaybackSpeed":941.2599468858222},"chunk-stream2-00038":{"qoeTotal":-147753.3160435188,"qoeBitrate":10500,"qoeRebuffer":56194.20000010729,"qoeLatency":100911,"qoeBitrateSwitch":160,"qoePlaybackSpeed":988.1160434115271},"chunk-stream2-00039":{"qoeTotal":-156997.52795110704,"qoeBitrate":11000,"qoeRebuffer":59325.60000014305,"qoeLatency":107480.4,"qoeBitrateSwitch":160,"qoePlaybackSpeed":1031.5279509639954},"chunk-stream2-00040":{"qoeTotal":-166512.9398586953,"qoeBitrate":11500,"qoeRebuffer":62469.000000178814,"qoeLatency":114309,"qoeBitrateSwitch":160,"qoePlaybackSpeed":1074.9398585164636},"chunk-stream2-00041":{"qoeTotal":-176986.23302286514,"qoeBitrate":12000,"qoeRebuffer":66293.40000021458,"qoeLatency":121413,"qoeBitrateSwitch":160,"qoePlaybackSpeed":1119.833022650558},"chunk-stream2-00042":{"qoeTotal":-185351.44736649815,"qoeBitrate":12500,"qoeRebuffer":67880.40000021458,"qoeLatency":128646.6,"qoeBitrateSwitch":160,"qoePlaybackSpeed":1164.4473662835617},"chunk-stream2-00043":{"qoeTotal":-193788.03865698207,"qoeBitrate":13000,"qoeRebuffer":69393.00000026822,"qoeLatency":136027.80000000002,"qoeBitrateSwitch":160,"qoePlaybackSpeed":1207.238656713824},"chunk-stream2-00044":{"qoeTotal":-202378.34230752458,"qoeBitrate":13500,"qoeRebuffer":70899.60000032187,"qoeLatency":143572.2,"qoeBitrateSwitch":160,"qoePlaybackSpeed":1246.5423072027015},"chunk-stream2-00045":{"qoeTotal":-211173.0311910422,"qoeBitrate":14000,"qoeRebuffer":72405.00000035763,"qoeLatency":151318.80000000002,"qoeBitrateSwitch":160,"qoePlaybackSpeed":1289.2311906845514},"chunk-stream2-00046":{"qoeTotal":-220212.30830771136,"qoeBitrate":14500,"qoeRebuffer":73966.2000002861,"qoeLatency":159259.80000000002,"qoeBitrateSwitch":160,"qoePlaybackSpeed":1326.308307425233},"chunk-stream2-00047":{"qoeTotal":-229402.29569821432,"qoeBitrate":15000,"qoeRebuffer":75498.00000026822,"qoeLatency":167373.6,"qoeBitrateSwitch":160,"qoePlaybackSpeed":1370.6956979460854},"chunk-stream2-00071":{"qoeTotal":-237490.68308873515,"qoeBitrate":15500,"qoeRebuffer":75498.00000026822,"qoeLatency":175917.6,"qoeBitrateSwitch":160,"qoePlaybackSpeed":1415.0830884669379},"chunk-stream2-00072":{"qoeTotal":-244492.9476607479,"qoeBitrate":16000,"qoeRebuffer":81231.00000026822,"qoeLatency":177648.6,"qoeBitrateSwitch":160,"qoePlaybackSpeed":1453.347660479663},"chunk-stream2-00073":{"qoeTotal":-247549.7520781749,"qoeBitrate":16500,"qoeRebuffer":82802.40000030398,"qoeLatency":179590.2,"qoeBitrateSwitch":160,"qoePlaybackSpeed":1497.1520778709203},"chunk-stream2-00074":{"qoeTotal":-252316.12286869725,"qoeBitrate":17000,"qoeRebuffer":85837.20000037551,"qoeLatency":181779,"qoeBitrateSwitch":160,"qoePlaybackSpeed":1539.9228683217277},"chunk-stream1-00075":{"qoeTotal":-255977.54957836057,"qoeBitrate":17300,"qoeRebuffer":87408.60000041127,"qoeLatency":184096.8,"qoeBitrateSwitch":200,"qoePlaybackSpeed":1572.1495779493114},"chunk-stream2-00076":{"qoeTotal":-261275.11712761142,"qoeBitrate":17800,"qoeRebuffer":90582.60000041127,"qoeLatency":186635.4,"qoeBitrateSwitch":240,"qoePlaybackSpeed":1617.1171272001404},"chunk-stream2-00077":{"qoeTotal":-266749.70541863504,"qoeBitrate":18300,"qoeRebuffer":93716.40000039339,"qoeLatency":189436.8,"qoeBitrateSwitch":240,"qoePlaybackSpeed":1656.5054182416839},"chunk-stream2-00078":{"qoeTotal":-272481.4925798345,"qoeBitrate":18800,"qoeRebuffer":96870.00000035763,"qoeLatency":192467.4,"qoeBitrateSwitch":240,"qoePlaybackSpeed":1704.0925794768323},"chunk-stream2-00079":{"qoeTotal":-278446.5337820175,"qoeBitrate":19300,"qoeRebuffer":99981.60000032187,"qoeLatency":195780,"qoeBitrateSwitch":240,"qoePlaybackSpeed":1744.9337816956104},"chunk-stream2-00080":{"qoeTotal":-284557.44717782416,"qoeBitrate":19800,"qoeRebuffer":102978.00000026822,"qoeLatency":199347.6,"qoeBitrateSwitch":240,"qoePlaybackSpeed":1791.8471775559642},