{"chunk-stream2-00018":{"qoeTotal":-535.2727381944094,"qoeBitrate":500,"qoeRebuffer":0,"qoeLatency":988.2,"qoeBitrateSwitch":0,"qoePlaybackSpeed":47.07273819440931},"init-stream5":{"qoeTotal":931.2545236111814,"qoeBitrate":3500,"qoeRebuffer":0,"qoeLatency":1974.6,"qoeBitrateSwitch":500,"qoePlaybackSpeed":94.14547638881862},"chunk-stream5-00019":{"qoeTotal":2789.08847212,"qoeBitrate":6500,"qoeRebuffer":0,"qoeLatency":3072.6,"qoeBitrateSwitch":500,"qoePlaybackSpeed":138.31152788000023},"init-stream4":{"qoeTotal":3445.722420628818,"qoeBitrate":8500,"qoeRebuffer":0,"qoeLatency":4171.8,"qoeBitrateSwitch":700,"qoePlaybackSpeed":182.47757937118183},"chunk-stream4-00020":{"qoeTotal":2632.0617938671185,"qoeBitrate":10500,"qoeRebuffer":1553.4000000357628,"qoeLatency":5392.8,"qoeBitrateSwitch":700,"qoePlaybackSpeed":221.73820609711842},"chunk-stream4-00021":{"qoeTotal":3302.5249334167006,"qoeBitrate":12500,"qoeRebuffer":1553.4000000357628,"qoeLatency":6679.8,"qoeBitrateSwitch":700,"qoePlaybackSpeed":264.2750665475363},"chunk-stream4-00022":{"qoeTotal":3921.6310285871923,"qoeBitrate":14500,"qoeRebuffer":1553.4000000357628,"qoeLatency":8022,"qoeBitrateSwitch":700,"qoePlaybackSpeed":302.96897137704485},"chunk-stream4-00023":{"qoeTotal":4485.289437120134,"qoeBitrate":16500,"qoeRebuffer":1553.4000000357628,"qoeLatency":9417,"qoeBitrateSwitch":700,"qoePlaybackSpeed":344.3105628441031},"chunk-stream4-00024":{"qoeTotal":5034.584706681357,"qoeBitrate":18500,"qoeRebuffer":1553.4000000357628,"qoeLatency":10851,"qoeBitrateSwitch":700,"qoePlaybackSpeed":361.01529328288007},"chunk-stream4-00025":{"qoeTotal":5541.293950458541,"qoeBitrate":20500,"qoeRebuffer":1553.4000000357628,"qoeLatency":12326.4,"qoeBitrateSwitch":700,"qoePlaybackSpeed":378.9060495056961},"chunk-stream4-00026":{"qoeTotal":5989.77230335144,"qoeBitrate":22500,"qoeRebuffer":1553.4000000357628,"qoeLatency":13852.8,"qoeBitrateSwitch":700,"qoePlaybackSpeed":404.027696612798},"chunk-stream4-00027":{"qoeTotal":6383.928104169136,"qoeBitrate":24500,"qoeRebuffer":1553.4000000357628,"qoeLatency":15423,"qoeBitrateSwitch":700,"qoePlaybackSpeed":439.6718957951016},"chunk-stream4-00028":{"qoeTotal":6724.1977448023235,"qoeBitrate":26500,"qoeRebuffer":1553.4000000357628,"qoeLatency":17059.2,"qoeBitrateSwitch":700,"qoePlaybackSpeed":463.202255161913},"chunk-stream4-00029":{"qoeTotal":7016.844880697399,"qoeBitrate":28500,"qoeRebuffer":1553.4000000357628,"qoeLatency":18742.8,"qoeBitrateSwitch":700,"qoePlaybackSpeed":486.95511926683866},"chunk-stream4-00030":{"qoeTotal":7247.961268257727,"qoeBitrate":30500,"qoeRebuffer":1553.4000000357628,"qoeLatency":20481,"qoeBitrateSwitch":700,"qoePlaybackSpeed":517.6387317065097},"chunk-stream4-00031":{"qoeTotal":7429.748717544243,"qoeBitrate":32500,"qoeRebuffer":1553.4000000357628,"qoeLatency":22267.8,"qoeBitrateSwitch":700,"qoePlaybackSpeed":549.0512824199952},"chunk-stream4-00032":{"qoeTotal":7556.718260940292,"qoeBitrate":34500,"qoeRebuffer":1553.4000000357628,"qoeLatency":24106.2,"qoeBitrateSwitch":700,"qoePlaybackSpeed":583.6817390239447},"chunk-stream4-00033":{"qoeTotal":7624.520756102777,"qoeBitrate":36500,"qoeRebuffer":1553.4000000357628,"qoeLatency":26003.4,"qoeBitrateSwitch":700,"qoePlaybackSpeed":618.6792438614582},"chunk-stream4-00034":{"qoeTotal":7652.011366975074,"qoeBitrate":38500,"qoeRebuffer":1553.4000000357628,"qoeLatency":27956.4,"qoeBitrateSwitch":700,"qoePlaybackSpeed":638.1886329891616},"chunk-stream4-00035":{"qoeTotal":7655.933797959221,"qoeBitrate":40500,"qoeRebuffer":1553.4000000357628,"qoeLatency":29938.2,"qoeBitrateSwitch":700,"qoePlaybackSpeed":652.4662020050154},"chunk-stream4-00036":{"qoeTotal":-11726.06903255762,"qoeBitrate":42500,"qoeRebuffer":19334.400000035763,"qoeLatency":33491.4,"qoeBitrateSwitch":700,"qoePlaybackSpeed":700.2690325218558},"init-stream3":{"qoeTotal":-14230.671863074464,"qoeBitrate":43750,"qoeRebuffer":19334.400000035763,"qoeLatency":37048.200000000004,"qoeBitrateSwitch":850,"qoePlaybackSpeed":748.0718630386963},"chunk-stream3-00037":{"qoeTotal":-30829.274693519776,"qoeBitrate":45000,"qoeRebuffer":32523.599999964237,"qoeLatency":41659.8,"qoeBitrateSwitch":850,"qoePlaybackSpeed":795.8746935555367},"chunk-stream3-00038":{"qoeTotal":-48405.021902897395,"qoeBitrate":46250,"qoeRebuffer":45706.20000010729,"qoeLatency":47254.8,"qoeBitrateSwitch":850,"qoePlaybackSpeed":844.0219027901027},"init-stream1":{"qoeTotal":-54328.17848299122,"qoeBitrate":46550,"qoeRebuffer":45706.20000010729,"qoeLatency":53242.200000000004,"qoeBitrateSwitch":1040,"qoePlaybackSpeed":889.7784828839274},"chunk-stream1-00039":{"qoeTotal":-62031.125692207905,"qoeBitrate":46850,"qoeRebuffer":47871.00000008941,"qoeLatency":59032.200000000004,"qoeBitrateSwitch":1040,"qoePlaybackSpeed":937.9256921184933},"chunk-stream1-00040":{"qoeTotal":-67603.24156913997,"qoeBitrate":47150,"qoeRebuffer":47871.00000008941,"qoeLatency":64873.200000000004,"qoeBitrateSwitch":1040,"qoePlaybackSpeed":969.0415690505536},"init-stream2":{"qoeTotal":-78017.04156913995,"qoeBitrate":47650,"qoeRebuffer":50571.00000008941,"qoeLatency":73047,"qoeBitrateSwitch":1080,"qoePlaybackSpeed":969.0415690505536},"chunk-stream2-00041":{"qoeTotal":-86175.64156901478,"qoeBitrate":48150,"qoeRebuffer":53265.59999996424,"qoeLatency":79011,"qoeBitrateSwitch":1080,"qoePlaybackSpeed":969.0415690505536},"chunk-stream2-00042":{"qoeTotal":-94680.58505850394,"qoeBitrate":48650,"qoeRebuffer":56078.39999985695,"qoeLatency":85161.6,"qoeBitrateSwitch":1080,"qoePlaybackSpeed":1010.5850586469846},"chunk-stream2-00043":{"qoeTotal":-102119.56925500686,"qoeBitrate":49150,"qoeRebuffer":57664.79999989271,"qoeLatency":91474.20000000001,"qoeBitrateSwitch":1080,"qoePlaybackSpeed":1050.5692551141444},"chunk-stream2-00044":{"qoeTotal":-109745.9311489018,"qoeBitrate":49650,"qoeRebuffer":59237.99999991059,"qoeLatency":97984.20000000001,"qoeBitrateSwitch":1080,"qoePlaybackSpeed":1093.7311489911922},"chunk-stream2-00045":{"qoeTotal":-117585.92164474238,"qoeBitrate":50150,"qoeRebuffer":60780.59999996424,"qoeLatency":104739.6,"qoeBitrateSwitch":1080,"qoePlaybackSpeed":1135.7216447781348},"chunk-stream2-00046":{"qoeTotal":-125693.60761079124,"qoeBitrate":50650,"qoeRebuffer":62367.59999996424,"qoeLatency":111720,"qoeBitrateSwitch":1080,"qoePlaybackSpeed":1176.0076108269936},"chunk-stream2-00047":{"qoeTotal":-133953.4813894688,"qoeBitrate":51150,"qoeRebuffer":63898.20000001788,"qoeLatency":118912.2,"qoeBitrateSwitch":1080,"qoePlaybackSpeed":1213.0813894509113},"chunk-stream2-00048":{"qoeTotal":-142485.5586191435,"qoeBitrate":51650,"qoeRebuffer":65485.20000001788,"qoeLatency":126324,"qoeBitrateSwitch":1080,"qoePlaybackSpeed":1246.3586191256036},"chunk-stream2-00049":{"qoeTotal":-151234.55247826822,"qoeBitrate":52150,"qoeRebuffer":67029,"qoeLatency":133986,"qoeBitrateSwitch":1080,"qoePlaybackSpeed":1289.5524782682292},"chunk-stream2-00050":{"qoeTotal":-164516.82210165364,"qoeBitrate":52650,"qoeRebuffer":72687.59999987483,"qoeLatency":142062.6,"qoeBitrateSwitch":1080,"qoePlaybackSpeed":1336.6221017788023},"chunk-stream2-00075":{"qoeTotal":-172842.4917251642,"qoeBitrate":53150,"qoeRebuffer":72687.59999987483,"qoeLatency":150841.2,"qoeBitrateSwitch":1080,"qoePlaybackSpeed":1383.6917252893754},"chunk-stream2-00076":{"qoeTotal":-182761.44609890453,"qoeBitrate":53650,"qoeRebuffer":81412.79999989271,"qoeLatency":152488.80000000002,"qoeBitrateSwitch":1080,"qoePlaybackSpeed":1429.8460990118167},"chunk-stream1-00077":{"qoeTotal":-185866.5872562735,"qoeBitrate":53950,"qoeRebuffer":82913.39999985695,"qoeLatency":154315.80000000002,"qoeBitrateSwitch":1120,"qoePlaybackSpeed":1467.3872564165276},"chunk-stream1-00078":{"qoeTotal":-187487.396054926,"qoeBitrate":54250,"qoeRebuffer":82913.39999985695,"qoeLatency":156209.40000000002,"qoeBitrateSwitch":1120,"qoePlaybackSpeed":1494.596055069045},"chunk-stream1-00079":{"qoeTotal":-189164.18680210147,"qoeBitrate":54550,"qoeRebuffer":82913.39999985695,"qoeLatency":158155.80000000002,"qoeBitrateSwitch":1120,