{"chunk-stream2-00018":{"qoeTotal":-571.4486860597771,"qoeBitrate":500,"qoeRebuffer":0,"qoeLatency":1022.4,"qoeBitrateSwitch":0,"qoePlaybackSpeed":49.048686059777125},"chunk-stream2-00019":{"qoeTotal":-1129.7510947300404,"qoeBitrate":1000,"qoeRebuffer":0,"qoeLatency":2067.6,"qoeBitrateSwitch":0,"qoePlaybackSpeed":62.151094730040434},"chunk-stream2-00020":{"qoeTotal":-1712.5307969210044,"qoeBitrate":1500,"qoeRebuffer":0,"qoeLatency":3117,"qoeBitrateSwitch":0,"qoePlaybackSpeed":95.53079692100448},"chunk-stream2-00021":{"qoeTotal":-2266.9607044210147,"qoeBitrate":2000,"qoeRebuffer":0,"qoeLatency":4143,"qoeBitrateSwitch":0,"qoePlaybackSpeed":123.9607044210149},"chunk-stream2-00022":{"qoeTotal":-2799.7906119210247,"qoeBitrate":2500,"qoeRebuffer":0,"qoeLatency":5147.4,"qoeBitrateSwitch":0,"qoePlaybackSpeed":152.3906119210253},"chunk-stream2-00023":{"qoeTotal":-3309.5326792405162,"qoeBitrate":3000,"qoeRebuffer":0,"qoeLatency":6133.2,"qoeBitrateSwitch":0,"qoePlaybackSpeed":176.33267924051663},"chunk-stream2-00024":{"qoeTotal":-3789.228950161813,"qoeBitrate":3500,"qoeRebuffer":0,"qoeLatency":7096.8,"qoeBitrateSwitch":0,"qoePlaybackSpeed":192.4289501618127},"chunk-stream2-00025":{"qoeTotal":-4242.368494779715,"qoeBitrate":4000,"qoeRebuffer":0,"qoeLatency":8039.400000000001,"qoeBitrateSwitch":0,"qoePlaybackSpeed":202.96849477971404},"init-stream3":{"qoeTotal":-10643.64684186044,"qoeBitrate":5250,"qoeRebuffer":5677.200000286102,"qoeLatency":9816,"qoeBitrateSwitch":150,"qoePlaybackSpeed":250.44684157433727},"chunk-stream3-00026":{"qoeTotal":-10324.672110238575,"qoeBitrate":6500,"qoeRebuffer":5677.200000286102,"qoeLatency":10740.6,"qoeBitrateSwitch":150,"qoePlaybackSpeed":256.8721099524714},"chunk-stream3-00027":{"qoeTotal":-9995.072110238574,"qoeBitrate":7750,"qoeRebuffer":5677.200000286102,"qoeLatency":11661,"qoeBitrateSwitch":150,"qoePlaybackSpeed":256.8721099524714},"chunk-stream3-00028":{"qoeTotal":-9660.672110238575,"qoeBitrate":9000,"qoeRebuffer":5677.200000286102,"qoeLatency":12576.6,"qoeBitrateSwitch":150,"qoePlaybackSpeed":256.8721099524714},"chunk-stream3-00029":{"qoeTotal":-9331.072110238574,"qoeBitrate":10250,"qoeRebuffer":5677.200000286102,"qoeLatency":13497,"qoeBitrateSwitch":150,"qoePlaybackSpeed":256.8721099524714},"chunk-stream3-00030":{"qoeTotal":-9001.472110238574,"qoeBitrate":11500,"qoeRebuffer":5677.200000286102,"qoeLatency":14417.4,"qoeBitrateSwitch":150,"qoePlaybackSpeed":256.8721099524714},"chunk-stream3-00031":{"qoeTotal":-8672.472110238574,"qoeBitrate":12750,"qoeRebuffer":5677.200000286102,"qoeLatency":15338.4,"qoeBitrateSwitch":150,"qoePlaybackSpeed":256.8721099524714},"chunk-stream3-00032":{"qoeTotal":-8344.072110238574,"qoeBitrate":14000,"qoeRebuffer":5677.200000286102,"qoeLatency":16260,"qoeBitrateSwitch":150,"qoePlaybackSpeed":256.8721099524714},"chunk-stream3-00033":{"qoeTotal":-8015.672110238573,"qoeBitrate":15250,"qoeRebuffer":5677.200000286102,"qoeLatency":17181.6,"qoeBitrateSwitch":150,"qoePlaybackSpeed":256.8721099524714},"chunk-stream3-00034":{"qoeTotal":-7686.072110238574,"qoeBitrate":16500,"qoeRebuffer":5677.200000286102,"qoeLatency":18102,"qoeBitrateSwitch":150,"qoePlaybackSpeed":256.8721099524714},"chunk-stream3-00035":{"qoeTotal":-7357.072110238574,"qoeBitrate":17750,"qoeRebuffer":5677.200000286102,"qoeLatency":19023,"qoeBitrateSwitch":150,"qoePlaybackSpeed":256.8721099524714},"init-stream4":{"qoeTotal":-7203.2027253813985,"qoeBitrate":19750,"qoeRebuffer":5677.200000286102,"qoeLatency":20659.2,"qoeBitrateSwitch":300,"qoePlaybackSpeed":316.8027250952953},"chunk-stream4-00036":{"qoeTotal":-6125.402725381399,"qoeBitrate":21750,"qoeRebuffer":5677.200000286102,"qoeLatency":21581.4,"qoeBitrateSwitch":300,"qoePlaybackSpeed":316.8027250952953},"chunk-stream4-00037":{"qoeTotal":-5048.2027253813985,"qoeBitrate":23750,"qoeRebuffer":5677.200000286102,"qoeLatency":22504.2,"qoeBitrateSwitch":300,"qoePlaybackSpeed":316.8027250952953},"chunk-stream4-00038":{"qoeTotal":-3970.4027253813993,"qoeBitrate":25750,"qoeRebuffer":5677.200000286102,"qoeLatency":23426.4,"qoeBitrateSwitch":300,"qoePlaybackSpeed":316.8027250952953},"chunk-stream4-00039":{"qoeTotal":-2892.6027253814,"qoeBitrate":27750,"qoeRebuffer":5677.200000286102,"qoeLatency":24348.600000000002,"qoeBitrateSwitch":300,"qoePlaybackSpeed":316.8027250952953},"chunk-stream4-00040":{"qoeTotal":-1815.402725381399,"qoeBitrate":29750,"qoeRebuffer":5677.200000286102,"qoeLatency":25271.4,"qoeBitrateSwitch":300,"qoePlaybackSpeed":316.8027250952953},"chunk-stream4-00041":{"qoeTotal":-737.0027253813976,"qoeBitrate":31750,"qoeRebuffer":5677.200000286102,"qoeLatency":26193,"qoeBitrateSwitch":300,"qoePlaybackSpeed":316.8027250952953},"chunk-stream4-00042":{"qoeTotal":347.3972746186039,"qoeBitrate":33750,"qoeRebuffer":5677.200000286102,"qoeLatency":27108.6,"qoeBitrateSwitch":300,"qoePlaybackSpeed":316.8027250952953},"chunk-stream4-00043":{"qoeTotal":1425.1972746186032,"qoeBitrate":35750,"qoeRebuffer":5677.200000286102,"qoeLatency":28030.8,"qoeBitrateSwitch":300,"qoePlaybackSpeed":316.8027250952953},"chunk-stream4-00044":{"qoeTotal":2503.5972746186044,"qoeBitrate":37750,"qoeRebuffer":5677.200000286102,"qoeLatency":28952.399999999998,"qoeBitrateSwitch":300,"qoePlaybackSpeed":316.8027250952953},"chunk-stream4-00045":{"qoeTotal":3566.2721363275814,"qoeBitrate":39750,"qoeRebuffer":5677.200000286102,"qoeLatency":29883.6,"qoeBitrateSwitch":300,"qoePlaybackSpeed":322.9278633863178},"chunk-stream4-00046":{"qoeTotal":4592.007984231633,"qoeBitrate":41750,"qoeRebuffer":5677.200000286102,"qoeLatency":30839.399999999998,"qoeBitrateSwitch":300,"qoePlaybackSpeed":341.39201548226714},"chunk-stream4-00047":{"qoeTotal":5615.163001108871,"qoeBitrate":43750,"qoeRebuffer":5677.200000286102,"qoeLatency":31807.199999999997,"qoeBitrateSwitch":300,"qoePlaybackSpeed":350.43699860503006},"chunk-stream4-00048":{"qoeTotal":6599.34808051522,"qoeBitrate":45750,"qoeRebuffer":5677.200000286102,"qoeLatency":32786.399999999994,"qoeBitrateSwitch":300,"qoePlaybackSpeed":387.05191919868327},"chunk-stream4-00049":{"qoeTotal":4602.805179688661,"qoeBitrate":47750,"qoeRebuffer":8494.799999713898,"qoeLatency":33918.59999999999,"qoeBitrateSwitch":300,"qoePlaybackSpeed":433.79482059744987},"chunk-stream4-00050":{"qoeTotal":-1702.14457103952,"qoeBitrate":49750,"qoeRebuffer":15103.80000114441,"qoeLatency":35566.79999999999,"qoeBitrateSwitch":300,"qoePlaybackSpeed":481.5445698951225},"chunk-stream4-00051":{"qoeTotal":-3782.8695447807845,"qoeBitrate":51750,"qoeRebuffer":17286,"qoeLatency":37423.79999999999,"qoeBitrateSwitch":300,"qoePlaybackSpeed":523.0695447807962},"chunk-stream4-00052":{"qoeTotal":-3743.4844201893934,"qoeBitrate":53750,"qoeRebuffer":17286,"qoeLatency":39358.79999999999,"qoeBitrateSwitch":300,"qoePlaybackSpeed":548.684420189405},"chunk-stream4-00053":{"qoeTotal":-5250.484420761597,"qoeBitrate":55750,"qoeRebuffer":18815.400000572205,"qoeLatency":41336.39999999999,"qoeBitrateSwitch":300,"qoePlaybackSpeed":548.684420189405},"chunk-stream4-00054":{"qoeTotal":-6901.692625441545,"qoeBitrate":57750,"qoeRebuffer":20383.200001716614,"qoeLatency":43386.599999999984,"qoeBitrateSwitch":300,"qoePlaybackSpeed":581.8926237249468},"chunk-stream4-00055":{"qoeTotal":-8646.911842607344,"qoeBitrate":59750,"qoeRebuffer":21934.80000257492,"qoeLatency":45544.79999999998,"qoeBitrateSwitch":300,"qoePlaybackSpeed":617.311840032442},"chunk-stream4-00056":{"qoeTotal":-13130.583802215702,"qoeBitrate":61750,"qoeRebuffer":25973.400003433228,"qoeLatency":47965.79999999998,"qoeBitrateSwitch":300,"qoePlaybackSpeed":641.3837987824937},"chunk-stream4-00057":{"qoeTotal":-13622.29220464107,"qoeBitrate":63750,"qoeRebuffer":25973.400003433228,"qoeLatency":50428.79999999998,"qoeBitrateSwitch":300,"qoePlaybackSpeed":670.0922012078607},"chunk-stream4-00058":{"qoeTotal":-14131.778230376874,"qoeBitrate":65750,"qoeRebuffer":25973.400003433228,"qoeLatency":52931.39999999998,"qoeBitrateSwitch":300,"qoePlaybackSpeed":676.9782269436668},