{"switchHistory":[{"start":8.6925,"end":8.975774,"quality":{"mediaType":"video","bitrate":1000000,"width":640,"height":360,"scanType":null,"qualityIndex":2}},{"start":8.975774,"end":58.962474,"quality":{"mediaType":"video","bitrate":1000000,"width":640,"height":360,"scanType":null,"qualityIndex":2}}],"switchRequests":[],"stallDurationMs":7423.300000041723,"numStalls":27,"averageLatency":7.664690773067333,"averageBufferLength":0.30505735660847866,"averageBitrate":999999.9999999999,"numSwitches":2,"averageBitrateVariations":0,"averagePlaybackRate":0.8812166938320178,"averagePlaybackRateNonOne":0.8812166938320178}