{"chunk-stream2-00018":{"qoeTotal":-803.8762630348419,"qoeBitrate":500,"qoeRebuffer":0,"qoeLatency":1257.6000000000001,"qoeBitrateSwitch":0,"qoePlaybackSpeed":46.27626303484178},"chunk-stream2-00019":{"qoeTotal":-3315.453795356021,"qoeBitrate":1000,"qoeRebuffer":1506,"qoeLatency":2725.2000000000003,"qoeBitrateSwitch":0,"qoePlaybackSpeed":84.25379535602085},"chunk-stream2-00020":{"qoeTotal":-6001.409440798808,"qoeBitrate":1500,"qoeRebuffer":3049.2000000178814,"qoeLatency":4326,"qoeBitrateSwitch":0,"qoePlaybackSpeed":126.20944078092624},"chunk-stream2-00021":{"qoeTotal":-8866.533819193328,"qoeBitrate":2000,"qoeRebuffer":4607.400000035763,"qoeLatency":6091.8,"qoeBitrateSwitch":0,"qoePlaybackSpeed":167.33381915756522},"chunk-stream2-00022":{"qoeTotal":-11881.005344038018,"qoeBitrate":2500,"qoeRebuffer":6153.000000089407,"qoeLatency":8016.6,"qoeBitrateSwitch":0,"qoePlaybackSpeed":211.40534394861112},"chunk-stream2-00023":{"qoeTotal":-15043.09293492989,"qoeBitrate":3000,"qoeRebuffer":7692.600000143051,"qoeLatency":10092.6,"qoeBitrateSwitch":0,"qoePlaybackSpeed":257.89293478683726},"chunk-stream2-00024":{"qoeTotal":-18373.095879604916,"qoeBitrate":3500,"qoeRebuffer":9231.000000178814,"qoeLatency":12337.8,"qoeBitrateSwitch":0,"qoePlaybackSpeed":304.29587942610254},"chunk-stream2-00025":{"qoeTotal":-21856.637728188034,"qoeBitrate":4000,"qoeRebuffer":10758.600000143051,"qoeLatency":14749.8,"qoeBitrateSwitch":0,"qoePlaybackSpeed":348.2377280449846},"chunk-stream2-00026":{"qoeTotal":-25468.926428333987,"qoeBitrate":4500,"qoeRebuffer":12268.200000107288,"qoeLatency":17310.6,"qoeBitrateSwitch":0,"qoePlaybackSpeed":390.126428226701},"chunk-stream2-00027":{"qoeTotal":-29227.60669746614,"qoeBitrate":5000,"qoeRebuffer":13789.800000160933,"qoeLatency":20011.8,"qoeBitrateSwitch":0,"qoePlaybackSpeed":426.00669730520906},"chunk-stream2-00028":{"qoeTotal":-33142.548190963214,"qoeBitrate":5500,"qoeRebuffer":15320.400000214577,"qoeLatency":22858.8,"qoeBitrateSwitch":0,"qoePlaybackSpeed":463.3481907486364},"chunk-stream2-00029":{"qoeTotal":-37179.20400260511,"qoeBitrate":6000,"qoeRebuffer":16847.400000214577,"qoeLatency":25830.6,"qoeBitrateSwitch":0,"qoePlaybackSpeed":501.2040023905354},"chunk-stream2-00030":{"qoeTotal":-41360.27266164616,"qoeBitrate":6500,"qoeRebuffer":18387.600000232458,"qoeLatency":28932.6,"qoeBitrateSwitch":0,"qoePlaybackSpeed":540.0726614137056},"chunk-stream2-00031":{"qoeTotal":-45690.91676965268,"qoeBitrate":7000,"qoeRebuffer":19941.00000026822,"qoeLatency":32164.8,"qoeBitrateSwitch":0,"qoePlaybackSpeed":585.1167693844579},"chunk-stream2-00032":{"qoeTotal":-50132.79182690619,"qoeBitrate":7500,"qoeRebuffer":21505.80000025034,"qoeLatency":35502,"qoeBitrateSwitch":0,"qoePlaybackSpeed":624.9918266558523},"chunk-stream2-00033":{"qoeTotal":-54603.17303291944,"qoeBitrate":8000,"qoeRebuffer":23007.00000026822,"qoeLatency":38928.6,"qoeBitrateSwitch":0,"qoePlaybackSpeed":667.573032651219},"chunk-stream2-00034":{"qoeTotal":-59162.63040000559,"qoeBitrate":8500,"qoeRebuffer":24538.200000286102,"qoeLatency":42417.6,"qoeBitrateSwitch":0,"qoePlaybackSpeed":706.8303997194872},"chunk-stream2-00035":{"qoeTotal":-62260.40383267004,"qoeBitrate":9000,"qoeRebuffer":24538.200000286102,"qoeLatency":45981,"qoeBitrateSwitch":0,"qoePlaybackSpeed":741.2038323839367},"chunk-stream2-00036":{"qoeTotal":-65428.78826606078,"qoeBitrate":9500,"qoeRebuffer":24538.200000286102,"qoeLatency":49609.2,"qoeBitrateSwitch":0,"qoePlaybackSpeed":781.3882657746767},"chunk-stream2-00037":{"qoeTotal":-68666.37049481235,"qoeBitrate":10000,"qoeRebuffer":24538.200000286102,"qoeLatency":53308.2,"qoeBitrateSwitch":0,"qoePlaybackSpeed":819.9704945262561},"chunk-stream2-00038":{"qoeTotal":-71965.48182401127,"qoeBitrate":10500,"qoeRebuffer":24538.200000286102,"qoeLatency":57074.399999999994,"qoeBitrateSwitch":0,"qoePlaybackSpeed":852.8818237251728},"chunk-stream2-00039":{"qoeTotal":-75349.33688980475,"qoeBitrate":11000,"qoeRebuffer":24538.200000286102,"qoeLatency":60914.399999999994,"qoeBitrateSwitch":0,"qoePlaybackSpeed":896.7368895186506},"chunk-stream2-00040":{"qoeTotal":-78777.39907486261,"qoeBitrate":11500,"qoeRebuffer":24538.200000286102,"qoeLatency":64805.399999999994,"qoeBitrateSwitch":0,"qoePlaybackSpeed":933.7990745765092},"chunk-stream2-00041":{"qoeTotal":-82256.46773412365,"qoeBitrate":12000,"qoeRebuffer":24538.200000286102,"qoeLatency":68748,"qoeBitrateSwitch":0,"qoePlaybackSpeed":970.267733837549},"chunk-stream2-00042":{"qoeTotal":-85744.74081601702,"qoeBitrate":12500,"qoeRebuffer":24538.200000286102,"qoeLatency":72715.2,"qoeBitrateSwitch":0,"qoePlaybackSpeed":991.3408157309194},"chunk-stream2-00043":{"qoeTotal":-89178.71680974701,"qoeBitrate":13000,"qoeRebuffer":24538.200000286102,"qoeLatency":76639.8,"qoeBitrateSwitch":0,"qoePlaybackSpeed":1000.716809460903},"chunk-stream2-00044":{"qoeTotal":-92541.9369528798,"qoeBitrate":13500,"qoeRebuffer":24538.200000286102,"qoeLatency":80502.6,"qoeBitrateSwitch":0,"qoePlaybackSpeed":1001.1369525936849},"chunk-stream2-00045":{"qoeTotal":-95961.13695287748,"qoeBitrate":14000,"qoeRebuffer":24538.200000286102,"qoeLatency":84361.8,"qoeBitrateSwitch":0,"qoePlaybackSpeed":1061.1369525913783},"chunk-stream2-00046":{"qoeTotal":-99303.78514686176,"qoeBitrate":14500,"qoeRebuffer":24538.200000286102,"qoeLatency":88184.40000000001,"qoeBitrateSwitch":0,"qoePlaybackSpeed":1081.1851465756506},"chunk-stream2-00047":{"qoeTotal":-102678.58514685868,"qoeBitrate":15000,"qoeRebuffer":24538.200000286102,"qoeLatency":91999.20000000001,"qoeBitrateSwitch":0,"qoePlaybackSpeed":1141.185146572568},"chunk-stream2-00048":{"qoeTotal":-105928.64766280598,"qoeBitrate":15500,"qoeRebuffer":24538.200000286102,"qoeLatency":95746.80000000002,"qoeBitrateSwitch":0,"qoePlaybackSpeed":1143.6476625198516},"chunk-stream2-00049":{"qoeTotal":-109164.53247483732,"qoeBitrate":16000,"qoeRebuffer":24538.200000286102,"qoeLatency":99476.40000000002,"qoeBitrateSwitch":0,"qoePlaybackSpeed":1149.932474551199},"chunk-stream2-00050":{"qoeTotal":-112462.23446740348,"qoeBitrate":16500,"qoeRebuffer":24538.200000286102,"qoeLatency":103245.00000000003,"qoeBitrateSwitch":0,"qoePlaybackSpeed":1179.034467117347},"chunk-stream2-00051":{"qoeTotal":-117353.25885511775,"qoeBitrate":17000,"qoeRebuffer":26056.200000286102,"qoeLatency":107079.60000000003,"qoeBitrateSwitch":0,"qoePlaybackSpeed":1217.4588548316156},"chunk-stream2-00052":{"qoeTotal":-120766.99436407935,"qoeBitrate":17500,"qoeRebuffer":26056.200000286102,"qoeLatency":110969.40000000004,"qoeBitrateSwitch":0,"qoePlaybackSpeed":1241.3943637932055},"chunk-stream2-00053":{"qoeTotal":-124229.42498568103,"qoeBitrate":18000,"qoeRebuffer":26056.200000286102,"qoeLatency":114895.80000000003,"qoeBitrateSwitch":0,"qoePlaybackSpeed":1277.4249853949013},"chunk-stream2-00054":{"qoeTotal":-127725.73965996782,"qoeBitrate":18500,"qoeRebuffer":26056.200000286102,"qoeLatency":118855.80000000003,"qoeBitrateSwitch":0,"qoePlaybackSpeed":1313.7396596816814},"chunk-stream2-00055":{"qoeTotal":-131399.3179767452,"qoeBitrate":19000,"qoeRebuffer":26056.200000286102,"qoeLatency":122986.20000000003,"qoeBitrateSwitch":0,"qoePlaybackSpeed":1356.9179764590776},"chunk-stream2-00056":{"qoeTotal":-141725.00435880403,"qoeBitrate":19500,"qoeRebuffer":32331.600000321865,"qoeLatency":127498.80000000003,"qoeBitrateSwitch":0,"qoePlaybackSpeed":1394.604358482122},"chunk-stream2-00057":{"qoeTotal":-145836.08981990867,"qoeBitrate":20000,"qoeRebuffer":32331.600000321865,"qoeLatency":132071.40000000002,"qoeBitrateSwitch":0,"qoePlaybackSpeed":1433.089819586776},"chunk-stream2-00058":{"qoeTotal":-151515.16699041595,"qoeBitrate":20500,"qoeRebuffer":33850.20000037551,"qoeLatency":136690.2,"qoeBitrateSwitch":0,"qoePlaybackSpeed":1474.7669900404178},"chunk-stream2-00059":{"qoeTotal":-155687.66404733434,"qoeBitrate":21000,"qoeRebuffer":33850.20000037551,"qoeLatency":141339,"qoeBitrateSwitch":0,"qoePlaybackSpeed":1498.4640469588276},"chunk-stream2-00060":{"qoeTotal":-159855.47260187275,"qoeBitrate":21500,