{"chunk-stream2-00018":{"qoeTotal":-644.160275768044,"qoeBitrate":500,"qoeRebuffer":0,"qoeLatency":1099.8,"qoeBitrateSwitch":0,"qoePlaybackSpeed":44.36027576804402},"init-stream0":{"qoeTotal":-1775.5205515360883,"qoeBitrate":600,"qoeRebuffer":0,"qoeLatency":2206.8,"qoeBitrateSwitch":80,"qoePlaybackSpeed":88.72055153608804},"chunk-stream0-00019":{"qoeTotal":-2840.080827304132,"qoeBitrate":700,"qoeRebuffer":0,"qoeLatency":3327,"qoeBitrateSwitch":80,"qoePlaybackSpeed":133.08082730413207},"chunk-stream0-00020":{"qoeTotal":-3915.40308452229,"qoeBitrate":800,"qoeRebuffer":0,"qoeLatency":4457.4,"qoeBitrateSwitch":80,"qoePlaybackSpeed":178.00308452229058},"init-stream2":{"qoeTotal":-4561.297057693064,"qoeBitrate":1300,"qoeRebuffer":0,"qoeLatency":5489.4,"qoeBitrateSwitch":160,"qoePlaybackSpeed":211.89705769306406},"chunk-stream2-00021":{"qoeTotal":-5172.2254612636725,"qoeBitrate":1800,"qoeRebuffer":0,"qoeLatency":6561.599999999999,"qoeBitrateSwitch":160,"qoePlaybackSpeed":250.62546126367323},"init-stream1":{"qoeTotal":-6017.753864834282,"qoeBitrate":2100,"qoeRebuffer":0,"qoeLatency":7628.4,"qoeBitrateSwitch":200,"qoePlaybackSpeed":289.3538648342824},"chunk-stream1-00022":{"qoeTotal":-6789.047838005055,"qoeBitrate":2400,"qoeRebuffer":0,"qoeLatency":8665.8,"qoeBitrateSwitch":200,"qoePlaybackSpeed":323.2478380050558},"chunk-stream2-00023":{"qoeTotal":-7349.53050521833,"qoeBitrate":2900,"qoeRebuffer":0,"qoeLatency":9660.599999999999,"qoeBitrateSwitch":240,"qoePlaybackSpeed":348.930505218332},"chunk-stream2-00024":{"qoeTotal":-7831.4435435329615,"qoeBitrate":3400,"qoeRebuffer":0,"qoeLatency":10625.999999999998,"qoeBitrateSwitch":240,"qoePlaybackSpeed":365.44354353296296},"chunk-stream2-00025":{"qoeTotal":-8293.320251606869,"qoeBitrate":3900,"qoeRebuffer":0,"qoeLatency":11574.599999999999,"qoeBitrateSwitch":240,"qoePlaybackSpeed":378.7202516068696},"chunk-stream2-00026":{"qoeTotal":-8737.15028183849,"qoeBitrate":4400,"qoeRebuffer":0,"qoeLatency":12507.599999999999,"qoeBitrateSwitch":240,"qoePlaybackSpeed":389.5502818384916},"chunk-stream2-00027":{"qoeTotal":-9167.723790051356,"qoeBitrate":4900,"qoeRebuffer":0,"qoeLatency":13431.599999999999,"qoeBitrateSwitch":240,"qoePlaybackSpeed":396.1237900513574},"chunk-stream2-00028":{"qoeTotal":-9587.523790051355,"qoeBitrate":5400,"qoeRebuffer":0,"qoeLatency":14351.399999999998,"qoeBitrateSwitch":240,"qoePlaybackSpeed":396.1237900513574},"chunk-stream2-00029":{"qoeTotal":-10009.123790051355,"qoeBitrate":5900,"qoeRebuffer":0,"qoeLatency":15272.999999999998,"qoeBitrateSwitch":240,"qoePlaybackSpeed":396.1237900513574},"chunk-stream2-00030":{"qoeTotal":-10430.723790051356,"qoeBitrate":6400,"qoeRebuffer":0,"qoeLatency":16194.599999999999,"qoeBitrateSwitch":240,"qoePlaybackSpeed":396.1237900513574},"chunk-stream2-00031":{"qoeTotal":-10848.123790051357,"qoeBitrate":6900,"qoeRebuffer":0,"qoeLatency":17112,"qoeBitrateSwitch":240,"qoePlaybackSpeed":396.1237900513574},"chunk-stream2-00032":{"qoeTotal":-11267.923790051356,"qoeBitrate":7400,"qoeRebuffer":0,"qoeLatency":18031.8,"qoeBitrateSwitch":240,"qoePlaybackSpeed":396.1237900513574},"chunk-stream2-00033":{"qoeTotal":-11684.723790051356,"qoeBitrate":7900,"qoeRebuffer":0,"qoeLatency":18948.6,"qoeBitrateSwitch":240,"qoePlaybackSpeed":396.1237900513574},"chunk-stream2-00034":{"qoeTotal":-12101.523790051355,"qoeBitrate":8400,"qoeRebuffer":0,"qoeLatency":19865.399999999998,"qoeBitrateSwitch":240,"qoePlaybackSpeed":396.1237900513574},"chunk-stream2-00035":{"qoeTotal":-12521.323790051354,"qoeBitrate":8900,"qoeRebuffer":0,"qoeLatency":20785.199999999997,"qoeBitrateSwitch":240,"qoePlaybackSpeed":396.1237900513574},"chunk-stream2-00036":{"qoeTotal":-12938.723790051356,"qoeBitrate":9400,"qoeRebuffer":0,"qoeLatency":21702.6,"qoeBitrateSwitch":240,"qoePlaybackSpeed":396.1237900513574},"chunk-stream2-00037":{"qoeTotal":-13358.523790051355,"qoeBitrate":9900,"qoeRebuffer":0,"qoeLatency":22622.399999999998,"qoeBitrateSwitch":240,"qoePlaybackSpeed":396.1237900513574},"chunk-stream2-00038":{"qoeTotal":-13778.323790051354,"qoeBitrate":10400,"qoeRebuffer":0,"qoeLatency":23542.199999999997,"qoeBitrateSwitch":240,"qoePlaybackSpeed":396.1237900513574},"chunk-stream2-00039":{"qoeTotal":-14195.123790051353,"qoeBitrate":10900,"qoeRebuffer":0,"qoeLatency":24458.999999999996,"qoeBitrateSwitch":240,"qoePlaybackSpeed":396.1237900513574},"chunk-stream2-00040":{"qoeTotal":-14614.923790051353,"qoeBitrate":11400,"qoeRebuffer":0,"qoeLatency":25378.799999999996,"qoeBitrateSwitch":240,"qoePlaybackSpeed":396.1237900513574},"chunk-stream2-00041":{"qoeTotal":-15034.723790051352,"qoeBitrate":11900,"qoeRebuffer":0,"qoeLatency":26298.599999999995,"qoeBitrateSwitch":240,"qoePlaybackSpeed":396.1237900513574},"chunk-stream2-00042":{"qoeTotal":-15454.523790051351,"qoeBitrate":12400,"qoeRebuffer":0,"qoeLatency":27218.399999999994,"qoeBitrateSwitch":240,"qoePlaybackSpeed":396.1237900513574},"chunk-stream2-00043":{"qoeTotal":-15874.32379005135,"qoeBitrate":12900,"qoeRebuffer":0,"qoeLatency":28138.199999999993,"qoeBitrateSwitch":240,"qoePlaybackSpeed":396.1237900513574},"chunk-stream2-00044":{"qoeTotal":-16294.12379005135,"qoeBitrate":13400,"qoeRebuffer":0,"qoeLatency":29057.999999999993,"qoeBitrateSwitch":240,"qoePlaybackSpeed":396.1237900513574},"chunk-stream2-00045":{"qoeTotal":-16713.92379005135,"qoeBitrate":13900,"qoeRebuffer":0,"qoeLatency":29977.799999999992,"qoeBitrateSwitch":240,"qoePlaybackSpeed":396.1237900513574},"chunk-stream2-00046":{"qoeTotal":-17130.72379005135,"qoeBitrate":14400,"qoeRebuffer":0,"qoeLatency":30894.59999999999,"qoeBitrateSwitch":240,"qoePlaybackSpeed":396.1237900513574},"chunk-stream2-00047":{"qoeTotal":-17548.12379005135,"qoeBitrate":14900,"qoeRebuffer":0,"qoeLatency":31811.999999999993,"qoeBitrateSwitch":240,"qoePlaybackSpeed":396.1237900513574},"chunk-stream2-00048":{"qoeTotal":-17970.323790051352,"qoeBitrate":15400,"qoeRebuffer":0,"qoeLatency":32734.199999999993,"qoeBitrateSwitch":240,"qoePlaybackSpeed":396.1237900513574},"chunk-stream2-00049":{"qoeTotal":-18391.323790051356,"qoeBitrate":15900,"qoeRebuffer":0,"qoeLatency":33655.2,"qoeBitrateSwitch":240,"qoePlaybackSpeed":396.1237900513574},"chunk-stream2-00050":{"qoeTotal":-18811.723790051357,"qoeBitrate":16400,"qoeRebuffer":0,"qoeLatency":34575.6,"qoeBitrateSwitch":240,"qoePlaybackSpeed":396.1237900513574},"chunk-stream2-00051":{"qoeTotal":-19232.12379005136,"qoeBitrate":16900,"qoeRebuffer":0,"qoeLatency":35496,"qoeBitrateSwitch":240,"qoePlaybackSpeed":396.1237900513574},"chunk-stream2-00052":{"qoeTotal":-19651.92379005136,"qoeBitrate":17400,"qoeRebuffer":0,"qoeLatency":36415.8,"qoeBitrateSwitch":240,"qoePlaybackSpeed":396.1237900513574},"chunk-stream2-00053":{"qoeTotal":-20071.723790051365,"qoeBitrate":17900,"qoeRebuffer":0,"qoeLatency":37335.600000000006,"qoeBitrateSwitch":240,"qoePlaybackSpeed":396.1237900513574},"chunk-stream2-00054":{"qoeTotal":-20491.523790051368,"qoeBitrate":18400,"qoeRebuffer":0,"qoeLatency":38255.40000000001,"qoeBitrateSwitch":240,"qoePlaybackSpeed":396.1237900513574},"chunk-stream2-00055":{"qoeTotal":-20913.123790051366,"qoeBitrate":18900,"qoeRebuffer":0,"qoeLatency":39177.00000000001,"qoeBitrateSwitch":240,"qoePlaybackSpeed":396.1237900513574},"chunk-stream2-00056":{"qoeTotal":-21329.92379005137,"qoeBitrate":19400,"qoeRebuffer":0,"qoeLatency":40093.80000000001,"qoeBitrateSwitch":240,"qoePlaybackSpeed":396.1237900513574},"chunk-stream2-00057":{"qoeTotal":-21750.32379005137,"qoeBitrate":19900,"qoeRebuffer":0,"qoeLatency":41014.20000000001,"qoeBitrateSwitch":240,"qoePlaybackSpeed":396.1237900513574},"chunk-stream2-00058":{"qoeTotal":-22170.123790051373,"qoeBitrate":20400,"qoeRebuffer":0,"qoeLatency":41934.000000000015,"qoeBitrateSwitch":240,"qoePlaybackSpeed":396.1237900513574},"chunk-stream2-00059":{"qoeTotal":-22589.923790051376,"qoeBitrate":20900,"qoeRebuffer":0,"qoeLatency":42853.80000000002,"qoeBitrateSwitch":240,"qoePlaybackSpeed":396.1237900513574},"chunk-stream2-00060":{"qoeTotal":-23010.323790051378,