{"chunk-stream2-00018":{"qoeTotal":-589.4457152534692,"qoeBitrate":500,"qoeRebuffer":0,"qoeLatency":1039.2,"qoeBitrateSwitch":0,"qoePlaybackSpeed":50.24571525346919},"chunk-stream2-00019":{"qoeTotal":-1191.508081747044,"qoeBitrate":1000,"qoeRebuffer":0,"qoeLatency":2107.8,"qoeBitrateSwitch":0,"qoePlaybackSpeed":83.70808174704376},"chunk-stream2-00020":{"qoeTotal":-1773.587231988538,"qoeBitrate":1500,"qoeRebuffer":0,"qoeLatency":3188.4,"qoeBitrateSwitch":0,"qoePlaybackSpeed":85.18723198853795},"chunk-stream2-00021":{"qoeTotal":-2379.363354964772,"qoeBitrate":2000,"qoeRebuffer":0,"qoeLatency":4255.8,"qoeBitrateSwitch":0,"qoePlaybackSpeed":123.56335496477178},"chunk-stream2-00022":{"qoeTotal":-2948.3430571557356,"qoeBitrate":2500,"qoeRebuffer":0,"qoeLatency":5291.4,"qoeBitrateSwitch":0,"qoePlaybackSpeed":156.94305715573583},"chunk-stream2-00023":{"qoeTotal":-3482.1742698271496,"qoeBitrate":3000,"qoeRebuffer":0,"qoeLatency":6295.2,"qoeBitrateSwitch":0,"qoePlaybackSpeed":186.97426982714995},"chunk-stream2-00024":{"qoeTotal":-3990.116337146641,"qoeBitrate":3500,"qoeRebuffer":0,"qoeLatency":7279.2,"qoeBitrateSwitch":0,"qoePlaybackSpeed":210.91633714664127},"chunk-stream2-00025":{"qoeTotal":-4472.951719065377,"qoeBitrate":4000,"qoeRebuffer":0,"qoeLatency":8245.8,"qoeBitrateSwitch":0,"qoePlaybackSpeed":227.15171906537807},"chunk-stream2-00026":{"qoeTotal":-4928.491263683279,"qoeBitrate":4500,"qoeRebuffer":0,"qoeLatency":9190.8,"qoeBitrateSwitch":0,"qoePlaybackSpeed":237.69126368327943},"chunk-stream2-00027":{"qoeTotal":-5365.500078034742,"qoeBitrate":5000,"qoeRebuffer":0,"qoeLatency":10120.199999999999,"qoeBitrateSwitch":0,"qoePlaybackSpeed":245.30007803474265},"chunk-stream2-00028":{"qoeTotal":-5791.708892386205,"qoeBitrate":5500,"qoeRebuffer":0,"qoeLatency":11038.8,"qoeBitrateSwitch":0,"qoePlaybackSpeed":252.90889238620588},"chunk-stream2-00029":{"qoeTotal":-6209.708892386205,"qoeBitrate":6000,"qoeRebuffer":0,"qoeLatency":11956.8,"qoeBitrateSwitch":0,"qoePlaybackSpeed":252.90889238620588},"chunk-stream2-00030":{"qoeTotal":-6628.308892386205,"qoeBitrate":6500,"qoeRebuffer":0,"qoeLatency":12875.4,"qoeBitrateSwitch":0,"qoePlaybackSpeed":252.90889238620588},"chunk-stream2-00031":{"qoeTotal":-7046.308892386205,"qoeBitrate":7000,"qoeRebuffer":0,"qoeLatency":13793.4,"qoeBitrateSwitch":0,"qoePlaybackSpeed":252.90889238620588},"chunk-stream2-00032":{"qoeTotal":-7464.9088923862055,"qoeBitrate":7500,"qoeRebuffer":0,"qoeLatency":14712,"qoeBitrateSwitch":0,"qoePlaybackSpeed":252.90889238620588},"chunk-stream2-00033":{"qoeTotal":-7883.508892386206,"qoeBitrate":8000,"qoeRebuffer":0,"qoeLatency":15630.6,"qoeBitrateSwitch":0,"qoePlaybackSpeed":252.90889238620588},"chunk-stream2-00034":{"qoeTotal":-8298.508892386204,"qoeBitrate":8500,"qoeRebuffer":0,"qoeLatency":16545.6,"qoeBitrateSwitch":0,"qoePlaybackSpeed":252.90889238620588},"chunk-stream2-00035":{"qoeTotal":-8716.508892386204,"qoeBitrate":9000,"qoeRebuffer":0,"qoeLatency":17463.6,"qoeBitrateSwitch":0,"qoePlaybackSpeed":252.90889238620588},"chunk-stream2-00036":{"qoeTotal":-9134.508892386204,"qoeBitrate":9500,"qoeRebuffer":0,"qoeLatency":18381.6,"qoeBitrateSwitch":0,"qoePlaybackSpeed":252.90889238620588},"chunk-stream2-00037":{"qoeTotal":-9552.508892386204,"qoeBitrate":10000,"qoeRebuffer":0,"qoeLatency":19299.6,"qoeBitrateSwitch":0,"qoePlaybackSpeed":252.90889238620588},"chunk-stream2-00038":{"qoeTotal":-9970.508892386204,"qoeBitrate":10500,"qoeRebuffer":0,"qoeLatency":20217.6,"qoeBitrateSwitch":0,"qoePlaybackSpeed":252.90889238620588},"chunk-stream2-00039":{"qoeTotal":-10389.108892386203,"qoeBitrate":11000,"qoeRebuffer":0,"qoeLatency":21136.199999999997,"qoeBitrateSwitch":0,"qoePlaybackSpeed":252.90889238620588},"chunk-stream2-00040":{"qoeTotal":-10807.708892386201,"qoeBitrate":11500,"qoeRebuffer":0,"qoeLatency":22054.799999999996,"qoeBitrateSwitch":0,"qoePlaybackSpeed":252.90889238620588},"chunk-stream2-00041":{"qoeTotal":-11226.3088923862,"qoeBitrate":12000,"qoeRebuffer":0,"qoeLatency":22973.399999999994,"qoeBitrateSwitch":0,"qoePlaybackSpeed":252.90889238620588},"chunk-stream2-00042":{"qoeTotal":-11644.3088923862,"qoeBitrate":12500,"qoeRebuffer":0,"qoeLatency":23891.399999999994,"qoeBitrateSwitch":0,"qoePlaybackSpeed":252.90889238620588},"chunk-stream2-00043":{"qoeTotal":-12062.3088923862,"qoeBitrate":13000,"qoeRebuffer":0,"qoeLatency":24809.399999999994,"qoeBitrateSwitch":0,"qoePlaybackSpeed":252.90889238620588},"chunk-stream2-00044":{"qoeTotal":-12480.3088923862,"qoeBitrate":13500,"qoeRebuffer":0,"qoeLatency":25727.399999999994,"qoeBitrateSwitch":0,"qoePlaybackSpeed":252.90889238620588},"chunk-stream2-00045":{"qoeTotal":-12898.3088923862,"qoeBitrate":14000,"qoeRebuffer":0,"qoeLatency":26645.399999999994,"qoeBitrateSwitch":0,"qoePlaybackSpeed":252.90889238620588},"chunk-stream2-00046":{"qoeTotal":-13313.908892386198,"qoeBitrate":14500,"qoeRebuffer":0,"qoeLatency":27560.999999999993,"qoeBitrateSwitch":0,"qoePlaybackSpeed":252.90889238620588},"chunk-stream2-00047":{"qoeTotal":-13731.908892386198,"qoeBitrate":15000,"qoeRebuffer":0,"qoeLatency":28478.999999999993,"qoeBitrateSwitch":0,"qoePlaybackSpeed":252.90889238620588},"chunk-stream2-00048":{"qoeTotal":-14149.908892386198,"qoeBitrate":15500,"qoeRebuffer":0,"qoeLatency":29396.999999999993,"qoeBitrateSwitch":0,"qoePlaybackSpeed":252.90889238620588},"chunk-stream2-00049":{"qoeTotal":-14568.508892386197,"qoeBitrate":16000,"qoeRebuffer":0,"qoeLatency":30315.59999999999,"qoeBitrateSwitch":0,"qoePlaybackSpeed":252.90889238620588},"chunk-stream2-00050":{"qoeTotal":-14987.708892386197,"qoeBitrate":16500,"qoeRebuffer":0,"qoeLatency":31234.799999999992,"qoeBitrateSwitch":0,"qoePlaybackSpeed":252.90889238620588},"chunk-stream2-00051":{"qoeTotal":-15405.708892386197,"qoeBitrate":17000,"qoeRebuffer":0,"qoeLatency":32152.799999999992,"qoeBitrateSwitch":0,"qoePlaybackSpeed":252.90889238620588},"chunk-stream2-00052":{"qoeTotal":-15820.708892386194,"qoeBitrate":17500,"qoeRebuffer":0,"qoeLatency":33067.79999999999,"qoeBitrateSwitch":0,"qoePlaybackSpeed":252.90889238620588},"chunk-stream2-00053":{"qoeTotal":-16238.108892386195,"qoeBitrate":18000,"qoeRebuffer":0,"qoeLatency":33985.19999999999,"qoeBitrateSwitch":0,"qoePlaybackSpeed":252.90889238620588},"chunk-stream2-00054":{"qoeTotal":-16655.5088923862,"qoeBitrate":18500,"qoeRebuffer":0,"qoeLatency":34902.59999999999,"qoeBitrateSwitch":0,"qoePlaybackSpeed":252.90889238620588},"chunk-stream2-00055":{"qoeTotal":-17070.5088923862,"qoeBitrate":19000,"qoeRebuffer":0,"qoeLatency":35817.59999999999,"qoeBitrateSwitch":0,"qoePlaybackSpeed":252.90889238620588},"chunk-stream2-00056":{"qoeTotal":-17504.378498533137,"qoeBitrate":19500,"qoeRebuffer":0,"qoeLatency":36740.99999999999,"qoeBitrateSwitch":0,"qoePlaybackSpeed":263.3784985331436},"chunk-stream2-00057":{"qoeTotal":-17965.730409037133,"qoeBitrate":20000,"qoeRebuffer":0,"qoeLatency":37697.399999999994,"qoeBitrateSwitch":0,"qoePlaybackSpeed":268.33040903713896},"chunk-stream2-00058":{"qoeTotal":-18444.80849438292,"qoeBitrate":20500,"qoeRebuffer":0,"qoeLatency":38665.2,"qoeBitrateSwitch":0,"qoePlaybackSpeed":279.60849438292263},"chunk-stream2-00059":{"qoeTotal":-18951.90834780627,"qoeBitrate":21000,"qoeRebuffer":0,"qoeLatency":39661.799999999996,"qoeBitrateSwitch":0,"qoePlaybackSpeed":290.10834780627465},"chunk-stream2-00060":{"qoeTotal":-19497.360098016274,"qoeBitrate":21500,"qoeRebuffer":0,"qoeLatency":40681.799999999996,"qoeBitrateSwitch":0,"qoePlaybackSpeed":315.5600980162782},"chunk-stream2-00061":{"qoeTotal":-20081.45584864576,"qoeBitrate":22000,"qoeRebuffer":0,"qoeLatency":41742.6,"qoeBitrateSwitch":0,"qoePlaybackSpeed":338.8558486457637},"chunk-stream2-00062":{"qoeTotal":-20737.52821101768,"qoeBitrate":22500,"qoeRebuffer":0,"qoeLatency":42866.4,"qoeBitrateSwitch":0,"qoePlaybackSpeed":371.1282110176788},"chunk-stream2-00063":{"qoeTotal":-23574.06046558167,"qoeBitrate":23000,"qoeRebuffer":2103.0000014305115,"qoeLatency":44058,"qoeBitrateSwitch":0,"qoePlaybackSpeed":413.06046415116043},