{"switchHistory":[{"start":8.667,"end":8.869104,"quality":{"mediaType":"video","bitrate":1000000,"width":640,"height":360,"scanType":null,"qualityIndex":2}},{"start":8.869104,"end":68.742071,"quality":{"mediaType":"video","bitrate":1000000,"width":640,"height":360,"scanType":null,"qualityIndex":2}}],"switchRequests":[],"stallDurationMs":19.49999988079071,"numStalls":4,"averageLatency":1.4959668246445486,"averageBufferLength":1.4129146919431281,"averageBitrate":1000000.0000000001,"numSwitches":2,"averageBitrateVariations":0,"averagePlaybackRate":1.0008878577533815,"averagePlaybackRateNonOne":1.0072804335777286}