{"chunk-stream2-00018":{"qoeTotal":-485.0610718400102,"qoeBitrate":500,"qoeRebuffer":0,"qoeLatency":948,"qoeBitrateSwitch":0,"qoePlaybackSpeed":37.06107184001019},"init-stream5":{"qoeTotal":1026.8778563199796,"qoeBitrate":3500,"qoeRebuffer":0,"qoeLatency":1899,"qoeBitrateSwitch":500,"qoePlaybackSpeed":74.12214368002039},"chunk-stream5-00019":{"qoeTotal":3026.461929213021,"qoeBitrate":6500,"qoeRebuffer":0,"qoeLatency":2881.8,"qoeBitrateSwitch":500,"qoePlaybackSpeed":91.73807078697868},"chunk-stream5-00020":{"qoeTotal":5049.446002106062,"qoeBitrate":9500,"qoeRebuffer":0,"qoeLatency":3841.2000000000003,"qoeBitrateSwitch":500,"qoePlaybackSpeed":109.35399789393698},"chunk-stream5-00021":{"qoeTotal":7085.974659530039,"qoeBitrate":12500,"qoeRebuffer":0,"qoeLatency":4790.400000000001,"qoeBitrateSwitch":500,"qoePlaybackSpeed":123.62534046995978},"chunk-stream5-00022":{"qoeTotal":9132.876367630799,"qoeBitrate":15500,"qoeRebuffer":0,"qoeLatency":5731.8,"qoeBitrateSwitch":500,"qoePlaybackSpeed":135.3236323692017},"chunk-stream5-00023":{"qoeTotal":11192.378075731556,"qoeBitrate":18500,"qoeRebuffer":0,"qoeLatency":6660.6,"qoeBitrateSwitch":500,"qoePlaybackSpeed":147.02192426844363},"chunk-stream5-00024":{"qoeTotal":13257.760342238977,"qoeBitrate":21500,"qoeRebuffer":0,"qoeLatency":7588.200000000001,"qoeBitrateSwitch":500,"qoePlaybackSpeed":154.03965776102297},"chunk-stream5-00025":{"qoeTotal":15340.360342238977,"qoeBitrate":24500,"qoeRebuffer":0,"qoeLatency":8505.6,"qoeBitrateSwitch":500,"qoePlaybackSpeed":154.03965776102297},"chunk-stream5-00026":{"qoeTotal":17422.960342238977,"qoeBitrate":27500,"qoeRebuffer":0,"qoeLatency":9423,"qoeBitrateSwitch":500,"qoePlaybackSpeed":154.03965776102297},"chunk-stream5-00027":{"qoeTotal":19506.160342238978,"qoeBitrate":30500,"qoeRebuffer":0,"qoeLatency":10339.8,"qoeBitrateSwitch":500,"qoePlaybackSpeed":154.03965776102297},"chunk-stream5-00028":{"qoeTotal":21579.76034223898,"qoeBitrate":33500,"qoeRebuffer":0,"qoeLatency":11266.199999999999,"qoeBitrateSwitch":500,"qoePlaybackSpeed":154.03965776102297},"chunk-stream5-00029":{"qoeTotal":23662.36034223898,"qoeBitrate":36500,"qoeRebuffer":0,"qoeLatency":12183.599999999999,"qoeBitrateSwitch":500,"qoePlaybackSpeed":154.03965776102297},"chunk-stream5-00030":{"qoeTotal":25736.56034223898,"qoeBitrate":39500,"qoeRebuffer":0,"qoeLatency":13109.399999999998,"qoeBitrateSwitch":500,"qoePlaybackSpeed":154.03965776102297},"chunk-stream5-00031":{"qoeTotal":27819.16034223898,"qoeBitrate":42500,"qoeRebuffer":0,"qoeLatency":14026.799999999997,"qoeBitrateSwitch":500,"qoePlaybackSpeed":154.03965776102297},"chunk-stream5-00032":{"qoeTotal":29901.76034223898,"qoeBitrate":45500,"qoeRebuffer":0,"qoeLatency":14944.199999999997,"qoeBitrateSwitch":500,"qoePlaybackSpeed":154.03965776102297},"chunk-stream5-00033":{"qoeTotal":31982.86876079773,"qoeBitrate":48500,"qoeRebuffer":0,"qoeLatency":15858.599999999997,"qoeBitrateSwitch":500,"qoePlaybackSpeed":158.5312392022729},"chunk-stream5-00034":{"qoeTotal":34069.06876079773,"qoeBitrate":51500,"qoeRebuffer":0,"qoeLatency":16772.399999999998,"qoeBitrateSwitch":500,"qoePlaybackSpeed":158.5312392022729},"chunk-stream5-00035":{"qoeTotal":36155.26876079773,"qoeBitrate":54500,"qoeRebuffer":0,"qoeLatency":17686.199999999997,"qoeBitrateSwitch":500,"qoePlaybackSpeed":158.5312392022729},"chunk-stream5-00036":{"qoeTotal":38241.468760797725,"qoeBitrate":57500,"qoeRebuffer":0,"qoeLatency":18599.999999999996,"qoeBitrateSwitch":500,"qoePlaybackSpeed":158.5312392022729},"chunk-stream5-00037":{"qoeTotal":40327.66876079773,"qoeBitrate":60500,"qoeRebuffer":0,"qoeLatency":19513.799999999996,"qoeBitrateSwitch":500,"qoePlaybackSpeed":158.5312392022729},"chunk-stream5-00038":{"qoeTotal":42405.468760797725,"qoeBitrate":63500,"qoeRebuffer":0,"qoeLatency":20435.999999999996,"qoeBitrateSwitch":500,"qoePlaybackSpeed":158.5312392022729},"chunk-stream5-00039":{"qoeTotal":44491.66876079773,"qoeBitrate":66500,"qoeRebuffer":0,"qoeLatency":21349.799999999996,"qoeBitrateSwitch":500,"qoePlaybackSpeed":158.5312392022729},"chunk-stream5-00040":{"qoeTotal":46577.86876079773,"qoeBitrate":69500,"qoeRebuffer":0,"qoeLatency":22263.599999999995,"qoeBitrateSwitch":500,"qoePlaybackSpeed":158.5312392022729},"chunk-stream5-00041":{"qoeTotal":48664.06876079773,"qoeBitrate":72500,"qoeRebuffer":0,"qoeLatency":23177.399999999994,"qoeBitrateSwitch":500,"qoePlaybackSpeed":158.5312392022729},"chunk-stream5-00042":{"qoeTotal":50750.26876079773,"qoeBitrate":75500,"qoeRebuffer":0,"qoeLatency":24091.199999999993,"qoeBitrateSwitch":500,"qoePlaybackSpeed":158.5312392022729},"chunk-stream5-00043":{"qoeTotal":52836.46876079773,"qoeBitrate":78500,"qoeRebuffer":0,"qoeLatency":25004.999999999993,"qoeBitrateSwitch":500,"qoePlaybackSpeed":158.5312392022729},"chunk-stream5-00044":{"qoeTotal":54914.86876079773,"qoeBitrate":81500,"qoeRebuffer":0,"qoeLatency":25926.59999999999,"qoeBitrateSwitch":500,"qoePlaybackSpeed":158.5312392022729},"chunk-stream5-00045":{"qoeTotal":56992.66876079774,"qoeBitrate":84500,"qoeRebuffer":0,"qoeLatency":26848.799999999992,"qoeBitrateSwitch":500,"qoePlaybackSpeed":158.5312392022729},"chunk-stream5-00046":{"qoeTotal":59079.46876079773,"qoeBitrate":87500,"qoeRebuffer":0,"qoeLatency":27761.999999999993,"qoeBitrateSwitch":500,"qoePlaybackSpeed":158.5312392022729},"chunk-stream5-00047":{"qoeTotal":61157.26876079773,"qoeBitrate":90500,"qoeRebuffer":0,"qoeLatency":28684.199999999993,"qoeBitrateSwitch":500,"qoePlaybackSpeed":158.5312392022729},"chunk-stream5-00048":{"qoeTotal":63243.46876079773,"qoeBitrate":93500,"qoeRebuffer":0,"qoeLatency":29597.999999999993,"qoeBitrateSwitch":500,"qoePlaybackSpeed":158.5312392022729},"chunk-stream5-00049":{"qoeTotal":65318.26876079773,"qoeBitrate":96500,"qoeRebuffer":0,"qoeLatency":30523.199999999993,"qoeBitrateSwitch":500,"qoePlaybackSpeed":158.5312392022729},"chunk-stream5-00050":{"qoeTotal":67404.46876079772,"qoeBitrate":99500,"qoeRebuffer":0,"qoeLatency":31436.999999999993,"qoeBitrateSwitch":500,"qoePlaybackSpeed":158.5312392022729},"chunk-stream5-00051":{"qoeTotal":69490.66876079774,"qoeBitrate":102500,"qoeRebuffer":0,"qoeLatency":32350.799999999992,"qoeBitrateSwitch":500,"qoePlaybackSpeed":158.5312392022729},"chunk-stream5-00052":{"qoeTotal":71570.86876079773,"qoeBitrate":105500,"qoeRebuffer":0,"qoeLatency":33270.59999999999,"qoeBitrateSwitch":500,"qoePlaybackSpeed":158.5312392022729},"chunk-stream5-00053":{"qoeTotal":73650.46876079772,"qoeBitrate":108500,"qoeRebuffer":0,"qoeLatency":34190.99999999999,"qoeBitrateSwitch":500,"qoePlaybackSpeed":158.5312392022729},"chunk-stream5-00054":{"qoeTotal":75728.86876079773,"qoeBitrate":111500,"qoeRebuffer":0,"qoeLatency":35112.59999999999,"qoeBitrateSwitch":500,"qoePlaybackSpeed":158.5312392022729},"chunk-stream5-00055":{"qoeTotal":77815.06876079773,"qoeBitrate":114500,"qoeRebuffer":0,"qoeLatency":36026.399999999994,"qoeBitrateSwitch":500,"qoePlaybackSpeed":158.5312392022729},"chunk-stream5-00056":{"qoeTotal":79901.26876079773,"qoeBitrate":117500,"qoeRebuffer":0,"qoeLatency":36940.2,"qoeBitrateSwitch":500,"qoePlaybackSpeed":158.5312392022729},"chunk-stream5-00057":{"qoeTotal":81988.06876079773,"qoeBitrate":120500,"qoeRebuffer":0,"qoeLatency":37853.399999999994,"qoeBitrateSwitch":500,"qoePlaybackSpeed":158.5312392022729},"chunk-stream5-00058":{"qoeTotal":84066.46876079772,"qoeBitrate":123500,"qoeRebuffer":0,"qoeLatency":38774.99999999999,"qoeBitrateSwitch":500,"qoePlaybackSpeed":158.5312392022729},"chunk-stream5-00059":{"qoeTotal":86152.66876079774,"qoeBitrate":126500,"qoeRebuffer":0,"qoeLatency":39688.799999999996,"qoeBitrateSwitch":500,"qoePlaybackSpeed":158.5312392022729},"chunk-stream5-00060":{"qoeTotal":88238.86876079772,"qoeBitrate":129500,"qoeRebuffer":0,"qoeLatency":40602.6,"qoeBitrateSwitch":500,"qoePlaybackSpeed":158.5312392022729},"chunk-stream5-00061":{"qoeTotal":90315.46876079772,"qoeBitrate":132500,"qoeRebuffer":0,"qoeLatency":41526,"qoeBitrateSwitch":500,"qoePlaybackSpeed":158.5312392022729},