{"chunk-stream2-00018":{"qoeTotal":-906.767227724773,"qoeBitrate":500,"qoeRebuffer":0,"qoeLatency":1359,"qoeBitrateSwitch":0,"qoePlaybackSpeed":47.76722772477291},"chunk-stream2-00019":{"qoeTotal":-5591.652760183369,"qoeBitrate":1000,"qoeRebuffer":3515.400000035763,"qoeLatency":2985,"qoeBitrateSwitch":0,"qoePlaybackSpeed":91.25276014760576},"chunk-stream2-00020":{"qoeTotal":-10117.45073444746,"qoeBitrate":1500,"qoeRebuffer":6652.200000017881,"qoeLatency":4828.8,"qoeBitrateSwitch":0,"qoePlaybackSpeed":136.4507344295796},"chunk-stream2-00021":{"qoeTotal":-14956.09518753133,"qoeBitrate":2000,"qoeRebuffer":9840,"qoeLatency":6939,"qoeBitrateSwitch":0,"qoePlaybackSpeed":177.09518753132852},"chunk-stream2-00022":{"qoeTotal":-19945.133146803237,"qoeBitrate":2500,"qoeRebuffer":12946.199999928474,"qoeLatency":9276.6,"qoeBitrateSwitch":0,"qoePlaybackSpeed":222.33314687476204},"chunk-stream2-00023":{"qoeTotal":-25254.46866559027,"qoeBitrate":3000,"qoeRebuffer":16104.59999987483,"qoeLatency":11883.6,"qoeBitrateSwitch":0,"qoePlaybackSpeed":266.26866571544184},"chunk-stream2-00024":{"qoeTotal":-30882.60157024153,"qoeBitrate":3500,"qoeRebuffer":19282.199999928474,"qoeLatency":14791.2,"qoeBitrateSwitch":0,"qoePlaybackSpeed":309.20157031305826},"chunk-stream2-00025":{"qoeTotal":-36815.695241884474,"qoeBitrate":4000,"qoeRebuffer":22450.79999989271,"qoeLatency":18012.6,"qoeBitrateSwitch":0,"qoePlaybackSpeed":352.2952419917602},"chunk-stream2-00026":{"qoeTotal":-43071.10256412156,"qoeBitrate":4500,"qoeRebuffer":25613.39999985695,"qoeLatency":21562.8,"qoeBitrateSwitch":0,"qoePlaybackSpeed":394.90256426461195},"chunk-stream2-00027":{"qoeTotal":-50909.05157822693,"qoeBitrate":5000,"qoeRebuffer":30065.99999973178,"qoeLatency":25401,"qoeBitrateSwitch":0,"qoePlaybackSpeed":442.0515784951509},"chunk-stream2-00028":{"qoeTotal":-57760.17920058471,"qoeBitrate":5500,"qoeRebuffer":33222.599999696016,"qoeLatency":29548.8,"qoeBitrateSwitch":0,"qoePlaybackSpeed":488.77920088869234},"chunk-stream2-00029":{"qoeTotal":-64934.429001539975,"qoeBitrate":6000,"qoeRebuffer":36373.19999974966,"qoeLatency":34027.2,"qoeBitrateSwitch":0,"qoePlaybackSpeed":534.0290017903169},"chunk-stream2-00030":{"qoeTotal":-73897.93696337569,"qoeBitrate":6500,"qoeRebuffer":41031.599999696016,"qoeLatency":38785.799999999996,"qoeBitrateSwitch":0,"qoePlaybackSpeed":580.5369636796775},"chunk-stream2-00031":{"qoeTotal":-81688.00041558697,"qoeBitrate":7000,"qoeRebuffer":44183.399999678135,"qoeLatency":43879.799999999996,"qoeBitrateSwitch":0,"qoePlaybackSpeed":624.8004159088446},"init-stream1":{"qoeTotal":-89373.08615528049,"qoeBitrate":7300,"qoeRebuffer":44183.399999678135,"qoeLatency":51781.2,"qoeBitrateSwitch":40,"qoePlaybackSpeed":668.486155602354},"chunk-stream1-00032":{"qoeTotal":-95894.22978843548,"qoeBitrate":7600,"qoeRebuffer":45710.99999964237,"qoeLatency":57039,"qoeBitrateSwitch":40,"qoePlaybackSpeed":704.2297887931057},"init-stream2":{"qoeTotal":-105223.05775698285,"qoeBitrate":8100,"qoeRebuffer":47260.19999966025,"qoeLatency":65229.6,"qoeBitrateSwitch":80,"qoePlaybackSpeed":753.2577573225856},"chunk-stream2-00033":{"qoeTotal":-115359.736827959,"qoeBitrate":8600,"qoeRebuffer":52233.5999995172,"qoeLatency":70845.6,"qoeBitrateSwitch":80,"qoePlaybackSpeed":800.5368284417999},"chunk-stream1-00034":{"qoeTotal":-122417.32704050143,"qoeBitrate":8900,"qoeRebuffer":53809.19999948144,"qoeLatency":76549.20000000001,"qoeBitrateSwitch":120,"qoePlaybackSpeed":838.9270410199784},"chunk-stream2-00035":{"qoeTotal":-129431.31657172686,"qoeBitrate":9400,"qoeRebuffer":55323.599999427795,"qoeLatency":82463.40000000001,"qoeBitrateSwitch":160,"qoePlaybackSpeed":884.3165722990591},"chunk-stream1-00036":{"qoeTotal":-136857.81611835814,"qoeBitrate":9700,"qoeRebuffer":56902.19999939203,"qoeLatency":88534.20000000001,"qoeBitrateSwitch":200,"qoePlaybackSpeed":921.4161189660908},"chunk-stream1-00037":{"qoeTotal":-142742.38749122096,"qoeBitrate":10000,"qoeRebuffer":56902.19999939203,"qoeLatency":94671.6,"qoeBitrateSwitch":200,"qoePlaybackSpeed":968.5874918289262},"chunk-stream2-00038":{"qoeTotal":-150217.8663225483,"qoeBitrate":10500,"qoeRebuffer":58429.79999944568,"qoeLatency":101035.8,"qoeBitrateSwitch":240,"qoePlaybackSpeed":1012.2663231026244},"chunk-stream2-00039":{"qoeTotal":-159577.4928526967,"qoeBitrate":11000,"qoeRebuffer":61601.99999946356,"qoeLatency":107680.2,"qoeBitrateSwitch":240,"qoePlaybackSpeed":1055.2928532331332},"chunk-stream2-00040":{"qoeTotal":-169786.27736582168,"qoeBitrate":11500,"qoeRebuffer":65347.19999939203,"qoeLatency":114600,"qoeBitrateSwitch":240,"qoePlaybackSpeed":1099.0773664296491},"chunk-stream2-00041":{"qoeTotal":-181239.15926624805,"qoeBitrate":12000,"qoeRebuffer":70049.99999937415,"qoeLatency":121806.6,"qoeBitrateSwitch":240,"qoePlaybackSpeed":1142.5592668738836},"chunk-stream2-00042":{"qoeTotal":-189620.1665400035,"qoeBitrate":12500,"qoeRebuffer":71566.19999939203,"qoeLatency":129124.8,"qoeBitrateSwitch":240,"qoePlaybackSpeed":1189.166540611482},"chunk-stream2-00043":{"qoeTotal":-198201.7570117788,"qoeBitrate":13000,"qoeRebuffer":73120.79999944568,"qoeLatency":136616.4,"qoeBitrateSwitch":240,"qoePlaybackSpeed":1224.5570123331247},"chunk-stream2-00044":{"qoeTotal":-206923.6532772706,"qoeBitrate":13500,"qoeRebuffer":74647.79999944568,"qoeLatency":144271.19999999998,"qoeBitrateSwitch":240,"qoePlaybackSpeed":1264.6532778249489},"chunk-stream2-00045":{"qoeTotal":-215851.65704897253,"qoeBitrate":14000,"qoeRebuffer":76166.39999940991,"qoeLatency":152138.99999999997,"qoeBitrateSwitch":240,"qoePlaybackSpeed":1306.2570495626496},"chunk-stream2-00046":{"qoeTotal":-225010.1628538841,"qoeBitrate":14500,"qoeRebuffer":77739.5999994278,"qoeLatency":160186.19999999998,"qoeBitrateSwitch":240,"qoePlaybackSpeed":1344.362854456325},"chunk-stream2-00071":{"qoeTotal":-233227.53731963682,"qoeBitrate":15000,"qoeRebuffer":77739.5999994278,"qoeLatency":168853.8,"qoeBitrateSwitch":240,"qoePlaybackSpeed":1394.1373202090347},"chunk-stream2-00072":{"qoeTotal":-239923.33043509827,"qoeBitrate":15500,"qoeRebuffer":83236.79999944568,"qoeLatency":170521.19999999998,"qoeBitrateSwitch":240,"qoePlaybackSpeed":1425.3304356525916},"chunk-stream2-00073":{"qoeTotal":-242785.4439357712,"qoeBitrate":16000,"qoeRebuffer":84734.99999946356,"qoeLatency":172346.99999999997,"qoeBitrateSwitch":240,"qoePlaybackSpeed":1463.4439363076779},"chunk-stream2-00074":{"qoeTotal":-247633.933284296,"qoeBitrate":16500,"qoeRebuffer":88012.79999944568,"qoeLatency":174371.99999999997,"qoeBitrateSwitch":240,"qoePlaybackSpeed":1509.133284850365},"chunk-stream2-00075":{"qoeTotal":-252657.92378162095,"qoeBitrate":17000,"qoeRebuffer":91183.19999948144,"qoeLatency":176681.99999999997,"qoeBitrateSwitch":240,"qoePlaybackSpeed":1552.723782139537},"chunk-stream1-00076":{"qoeTotal":-256397.34562085985,"qoeBitrate":17300,"qoeRebuffer":92677.79999953508,"qoeLatency":179145.59999999998,"qoeBitrateSwitch":280,"qoePlaybackSpeed":1593.945621324791},"chunk-stream2-00077":{"qoeTotal":-260197.34359850208,"qoeBitrate":17800,"qoeRebuffer":94245.5999995172,"qoeLatency":181794.59999999998,"qoeBitrateSwitch":320,"qoePlaybackSpeed":1637.1435989849035},"chunk-stream2-00078":{"qoeTotal":-265822.10194560554,"qoeBitrate":18300,"qoeRebuffer":97396.79999953508,"qoeLatency":184724.99999999997,"qoeBitrateSwitch":320,"qoePlaybackSpeed":1680.3019460704625},"chunk-stream2-00079":{"qoeTotal":-272305.40382285527,"qoeBitrate":18800,"qoeRebuffer":101119.19999948144,"qoeLatency":187940.99999999997,"qoeBitrateSwitch":320,"qoePlaybackSpeed":1725.2038233738283},"chunk-stream2-00080":{"qoeTotal":-280106.44760345377,"qoeBitrate":19300,"qoeRebuffer":105863.39999940991,"qoeLatency":191452.79999999996,"qoeBitrateSwitch":320,"qoePlaybackSpeed":1770.2476040439385},"chunk-stream2-00081":{"qoeTotal":-286613.4357471356,"qoeBitrate":19800,"qoeRebuffer":109045.79999935627,"qoeLatency":195237.59999999995,"qoeBitrateSwitch":320,"qoePlaybackSpeed":1810.0357477793634},"chunk-stream2-00082":{"qoeTotal":-291680.6354796966,