{"switchHistory":[{"start":8.6895,"end":8.975041,"quality":{"mediaType":"video","bitrate":1000000,"width":640,"height":360,"scanType":null,"qualityIndex":2}},{"start":8.975041,"end":66.776596,"quality":{"mediaType":"video","bitrate":1000000,"width":640,"height":360,"scanType":null,"qualityIndex":2}}],"switchRequests":[],"stallDurationMs":15502.300000026822,"numStalls":62,"averageLatency":7.18630788804071,"averageBufferLength":0.21419083969465635,"averageBitrate":999999.9999999999,"numSwitches":2,"averageBitrateVariations":0,"averagePlaybackRate":0.8251921548653957,"averagePlaybackRateNonOne":0.8233125006166366}