{"chunk-stream2-00018":{"qoeTotal":-713.1999999999998,"qoeBitrate":500,"qoeRebuffer":0,"qoeLatency":1213.1999999999998,"qoeBitrateSwitch":0,"qoePlaybackSpeed":0},"chunk-stream2-00019":{"qoeTotal":-5095.770298959536,"qoeBitrate":1000,"qoeRebuffer":3423.600000053644,"qoeLatency":2635.2,"qoeBitrateSwitch":0,"qoePlaybackSpeed":36.970298905892676},"chunk-stream2-00020":{"qoeTotal":-7746.071617763142,"qoeBitrate":1500,"qoeRebuffer":4989.000000089407,"qoeLatency":4184.4,"qoeBitrateSwitch":0,"qoePlaybackSpeed":72.67161767373585},"chunk-stream2-00021":{"qoeTotal":-10530.142106409066,"qoeBitrate":2000,"qoeRebuffer":6569.400000035763,"qoeLatency":5844,"qoeBitrateSwitch":0,"qoePlaybackSpeed":116.74210637330421},"chunk-stream2-00022":{"qoeTotal":-13406.72697867103,"qoeBitrate":2500,"qoeRebuffer":8086.200000107288,"qoeLatency":7659.6,"qoeBitrateSwitch":0,"qoePlaybackSpeed":160.92697856374048},"chunk-stream2-00023":{"qoeTotal":-16414.2591100045,"qoeBitrate":3000,"qoeRebuffer":9596.40000012517,"qoeLatency":9613.2,"qoeBitrateSwitch":0,"qoePlaybackSpeed":204.65910987933023},"chunk-stream2-00024":{"qoeTotal":-19550.207638417978,"qoeBitrate":3500,"qoeRebuffer":11113.200000107288,"qoeLatency":11694.6,"qoeBitrateSwitch":0,"qoePlaybackSpeed":242.40763831069253},"chunk-stream2-00025":{"qoeTotal":-22839.142652314003,"qoeBitrate":4000,"qoeRebuffer":12642.000000089407,"qoeLatency":13911,"qoeBitrateSwitch":0,"qoePlaybackSpeed":286.14265222459574},"chunk-stream2-00026":{"qoeTotal":-26266.291445433893,"qoeBitrate":4500,"qoeRebuffer":14180.40000012517,"qoeLatency":16257,"qoeBitrateSwitch":0,"qoePlaybackSpeed":328.89144530872187},"chunk-stream2-00027":{"qoeTotal":-29814.944524697254,"qoeBitrate":5000,"qoeRebuffer":15729.600000143051,"qoeLatency":18712.8,"qoeBitrateSwitch":0,"qoePlaybackSpeed":372.54452455420386},"chunk-stream2-00028":{"qoeTotal":-33529.61499696957,"qoeBitrate":5500,"qoeRebuffer":17313.000000178814,"qoeLatency":21303,"qoeBitrateSwitch":0,"qoePlaybackSpeed":413.6149967907538},"chunk-stream2-00029":{"qoeTotal":-37337.66255640776,"qoeBitrate":6000,"qoeRebuffer":18895.800000160933,"qoeLatency":23989.2,"qoeBitrateSwitch":0,"qoePlaybackSpeed":452.662556246835},"chunk-stream2-00030":{"qoeTotal":-41182.28206714979,"qoeBitrate":6500,"qoeRebuffer":20416.200000196695,"qoeLatency":26773.8,"qoeBitrateSwitch":0,"qoePlaybackSpeed":492.2820669530918},"chunk-stream2-00031":{"qoeTotal":-45171.6949099534,"qoeBitrate":7000,"qoeRebuffer":21973.200000196695,"qoeLatency":29668.2,"qoeBitrateSwitch":0,"qoePlaybackSpeed":530.2949097567127},"chunk-stream2-00032":{"qoeTotal":-48581.69052259911,"qoeBitrate":7500,"qoeRebuffer":22871.400000214577,"qoeLatency":32637,"qoeBitrateSwitch":0,"qoePlaybackSpeed":573.2905223845268},"chunk-stream2-00033":{"qoeTotal":-54263.60390710321,"qoeBitrate":8000,"qoeRebuffer":25937.400000303984,"qoeLatency":35709.6,"qoeBitrateSwitch":0,"qoePlaybackSpeed":616.6039067992242},"chunk-stream2-00034":{"qoeTotal":-58702.292938669154,"qoeBitrate":8500,"qoeRebuffer":27694.80000025034,"qoeLatency":38848.2,"qoeBitrateSwitch":0,"qoePlaybackSpeed":659.2929384188162},"chunk-stream2-00035":{"qoeTotal":-62985.53204781732,"qoeBitrate":9000,"qoeRebuffer":29226.00000026822,"qoeLatency":42059.399999999994,"qoeBitrateSwitch":0,"qoePlaybackSpeed":700.1320475491051},"chunk-stream2-00036":{"qoeTotal":-65811.88882212758,"qoeBitrate":9500,"qoeRebuffer":29226.00000026822,"qoeLatency":45347.99999999999,"qoeBitrateSwitch":0,"qoePlaybackSpeed":737.8888218593737},"chunk-stream2-00037":{"qoeTotal":-68717.52271542394,"qoeBitrate":10000,"qoeRebuffer":29226.00000026822,"qoeLatency":48708.59999999999,"qoeBitrateSwitch":0,"qoePlaybackSpeed":782.9227151557317},"chunk-stream2-00038":{"qoeTotal":-73259.13783105415,"qoeBitrate":10500,"qoeRebuffer":30796.80000025034,"qoeLatency":52142.399999999994,"qoeBitrateSwitch":0,"qoePlaybackSpeed":819.9378308038176},"chunk-stream2-00039":{"qoeTotal":-77823.35780506794,"qoeBitrate":11000,"qoeRebuffer":32331.00000026822,"qoeLatency":55632.59999999999,"qoeBitrateSwitch":0,"qoePlaybackSpeed":859.7578047997288},"chunk-stream2-00040":{"qoeTotal":-82538.80456121784,"qoeBitrate":11500,"qoeRebuffer":33920.400000303984,"qoeLatency":59221.79999999999,"qoeBitrateSwitch":0,"qoePlaybackSpeed":896.6045609138649},"chunk-stream2-00041":{"qoeTotal":-86422.85917319705,"qoeBitrate":12000,"qoeRebuffer":34615.2000002861,"qoeLatency":62869.19999999999,"qoeBitrateSwitch":0,"qoePlaybackSpeed":938.4591729109713},"chunk-stream2-00042":{"qoeTotal":-91248.58037109715,"qoeBitrate":12500,"qoeRebuffer":36192.60000023246,"qoeLatency":66577.19999999998,"qoeBitrateSwitch":0,"qoePlaybackSpeed":978.7803708647075},"chunk-stream2-00043":{"qoeTotal":-94539.964731499,"qoeBitrate":13000,"qoeRebuffer":36192.60000023246,"qoeLatency":70333.79999999999,"qoeBitrateSwitch":0,"qoePlaybackSpeed":1013.5647312665604},"chunk-stream2-00044":{"qoeTotal":-97873.8971880873,"qoeBitrate":13500,"qoeRebuffer":36192.60000023246,"qoeLatency":74138.4,"qoeBitrateSwitch":0,"qoePlaybackSpeed":1042.8971878548537},"chunk-stream2-00045":{"qoeTotal":-101255.59589548715,"qoeBitrate":14000,"qoeRebuffer":36192.60000023246,"qoeLatency":77998.2,"qoeBitrateSwitch":0,"qoePlaybackSpeed":1064.7958952546883},"chunk-stream2-00046":{"qoeTotal":-104676.81125286539,"qoeBitrate":14500,"qoeRebuffer":36192.60000023246,"qoeLatency":81898.2,"qoeBitrateSwitch":0,"qoePlaybackSpeed":1086.011252632931},"chunk-stream2-00047":{"qoeTotal":-108135.98233657071,"qoeBitrate":15000,"qoeRebuffer":36192.60000023246,"qoeLatency":85839,"qoeBitrateSwitch":0,"qoePlaybackSpeed":1104.382336338248},"chunk-stream2-00048":{"qoeTotal":-111635.78617346617,"qoeBitrate":15500,"qoeRebuffer":36192.60000023246,"qoeLatency":89816.4,"qoeBitrateSwitch":0,"qoePlaybackSpeed":1126.7861732337144},"chunk-stream2-00049":{"qoeTotal":-115216.70100268244,"qoeBitrate":16000,"qoeRebuffer":36192.60000023246,"qoeLatency":93862.79999999999,"qoeBitrateSwitch":0,"qoePlaybackSpeed":1161.3010024499965},"chunk-stream2-00050":{"qoeTotal":-120441.53364947077,"qoeBitrate":16500,"qoeRebuffer":37720.2000002861,"qoeLatency":98018.4,"qoeBitrateSwitch":0,"qoePlaybackSpeed":1202.9336491846748},"chunk-stream2-00051":{"qoeTotal":-125830.40733302124,"qoeBitrate":17000,"qoeRebuffer":39270.60000023246,"qoeLatency":102313.2,"qoeBitrateSwitch":0,"qoePlaybackSpeed":1246.6073327887793},"chunk-stream2-00052":{"qoeTotal":-129697.06844595511,"qoeBitrate":17500,"qoeRebuffer":39270.60000023246,"qoeLatency":106659.59999999999,"qoeBitrateSwitch":0,"qoePlaybackSpeed":1266.868445722656},"chunk-stream2-00053":{"qoeTotal":-133587.7035504357,"qoeBitrate":18000,"qoeRebuffer":39270.60000023246,"qoeLatency":111033.59999999999,"qoeBitrateSwitch":0,"qoePlaybackSpeed":1283.5035502032538},"chunk-stream2-00054":{"qoeTotal":-137527.37330022905,"qoeBitrate":18500,"qoeRebuffer":39270.60000023246,"qoeLatency":115442.4,"qoeBitrateSwitch":0,"qoePlaybackSpeed":1314.3732999966003},"chunk-stream2-00055":{"qoeTotal":-141606.48665650008,"qoeBitrate":19000,"qoeRebuffer":39270.60000023246,"qoeLatency":119976.59999999999,"qoeBitrateSwitch":0,"qoePlaybackSpeed":1359.2866562676506},"chunk-stream2-00056":{"qoeTotal":-152300.05957798188,"qoeBitrate":19500,"qoeRebuffer":45510.60000023246,"qoeLatency":124899.59999999999,"qoeBitrateSwitch":0,"qoePlaybackSpeed":1389.8595777494454},"chunk-stream2-00057":{"qoeTotal":-158377.12083180723,"qoeBitrate":20000,"qoeRebuffer":47046.60000023246,"qoeLatency":129901.2,"qoeBitrateSwitch":0,"qoePlaybackSpeed":1429.3208315747734},"chunk-stream2-00058":{"qoeTotal":-162989.53176207017,"qoeBitrate":20500,"qoeRebuffer":47046.60000023246,"qoeLatency":134979.6,"qoeBitrateSwitch":0,"qoePlaybackSpeed":1463.3317618376996},"chunk-stream2-00059":{"qoeTotal":-167682.7931365547,"qoeBitrate":21000,"qoeRebuffer":47046.60000023246,"qoeLatency":140127,"qoeBitrateSwitch":0,"qoePlaybackSpeed":1509.193136322254},"chunk-stream2-00060":{"qoeTotal":-172430.6258357157,"qoeBitrate":21500,"qoeRebuffer":47046.60000023246,"qoeLatency":145346.4,