{"chunk-stream2-00018":{"qoeTotal":-631.7834025554281,"qoeBitrate":500,"qoeRebuffer":0,"qoeLatency":1089,"qoeBitrateSwitch":0,"qoePlaybackSpeed":42.78340255542814},"init-stream1":{"qoeTotal":-1870.1668051108566,"qoeBitrate":800,"qoeRebuffer":0,"qoeLatency":2184.6000000000004,"qoeBitrateSwitch":400,"qoePlaybackSpeed":85.56680511085628},"chunk-stream1-00019":{"qoeTotal":-4279.02359649474,"qoeBitrate":1100,"qoeRebuffer":1557.6000008583067,"qoeLatency":3310.8,"qoeBitrateSwitch":400,"qoePlaybackSpeed":110.62359563643291},"chunk-stream1-00020":{"qoeTotal":-5129.432700217077,"qoeBitrate":1400,"qoeRebuffer":1557.6000008583067,"qoeLatency":4448.4,"qoeBitrateSwitch":400,"qoePlaybackSpeed":123.43269935876978},"init-stream2":{"qoeTotal":-5943.832700217076,"qoeBitrate":1900,"qoeRebuffer":1557.6000008583067,"qoeLatency":5362.799999999999,"qoeBitrateSwitch":800,"qoePlaybackSpeed":123.43269935876978},"chunk-stream2-00021":{"qoeTotal":-6592.01785944091,"qoeBitrate":2400,"qoeRebuffer":1557.6000008583067,"qoeLatency":6468.599999999999,"qoeBitrateSwitch":800,"qoePlaybackSpeed":165.8178585826039},"chunk-stream2-00022":{"qoeTotal":-7182.792998056997,"qoeBitrate":2900,"qoeRebuffer":1557.6000008583067,"qoeLatency":7523.4,"qoeBitrateSwitch":800,"qoePlaybackSpeed":201.79299719869033},"chunk-stream2-00023":{"qoeTotal":-7754.278710032692,"qoeBitrate":3400,"qoeRebuffer":1557.6000008583067,"qoeLatency":8563.199999999999,"qoeBitrateSwitch":800,"qoePlaybackSpeed":233.47870917438624},"chunk-stream2-00024":{"qoeTotal":-8297.629093064905,"qoeBitrate":3900,"qoeRebuffer":1557.6000008583067,"qoeLatency":9589.8,"qoeBitrateSwitch":800,"qoePlaybackSpeed":250.22909220659787},"chunk-stream2-00025":{"qoeTotal":-8816.622887498752,"qoeBitrate":4400,"qoeRebuffer":1557.6000008583067,"qoeLatency":10584.599999999999,"qoeBitrateSwitch":800,"qoePlaybackSpeed":274.42288664044594},"chunk-stream2-00026":{"qoeTotal":-9309.728828443689,"qoeBitrate":4900,"qoeRebuffer":1557.6000008583067,"qoeLatency":11558.999999999998,"qoeBitrateSwitch":800,"qoePlaybackSpeed":293.1288275853836},"chunk-stream2-00027":{"qoeTotal":-9785.79239139433,"qoeBitrate":5400,"qoeRebuffer":1557.6000008583067,"qoeLatency":12527.399999999998,"qoeBitrateSwitch":800,"qoePlaybackSpeed":300.7923905360267},"chunk-stream2-00028":{"qoeTotal":-10244.046091379994,"qoeBitrate":5900,"qoeRebuffer":1557.6000008583067,"qoeLatency":13485.599999999999,"qoeBitrateSwitch":800,"qoePlaybackSpeed":300.8460905216884},"chunk-stream2-00029":{"qoeTotal":-10693.294639675529,"qoeBitrate":6400,"qoeRebuffer":1557.6000008583067,"qoeLatency":14424.599999999999,"qoeBitrateSwitch":800,"qoePlaybackSpeed":311.09463881722417},"chunk-stream2-00030":{"qoeTotal":-11130.903454026993,"qoeBitrate":6900,"qoeRebuffer":1557.6000008583067,"qoeLatency":15354.599999999999,"qoeBitrateSwitch":800,"qoePlaybackSpeed":318.70345316868736},"chunk-stream2-00031":{"qoeTotal":-11555.912268378455,"qoeBitrate":7400,"qoeRebuffer":1557.6000008583067,"qoeLatency":16271.999999999998,"qoeBitrateSwitch":800,"qoePlaybackSpeed":326.31226752015056},"chunk-stream2-00032":{"qoeTotal":-11972.712268378456,"qoeBitrate":7900,"qoeRebuffer":1557.6000008583067,"qoeLatency":17188.8,"qoeBitrateSwitch":800,"qoePlaybackSpeed":326.31226752015056},"chunk-stream2-00033":{"qoeTotal":-12387.112268378458,"qoeBitrate":8400,"qoeRebuffer":1557.6000008583067,"qoeLatency":18103.2,"qoeBitrateSwitch":800,"qoePlaybackSpeed":326.31226752015056},"chunk-stream2-00034":{"qoeTotal":-12801.51226837846,"qoeBitrate":8900,"qoeRebuffer":1557.6000008583067,"qoeLatency":19017.600000000002,"qoeBitrateSwitch":800,"qoePlaybackSpeed":326.31226752015056},"chunk-stream2-00035":{"qoeTotal":-13217.71226837846,"qoeBitrate":9400,"qoeRebuffer":1557.6000008583067,"qoeLatency":19933.800000000003,"qoeBitrateSwitch":800,"qoePlaybackSpeed":326.31226752015056},"chunk-stream2-00036":{"qoeTotal":-13632.112268378462,"qoeBitrate":9900,"qoeRebuffer":1557.6000008583067,"qoeLatency":20848.200000000004,"qoeBitrateSwitch":800,"qoePlaybackSpeed":326.31226752015056},"chunk-stream2-00037":{"qoeTotal":-14046.512268378463,"qoeBitrate":10400,"qoeRebuffer":1557.6000008583067,"qoeLatency":21762.600000000006,"qoeBitrateSwitch":800,"qoePlaybackSpeed":326.31226752015056},"chunk-stream2-00038":{"qoeTotal":-14462.112268378462,"qoeBitrate":10900,"qoeRebuffer":1557.6000008583067,"qoeLatency":22678.200000000004,"qoeBitrateSwitch":800,"qoePlaybackSpeed":326.31226752015056},"chunk-stream2-00039":{"qoeTotal":-14878.312268378462,"qoeBitrate":11400,"qoeRebuffer":1557.6000008583067,"qoeLatency":23594.400000000005,"qoeBitrateSwitch":800,"qoePlaybackSpeed":326.31226752015056},"chunk-stream2-00040":{"qoeTotal":-15292.712268378464,"qoeBitrate":11900,"qoeRebuffer":1557.6000008583067,"qoeLatency":24508.800000000007,"qoeBitrateSwitch":800,"qoePlaybackSpeed":326.31226752015056},"chunk-stream2-00041":{"qoeTotal":-15707.112268378465,"qoeBitrate":12400,"qoeRebuffer":1557.6000008583067,"qoeLatency":25423.200000000008,"qoeBitrateSwitch":800,"qoePlaybackSpeed":326.31226752015056},"chunk-stream2-00042":{"qoeTotal":-16123.312268378466,"qoeBitrate":12900,"qoeRebuffer":1557.6000008583067,"qoeLatency":26339.40000000001,"qoeBitrateSwitch":800,"qoePlaybackSpeed":326.31226752015056},"chunk-stream2-00043":{"qoeTotal":-16540.112268378467,"qoeBitrate":13400,"qoeRebuffer":1557.6000008583067,"qoeLatency":27256.200000000008,"qoeBitrateSwitch":800,"qoePlaybackSpeed":326.31226752015056},"chunk-stream2-00044":{"qoeTotal":-16954.51226837847,"qoeBitrate":13900,"qoeRebuffer":1557.6000008583067,"qoeLatency":28170.60000000001,"qoeBitrateSwitch":800,"qoePlaybackSpeed":326.31226752015056},"init-stream3":{"qoeTotal":-18118.91226837847,"qoeBitrate":15150,"qoeRebuffer":1557.6000008583067,"qoeLatency":29085.00000000001,"qoeBitrateSwitch":2300,"qoePlaybackSpeed":326.31226752015056},"chunk-stream3-00045":{"qoeTotal":-17788.11226837847,"qoeBitrate":16400,"qoeRebuffer":1557.6000008583067,"qoeLatency":30004.20000000001,"qoeBitrateSwitch":2300,"qoePlaybackSpeed":326.31226752015056},"chunk-stream3-00046":{"qoeTotal":-17456.71226837847,"qoeBitrate":17650,"qoeRebuffer":1557.6000008583067,"qoeLatency":30922.80000000001,"qoeBitrateSwitch":2300,"qoePlaybackSpeed":326.31226752015056},"chunk-stream3-00047":{"qoeTotal":-17123.51226837847,"qoeBitrate":18900,"qoeRebuffer":1557.6000008583067,"qoeLatency":31839.60000000001,"qoeBitrateSwitch":2300,"qoePlaybackSpeed":326.31226752015056},"chunk-stream3-00048":{"qoeTotal":-16790.312268378468,"qoeBitrate":20150,"qoeRebuffer":1557.6000008583067,"qoeLatency":32756.40000000001,"qoeBitrateSwitch":2300,"qoePlaybackSpeed":326.31226752015056},"chunk-stream3-00049":{"qoeTotal":-16454.71226837847,"qoeBitrate":21400,"qoeRebuffer":1557.6000008583067,"qoeLatency":33670.80000000001,"qoeBitrateSwitch":2300,"qoePlaybackSpeed":326.31226752015056},"chunk-stream3-00050":{"qoeTotal":-16119.112268378469,"qoeBitrate":22650,"qoeRebuffer":1557.6000008583067,"qoeLatency":34585.20000000001,"qoeBitrateSwitch":2300,"qoePlaybackSpeed":326.31226752015056},"chunk-stream3-00051":{"qoeTotal":-15783.51226837847,"qoeBitrate":23900,"qoeRebuffer":1557.6000008583067,"qoeLatency":35499.60000000001,"qoeBitrateSwitch":2300,"qoePlaybackSpeed":326.31226752015056},"chunk-stream3-00052":{"qoeTotal":-15447.912268378472,"qoeBitrate":25150,"qoeRebuffer":1557.6000008583067,"qoeLatency":36414.000000000015,"qoeBitrateSwitch":2300,"qoePlaybackSpeed":326.31226752015056},"chunk-stream3-00053":{"qoeTotal":-15114.112268378469,"qoeBitrate":26400,"qoeRebuffer":1557.6000008583067,"qoeLatency":37330.20000000001,"qoeBitrateSwitch":2300,"qoePlaybackSpeed":326.31226752015056},"chunk-stream3-00054":{"qoeTotal":-14778.51226837847,"qoeBitrate":27650,"qoeRebuffer":1557.6000008583067,"qoeLatency":38244.60000000001,"qoeBitrateSwitch":2300,"qoePlaybackSpeed":326.31226752015056},"chunk-stream2-00055":{"qoeTotal":-16692.912268378474,"qoeBitrate":28150,"qoeRebuffer":1557.6000008583067,"qoeLatency":39159.000000000015,"qoeBitrateSwitch":3800,