{"switchHistory":[{"start":8.922,"end":8.976724,"quality":{"mediaType":"video","bitrate":1000000,"width":640,"height":360,"scanType":null,"qualityIndex":2}},{"start":8.976724,"end":68.811015,"quality":{"mediaType":"video","bitrate":1000000,"width":640,"height":360,"scanType":null,"qualityIndex":2}}],"switchRequests":[],"stallDurationMs":329.90000000596046,"numStalls":2,"averageLatency":1.537848341232228,"averageBufferLength":1.4408601895734605,"averageBitrate":999999.9999999999,"numSwitches":2,"averageBitrateVariations":0,"averagePlaybackRate":1.0025411721966904,"averagePlaybackRateNonOne":1.028414925472083}