{"switchHistory":[{"start":8.6775,"end":8.878387,"quality":{"mediaType":"video","bitrate":1000000,"width":640,"height":360,"scanType":null,"qualityIndex":2}},{"start":8.878387,"end":68.755331,"quality":{"mediaType":"video","bitrate":1000000,"width":640,"height":360,"scanType":null,"qualityIndex":2}}],"switchRequests":[],"stallDurationMs":6.299999952316284,"numStalls":2,"averageLatency":1.4999456264775408,"averageBufferLength":1.3930874704491731,"averageBitrate":1000000.0000000001,"numSwitches":2,"averageBitrateVariations":0,"averagePlaybackRate":1.0026549413124757,"averagePlaybackRateNonOne":1.0251198293411168}