{"chunk-stream2-00018":{"qoeTotal":-612.3792947862995,"qoeBitrate":500,"qoeRebuffer":0,"qoeLatency":1062,"qoeBitrateSwitch":0,"qoePlaybackSpeed":50.379294786299475},"chunk-stream2-00019":{"qoeTotal":-2820.109956016226,"qoeBitrate":1000,"qoeRebuffer":1575,"qoeLatency":2157.6000000000004,"qoeBitrateSwitch":0,"qoePlaybackSpeed":87.50995601622591},"chunk-stream2-00020":{"qoeTotal":-3444.855421849563,"qoeBitrate":1500,"qoeRebuffer":1575,"qoeLatency":3270.0000000000005,"qoeBitrateSwitch":0,"qoePlaybackSpeed":99.85542184956216},"chunk-stream2-00021":{"qoeTotal":-4053.513362501381,"qoeBitrate":2000,"qoeRebuffer":1575,"qoeLatency":4341,"qoeBitrateSwitch":0,"qoePlaybackSpeed":137.5133625013811},"chunk-stream2-00022":{"qoeTotal":-4627.514847312548,"qoeBitrate":2500,"qoeRebuffer":1575,"qoeLatency":5380.2,"qoeBitrateSwitch":0,"qoePlaybackSpeed":172.3148473125488},"chunk-stream2-00023":{"qoeTotal":-5164.194549295137,"qoeBitrate":3000,"qoeRebuffer":1575,"qoeLatency":6388.8,"qoeBitrateSwitch":0,"qoePlaybackSpeed":200.39454929513718},"chunk-stream2-00024":{"qoeTotal":-5667.175423214251,"qoeBitrate":3500,"qoeRebuffer":1575,"qoeLatency":7368.6,"qoeBitrateSwitch":0,"qoePlaybackSpeed":223.5754232142512},"chunk-stream2-00025":{"qoeTotal":-6157.086669828417,"qoeBitrate":4000,"qoeRebuffer":1575,"qoeLatency":8339.4,"qoeBitrateSwitch":0,"qoePlaybackSpeed":242.68666982841742},"chunk-stream2-00026":{"qoeTotal":-6627.964492906547,"qoeBitrate":4500,"qoeRebuffer":1575,"qoeLatency":9294.6,"qoeBitrateSwitch":0,"qoePlaybackSpeed":258.36449290654633},"chunk-stream2-00027":{"qoeTotal":-7076.525983072228,"qoeBitrate":5000,"qoeRebuffer":1575,"qoeLatency":10230.6,"qoeBitrateSwitch":0,"qoePlaybackSpeed":270.92598307222744},"init-stream3":{"qoeTotal":-7201.1883759522,"qoeBitrate":6250,"qoeRebuffer":1575,"qoeLatency":11406,"qoeBitrateSwitch":150,"qoePlaybackSpeed":320.18837595220003},"chunk-stream3-00028":{"qoeTotal":-6884.892176299657,"qoeBitrate":7500,"qoeRebuffer":1575,"qoeLatency":12331.8,"qoeBitrateSwitch":150,"qoePlaybackSpeed":328.0921762996578},"chunk-stream3-00029":{"qoeTotal":-6555.892176299657,"qoeBitrate":8750,"qoeRebuffer":1575,"qoeLatency":13252.8,"qoeBitrateSwitch":150,"qoePlaybackSpeed":328.0921762996578},"chunk-stream3-00030":{"qoeTotal":-6220.892176299657,"qoeBitrate":10000,"qoeRebuffer":1575,"qoeLatency":14167.8,"qoeBitrateSwitch":150,"qoePlaybackSpeed":328.0921762996578},"chunk-stream3-00031":{"qoeTotal":-5891.292176299657,"qoeBitrate":11250,"qoeRebuffer":1575,"qoeLatency":15088.199999999999,"qoeBitrateSwitch":150,"qoePlaybackSpeed":328.0921762996578},"chunk-stream3-00032":{"qoeTotal":-5561.692176299656,"qoeBitrate":12500,"qoeRebuffer":1575,"qoeLatency":16008.599999999999,"qoeBitrateSwitch":150,"qoePlaybackSpeed":328.0921762996578},"chunk-stream3-00033":{"qoeTotal":-5226.692176299656,"qoeBitrate":13750,"qoeRebuffer":1575,"qoeLatency":16923.6,"qoeBitrateSwitch":150,"qoePlaybackSpeed":328.0921762996578},"chunk-stream3-00034":{"qoeTotal":-4896.4921762996555,"qoeBitrate":15000,"qoeRebuffer":1575,"qoeLatency":17843.399999999998,"qoeBitrateSwitch":150,"qoePlaybackSpeed":328.0921762996578},"chunk-stream3-00035":{"qoeTotal":-4568.092176299654,"qoeBitrate":16250,"qoeRebuffer":1575,"qoeLatency":18764.999999999996,"qoeBitrateSwitch":150,"qoePlaybackSpeed":328.0921762996578},"chunk-stream3-00036":{"qoeTotal":-4238.4921762996555,"qoeBitrate":17500,"qoeRebuffer":1575,"qoeLatency":19685.399999999998,"qoeBitrateSwitch":150,"qoePlaybackSpeed":328.0921762996578},"chunk-stream3-00037":{"qoeTotal":-3909.4921762996555,"qoeBitrate":18750,"qoeRebuffer":1575,"qoeLatency":20606.399999999998,"qoeBitrateSwitch":150,"qoePlaybackSpeed":328.0921762996578},"chunk-stream3-00038":{"qoeTotal":-3579.892176299657,"qoeBitrate":20000,"qoeRebuffer":1575,"qoeLatency":21526.8,"qoeBitrateSwitch":150,"qoePlaybackSpeed":328.0921762996578},"chunk-stream3-00039":{"qoeTotal":-3251.4921762996555,"qoeBitrate":21250,"qoeRebuffer":1575,"qoeLatency":22448.399999999998,"qoeBitrateSwitch":150,"qoePlaybackSpeed":328.0921762996578},"chunk-stream3-00040":{"qoeTotal":-2921.892176299657,"qoeBitrate":22500,"qoeRebuffer":1575,"qoeLatency":23368.8,"qoeBitrateSwitch":150,"qoePlaybackSpeed":328.0921762996578},"chunk-stream3-00041":{"qoeTotal":-2586.892176299657,"qoeBitrate":23750,"qoeRebuffer":1575,"qoeLatency":24283.8,"qoeBitrateSwitch":150,"qoePlaybackSpeed":328.0921762996578},"chunk-stream3-00042":{"qoeTotal":-2251.892176299657,"qoeBitrate":25000,"qoeRebuffer":1575,"qoeLatency":25198.8,"qoeBitrateSwitch":150,"qoePlaybackSpeed":328.0921762996578},"chunk-stream3-00043":{"qoeTotal":-1916.892176299657,"qoeBitrate":26250,"qoeRebuffer":1575,"qoeLatency":26113.8,"qoeBitrateSwitch":150,"qoePlaybackSpeed":328.0921762996578},"chunk-stream3-00044":{"qoeTotal":-1581.892176299657,"qoeBitrate":27500,"qoeRebuffer":1575,"qoeLatency":27028.8,"qoeBitrateSwitch":150,"qoePlaybackSpeed":328.0921762996578},"chunk-stream3-00045":{"qoeTotal":-1255.115976919819,"qoeBitrate":28750,"qoeRebuffer":1575,"qoeLatency":27951,"qoeBitrateSwitch":150,"qoePlaybackSpeed":329.11597691981916},"chunk-stream3-00046":{"qoeTotal":-984.0980847801355,"qoeBitrate":30000,"qoeRebuffer":1575,"qoeLatency":28900.8,"qoeBitrateSwitch":150,"qoePlaybackSpeed":358.29808478013626},"chunk-stream3-00047":{"qoeTotal":-765.2697574358278,"qoeBitrate":31250,"qoeRebuffer":1575,"qoeLatency":29902.2,"qoeBitrateSwitch":150,"qoePlaybackSpeed":388.06975743582706},"chunk-stream3-00048":{"qoeTotal":-2108.446004941172,"qoeBitrate":32500,"qoeRebuffer":3067.7999997138977,"qoeLatency":30976.2,"qoeBitrateSwitch":150,"qoePlaybackSpeed":414.4460052272733},"chunk-stream3-00049":{"qoeTotal":-3662.6249713767006,"qoeBitrate":33750,"qoeRebuffer":4616.399999141693,"qoeLatency":32187.600000000002,"qoeBitrateSwitch":150,"qoePlaybackSpeed":458.6249722350055},"chunk-stream3-00050":{"qoeTotal":-8114.399089539255,"qoeBitrate":35000,"qoeRebuffer":8766.599997997284,"qoeLatency":33692.4,"qoeBitrateSwitch":150,"qoePlaybackSpeed":505.3990915419699},"chunk-stream3-00051":{"qoeTotal":-12547.661613739023,"qoeBitrate":36250,"qoeRebuffer":12638.999997138977,"qoeLatency":35462.4,"qoeBitrateSwitch":150,"qoePlaybackSpeed":546.2616166000452},"chunk-stream3-00052":{"qoeTotal":-14763.207952979354,"qoeBitrate":37500,"qoeRebuffer":14228.999997138977,"qoeLatency":37305,"qoeBitrateSwitch":150,"qoePlaybackSpeed":579.207955840377},"chunk-stream3-00053":{"qoeTotal":-15443.819290449408,"qoeBitrate":38750,"qoeRebuffer":14228.999997138977,"qoeLatency":39201.6,"qoeBitrateSwitch":150,"qoePlaybackSpeed":613.2192933104322},"chunk-stream3-00054":{"qoeTotal":-17751.143137431827,"qoeBitrate":40000,"qoeRebuffer":15763.19999742508,"qoeLatency":41178.6,"qoeBitrateSwitch":150,"qoePlaybackSpeed":659.3431400067484},"chunk-stream3-00055":{"qoeTotal":-21949.859713325473,"qoeBitrate":41250,"qoeRebuffer":18817.799995422363,"qoeLatency":43535.4,"qoeBitrateSwitch":150,"qoePlaybackSpeed":696.6597179031099},"chunk-stream3-00056":{"qoeTotal":-33100.141146394075,"qoeBitrate":42500,"qoeRebuffer":28265.999994277954,"qoeLatency":46448.4,"qoeBitrateSwitch":150,"qoePlaybackSpeed":735.7411521161208},"chunk-stream3-00057":{"qoeTotal":-38159.389184832275,"qoeBitrate":43750,"qoeRebuffer":31379.999994277954,"qoeLatency":49600.8,"qoeBitrateSwitch":150,"qoePlaybackSpeed":778.5891905543185},"chunk-stream3-00058":{"qoeTotal":-41888.028755510706,"qoeBitrate":45000,"qoeRebuffer":32948.999994277954,"qoeLatency":52972.8,"qoeBitrateSwitch":150,"qoePlaybackSpeed":816.2287612327488},"chunk-stream3-00059":{"qoeTotal":-45728.80651835992,"qoeBitrate":46250,"qoeRebuffer":34469.999994277954,"qoeLatency":56501.4,"qoeBitrateSwitch":150,"qoePlaybackSpeed":857.4065240819604},"chunk-stream3-00060":{"qoeTotal":-49717.668922728604,"qoeBitrate":47500,"qoeRebuffer":35993.39999341965,"qoeLatency":60172.8,"qoeBitrateSwitch":150,"qoePlaybackSpeed":901.4689293089513},"chunk-stream3-00061":{"qoeTotal":-53881.148496464004,"qoeBitrate":48750,"qoeRebuffer":37516.79999256134,"qoeLatency":64017,