{"chunk-stream2-00018":{"qoeTotal":-549.7487595876656,"qoeBitrate":500,"qoeRebuffer":0,"qoeLatency":1000.8,"qoeBitrateSwitch":0,"qoePlaybackSpeed":48.94875958766563},"init-stream3":{"qoeTotal":-503.09751917533106,"qoeBitrate":1750,"qoeRebuffer":0,"qoeLatency":2005.1999999999998,"qoeBitrateSwitch":150,"qoePlaybackSpeed":97.89751917533125},"chunk-stream3-00019":{"qoeTotal":-332.4394649773706,"qoeBitrate":3000,"qoeRebuffer":0,"qoeLatency":3067.7999999999997,"qoeBitrateSwitch":150,"qoePlaybackSpeed":114.63946497737088},"chunk-stream3-00020":{"qoeTotal":-195.56885768703035,"qoeBitrate":4250,"qoeRebuffer":0,"qoeLatency":4143,"qoeBitrateSwitch":150,"qoePlaybackSpeed":152.56885768703035},"chunk-stream3-00021":{"qoeTotal":-40.351271015784874,"qoeBitrate":5500,"qoeRebuffer":0,"qoeLatency":5202,"qoeBitrateSwitch":150,"qoePlaybackSpeed":188.35127101578487},"chunk-stream3-00022":{"qoeTotal":154.37235686711833,"qoeBitrate":6750,"qoeRebuffer":0,"qoeLatency":6243.6,"qoeBitrateSwitch":150,"qoePlaybackSpeed":202.0276431328813},"chunk-stream3-00023":{"qoeTotal":384.19764869289827,"qoeBitrate":8000,"qoeRebuffer":0,"qoeLatency":7260,"qoeBitrateSwitch":150,"qoePlaybackSpeed":205.80235130710176},"chunk-stream3-00024":{"qoeTotal":591.1446627319634,"qoeBitrate":9250,"qoeRebuffer":0,"qoeLatency":8275.8,"qoeBitrateSwitch":150,"qoePlaybackSpeed":233.05533726803728},"chunk-stream3-00025":{"qoeTotal":832.7621300717828,"qoeBitrate":10500,"qoeRebuffer":0,"qoeLatency":9264,"qoeBitrateSwitch":150,"qoePlaybackSpeed":253.23786992821715},"chunk-stream3-00026":{"qoeTotal":1105.7043981142,"qoeBitrate":11750,"qoeRebuffer":0,"qoeLatency":10225.8,"qoeBitrateSwitch":150,"qoePlaybackSpeed":268.4956018858006},"chunk-stream3-00027":{"qoeTotal":1402.5473436100556,"qoeBitrate":13000,"qoeRebuffer":0,"qoeLatency":11169,"qoeBitrateSwitch":150,"qoePlaybackSpeed":278.45265638994454},"chunk-stream3-00028":{"qoeTotal":1712.5902891059116,"qoeBitrate":14250,"qoeRebuffer":0,"qoeLatency":12099,"qoeBitrateSwitch":150,"qoePlaybackSpeed":288.40971089408845},"chunk-stream3-00029":{"qoeTotal":2045.190289105912,"qoeBitrate":15500,"qoeRebuffer":0,"qoeLatency":13016.4,"qoeBitrateSwitch":150,"qoePlaybackSpeed":288.40971089408845},"chunk-stream3-00030":{"qoeTotal":2367.8987076646627,"qoeBitrate":16750,"qoeRebuffer":0,"qoeLatency":13939.199999999999,"qoeBitrateSwitch":150,"qoePlaybackSpeed":292.9012923353384},"chunk-stream3-00031":{"qoeTotal":2704.0987076646634,"qoeBitrate":18000,"qoeRebuffer":0,"qoeLatency":14852.999999999998,"qoeBitrateSwitch":150,"qoePlaybackSpeed":292.9012923353384},"chunk-stream3-00032":{"qoeTotal":3040.298707664664,"qoeBitrate":19250,"qoeRebuffer":0,"qoeLatency":15766.799999999997,"qoeBitrateSwitch":150,"qoePlaybackSpeed":292.9012923353384},"chunk-stream3-00033":{"qoeTotal":3376.498707664663,"qoeBitrate":20500,"qoeRebuffer":0,"qoeLatency":16680.6,"qoeBitrateSwitch":150,"qoePlaybackSpeed":292.9012923353384},"chunk-stream3-00034":{"qoeTotal":3707.8987076646645,"qoeBitrate":21750,"qoeRebuffer":0,"qoeLatency":17599.199999999997,"qoeBitrateSwitch":150,"qoePlaybackSpeed":292.9012923353384},"chunk-stream3-00035":{"qoeTotal":4044.098707664665,"qoeBitrate":23000,"qoeRebuffer":0,"qoeLatency":18512.999999999996,"qoeBitrateSwitch":150,"qoePlaybackSpeed":292.9012923353384},"chunk-stream3-00036":{"qoeTotal":4380.298707664666,"qoeBitrate":24250,"qoeRebuffer":0,"qoeLatency":19426.799999999996,"qoeBitrateSwitch":150,"qoePlaybackSpeed":292.9012923353384},"chunk-stream3-00037":{"qoeTotal":4715.8987076646645,"qoeBitrate":25500,"qoeRebuffer":0,"qoeLatency":20341.199999999997,"qoeBitrateSwitch":150,"qoePlaybackSpeed":292.9012923353384},"chunk-stream3-00038":{"qoeTotal":5047.298707664666,"qoeBitrate":26750,"qoeRebuffer":0,"qoeLatency":21259.799999999996,"qoeBitrateSwitch":150,"qoePlaybackSpeed":292.9012923353384},"chunk-stream3-00039":{"qoeTotal":5378.698707664667,"qoeBitrate":28000,"qoeRebuffer":0,"qoeLatency":22178.399999999994,"qoeBitrateSwitch":150,"qoePlaybackSpeed":292.9012923353384},"chunk-stream3-00040":{"qoeTotal":5710.698707664667,"qoeBitrate":29250,"qoeRebuffer":0,"qoeLatency":23096.399999999994,"qoeBitrateSwitch":150,"qoePlaybackSpeed":292.9012923353384},"chunk-stream3-00041":{"qoeTotal":6040.898707664668,"qoeBitrate":30500,"qoeRebuffer":0,"qoeLatency":24016.199999999993,"qoeBitrateSwitch":150,"qoePlaybackSpeed":292.9012923353384},"chunk-stream3-00042":{"qoeTotal":6372.29870766467,"qoeBitrate":31750,"qoeRebuffer":0,"qoeLatency":24934.799999999992,"qoeBitrateSwitch":150,"qoePlaybackSpeed":292.9012923353384},"chunk-stream3-00043":{"qoeTotal":6708.49870766467,"qoeBitrate":33000,"qoeRebuffer":0,"qoeLatency":25848.59999999999,"qoeBitrateSwitch":150,"qoePlaybackSpeed":292.9012923353384},"chunk-stream3-00044":{"qoeTotal":7039.898707664672,"qoeBitrate":34250,"qoeRebuffer":0,"qoeLatency":26767.19999999999,"qoeBitrateSwitch":150,"qoePlaybackSpeed":292.9012923353384},"chunk-stream3-00045":{"qoeTotal":7369.49870766467,"qoeBitrate":35500,"qoeRebuffer":0,"qoeLatency":27687.59999999999,"qoeBitrateSwitch":150,"qoePlaybackSpeed":292.9012923353384},"chunk-stream3-00046":{"qoeTotal":7699.698707664671,"qoeBitrate":36750,"qoeRebuffer":0,"qoeLatency":28607.39999999999,"qoeBitrateSwitch":150,"qoePlaybackSpeed":292.9012923353384},"chunk-stream3-00047":{"qoeTotal":8029.898707664672,"qoeBitrate":38000,"qoeRebuffer":0,"qoeLatency":29527.19999999999,"qoeBitrateSwitch":150,"qoePlaybackSpeed":292.9012923353384},"chunk-stream3-00048":{"qoeTotal":8361.298707664673,"qoeBitrate":39250,"qoeRebuffer":0,"qoeLatency":30445.79999999999,"qoeBitrateSwitch":150,"qoePlaybackSpeed":292.9012923353384},"chunk-stream3-00049":{"qoeTotal":8691.498707664674,"qoeBitrate":40500,"qoeRebuffer":0,"qoeLatency":31365.599999999988,"qoeBitrateSwitch":150,"qoePlaybackSpeed":292.9012923353384},"chunk-stream3-00050":{"qoeTotal":9021.698707664675,"qoeBitrate":41750,"qoeRebuffer":0,"qoeLatency":32285.399999999987,"qoeBitrateSwitch":150,"qoePlaybackSpeed":292.9012923353384},"chunk-stream3-00051":{"qoeTotal":9352.498707664678,"qoeBitrate":43000,"qoeRebuffer":0,"qoeLatency":33204.599999999984,"qoeBitrateSwitch":150,"qoePlaybackSpeed":292.9012923353384},"chunk-stream3-00052":{"qoeTotal":9688.698707664675,"qoeBitrate":44250,"qoeRebuffer":0,"qoeLatency":34118.39999999999,"qoeBitrateSwitch":150,"qoePlaybackSpeed":292.9012923353384},"chunk-stream3-00053":{"qoeTotal":10021.298707664673,"qoeBitrate":45500,"qoeRebuffer":0,"qoeLatency":35035.79999999999,"qoeBitrateSwitch":150,"qoePlaybackSpeed":292.9012923353384},"chunk-stream3-00054":{"qoeTotal":10353.298707664673,"qoeBitrate":46750,"qoeRebuffer":0,"qoeLatency":35953.79999999999,"qoeBitrateSwitch":150,"qoePlaybackSpeed":292.9012923353384},"chunk-stream3-00055":{"qoeTotal":10689.49870766467,"qoeBitrate":48000,"qoeRebuffer":0,"qoeLatency":36867.59999999999,"qoeBitrateSwitch":150,"qoePlaybackSpeed":292.9012923353384},"chunk-stream3-00056":{"qoeTotal":11025.698707664667,"qoeBitrate":49250,"qoeRebuffer":0,"qoeLatency":37781.399999999994,"qoeBitrateSwitch":150,"qoePlaybackSpeed":292.9012923353384},"chunk-stream3-00057":{"qoeTotal":11361.898707664664,"qoeBitrate":50500,"qoeRebuffer":0,"qoeLatency":38695.2,"qoeBitrateSwitch":150,"qoePlaybackSpeed":292.9012923353384},"chunk-stream3-00058":{"qoeTotal":11698.098707664662,"qoeBitrate":51750,"qoeRebuffer":0,"qoeLatency":39609,"qoeBitrateSwitch":150,"qoePlaybackSpeed":292.9012923353384},"chunk-stream3-00059":{"qoeTotal":12034.298707664659,"qoeBitrate":53000,"qoeRebuffer":0,"qoeLatency":40522.8,"qoeBitrateSwitch":150,"qoePlaybackSpeed":292.9012923353384},"chunk-stream3-00060":{"qoeTotal":12370.498707664656,"qoeBitrate":54250,"qoeRebuffer":0,"qoeLatency":41436.600000000006,"qoeBitrateSwitch":150,"qoePlaybackSpeed":292.9012923353384},"chunk-stream3-00061":{"qoeTotal":12706.698707664653,"qoeBitrate":55500,"qoeRebuffer":0,"qoeLatency":42350.40000000001,"qoeBitrateSwitch":150,"qoePlaybackSpeed":292.9012923353384},"chunk-stream3-00062":{"qoeTotal":13037.498707664656,"qoeBitrate":56750,