{"chunk-stream2-00018":{"qoeTotal":-777.852353533835,"qoeBitrate":500,"qoeRebuffer":0,"qoeLatency":1232.3999999999999,"qoeBitrateSwitch":0,"qoePlaybackSpeed":45.4523535338351},"chunk-stream2-00019":{"qoeTotal":-3288.1140046645014,"qoeBitrate":1000,"qoeRebuffer":1581.6000000536442,"qoeLatency":2626.2,"qoeBitrateSwitch":0,"qoePlaybackSpeed":80.31400461085747},"chunk-stream2-00020":{"qoeTotal":-5888.68289266005,"qoeBitrate":1500,"qoeRebuffer":3154.2000001072884,"qoeLatency":4115.4,"qoeBitrateSwitch":0,"qoePlaybackSpeed":119.08289255276188},"chunk-stream2-00021":{"qoeTotal":-8543.143196004165,"qoeBitrate":2000,"qoeRebuffer":4664.40000012517,"qoeLatency":5721.599999999999,"qoeBitrateSwitch":0,"qoePlaybackSpeed":157.14319587899678},"chunk-stream2-00022":{"qoeTotal":-11284.33962043243,"qoeBitrate":2500,"qoeRebuffer":6183.000000089407,"qoeLatency":7403.999999999999,"qoeBitrateSwitch":0,"qoePlaybackSpeed":197.33962034302346},"chunk-stream2-00023":{"qoeTotal":-14220.718462054929,"qoeBitrate":3000,"qoeRebuffer":7760.40000012517,"qoeLatency":9223.8,"qoeBitrateSwitch":0,"qoePlaybackSpeed":236.51846192975987},"chunk-stream2-00024":{"qoeTotal":-17258.02356026162,"qoeBitrate":3500,"qoeRebuffer":9345.600000143051,"qoeLatency":11134.199999999999,"qoeBitrateSwitch":0,"qoePlaybackSpeed":278.2235601185714},"chunk-stream2-00025":{"qoeTotal":-20349.623225069114,"qoeBitrate":4000,"qoeRebuffer":10867.800000071526,"qoeLatency":13168.199999999999,"qoeBitrateSwitch":0,"qoePlaybackSpeed":313.62322499759244},"chunk-stream2-00026":{"qoeTotal":-23562.246395432914,"qoeBitrate":4500,"qoeRebuffer":12414.600000053644,"qoeLatency":15292.199999999999,"qoeBitrateSwitch":0,"qoePlaybackSpeed":355.4463953792729},"chunk-stream2-00027":{"qoeTotal":-26895.319028773218,"qoeBitrate":5000,"qoeRebuffer":13991.40000012517,"qoeLatency":17512.199999999997,"qoeBitrateSwitch":0,"qoePlaybackSpeed":391.7190286480514},"chunk-stream2-00028":{"qoeTotal":-30260.49004921307,"qoeBitrate":5500,"qoeRebuffer":15514.800000160933,"qoeLatency":19817.399999999998,"qoeBitrateSwitch":0,"qoePlaybackSpeed":428.2900490521399},"chunk-stream2-00029":{"qoeTotal":-32175.552755603607,"qoeBitrate":6000,"qoeRebuffer":15514.800000160933,"qoeLatency":22195.8,"qoeBitrateSwitch":0,"qoePlaybackSpeed":464.9527554426734},"chunk-stream2-00030":{"qoeTotal":-35654.025421421546,"qoeBitrate":6500,"qoeRebuffer":17031.60000014305,"qoeLatency":24620.4,"qoeBitrateSwitch":0,"qoePlaybackSpeed":502.02542127849455},"chunk-stream2-00031":{"qoeTotal":-39218.347569626596,"qoeBitrate":7000,"qoeRebuffer":18531.000000089407,"qoeLatency":27148.800000000003,"qoeBitrateSwitch":0,"qoePlaybackSpeed":538.5475695371827},"chunk-stream2-00032":{"qoeTotal":-41361.12813229525,"qoeBitrate":7500,"qoeRebuffer":18531.000000089407,"qoeLatency":29754.000000000004,"qoeBitrateSwitch":0,"qoePlaybackSpeed":576.1281322058401},"chunk-stream2-00033":{"qoeTotal":-43587.071455210054,"qoeBitrate":8000,"qoeRebuffer":18531.000000089407,"qoeLatency":32434.800000000003,"qoeBitrateSwitch":0,"qoePlaybackSpeed":621.2714551206411},"chunk-stream2-00034":{"qoeTotal":-45863.322768116355,"qoeBitrate":8500,"qoeRebuffer":18531.000000089407,"qoeLatency":35177.4,"qoeBitrateSwitch":0,"qoePlaybackSpeed":654.9227680269493},"chunk-stream2-00035":{"qoeTotal":-48172.726346839,"qoeBitrate":9000,"qoeRebuffer":18531.000000089407,"qoeLatency":37964.4,"qoeBitrateSwitch":0,"qoePlaybackSpeed":677.3263467495927},"chunk-stream2-00036":{"qoeTotal":-50515.130099564274,"qoeBitrate":9500,"qoeRebuffer":18531.000000089407,"qoeLatency":40787.4,"qoeBitrateSwitch":0,"qoePlaybackSpeed":696.7300994748649},"chunk-stream2-00037":{"qoeTotal":-52880.60829876885,"qoeBitrate":10000,"qoeRebuffer":18531.000000089407,"qoeLatency":43646.4,"qoeBitrateSwitch":0,"qoePlaybackSpeed":703.2082986794387},"chunk-stream2-00038":{"qoeTotal":-55281.12633204895,"qoeBitrate":10500,"qoeRebuffer":18531.000000089407,"qoeLatency":46527,"qoeBitrateSwitch":0,"qoePlaybackSpeed":723.1263319595483},"chunk-stream2-00039":{"qoeTotal":-57700.24732231171,"qoeBitrate":11000,"qoeRebuffer":18531.000000089407,"qoeLatency":49438.8,"qoeBitrateSwitch":0,"qoePlaybackSpeed":730.447322222306},"chunk-stream2-00040":{"qoeTotal":-60158.84501861405,"qoeBitrate":11500,"qoeRebuffer":18531.000000089407,"qoeLatency":52376.4,"qoeBitrateSwitch":0,"qoePlaybackSpeed":751.4450185246399},"chunk-stream2-00041":{"qoeTotal":-62658.69183409082,"qoeBitrate":12000,"qoeRebuffer":18531.000000089407,"qoeLatency":55353,"qoeBitrateSwitch":0,"qoePlaybackSpeed":774.6918340014187},"chunk-stream2-00042":{"qoeTotal":-65152.59957197052,"qoeBitrate":12500,"qoeRebuffer":18531.000000089407,"qoeLatency":58346.4,"qoeBitrateSwitch":0,"qoePlaybackSpeed":775.1995718811119},"chunk-stream2-00043":{"qoeTotal":-67668.97296403375,"qoeBitrate":13000,"qoeRebuffer":18531.000000089407,"qoeLatency":61349.4,"qoeBitrateSwitch":0,"qoePlaybackSpeed":788.572963944344},"chunk-stream2-00044":{"qoeTotal":-70189.9729600269,"qoeBitrate":13500,"qoeRebuffer":18531.000000089407,"qoeLatency":64310.4,"qoeBitrateSwitch":0,"qoePlaybackSpeed":848.5729599375065},"chunk-stream2-00045":{"qoeTotal":-72640.52209180323,"qoeBitrate":14000,"qoeRebuffer":18531.000000089407,"qoeLatency":67230.6,"qoeBitrateSwitch":0,"qoePlaybackSpeed":878.922091713821},"chunk-stream2-00046":{"qoeTotal":-75113.36735097511,"qoeBitrate":14500,"qoeRebuffer":18531.000000089407,"qoeLatency":70179,"qoeBitrateSwitch":0,"qoePlaybackSpeed":903.3673508857069},"chunk-stream2-00047":{"qoeTotal":-77578.88260728057,"qoeBitrate":15000,"qoeRebuffer":18531.000000089407,"qoeLatency":73127.4,"qoeBitrateSwitch":0,"qoePlaybackSpeed":920.4826071911697},"chunk-stream2-00048":{"qoeTotal":-80034.77406166763,"qoeBitrate":15500,"qoeRebuffer":18531.000000089407,"qoeLatency":76072.2,"qoeBitrateSwitch":0,"qoePlaybackSpeed":931.5740615782214},"chunk-stream2-00049":{"qoeTotal":-82518.46125384471,"qoeBitrate":16000,"qoeRebuffer":18531.000000089407,"qoeLatency":79034.4,"qoeBitrateSwitch":0,"qoePlaybackSpeed":953.0612537553144},"chunk-stream2-00050":{"qoeTotal":-85077.61607154823,"qoeBitrate":16500,"qoeRebuffer":18531.000000089407,"qoeLatency":82061.4,"qoeBitrateSwitch":0,"qoePlaybackSpeed":985.2160714588183},"chunk-stream2-00051":{"qoeTotal":-87701.85376994766,"qoeBitrate":17000,"qoeRebuffer":18531.000000089407,"qoeLatency":85156.2,"qoeBitrateSwitch":0,"qoePlaybackSpeed":1014.6537698582579},"chunk-stream2-00052":{"qoeTotal":-90351.51419787754,"qoeBitrate":17500,"qoeRebuffer":18531.000000089407,"qoeLatency":88282.8,"qoeBitrateSwitch":0,"qoePlaybackSpeed":1037.7141977881204},"chunk-stream2-00053":{"qoeTotal":-93018.20366397787,"qoeBitrate":18000,"qoeRebuffer":18531.000000089407,"qoeLatency":91444.8,"qoeBitrateSwitch":0,"qoePlaybackSpeed":1042.4036638884609},"chunk-stream2-00054":{"qoeTotal":-95688.5037613626,"qoeBitrate":18500,"qoeRebuffer":18531.000000089407,"qoeLatency":94606.2,"qoeBitrateSwitch":0,"qoePlaybackSpeed":1051.303761273196},"chunk-stream2-00055":{"qoeTotal":-98562.32813174819,"qoeBitrate":19000,"qoeRebuffer":18531.000000089407,"qoeLatency":97945.2,"qoeBitrateSwitch":0,"qoePlaybackSpeed":1086.1281316587865},"chunk-stream2-00056":{"qoeTotal":-108118.14850650959,"qoeBitrate":19500,"qoeRebuffer":24829.20000001788,"qoeLatency":101667,"qoeBitrateSwitch":0,"qoePlaybackSpeed":1121.9485064917035},"chunk-stream2-00057":{"qoeTotal":-113048.15806042799,"qoeBitrate":20000,"qoeRebuffer":26363.400000035763,"qoeLatency":105532.2,"qoeBitrateSwitch":0,"qoePlaybackSpeed":1152.5580603922276},"chunk-stream2-00058":{"qoeTotal":-118050.10200278317,"qoeBitrate":20500,"qoeRebuffer":27891.600000053644,"qoeLatency":109471.8,"qoeBitrateSwitch":0,"qoePlaybackSpeed":1186.7020027295243},"chunk-stream2-00059":{"qoeTotal":-121565.03618931738,"qoeBitrate":21000,"qoeRebuffer":27891.600000053644,"qoeLatency":113461.8,"qoeBitrateSwitch":0,"qoePlaybackSpeed":1211.636189263743},"chunk-stream2-00060":{"qoeTotal":-125116.37263524343,"qoeBitrate":21500,"qoeRebuffer":27891.600000053644,"qoeLatency":117501.6,