{"chunk-stream2-00018":{"qoeTotal":-481.599904418602,"qoeBitrate":500,"qoeRebuffer":0,"qoeLatency":944.4000000000001,"qoeBitrateSwitch":0,"qoePlaybackSpeed":37.1999044186019},"init-stream5":{"qoeTotal":-3466.7998088372037,"qoeBitrate":3500,"qoeRebuffer":0,"qoeLatency":1892.4,"qoeBitrateSwitch":5000,"qoePlaybackSpeed":74.3998088372038},"chunk-stream5-00019":{"qoeTotal":-1475.9997132558058,"qoeBitrate":6500,"qoeRebuffer":0,"qoeLatency":2864.4,"qoeBitrateSwitch":5000,"qoePlaybackSpeed":111.59971325580571}}