{"chunk-stream2-00018":{"qoeTotal":-588.3571480813298,"qoeBitrate":500,"qoeRebuffer":0,"qoeLatency":1038,"qoeBitrateSwitch":0,"qoePlaybackSpeed":50.35714808132974},"init-stream3":{"qoeTotal":-9110.27416245801,"qoeBitrate":1750,"qoeRebuffer":1547.4000000357628,"qoeLatency":9069.599999999999,"qoeBitrateSwitch":150,"qoePlaybackSpeed":93.27416242224893},"chunk-stream3-00019":{"qoeTotal":-12161.876856911029,"qoeBitrate":3000,"qoeRebuffer":4666.800000071526,"qoeLatency":10213.8,"qoeBitrateSwitch":150,"qoePlaybackSpeed":131.2768568395039},"chunk-stream3-00020":{"qoeTotal":-13712.359261504682,"qoeBitrate":4250,"qoeRebuffer":6178.200000107288,"qoeLatency":11463.599999999999,"qoeBitrateSwitch":150,"qoePlaybackSpeed":170.55926139739478},"chunk-stream3-00021":{"qoeTotal":-15391.24026942966,"qoeBitrate":5500,"qoeRebuffer":7715.40000012517,"qoeLatency":12818.999999999998,"qoeBitrateSwitch":150,"qoePlaybackSpeed":206.84026930449193},"chunk-stream3-00022":{"qoeTotal":-17170.452999731497,"qoeBitrate":6750,"qoeRebuffer":9282.000000178814,"qoeLatency":14243.399999999998,"qoeBitrateSwitch":150,"qoePlaybackSpeed":245.052999552684},"chunk-stream3-00023":{"qoeTotal":-19012.204354999205,"qoeBitrate":8000,"qoeRebuffer":10806.600000143051,"qoeLatency":15769.799999999997,"qoeBitrateSwitch":150,"qoePlaybackSpeed":285.8043548561576},"chunk-stream3-00024":{"qoeTotal":-20992.235367432004,"qoeBitrate":9250,"qoeRebuffer":12363.000000178814,"qoeLatency":17402.999999999996,"qoeBitrateSwitch":150,"qoePlaybackSpeed":326.23536725319263},"chunk-stream3-00025":{"qoeTotal":-23116.224457375167,"qoeBitrate":10500,"qoeRebuffer":13944.600000143051,"qoeLatency":19156.799999999996,"qoeBitrateSwitch":150,"qoePlaybackSpeed":364.8244572321203},"chunk-stream3-00026":{"qoeTotal":-25294.0824818097,"qoeBitrate":11750,"qoeRebuffer":15455.40000012517,"qoeLatency":21033.599999999995,"qoeBitrateSwitch":150,"qoePlaybackSpeed":405.0824816845328},"chunk-stream3-00027":{"qoeTotal":-27605.646227205256,"qoeBitrate":13000,"qoeRebuffer":16975.800000071526,"qoeLatency":23034.599999999995,"qoeBitrateSwitch":150,"qoePlaybackSpeed":445.24622713373407},"chunk-stream3-00028":{"qoeTotal":-30015.468721831923,"qoeBitrate":14250,"qoeRebuffer":18508.20000010729,"qoeLatency":25126.799999999996,"qoeBitrateSwitch":150,"qoePlaybackSpeed":480.4687217246405},"chunk-stream3-00029":{"qoeTotal":-32562.629248902747,"qoeBitrate":15500,"qoeRebuffer":20079.000000089407,"qoeLatency":27316.199999999997,"qoeBitrateSwitch":150,"qoePlaybackSpeed":517.4292488133448},"chunk-stream3-00030":{"qoeTotal":-35132.630156517,"qoeBitrate":16750,"qoeRebuffer":21595.800000071526,"qoeLatency":29578.799999999996,"qoeBitrateSwitch":150,"qoePlaybackSpeed":558.0301564454809},"chunk-stream3-00031":{"qoeTotal":-37833.603886225465,"qoeBitrate":18000,"qoeRebuffer":23160.000000089407,"qoeLatency":31927.199999999997,"qoeBitrateSwitch":150,"qoePlaybackSpeed":596.4038861360592},"chunk-stream3-00032":{"qoeTotal":-40594.29465149279,"qoeBitrate":19250,"qoeRebuffer":24661.20000010729,"qoeLatency":34398.6,"qoeBitrateSwitch":150,"qoePlaybackSpeed":634.4946513855008},"chunk-stream3-00033":{"qoeTotal":-43685.67562868121,"qoeBitrate":20500,"qoeRebuffer":26359.800000160933,"qoeLatency":37000.799999999996,"qoeBitrateSwitch":150,"qoePlaybackSpeed":675.0756285202771},"chunk-stream3-00034":{"qoeTotal":-48217.09723753297,"qoeBitrate":21750,"qoeRebuffer":29418.600000232458,"qoeLatency":39683.399999999994,"qoeBitrateSwitch":150,"qoePlaybackSpeed":715.0972373005192},"chunk-stream3-00035":{"qoeTotal":-49759.076110810944,"qoeBitrate":23000,"qoeRebuffer":29418.600000232458,"qoeLatency":42437.99999999999,"qoeBitrateSwitch":150,"qoePlaybackSpeed":752.4761105784953},"chunk-stream3-00036":{"qoeTotal":-51383.91686657123,"qoeBitrate":24250,"qoeRebuffer":29418.600000232458,"qoeLatency":45266.399999999994,"qoeBitrateSwitch":150,"qoePlaybackSpeed":798.9168663387749},"chunk-stream3-00037":{"qoeTotal":-54682.58606820103,"qoeBitrate":25500,"qoeRebuffer":31008.000000178814,"qoeLatency":48190.799999999996,"qoeBitrateSwitch":150,"qoePlaybackSpeed":833.786068022222},"chunk-stream3-00038":{"qoeTotal":-57996.57934679272,"qoeBitrate":26750,"qoeRebuffer":32532.60000014305,"qoeLatency":51193.799999999996,"qoeBitrateSwitch":150,"qoePlaybackSpeed":870.1793466496756},"chunk-stream3-00039":{"qoeTotal":-61446.90678224375,"qoeBitrate":28000,"qoeRebuffer":34104.60000014305,"qoeLatency":54285.6,"qoeBitrateSwitch":150,"qoePlaybackSpeed":906.7067821006988},"chunk-stream3-00040":{"qoeTotal":-64940.54344616735,"qoeBitrate":29250,"qoeRebuffer":35611.20000010729,"qoeLatency":57484.799999999996,"qoeBitrateSwitch":150,"qoePlaybackSpeed":944.5434460600692},"chunk-stream3-00041":{"qoeTotal":-68551.8208165512,"qoeBitrate":30500,"qoeRebuffer":37150.20000010729,"qoeLatency":60761.399999999994,"qoeBitrateSwitch":150,"qoePlaybackSpeed":990.2208164439169},"chunk-stream3-00042":{"qoeTotal":-70664.71672697066,"qoeBitrate":31750,"qoeRebuffer":37150.20000010729,"qoeLatency":64091.399999999994,"qoeBitrateSwitch":150,"qoePlaybackSpeed":1023.1167268633678},"chunk-stream3-00043":{"qoeTotal":-72815.16043695484,"qoeBitrate":33000,"qoeRebuffer":37150.20000010729,"qoeLatency":67471.2,"qoeBitrateSwitch":150,"qoePlaybackSpeed":1043.7604368475559},"chunk-stream3-00044":{"qoeTotal":-75000.85492213666,"qoeBitrate":34250,"qoeRebuffer":37150.20000010729,"qoeLatency":70887.59999999999,"qoeBitrateSwitch":150,"qoePlaybackSpeed":1063.054922029374},"chunk-stream3-00045":{"qoeTotal":-77234.60441850084,"qoeBitrate":35500,"qoeRebuffer":37150.20000010729,"qoeLatency":74348.4,"qoeBitrateSwitch":150,"qoePlaybackSpeed":1086.004418393558},"chunk-stream3-00046":{"qoeTotal":-79524.049366462,"qoeBitrate":36750,"qoeRebuffer":37150.20000010729,"qoeLatency":77856,"qoeBitrateSwitch":150,"qoePlaybackSpeed":1117.8493663547076},"chunk-stream3-00047":{"qoeTotal":-81842.1023682626,"qoeBitrate":38000,"qoeRebuffer":37150.20000010729,"qoeLatency":81402,"qoeBitrateSwitch":150,"qoePlaybackSpeed":1139.902368155302},"chunk-stream3-00048":{"qoeTotal":-84209.2849773192,"qoeBitrate":39250,"qoeRebuffer":37150.20000010729,"qoeLatency":84984.6,"qoeBitrateSwitch":150,"qoePlaybackSpeed":1174.4849772119092},"chunk-stream3-00049":{"qoeTotal":-86634.999705366,"qoeBitrate":40500,"qoeRebuffer":37150.20000010729,"qoeLatency":88629.6,"qoeBitrateSwitch":150,"qoePlaybackSpeed":1205.1997052587094},"chunk-stream3-00050":{"qoeTotal":-90752.86235510754,"qoeBitrate":41750,"qoeRebuffer":38697.00000008941,"qoeLatency":92409,"qoeBitrateSwitch":150,"qoePlaybackSpeed":1246.862355018138},"chunk-stream3-00051":{"qoeTotal":-95038.57908708294,"qoeBitrate":43000,"qoeRebuffer":40264.20000010729,"qoeLatency":96338.4,"qoeBitrateSwitch":150,"qoePlaybackSpeed":1285.979086975659},"chunk-stream3-00052":{"qoeTotal":-97802.27545764355,"qoeBitrate":44250,"qoeRebuffer":40264.20000010729,"qoeLatency":100312.79999999999,"qoeBitrateSwitch":150,"qoePlaybackSpeed":1325.2754575362794},"chunk-stream3-00053":{"qoeTotal":-100587.46545814301,"qoeBitrate":45500,"qoeRebuffer":40264.20000010729,"qoeLatency":104327.4,"qoeBitrateSwitch":150,"qoePlaybackSpeed":1345.8654580357265},"chunk-stream3-00054":{"qoeTotal":-103430.06545814248,"qoeBitrate":46750,"qoeRebuffer":40264.20000010729,"qoeLatency":108360,"qoeBitrateSwitch":150,"qoePlaybackSpeed":1405.8654580351936},"chunk-stream3-00055":{"qoeTotal":-106402.59203503827,"qoeBitrate":48000,"qoeRebuffer":40264.20000010729,"qoeLatency":112539,"qoeBitrateSwitch":150,"qoePlaybackSpeed":1449.3920349309751},"init-stream4":{"qoeTotal":-108774.51861193404,"qoeBitrate":50000,"qoeRebuffer":40264.20000010729,"qoeLatency":116717.4,"qoeBitrateSwitch":300,"qoePlaybackSpeed":1492.9186118267567},"chunk-stream4-00056":{"qoeTotal":-129511.45448976588,"qoeBitrate":52000,"qoeRebuffer":57317.40000003576,"qoeLatency":122353.79999999999,"qoeBitrateSwitch":300,"qoePlaybackSpeed":1540.2544897301275},"chunk-stream3-00057":{"qoeTotal":-139807.56248501726,"qoeBitrate":53250,"qoeRebuffer":62533.79999998212,