{"chunk-stream2-00018":{"qoeTotal":-615.8828147485505,"qoeBitrate":500,"qoeRebuffer":0,"qoeLatency":1075.2,"qoeBitrateSwitch":0,"qoePlaybackSpeed":40.68281474855038},"init-stream3":{"qoeTotal":-1045.3157292362628,"qoeBitrate":1750,"qoeRebuffer":0,"qoeLatency":2545.2,"qoeBitrateSwitch":150,"qoePlaybackSpeed":100.11572923626292},"chunk-stream3-00019":{"qoeTotal":-4221.443454424575,"qoeBitrate":3000,"qoeRebuffer":3110.9999999999995,"qoeLatency":3818.3999999999996,"qoeBitrateSwitch":150,"qoePlaybackSpeed":142.04345442457594},"init-stream2":{"qoeTotal":-6311.569764702714,"qoeBitrate":3500,"qoeRebuffer":3110.9999999999995,"qoeLatency":6210.6,"qoeBitrateSwitch":300,"qoePlaybackSpeed":189.9697647027133},"chunk-stream2-00020":{"qoeTotal":-8772.37944784706,"qoeBitrate":4000,"qoeRebuffer":4695,"qoeLatency":7560.6,"qoeBitrateSwitch":300,"qoePlaybackSpeed":216.77944784706006},"chunk-stream3-00021":{"qoeTotal":-10732.779893564724,"qoeBitrate":5250,"qoeRebuffer":6216,"qoeLatency":9058.8,"qoeBitrateSwitch":450,"qoePlaybackSpeed":257.97989356472516},"chunk-stream2-00022":{"qoeTotal":-11962.579893564724,"qoeBitrate":5750,"qoeRebuffer":6216,"qoeLatency":10638.599999999999,"qoeBitrateSwitch":600,"qoePlaybackSpeed":257.97989356472516},"chunk-stream3-00023":{"qoeTotal":-14212.935819673514,"qoeBitrate":7000,"qoeRebuffer":7786.200000017881,"qoeLatency":12377.399999999998,"qoeBitrateSwitch":750,"qoePlaybackSpeed":299.3358196556352},"chunk-stream2-00024":{"qoeTotal":-15719.891745764426,"qoeBitrate":7500,"qoeRebuffer":7786.200000017881,"qoeLatency":14192.999999999998,"qoeBitrateSwitch":900,"qoePlaybackSpeed":340.6917457465452},"chunk-stream3-00025":{"qoeTotal":-18220.97156197782,"qoeBitrate":8750,"qoeRebuffer":9304.800000071526,"qoeLatency":16234.799999999997,"qoeBitrateSwitch":1050,"qoePlaybackSpeed":381.3715619063007},"chunk-stream2-00026":{"qoeTotal":-19965.571561977824,"qoeBitrate":9250,"qoeRebuffer":9304.800000071526,"qoeLatency":18329.399999999998,"qoeBitrateSwitch":1200,"qoePlaybackSpeed":381.3715619063007},"chunk-stream2-00027":{"qoeTotal":-23202.366754334755,"qoeBitrate":9750,"qoeRebuffer":10864.800000071526,"qoeLatency":20446.199999999997,"qoeBitrateSwitch":1200,"qoePlaybackSpeed":441.3667542632332},"chunk-stream3-00028":{"qoeTotal":-25840.18379464743,"qoeBitrate":11000,"qoeRebuffer":12412.200000017881,"qoeLatency":22597.199999999997,"qoeBitrateSwitch":1350,"qoePlaybackSpeed":480.783794629553},"chunk-stream3-00029":{"qoeTotal":-28498.39153161353,"qoeBitrate":12250,"qoeRebuffer":14002.200000017881,"qoeLatency":24877.199999999997,"qoeBitrateSwitch":1350,"qoePlaybackSpeed":518.991531595652},"chunk-stream3-00030":{"qoeTotal":-29631.986650300314,"qoeBitrate":13500,"qoeRebuffer":14002.200000017881,"qoeLatency":27221.399999999998,"qoeBitrateSwitch":1350,"qoePlaybackSpeed":558.3866502824366},"chunk-stream3-00031":{"qoeTotal":-30816.887830363466,"qoeBitrate":14750,"qoeRebuffer":14002.200000017881,"qoeLatency":29631.6,"qoeBitrateSwitch":1350,"qoePlaybackSpeed":583.087830345585},"chunk-stream3-00032":{"qoeTotal":-32067.10730720511,"qoeBitrate":16000,"qoeRebuffer":14002.200000017881,"qoeLatency":32106,"qoeBitrateSwitch":1350,"qoePlaybackSpeed":608.9073071872314},"chunk-stream3-00033":{"qoeTotal":-33405.39703125848,"qoeBitrate":17250,"qoeRebuffer":14002.200000017881,"qoeLatency":34657.2,"qoeBitrateSwitch":1350,"qoePlaybackSpeed":645.9970312405985},"chunk-stream3-00034":{"qoeTotal":-34805.46671130707,"qoeBitrate":18500,"qoeRebuffer":14002.200000017881,"qoeLatency":37264.799999999996,"qoeBitrateSwitch":1350,"qoePlaybackSpeed":688.4667112891892},"chunk-stream3-00035":{"qoeTotal":-36202.54010963937,"qoeBitrate":19750,"qoeRebuffer":14002.200000017881,"qoeLatency":39893.99999999999,"qoeBitrateSwitch":1350,"qoePlaybackSpeed":706.3401096214959},"chunk-stream3-00036":{"qoeTotal":-37629.73092279406,"qoeBitrate":21000,"qoeRebuffer":14002.200000017881,"qoeLatency":42549.59999999999,"qoeBitrateSwitch":1350,"qoePlaybackSpeed":727.9309227761867},"init-stream4":{"qoeTotal":-42804.86896751221,"qoeBitrate":23000,"qoeRebuffer":14002.200000017881,"qoeLatency":49556.399999999994,"qoeBitrateSwitch":1500,"qoePlaybackSpeed":746.2689674943327},"chunk-stream4-00037":{"qoeTotal":-43499.83824423846,"qoeBitrate":25000,"qoeRebuffer":14002.200000017881,"qoeLatency":52213.2,"qoeBitrateSwitch":1500,"qoePlaybackSpeed":784.438244220582},"chunk-stream3-00038":{"qoeTotal":-45155.1174676561,"qoeBitrate":26250,"qoeRebuffer":14002.200000017881,"qoeLatency":54924.6,"qoeBitrateSwitch":1650,"qoePlaybackSpeed":828.3174676382193},"chunk-stream3-00039":{"qoeTotal":-46654.98244268332,"qoeBitrate":27500,"qoeRebuffer":14002.200000017881,"qoeLatency":57657.6,"qoeBitrateSwitch":1650,"qoePlaybackSpeed":845.1824426654393},"chunk-stream3-00040":{"qoeTotal":-48181.54693165122,"qoeBitrate":28750,"qoeRebuffer":14002.200000017881,"qoeLatency":60421.2,"qoeBitrateSwitch":1650,"qoePlaybackSpeed":858.1469316333372},"chunk-stream4-00041":{"qoeTotal":-49190.129714625364,"qoeBitrate":30750,"qoeRebuffer":14002.200000017881,"qoeLatency":63243,"qoeBitrateSwitch":1800,"qoePlaybackSpeed":894.9297146074812},"chunk-stream3-00042":{"qoeTotal":-50963.52151486564,"qoeBitrate":32000,"qoeRebuffer":14002.200000017881,"qoeLatency":66103.2,"qoeBitrateSwitch":1950,"qoePlaybackSpeed":908.1215148477638},"chunk-stream3-00043":{"qoeTotal":-52638.52150608102,"qoeBitrate":33250,"qoeRebuffer":14002.200000017881,"qoeLatency":68968.2,"qoeBitrateSwitch":1950,"qoePlaybackSpeed":968.121506063146},"chunk-stream3-00044":{"qoeTotal":-54239.121497296415,"qoeBitrate":34500,"qoeRebuffer":14002.200000017881,"qoeLatency":71758.8,"qoeBitrateSwitch":1950,"qoePlaybackSpeed":1028.121497278528},"chunk-stream4-00045":{"qoeTotal":-55221.49387021785,"qoeBitrate":36500,"qoeRebuffer":14002.200000017881,"qoeLatency":74562,"qoeBitrateSwitch":2100,"qoePlaybackSpeed":1057.2938701999628},"chunk-stream3-00046":{"qoeTotal":-57009.59308202738,"qoeBitrate":37750,"qoeRebuffer":14002.200000017881,"qoeLatency":77409.6,"qoeBitrateSwitch":2250,"qoePlaybackSpeed":1097.7930820094898},"chunk-stream3-00047":{"qoeTotal":-58688.19307345966,"qoeBitrate":39000,"qoeRebuffer":14002.200000017881,"qoeLatency":80278.20000000001,"qoeBitrateSwitch":2250,"qoePlaybackSpeed":1157.7930734417648},"chunk-stream4-00048":{"qoeTotal":-59719.00580402683,"qoeBitrate":41000,"qoeRebuffer":14002.200000017881,"qoeLatency":83131.80000000002,"qoeBitrateSwitch":2400,"qoePlaybackSpeed":1185.005804008926},"chunk-stream4-00049":{"qoeTotal":-60705.50233271421,"qoeBitrate":43000,"qoeRebuffer":14002.200000017881,"qoeLatency":86076.00000000001,"qoeBitrateSwitch":2400,"qoePlaybackSpeed":1227.3023326963178},"chunk-stream4-00050":{"qoeTotal":-66930.70308116527,"qoeBitrate":45000,"qoeRebuffer":18952.20000001788,"qoeLatency":89303.40000000001,"qoeBitrateSwitch":2400,"qoePlaybackSpeed":1275.1030811473695},"chunk-stream3-00051":{"qoeTotal":-71100.5043193629,"qoeBitrate":46250,"qoeRebuffer":20781.599999964237,"qoeLatency":92699.40000000001,"qoeBitrateSwitch":2550,"qoePlaybackSpeed":1319.504319398655},"chunk-stream3-00052":{"qoeTotal":-73301.67317569496,"qoeBitrate":47500,"qoeRebuffer":20781.599999964237,"qoeLatency":96121.20000000001,"qoeBitrateSwitch":2550,"qoePlaybackSpeed":1348.8731757307155},"chunk-stream3-00053":{"qoeTotal":-75444.83645959718,"qoeBitrate":48750,"qoeRebuffer":20781.599999964237,"qoeLatency":99510.00000000001,"qoeBitrateSwitch":2550,"qoePlaybackSpeed":1353.2364596329294},"chunk-stream4-00054":{"qoeTotal":-76986.12611310717,"qoeBitrate":50750,"qoeRebuffer":20781.599999964237,"qoeLatency":102892.80000000002,"qoeBitrateSwitch":2700,"qoePlaybackSpeed":1361.726113142917},"chunk-stream4-00055":{"qoeTotal":-78725.92611310717,"qoeBitrate":52750,"qoeRebuffer":20781.599999964237,"qoeLatency":106632.60000000002,"qoeBitrateSwitch":2700,"qoePlaybackSpeed":1361.726113142917},"chunk-stream4-00056":{"qoeTotal":-102201.01942916487,"qoeBitrate":54750,"qoeRebuffer":41071.199999928474,"qoeLatency":111770.40000000002,"qoeBitrateSwitch":2700,