{"chunk-stream2-00018":{"qoeTotal":-652.9386420360406,"qoeBitrate":500,"qoeRebuffer":0,"qoeLatency":1107.6000000000001,"qoeBitrateSwitch":0,"qoePlaybackSpeed":45.338642036040525},"chunk-stream2-00019":{"qoeTotal":-2944.005363463226,"qoeBitrate":1000,"qoeRebuffer":1596,"qoeLatency":2271.6000000000004,"qoeBitrateSwitch":0,"qoePlaybackSpeed":76.40536346322567},"chunk-stream2-00020":{"qoeTotal":-3662.3683962797154,"qoeBitrate":1500,"qoeRebuffer":1596,"qoeLatency":3481.2000000000003,"qoeBitrateSwitch":0,"qoePlaybackSpeed":85.16839627971534},"chunk-stream2-00021":{"qoeTotal":-4410.807452002083,"qoeBitrate":2000,"qoeRebuffer":1596,"qoeLatency":4708.200000000001,"qoeBitrateSwitch":0,"qoePlaybackSpeed":106.60745200208208},"chunk-stream2-00022":{"qoeTotal":-5086.845376273408,"qoeBitrate":2500,"qoeRebuffer":1596,"qoeLatency":5879.400000000001,"qoeBitrateSwitch":0,"qoePlaybackSpeed":111.44537627340716},"chunk-stream2-00023":{"qoeTotal":-5761.620951553862,"qoeBitrate":3000,"qoeRebuffer":1596,"qoeLatency":7044.000000000001,"qoeBitrateSwitch":0,"qoePlaybackSpeed":121.6209515538611},"chunk-stream2-00024":{"qoeTotal":-6424.994245614474,"qoeBitrate":3500,"qoeRebuffer":1596,"qoeLatency":8185.200000000001,"qoeBitrateSwitch":0,"qoePlaybackSpeed":143.79424561447328},"chunk-stream2-00025":{"qoeTotal":-7108.1653284814865,"qoeBitrate":4000,"qoeRebuffer":1596,"qoeLatency":9348.6,"qoeBitrateSwitch":0,"qoePlaybackSpeed":163.56532848148626},"chunk-stream2-00026":{"qoeTotal":-7868.736351927129,"qoeBitrate":4500,"qoeRebuffer":1596,"qoeLatency":10579.800000000001,"qoeBitrateSwitch":0,"qoePlaybackSpeed":192.93635192712856},"chunk-stream2-00027":{"qoeTotal":-10277.594977281524,"qoeBitrate":5000,"qoeRebuffer":3141,"qoeLatency":11904.600000000002,"qoeBitrateSwitch":0,"qoePlaybackSpeed":231.99497728152107},"chunk-stream2-00028":{"qoeTotal":-12813.18534388824,"qoeBitrate":5500,"qoeRebuffer":4710.600000858307,"qoeLatency":13333.800000000003,"qoeBitrateSwitch":0,"qoePlaybackSpeed":268.7853430299303},"chunk-stream2-00029":{"qoeTotal":-13847.799417037932,"qoeBitrate":6000,"qoeRebuffer":4710.600000858307,"qoeLatency":14835.000000000004,"qoeBitrateSwitch":0,"qoePlaybackSpeed":302.19941617962013},"chunk-stream2-00030":{"qoeTotal":-14956.847939954776,"qoeBitrate":6500,"qoeRebuffer":4710.600000858307,"qoeLatency":16401.000000000004,"qoeBitrateSwitch":0,"qoePlaybackSpeed":345.24793909646473},"chunk-stream2-00031":{"qoeTotal":-16103.801281373811,"qoeBitrate":7000,"qoeRebuffer":4710.600000858307,"qoeLatency":18018.600000000002,"qoeBitrateSwitch":0,"qoePlaybackSpeed":374.60128051550254},"chunk-stream2-00032":{"qoeTotal":-17311.85035125998,"qoeBitrate":7500,"qoeRebuffer":4710.600000858307,"qoeLatency":19686.600000000002,"qoeBitrateSwitch":0,"qoePlaybackSpeed":414.65035040166816},"chunk-stream2-00033":{"qoeTotal":-18543.244370415425,"qoeBitrate":8000,"qoeRebuffer":4710.600000858307,"qoeLatency":21392.4,"qoeBitrateSwitch":0,"qoePlaybackSpeed":440.244369557117},"chunk-stream2-00034":{"qoeTotal":-19814.910866091483,"qoeBitrate":8500,"qoeRebuffer":4710.600000858307,"qoeLatency":23104.2,"qoeBitrateSwitch":0,"qoePlaybackSpeed":500.11086523317374},"chunk-stream2-00035":{"qoeTotal":-21055.377361767536,"qoeBitrate":9000,"qoeRebuffer":4710.600000858307,"qoeLatency":24784.8,"qoeBitrateSwitch":0,"qoePlaybackSpeed":559.9773609092305},"chunk-stream2-00036":{"qoeTotal":-22257.443857443595,"qoeBitrate":9500,"qoeRebuffer":4710.600000858307,"qoeLatency":26427,"qoeBitrateSwitch":0,"qoePlaybackSpeed":619.8438565852872},"chunk-stream2-00037":{"qoeTotal":-23422.31035311965,"qoeBitrate":10000,"qoeRebuffer":4710.600000858307,"qoeLatency":28032,"qoeBitrateSwitch":0,"qoePlaybackSpeed":679.7103522613439},"chunk-stream2-00038":{"qoeTotal":-24549.37684879571,"qoeBitrate":10500,"qoeRebuffer":4710.600000858307,"qoeLatency":29599.2,"qoeBitrateSwitch":0,"qoePlaybackSpeed":739.5768479374007},"chunk-stream2-00039":{"qoeTotal":-25623.043344471764,"qoeBitrate":11000,"qoeRebuffer":4710.600000858307,"qoeLatency":31113,"qoeBitrateSwitch":0,"qoePlaybackSpeed":799.4433436134574},"init-stream3":{"qoeTotal":-26498.61462227722,"qoeBitrate":12250,"qoeRebuffer":4710.600000858307,"qoeLatency":33040.2,"qoeBitrateSwitch":150,"qoePlaybackSpeed":847.8146214189145},"chunk-stream3-00040":{"qoeTotal":-26759.281117953276,"qoeBitrate":13500,"qoeRebuffer":4710.600000858307,"qoeLatency":34491,"qoeBitrateSwitch":150,"qoePlaybackSpeed":907.6811170949712},"init-stream4":{"qoeTotal":-26351.547613629336,"qoeBitrate":15500,"qoeRebuffer":4710.600000858307,"qoeLatency":35873.4,"qoeBitrateSwitch":300,"qoePlaybackSpeed":967.547612771028},"chunk-stream4-00041":{"qoeTotal":-25774.61410930539,"qoeBitrate":17500,"qoeRebuffer":4710.600000858307,"qoeLatency":37236.6,"qoeBitrateSwitch":300,"qoePlaybackSpeed":1027.4141084470848},"chunk-stream4-00042":{"qoeTotal":-25139.927931991373,"qoeBitrate":19500,"qoeRebuffer":4710.600000858307,"qoeLatency":38545.2,"qoeBitrateSwitch":300,"qoePlaybackSpeed":1084.1279311330698},"init-stream5":{"qoeTotal":-48683.299209510726,"qoeBitrate":22500,"qoeRebuffer":22817.400000572205,"qoeLatency":46733.399999999994,"qoeBitrateSwitch":500,"qoePlaybackSpeed":1132.4992089385269},"chunk-stream5-00043":{"qoeTotal":-46966.51693359317,"qoeBitrate":25500,"qoeRebuffer":22817.400000572205,"qoeLatency":47963.399999999994,"qoeBitrateSwitch":500,"qoePlaybackSpeed":1185.7169330209724},"chunk-stream5-00044":{"qoeTotal":-45219.13465767562,"qoeBitrate":28500,"qoeRebuffer":22817.400000572205,"qoeLatency":49162.799999999996,"qoeBitrateSwitch":500,"qoePlaybackSpeed":1238.934657103418},"chunk-stream5-00045":{"qoeTotal":-43402.13178640214,"qoeBitrate":31500,"qoeRebuffer":22817.400000572205,"qoeLatency":50298.6,"qoeBitrateSwitch":500,"qoePlaybackSpeed":1286.1317858299399},"chunk-stream5-00046":{"qoeTotal":-41517.77254410779,"qoeBitrate":34500,"qoeRebuffer":22817.400000572205,"qoeLatency":51375.6,"qoeBitrateSwitch":500,"qoePlaybackSpeed":1324.7725435355903},"chunk-stream5-00047":{"qoeTotal":-39569.55017690815,"qoeBitrate":37500,"qoeRebuffer":22817.400000572205,"qoeLatency":52398.6,"qoeBitrateSwitch":500,"qoePlaybackSpeed":1353.550176335953},"chunk-stream5-00048":{"qoeTotal":-37575.26620811838,"qoeBitrate":40500,"qoeRebuffer":22817.400000572205,"qoeLatency":53384.4,"qoeBitrateSwitch":500,"qoePlaybackSpeed":1373.4662075461713},"chunk-stream5-00049":{"qoeTotal":-35551.400182153775,"qoeBitrate":43500,"qoeRebuffer":22817.400000572205,"qoeLatency":54347.4,"qoeBitrateSwitch":500,"qoePlaybackSpeed":1386.6001815815703},"chunk-stream5-00050":{"qoeTotal":-33509.48503424082,"qoeBitrate":46500,"qoeRebuffer":22817.400000572205,"qoeLatency":55294.8,"qoeBitrateSwitch":500,"qoePlaybackSpeed":1397.2850336686101},"chunk-stream5-00051":{"qoeTotal":-31448.606701106175,"qoeBitrate":49500,"qoeRebuffer":22817.400000572205,"qoeLatency":56227.200000000004,"qoeBitrateSwitch":500,"qoePlaybackSpeed":1404.0067005339645},"chunk-stream5-00052":{"qoeTotal":-29372.606701106175,"qoeBitrate":52500,"qoeRebuffer":22817.400000572205,"qoeLatency":57151.200000000004,"qoeBitrateSwitch":500,"qoePlaybackSpeed":1404.0067005339645},"chunk-stream5-00053":{"qoeTotal":-27288.806701106172,"qoeBitrate":55500,"qoeRebuffer":22817.400000572205,"qoeLatency":58067.4,"qoeBitrateSwitch":500,"qoePlaybackSpeed":1404.0067005339645},"chunk-stream5-00054":{"qoeTotal":-25205.00670110617,"qoeBitrate":58500,"qoeRebuffer":22817.400000572205,"qoeLatency":58983.6,"qoeBitrateSwitch":500,"qoePlaybackSpeed":1404.0067005339645},"chunk-stream5-00055":{"qoeTotal":-23120.606701106168,"qoeBitrate":61500,"qoeRebuffer":22817.400000572205,"qoeLatency":59899.2,"qoeBitrateSwitch":500,"qoePlaybackSpeed":1404.0067005339645},"chunk-stream5-00056":{"qoeTotal":-21769.40670110617,"qoeBitrate":64500,"qoeRebuffer":22817.400000572205,"qoeLatency":61548,"qoeBitrateSwitch":500,"qoePlaybackSpeed":1404.0067005339645},"chunk-stream5-00057":{"qoeTotal":-28442.088592486325,"qoeBitrate":67500,"qoeRebuffer":30805.200000286102,"qoeLatency":63211.8,"qoeBitrateSwitch":500,