{"switchHistory":[{"start":8.831,"end":9.031183,"quality":{"mediaType":"video","bitrate":1000000,"width":640,"height":360,"scanType":null,"qualityIndex":2}},{"start":9.031183,"end":68.886583,"quality":{"mediaType":"video","bitrate":200000,"width":320,"height":180,"scanType":null,"qualityIndex":0}}],"switchRequests":[{"timeAbsolute":1700810382.317,"timeRelative":8.844381,"quality":{"mediaType":"video","bitrate":200000,"width":320,"height":180,"scanType":null,"qualityIndex":0}}],"stallDurationMs":51.299999952316284,"numStalls":52,"averageLatency":1.4354846335697395,"averageBufferLength":1.2472434988179666,"averageBitrate":202666.63633920596,"numSwitches":2,"averageBitrateVariations":800000,"averagePlaybackRate":0.942422767899596,"averagePlaybackRateNonOne":0.9169816653436035}