{"switchHistory":[{"start":8.8065,"end":9.242312,"quality":{"mediaType":"video","bitrate":1000000,"width":640,"height":360,"scanType":null,"qualityIndex":2}},{"start":9.242312,"end":68.879812,"quality":{"mediaType":"video","bitrate":1000000,"width":640,"height":360,"scanType":null,"qualityIndex":2}}],"switchRequests":[],"stallDurationMs":6.199999928474426,"numStalls":2,"averageLatency":1.500523696682467,"averageBufferLength":1.340163507109003,"averageBitrate":1000000.0000000001,"numSwitches":2,"averageBitrateVariations":0,"averagePlaybackRate":1.0044231638813355,"averagePlaybackRateNonOne":1.0494590143094786}