{"chunk-stream2-00018":{"qoeTotal":-508.58811588562486,"qoeBitrate":500,"qoeRebuffer":0,"qoeLatency":963.6,"qoeBitrateSwitch":0,"qoePlaybackSpeed":44.988115885624836},"init-stream0":{"qoeTotal":-1500.77623177125,"qoeBitrate":600,"qoeRebuffer":0,"qoeLatency":1930.8000000000002,"qoeBitrateSwitch":80,"qoePlaybackSpeed":89.97623177124967},"chunk-stream0-00019":{"qoeTotal":-2415.9643476568745,"qoeBitrate":700,"qoeRebuffer":0,"qoeLatency":2901,"qoeBitrateSwitch":80,"qoePlaybackSpeed":134.9643476568745},"chunk-stream0-00020":{"qoeTotal":-3335.352463542499,"qoeBitrate":800,"qoeRebuffer":0,"qoeLatency":3875.4,"qoeBitrateSwitch":80,"qoePlaybackSpeed":179.95246354249934},"chunk-stream0-00021":{"qoeTotal":-4249.514911597183,"qoeBitrate":900,"qoeRebuffer":0,"qoeLatency":4867.8,"qoeBitrateSwitch":80,"qoePlaybackSpeed":201.7149115971824},"init-stream3":{"qoeTotal":-4220.741137426042,"qoeBitrate":2150,"qoeRebuffer":0,"qoeLatency":5841,"qoeBitrateSwitch":310,"qoePlaybackSpeed":219.74113742604163},"chunk-stream3-00022":{"qoeTotal":-3949.636257170264,"qoeBitrate":3400,"qoeRebuffer":0,"qoeLatency":6805.2,"qoeBitrateSwitch":310,"qoePlaybackSpeed":234.4362571702642},"init-stream5":{"qoeTotal":-2213.436257170264,"qoeBitrate":6400,"qoeRebuffer":0,"qoeLatency":7719,"qoeBitrateSwitch":660,"qoePlaybackSpeed":234.4362571702642},"chunk-stream5-00023":{"qoeTotal":-157.00888511638203,"qoeBitrate":9400,"qoeRebuffer":0,"qoeLatency":8653.2,"qoeBitrateSwitch":660,"qoePlaybackSpeed":243.8088851163813},"chunk-stream5-00024":{"qoeTotal":1915.4110352061202,"qoeBitrate":12400,"qoeRebuffer":0,"qoeLatency":9574.800000000001,"qoeBitrateSwitch":660,"qoePlaybackSpeed":249.78896479387862},"chunk-stream5-00025":{"qoeTotal":4001.0110352061206,"qoeBitrate":15400,"qoeRebuffer":0,"qoeLatency":10489.2,"qoeBitrateSwitch":660,"qoePlaybackSpeed":249.78896479387862},"chunk-stream5-00026":{"qoeTotal":6086.611035206121,"qoeBitrate":18400,"qoeRebuffer":0,"qoeLatency":11403.6,"qoeBitrateSwitch":660,"qoePlaybackSpeed":249.78896479387862},"chunk-stream5-00027":{"qoeTotal":8172.211035206122,"qoeBitrate":21400,"qoeRebuffer":0,"qoeLatency":12318,"qoeBitrateSwitch":660,"qoePlaybackSpeed":249.78896479387862},"chunk-stream5-00028":{"qoeTotal":10258.411035206122,"qoeBitrate":24400,"qoeRebuffer":0,"qoeLatency":13231.8,"qoeBitrateSwitch":660,"qoePlaybackSpeed":249.78896479387862},"chunk-stream5-00029":{"qoeTotal":12344.011035206122,"qoeBitrate":27400,"qoeRebuffer":0,"qoeLatency":14146.199999999999,"qoeBitrateSwitch":660,"qoePlaybackSpeed":249.78896479387862},"chunk-stream5-00030":{"qoeTotal":14421.811035206121,"qoeBitrate":30400,"qoeRebuffer":0,"qoeLatency":15068.4,"qoeBitrateSwitch":660,"qoePlaybackSpeed":249.78896479387862},"chunk-stream5-00031":{"qoeTotal":16497.21103520612,"qoeBitrate":33400,"qoeRebuffer":0,"qoeLatency":15993,"qoeBitrateSwitch":660,"qoePlaybackSpeed":249.78896479387862},"chunk-stream5-00032":{"qoeTotal":18582.81103520612,"qoeBitrate":36400,"qoeRebuffer":0,"qoeLatency":16907.4,"qoeBitrateSwitch":660,"qoePlaybackSpeed":249.78896479387862},"chunk-stream5-00033":{"qoeTotal":20668.411035206118,"qoeBitrate":39400,"qoeRebuffer":0,"qoeLatency":17821.800000000003,"qoeBitrateSwitch":660,"qoePlaybackSpeed":249.78896479387862},"chunk-stream5-00034":{"qoeTotal":22754.011035206117,"qoeBitrate":42400,"qoeRebuffer":0,"qoeLatency":18736.200000000004,"qoeBitrateSwitch":660,"qoePlaybackSpeed":249.78896479387862},"chunk-stream5-00035":{"qoeTotal":24831.211035206117,"qoeBitrate":45400,"qoeRebuffer":0,"qoeLatency":19659.000000000004,"qoeBitrateSwitch":660,"qoePlaybackSpeed":249.78896479387862},"chunk-stream5-00036":{"qoeTotal":26916.811035206116,"qoeBitrate":48400,"qoeRebuffer":0,"qoeLatency":20573.400000000005,"qoeBitrateSwitch":660,"qoePlaybackSpeed":249.78896479387862},"chunk-stream5-00037":{"qoeTotal":28992.211035206117,"qoeBitrate":51400,"qoeRebuffer":0,"qoeLatency":21498.000000000004,"qoeBitrateSwitch":660,"qoePlaybackSpeed":249.78896479387862},"chunk-stream5-00038":{"qoeTotal":31077.811035206116,"qoeBitrate":54400,"qoeRebuffer":0,"qoeLatency":22412.400000000005,"qoeBitrateSwitch":660,"qoePlaybackSpeed":249.78896479387862},"chunk-stream5-00039":{"qoeTotal":33163.41103520612,"qoeBitrate":57400,"qoeRebuffer":0,"qoeLatency":23326.800000000007,"qoeBitrateSwitch":660,"qoePlaybackSpeed":249.78896479387862},"chunk-stream5-00040":{"qoeTotal":35241.81103520611,"qoeBitrate":60400,"qoeRebuffer":0,"qoeLatency":24248.400000000005,"qoeBitrateSwitch":660,"qoePlaybackSpeed":249.78896479387862},"chunk-stream5-00041":{"qoeTotal":37328.01103520612,"qoeBitrate":63400,"qoeRebuffer":0,"qoeLatency":25162.200000000004,"qoeBitrateSwitch":660,"qoePlaybackSpeed":249.78896479387862},"chunk-stream5-00042":{"qoeTotal":39414.21103520612,"qoeBitrate":66400,"qoeRebuffer":0,"qoeLatency":26076.000000000004,"qoeBitrateSwitch":660,"qoePlaybackSpeed":249.78896479387862},"chunk-stream5-00043":{"qoeTotal":41500.41103520612,"qoeBitrate":69400,"qoeRebuffer":0,"qoeLatency":26989.800000000003,"qoeBitrateSwitch":660,"qoePlaybackSpeed":249.78896479387862},"chunk-stream5-00044":{"qoeTotal":43586.01103520612,"qoeBitrate":72400,"qoeRebuffer":0,"qoeLatency":27904.200000000004,"qoeBitrateSwitch":660,"qoePlaybackSpeed":249.78896479387862},"chunk-stream5-00045":{"qoeTotal":45662.01103520612,"qoeBitrate":75400,"qoeRebuffer":0,"qoeLatency":28828.200000000004,"qoeBitrateSwitch":660,"qoePlaybackSpeed":249.78896479387862},"chunk-stream5-00046":{"qoeTotal":47747.611035206115,"qoeBitrate":78400,"qoeRebuffer":0,"qoeLatency":29742.600000000006,"qoeBitrateSwitch":660,"qoePlaybackSpeed":249.78896479387862},"chunk-stream5-00047":{"qoeTotal":49825.41103520612,"qoeBitrate":81400,"qoeRebuffer":0,"qoeLatency":30664.800000000007,"qoeBitrateSwitch":660,"qoePlaybackSpeed":249.78896479387862},"chunk-stream5-00048":{"qoeTotal":51902.01103520611,"qoeBitrate":84400,"qoeRebuffer":0,"qoeLatency":31588.200000000008,"qoeBitrateSwitch":660,"qoePlaybackSpeed":249.78896479387862},"chunk-stream5-00049":{"qoeTotal":53972.611035206115,"qoeBitrate":87400,"qoeRebuffer":0,"qoeLatency":32517.60000000001,"qoeBitrateSwitch":660,"qoePlaybackSpeed":249.78896479387862},"chunk-stream5-00050":{"qoeTotal":56058.21103520611,"qoeBitrate":90400,"qoeRebuffer":0,"qoeLatency":33432.00000000001,"qoeBitrateSwitch":660,"qoePlaybackSpeed":249.78896479387862},"chunk-stream5-00051":{"qoeTotal":58143.81103520611,"qoeBitrate":93400,"qoeRebuffer":0,"qoeLatency":34346.40000000001,"qoeBitrateSwitch":660,"qoePlaybackSpeed":249.78896479387862},"chunk-stream5-00052":{"qoeTotal":60218.01103520611,"qoeBitrate":96400,"qoeRebuffer":0,"qoeLatency":35272.20000000001,"qoeBitrateSwitch":660,"qoePlaybackSpeed":249.78896479387862},"chunk-stream5-00053":{"qoeTotal":62303.61103520611,"qoeBitrate":99400,"qoeRebuffer":0,"qoeLatency":36186.60000000001,"qoeBitrateSwitch":660,"qoePlaybackSpeed":249.78896479387862},"chunk-stream5-00054":{"qoeTotal":64389.211035206106,"qoeBitrate":102400,"qoeRebuffer":0,"qoeLatency":37101.000000000015,"qoeBitrateSwitch":660,"qoePlaybackSpeed":249.78896479387862},"chunk-stream5-00055":{"qoeTotal":66474.8110352061,"qoeBitrate":105400,"qoeRebuffer":0,"qoeLatency":38015.400000000016,"qoeBitrateSwitch":660,"qoePlaybackSpeed":249.78896479387862},"chunk-stream5-00056":{"qoeTotal":68560.41103520611,"qoeBitrate":108400,"qoeRebuffer":0,"qoeLatency":38929.80000000002,"qoeBitrateSwitch":660,"qoePlaybackSpeed":249.78896479387862},"init-stream2":{"qoeTotal":67646.01103520612,"qoeBitrate":108900,"qoeRebuffer":0,"qoeLatency":39844.20000000002,"qoeBitrateSwitch":1160,"qoePlaybackSpeed":249.78896479387862},"chunk-stream2-00057":{"qoeTotal":67232.2110352061,"qoeBitrate":109400,"qoeRebuffer":0,"qoeLatency":40758.00000000002,"qoeBitrateSwitch":1160,"qoePlaybackSpeed":249.78896479387862},"chunk-stream5-00058":{"qoeTotal":68808.8110352061,"qoeBitrate":112400,"qoeRebuffer":0,"qoeLatency":41681.40000000002,"qoeBitrateSwitch":1660,"qoePlaybackSpeed":249.78896479387862},"chunk-stream5-00059":{"qoeTotal":70894.41103520611,