{"chunk-stream2-00018":{"qoeTotal":-473.7789630205683,"qoeBitrate":500,"qoeRebuffer":0,"qoeLatency":936,"qoeBitrateSwitch":0,"qoePlaybackSpeed":37.778963020568334},"init-stream0":{"qoeTotal":-2151.1579260411368,"qoeBitrate":600,"qoeRebuffer":0,"qoeLatency":1875.6,"qoeBitrateSwitch":800,"qoePlaybackSpeed":75.55792604113667},"chunk-stream0-00019":{"qoeTotal":-3030.336889061705,"qoeBitrate":700,"qoeRebuffer":0,"qoeLatency":2817,"qoeBitrateSwitch":800,"qoePlaybackSpeed":113.336889061705},"chunk-stream0-00020":{"qoeTotal":-3911.315852082273,"qoeBitrate":800,"qoeRebuffer":0,"qoeLatency":3760.2,"qoeBitrateSwitch":800,"qoePlaybackSpeed":151.11585208227334},"chunk-stream0-00021":{"qoeTotal":-4786.5735840398565,"qoeBitrate":900,"qoeRebuffer":0,"qoeLatency":4720.2,"qoeBitrateSwitch":800,"qoePlaybackSpeed":166.3735840398568},"init-stream5":{"qoeTotal":-8548.647925266492,"qoeBitrate":3900,"qoeRebuffer":0,"qoeLatency":5670,"qoeBitrateSwitch":6600,"qoePlaybackSpeed":178.6479252664925}}