{"init-stream2":{"qoeTotal":500,"qoeBitrate":500,"qoeRebuffer":0,"qoeLatency":0,"qoeBitrateSwitch":0,"qoePlaybackSpeed":0},"chunk-stream2-00002":{"qoeTotal":934.830073600676,"qoeBitrate":1000,"qoeRebuffer":0,"qoeLatency":7.06,"qoeBitrateSwitch":0,"qoePlaybackSpeed":58.10992639932404},"chunk-stream2-00003":{"qoeTotal":1368.160147201352,"qoeBitrate":1500,"qoeRebuffer":0,"qoeLatency":15.620000000000001,"qoeBitrateSwitch":0,"qoePlaybackSpeed":116.21985279864808},"init-stream3":{"qoeTotal":2406.1682257528773,"qoeBitrate":2750,"qoeRebuffer":0,"qoeLatency":25.87,"qoeBitrateSwitch":150,"qoePlaybackSpeed":167.96177424712292},"chunk-stream3-00004":{"qoeTotal":3598.6537253615265,"qoeBitrate":4000,"qoeRebuffer":0,"qoeLatency":36.95,"qoeBitrateSwitch":150,"qoePlaybackSpeed":214.39627463847344},"chunk-stream3-00005":{"qoeTotal":4796.27953287121,"qoeBitrate":5250,"qoeRebuffer":0,"qoeLatency":48.82000000000001,"qoeBitrateSwitch":150,"qoePlaybackSpeed":254.90046712878993},"chunk-stream3-00006":{"qoeTotal":6007.236865657934,"qoeBitrate":6500,"qoeRebuffer":0,"qoeLatency":62.18000000000001,"qoeBitrateSwitch":150,"qoePlaybackSpeed":280.58313434206616},"chunk-stream3-00007":{"qoeTotal":7222.026275711738,"qoeBitrate":7750,"qoeRebuffer":0,"qoeLatency":76.02000000000001,"qoeBitrateSwitch":150,"qoePlaybackSpeed":301.95372428826147},"chunk-stream3-00008":{"qoeTotal":8445.355730249934,"qoeBitrate":9000,"qoeRebuffer":0,"qoeLatency":90.56,"qoeBitrateSwitch":150,"qoePlaybackSpeed":314.08426975006586},"chunk-stream3-00009":{"qoeTotal":8776.615703547048,"qoeBitrate":10250,"qoeRebuffer":0,"qoeLatency":995.3599999999999,"qoeBitrateSwitch":150,"qoePlaybackSpeed":328.0242964529514},"chunk-stream3-00010":{"qoeTotal":9069.683525659078,"qoeBitrate":11500,"qoeRebuffer":0,"qoeLatency":1937.96,"qoeBitrateSwitch":150,"qoePlaybackSpeed":342.3564743409227},"chunk-stream3-00011":{"qoeTotal":9343.287520286978,"qoeBitrate":12750,"qoeRebuffer":0,"qoeLatency":2909.36,"qoeBitrateSwitch":150,"qoePlaybackSpeed":347.35247971302107},"chunk-stream3-00012":{"qoeTotal":9595.473595835098,"qoeBitrate":14000,"qoeRebuffer":0,"qoeLatency":3893.96,"qoeBitrateSwitch":150,"qoePlaybackSpeed":360.5664041649038},"chunk-stream3-00013":{"qoeTotal":9847.791217363272,"qoeBitrate":15250,"qoeRebuffer":0,"qoeLatency":4884.56,"qoeBitrateSwitch":150,"qoePlaybackSpeed":367.6487826367269},"chunk-stream3-00014":{"qoeTotal":10097.609767674114,"qoeBitrate":16500,"qoeRebuffer":0,"qoeLatency":5879.360000000001,"qoeBitrateSwitch":150,"qoePlaybackSpeed":373.0302323258853},"chunk-stream3-00015":{"qoeTotal":10333.773229946346,"qoeBitrate":17750,"qoeRebuffer":0,"qoeLatency":6888.56,"qoeBitrateSwitch":150,"qoePlaybackSpeed":377.66677005365216},"chunk-stream3-00016":{"qoeTotal":10569.793797960256,"qoeBitrate":19000,"qoeRebuffer":0,"qoeLatency":7901.960000000001,"qoeBitrateSwitch":150,"qoePlaybackSpeed":378.246202039744},"chunk-stream3-00017":{"qoeTotal":10738.183260458683,"qoeBitrate":20250,"qoeRebuffer":0,"qoeLatency":8955.560000000001,"qoeBitrateSwitch":150,"qoePlaybackSpeed":406.25673954131577},"chunk-stream2-00018":{"qoeTotal":9964.633626566865,"qoeBitrate":20750,"qoeRebuffer":0,"qoeLatency":10042.760000000002,"qoeBitrateSwitch":300,"qoePlaybackSpeed":442.60637343313215},"chunk-stream2-00019":{"qoeTotal":9340.42426019592,"qoeBitrate":21250,"qoeRebuffer":0,"qoeLatency":11126.960000000003,"qoeBitrateSwitch":300,"qoePlaybackSpeed":482.61573980407695},"chunk-stream2-00020":{"qoeTotal":8758.226941736413,"qoeBitrate":21750,"qoeRebuffer":0,"qoeLatency":12173.960000000003,"qoeBitrateSwitch":300,"qoePlaybackSpeed":517.8130582635839},"chunk-stream2-00021":{"qoeTotal":8214.726273845039,"qoeBitrate":22250,"qoeRebuffer":0,"qoeLatency":13186.760000000002,"qoeBitrateSwitch":300,"qoePlaybackSpeed":548.5137261549595},"chunk-stream2-00022":{"qoeTotal":7706.824829943992,"qoeBitrate":22750,"qoeRebuffer":0,"qoeLatency":14173.160000000002,"qoeBitrateSwitch":300,"qoePlaybackSpeed":570.0151700560067},"chunk-stream2-00023":{"qoeTotal":7216.442517535268,"qoeBitrate":23250,"qoeRebuffer":0,"qoeLatency":15129.560000000001,"qoeBitrateSwitch":300,"qoePlaybackSpeed":603.9974824647306},"chunk-stream2-00024":{"qoeTotal":6732.159954944096,"qoeBitrate":23750,"qoeRebuffer":0,"qoeLatency":16102.160000000002,"qoeBitrateSwitch":300,"qoePlaybackSpeed":615.6800450559025},"chunk-stream2-00025":{"qoeTotal":6255.197371184168,"qoeBitrate":24250,"qoeRebuffer":0,"qoeLatency":17060.960000000003,"qoeBitrateSwitch":300,"qoePlaybackSpeed":633.842628815829},"chunk-stream2-00026":{"qoeTotal":5797.9493326155625,"qoeBitrate":24750,"qoeRebuffer":0,"qoeLatency":18005.360000000004,"qoeBitrateSwitch":300,"qoePlaybackSpeed":646.6906673844335},"chunk-stream2-00027":{"qoeTotal":5349.705342302089,"qoeBitrate":25250,"qoeRebuffer":0,"qoeLatency":18936.560000000005,"qoeBitrateSwitch":300,"qoePlaybackSpeed":663.7346576979064},"chunk-stream2-00028":{"qoeTotal":4912.265806350307,"qoeBitrate":25750,"qoeRebuffer":0,"qoeLatency":19865.360000000004,"qoeBitrateSwitch":300,"qoePlaybackSpeed":672.3741936496887},"chunk-stream2-00029":{"qoeTotal":4486.4658063503075,"qoeBitrate":26250,"qoeRebuffer":0,"qoeLatency":20791.160000000003,"qoeBitrateSwitch":300,"qoePlaybackSpeed":672.3741936496887},"chunk-stream2-00030":{"qoeTotal":4060.6658063503087,"qoeBitrate":26750,"qoeRebuffer":0,"qoeLatency":21716.960000000003,"qoeBitrateSwitch":300,"qoePlaybackSpeed":672.3741936496887},"chunk-stream2-00031":{"qoeTotal":3634.8658063503094,"qoeBitrate":27250,"qoeRebuffer":0,"qoeLatency":22642.760000000002,"qoeBitrateSwitch":300,"qoePlaybackSpeed":672.3741936496887},"chunk-stream3-00032":{"qoeTotal":3786.467555532397,"qoeBitrate":28500,"qoeRebuffer":0,"qoeLatency":23582.960000000003,"qoeBitrateSwitch":450,"qoePlaybackSpeed":680.5724444676003},"chunk-stream3-00033":{"qoeTotal":4047.2199951002804,"qoeBitrate":29750,"qoeRebuffer":0,"qoeLatency":24554.360000000004,"qoeBitrateSwitch":450,"qoePlaybackSpeed":698.4200048997155},"chunk-stream3-00034":{"qoeTotal":4280.864771795515,"qoeBitrate":31000,"qoeRebuffer":0,"qoeLatency":25552.160000000003,"qoeBitrateSwitch":450,"qoePlaybackSpeed":716.9752282044817},"chunk-stream3-00035":{"qoeTotal":4498.28947870392,"qoeBitrate":32250,"qoeRebuffer":0,"qoeLatency":26573.360000000004,"qoeBitrateSwitch":450,"qoePlaybackSpeed":728.3505212960756},"chunk-stream3-00036":{"qoeTotal":4701.432480263014,"qoeBitrate":33500,"qoeRebuffer":0,"qoeLatency":27613.760000000006,"qoeBitrateSwitch":450,"qoePlaybackSpeed":734.8075197369802},"chunk-stream3-00037":{"qoeTotal":4885.540624382852,"qoeBitrate":34750,"qoeRebuffer":0,"qoeLatency":28669.160000000007,"qoeBitrateSwitch":450,"qoePlaybackSpeed":745.2993756171405},"chunk-stream3-00038":{"qoeTotal":5054.995010205777,"qoeBitrate":36000,"qoeRebuffer":0,"qoeLatency":29746.160000000007,"qoeBitrateSwitch":450,"qoePlaybackSpeed":748.844989794215},"chunk-stream3-00039":{"qoeTotal":5198.203421916063,"qoeBitrate":37250,"qoeRebuffer":0,"qoeLatency":30839.360000000008,"qoeBitrateSwitch":450,"qoePlaybackSpeed":762.436578083929},"chunk-stream3-00040":{"qoeTotal":5317.737176479252,"qoeBitrate":38500,"qoeRebuffer":0,"qoeLatency":31960.160000000007,"qoeBitrateSwitch":450,"qoePlaybackSpeed":772.1028235207405},"chunk-stream3-00041":{"qoeTotal":5393.45769870752,"qoeBitrate":39750,"qoeRebuffer":0,"qoeLatency":33107.36000000001,"qoeBitrateSwitch":450,"qoePlaybackSpeed":799.1823012924723},"chunk-stream3-00042":{"qoeTotal":5459.000282327074,"qoeBitrate":41000,"qoeRebuffer":0,"qoeLatency":34276.16000000001,"qoeBitrateSwitch":450,"qoePlaybackSpeed":814.8397176729146},"chunk-stream3-00043":{"qoeTotal":5543.946147332359,"qoeBitrate":42250,"qoeRebuffer":0,"qoeLatency":35392.76000000001,"qoeBitrateSwitch":450,"qoePlaybackSpeed":863.2938526676314},"chunk-stream3-00044":{"qoeTotal":5703.85059194847,"qoeBitrate":43500,"qoeRebuffer":0,"qoeLatency":36447.56000000001,"qoeBitrateSwitch":450,"qoePlaybackSpeed":898.5894080515178},"chunk-stream3-00045":{"qoeTotal":5909.605731727473,"qoeBitrate":44750,