{"chunk-stream2-00018":{"qoeTotal":-476.51098957917355,"qoeBitrate":500,"qoeRebuffer":0,"qoeLatency":934.8000000000001,"qoeBitrateSwitch":0,"qoePlaybackSpeed":41.71098957917347},"init-stream3":{"qoeTotal":-1708.4219791583469,"qoeBitrate":1750,"qoeRebuffer":0,"qoeLatency":1875,"qoeBitrateSwitch":1500,"qoePlaybackSpeed":83.42197915834694},"chunk-stream3-00019":{"qoeTotal":-1452.9329687375207,"qoeBitrate":3000,"qoeRebuffer":0,"qoeLatency":2827.8,"qoeBitrateSwitch":1500,"qoePlaybackSpeed":125.13296873752041},"chunk-stream3-00020":{"qoeTotal":-1182.0709421736078,"qoeBitrate":4250,"qoeRebuffer":0,"qoeLatency":3791.4,"qoeBitrateSwitch":1500,"qoePlaybackSpeed":140.67094217360778},"init-stream4":{"qoeTotal":-1658.2089156096952,"qoeBitrate":6250,"qoeRebuffer":0,"qoeLatency":4752,"qoeBitrateSwitch":3000,"qoePlaybackSpeed":156.20891560969517},"chunk-stream4-00021":{"qoeTotal":-627.1468890457822,"qoeBitrate":8250,"qoeRebuffer":0,"qoeLatency":5705.4,"qoeBitrateSwitch":3000,"qoePlaybackSpeed":171.74688904578255},"chunk-stream4-00022":{"qoeTotal":422.25900148413837,"qoeBitrate":10250,"qoeRebuffer":0,"qoeLatency":6645.599999999999,"qoeBitrateSwitch":3000,"qoePlaybackSpeed":182.14099851586215},"chunk-stream4-00023":{"qoeTotal":1491.38205233522,"qoeBitrate":12250,"qoeRebuffer":0,"qoeLatency":7570.199999999999,"qoeBitrateSwitch":3000,"qoePlaybackSpeed":188.41794766478117},"chunk-stream4-00024":{"qoeTotal":2573.9820523352205,"qoeBitrate":14250,"qoeRebuffer":0,"qoeLatency":8487.599999999999,"qoeBitrateSwitch":3000,"qoePlaybackSpeed":188.41794766478117},"chunk-stream4-00025":{"qoeTotal":3656.582052335221,"qoeBitrate":16250,"qoeRebuffer":0,"qoeLatency":9404.999999999998,"qoeBitrateSwitch":3000,"qoePlaybackSpeed":188.41794766478117},"chunk-stream4-00026":{"qoeTotal":4731.38205233522,"qoeBitrate":18250,"qoeRebuffer":0,"qoeLatency":10330.199999999999,"qoeBitrateSwitch":3000,"qoePlaybackSpeed":188.41794766478117},"chunk-stream4-00027":{"qoeTotal":5813.98205233522,"qoeBitrate":20250,"qoeRebuffer":0,"qoeLatency":11247.599999999999,"qoeBitrateSwitch":3000,"qoePlaybackSpeed":188.41794766478117},"chunk-stream4-00028":{"qoeTotal":6897.782052335219,"qoeBitrate":22250,"qoeRebuffer":0,"qoeLatency":12163.8,"qoeBitrateSwitch":3000,"qoePlaybackSpeed":188.41794766478117},"chunk-stream4-00029":{"qoeTotal":7982.182052335219,"qoeBitrate":24250,"qoeRebuffer":0,"qoeLatency":13079.4,"qoeBitrateSwitch":3000,"qoePlaybackSpeed":188.41794766478117},"chunk-stream4-00030":{"qoeTotal":9065.98205233522,"qoeBitrate":26250,"qoeRebuffer":0,"qoeLatency":13995.6,"qoeBitrateSwitch":3000,"qoePlaybackSpeed":188.41794766478117},"chunk-stream4-00031":{"qoeTotal":10149.782052335218,"qoeBitrate":28250,"qoeRebuffer":0,"qoeLatency":14911.800000000001,"qoeBitrateSwitch":3000,"qoePlaybackSpeed":188.41794766478117},"chunk-stream4-00032":{"qoeTotal":11234.182052335218,"qoeBitrate":30250,"qoeRebuffer":0,"qoeLatency":15827.400000000001,"qoeBitrateSwitch":3000,"qoePlaybackSpeed":188.41794766478117},"chunk-stream4-00033":{"qoeTotal":12317.982052335217,"qoeBitrate":32250,"qoeRebuffer":0,"qoeLatency":16743.600000000002,"qoeBitrateSwitch":3000,"qoePlaybackSpeed":188.41794766478117},"chunk-stream4-00034":{"qoeTotal":13401.782052335217,"qoeBitrate":34250,"qoeRebuffer":0,"qoeLatency":17659.800000000003,"qoeBitrateSwitch":3000,"qoePlaybackSpeed":188.41794766478117},"chunk-stream4-00035":{"qoeTotal":14485.582052335216,"qoeBitrate":36250,"qoeRebuffer":0,"qoeLatency":18576.000000000004,"qoeBitrateSwitch":3000,"qoePlaybackSpeed":188.41794766478117},"chunk-stream4-00036":{"qoeTotal":15569.382052335215,"qoeBitrate":38250,"qoeRebuffer":0,"qoeLatency":19492.200000000004,"qoeBitrateSwitch":3000,"qoePlaybackSpeed":188.41794766478117},"chunk-stream4-00037":{"qoeTotal":16653.182052335214,"qoeBitrate":40250,"qoeRebuffer":0,"qoeLatency":20408.400000000005,"qoeBitrateSwitch":3000,"qoePlaybackSpeed":188.41794766478117},"chunk-stream4-00038":{"qoeTotal":17736.982052335214,"qoeBitrate":42250,"qoeRebuffer":0,"qoeLatency":21324.600000000006,"qoeBitrateSwitch":3000,"qoePlaybackSpeed":188.41794766478117},"chunk-stream4-00039":{"qoeTotal":18820.782052335213,"qoeBitrate":44250,"qoeRebuffer":0,"qoeLatency":22240.800000000007,"qoeBitrateSwitch":3000,"qoePlaybackSpeed":188.41794766478117},"chunk-stream4-00040":{"qoeTotal":19904.582052335212,"qoeBitrate":46250,"qoeRebuffer":0,"qoeLatency":23157.000000000007,"qoeBitrateSwitch":3000,"qoePlaybackSpeed":188.41794766478117},"chunk-stream4-00041":{"qoeTotal":20982.38205233521,"qoeBitrate":48250,"qoeRebuffer":0,"qoeLatency":24079.200000000008,"qoeBitrateSwitch":3000,"qoePlaybackSpeed":188.41794766478117},"chunk-stream4-00042":{"qoeTotal":22066.18205233521,"qoeBitrate":50250,"qoeRebuffer":0,"qoeLatency":24995.40000000001,"qoeBitrateSwitch":3000,"qoePlaybackSpeed":188.41794766478117},"chunk-stream4-00043":{"qoeTotal":23144.582052335212,"qoeBitrate":52250,"qoeRebuffer":0,"qoeLatency":25917.000000000007,"qoeBitrateSwitch":3000,"qoePlaybackSpeed":188.41794766478117},"chunk-stream4-00044":{"qoeTotal":24228.982052335214,"qoeBitrate":54250,"qoeRebuffer":0,"qoeLatency":26832.600000000006,"qoeBitrateSwitch":3000,"qoePlaybackSpeed":188.41794766478117},"chunk-stream4-00045":{"qoeTotal":25312.782052335213,"qoeBitrate":56250,"qoeRebuffer":0,"qoeLatency":27748.800000000007,"qoeBitrateSwitch":3000,"qoePlaybackSpeed":188.41794766478117},"chunk-stream4-00046":{"qoeTotal":26396.582052335212,"qoeBitrate":58250,"qoeRebuffer":0,"qoeLatency":28665.000000000007,"qoeBitrateSwitch":3000,"qoePlaybackSpeed":188.41794766478117},"chunk-stream4-00047":{"qoeTotal":27474.38205233521,"qoeBitrate":60250,"qoeRebuffer":0,"qoeLatency":29587.200000000008,"qoeBitrateSwitch":3000,"qoePlaybackSpeed":188.41794766478117},"chunk-stream4-00048":{"qoeTotal":28558.18205233521,"qoeBitrate":62250,"qoeRebuffer":0,"qoeLatency":30503.40000000001,"qoeBitrateSwitch":3000,"qoePlaybackSpeed":188.41794766478117},"chunk-stream4-00049":{"qoeTotal":29634.78205233521,"qoeBitrate":64250,"qoeRebuffer":0,"qoeLatency":31426.80000000001,"qoeBitrateSwitch":3000,"qoePlaybackSpeed":188.41794766478117},"chunk-stream4-00050":{"qoeTotal":30718.58205233521,"qoeBitrate":66250,"qoeRebuffer":0,"qoeLatency":32343.00000000001,"qoeBitrateSwitch":3000,"qoePlaybackSpeed":188.41794766478117},"chunk-stream4-00051":{"qoeTotal":31802.382052335208,"qoeBitrate":68250,"qoeRebuffer":0,"qoeLatency":33259.20000000001,"qoeBitrateSwitch":3000,"qoePlaybackSpeed":188.41794766478117},"chunk-stream4-00052":{"qoeTotal":32886.18205233521,"qoeBitrate":70250,"qoeRebuffer":0,"qoeLatency":34175.40000000001,"qoeBitrateSwitch":3000,"qoePlaybackSpeed":188.41794766478117},"chunk-stream4-00053":{"qoeTotal":33969.98205233521,"qoeBitrate":72250,"qoeRebuffer":0,"qoeLatency":35091.600000000006,"qoeBitrateSwitch":3000,"qoePlaybackSpeed":188.41794766478117},"chunk-stream4-00054":{"qoeTotal":35053.78205233521,"qoeBitrate":74250,"qoeRebuffer":0,"qoeLatency":36007.8,"qoeBitrateSwitch":3000,"qoePlaybackSpeed":188.41794766478117},"chunk-stream4-00055":{"qoeTotal":36137.582052335216,"qoeBitrate":76250,"qoeRebuffer":0,"qoeLatency":36924,"qoeBitrateSwitch":3000,"qoePlaybackSpeed":188.41794766478117},"chunk-stream4-00056":{"qoeTotal":37221.98205233522,"qoeBitrate":78250,"qoeRebuffer":0,"qoeLatency":37839.6,"qoeBitrateSwitch":3000,"qoePlaybackSpeed":188.41794766478117},"chunk-stream4-00057":{"qoeTotal":38306.38205233522,"qoeBitrate":80250,"qoeRebuffer":0,"qoeLatency":38755.2,"qoeBitrateSwitch":3000,"qoePlaybackSpeed":188.41794766478117},"chunk-stream4-00058":{"qoeTotal":39390.78205233522,"qoeBitrate":82250,"qoeRebuffer":0,"qoeLatency":39670.799999999996,"qoeBitrateSwitch":3000,"qoePlaybackSpeed":188.41794766478117},"chunk-stream4-00059":{"qoeTotal":40474.58205233522,"qoeBitrate":84250,"qoeRebuffer":0,"qoeLatency":40586.99999999999,"qoeBitrateSwitch":3000,"qoePlaybackSpeed":188.41794766478117},"chunk-stream4-00060":{"qoeTotal":41558.982052335225,"qoeBitrate":86250,"qoeRebuffer":0,"qoeLatency":41502.59999999999,"qoeBitrateSwitch":3000,