{"chunk-stream2-00018":{"qoeTotal":-979.9840805752577,"qoeBitrate":500,"qoeRebuffer":0,"qoeLatency":1432.2,"qoeBitrateSwitch":0,"qoePlaybackSpeed":47.78408057525769},"chunk-stream2-00019":{"qoeTotal":-5906.500715204172,"qoeBitrate":1000,"qoeRebuffer":3656.399999946356,"qoeLatency":3157.8,"qoeBitrateSwitch":0,"qoePlaybackSpeed":92.30071525781608},"chunk-stream2-00020":{"qoeTotal":-11156.885162917593,"qoeBitrate":1500,"qoeRebuffer":7375.799999982119,"qoeLatency":5141.400000000001,"qoeBitrateSwitch":0,"qoePlaybackSpeed":139.68516293547333},"chunk-stream2-00021":{"qoeTotal":-16397.110583431473,"qoeBitrate":2000,"qoeRebuffer":10754.399999946356,"qoeLatency":7459.200000000001,"qoeBitrateSwitch":0,"qoePlaybackSpeed":183.51058348511626},"chunk-stream2-00022":{"qoeTotal":-21703.66702382103,"qoeBitrate":2500,"qoeRebuffer":13912.199999928474,"qoeLatency":10066.2,"qoeBitrateSwitch":0,"qoePlaybackSpeed":225.26702389255604},"chunk-stream2-00023":{"qoeTotal":-27350.475532754892,"qoeBitrate":3000,"qoeRebuffer":17086.199999928474,"qoeLatency":12993,"qoeBitrateSwitch":0,"qoePlaybackSpeed":271.2755328264187},"chunk-stream2-00024":{"qoeTotal":-34815.24612704637,"qoeBitrate":3500,"qoeRebuffer":21779.999999910593,"qoeLatency":16219.2,"qoeBitrateSwitch":0,"qoePlaybackSpeed":316.0461271357775},"chunk-stream2-00025":{"qoeTotal":-41079.09712678793,"qoeBitrate":4000,"qoeRebuffer":24932.999999910593,"qoeLatency":19787.4,"qoeBitrateSwitch":0,"qoePlaybackSpeed":358.6971268773329},"chunk-stream2-00026":{"qoeTotal":-47660.57531117377,"qoeBitrate":4500,"qoeRebuffer":28059.59999987483,"qoeLatency":23700,"qoeBitrateSwitch":0,"qoePlaybackSpeed":400.97531129893895},"chunk-stream2-00027":{"qoeTotal":-56100.939155222266,"qoeBitrate":5000,"qoeRebuffer":32755.79999989271,"qoeLatency":27897.6,"qoeBitrateSwitch":0,"qoePlaybackSpeed":447.539155329556},"chunk-stream2-00028":{"qoeTotal":-63263.22959572337,"qoeBitrate":5500,"qoeRebuffer":35870.99999991059,"qoeLatency":32403,"qoeBitrateSwitch":0,"qoePlaybackSpeed":489.2295958127802},"chunk-stream2-00029":{"qoeTotal":-70679.33085405892,"qoeBitrate":6000,"qoeRebuffer":38979.59999987483,"qoeLatency":37167.6,"qoeBitrateSwitch":0,"qoePlaybackSpeed":532.1308541840905},"chunk-stream2-00030":{"qoeTotal":-76752.6030214016,"qoeBitrate":6500,"qoeRebuffer":40514.999999821186,"qoeLatency":42166.8,"qoeBitrateSwitch":0,"qoePlaybackSpeed":570.8030215804204},"chunk-stream2-00031":{"qoeTotal":-84674.77137266507,"qoeBitrate":7000,"qoeRebuffer":43687.799999803305,"qoeLatency":47370.600000000006,"qoeBitrateSwitch":0,"qoePlaybackSpeed":616.3713728617553},"chunk-stream2-00032":{"qoeTotal":-93839.63412660257,"qoeBitrate":7500,"qoeRebuffer":47853.59999978542,"qoeLatency":52824.600000000006,"qoeBitrateSwitch":0,"qoePlaybackSpeed":661.4341268171411},"chunk-stream2-00033":{"qoeTotal":-104539.04628716293,"qoeBitrate":8000,"qoeRebuffer":53179.19999983907,"qoeLatency":58651.200000000004,"qoeBitrateSwitch":0,"qoePlaybackSpeed":708.6462873238452},"init-stream1":{"qoeTotal":-112051.44628714504,"qoeBitrate":8300,"qoeRebuffer":59219.999999821186,"qoeLatency":60382.8,"qoeBitrateSwitch":40,"qoePlaybackSpeed":708.6462873238452},"chunk-stream1-00034":{"qoeTotal":-119192.6126720554,"qoeBitrate":8600,"qoeRebuffer":60734.39999985695,"qoeLatency":66267,"qoeBitrateSwitch":40,"qoePlaybackSpeed":751.2126721984582},"chunk-stream1-00035":{"qoeTotal":-124877.35622237426,"qoeBitrate":8900,"qoeRebuffer":60734.39999985695,"qoeLatency":72221.4,"qoeBitrateSwitch":40,"qoePlaybackSpeed":781.5562225173165},"chunk-stream1-00036":{"qoeTotal":-130636.73953250409,"qoeBitrate":9200,"qoeRebuffer":60734.39999985695,"qoeLatency":78239.4,"qoeBitrateSwitch":40,"qoePlaybackSpeed":822.9395326471484},"init-stream2":{"qoeTotal":-131966.94524474806,"qoeBitrate":9700,"qoeRebuffer":60734.39999985695,"qoeLatency":80011.79999999999,"qoeBitrateSwitch":80,"qoePlaybackSpeed":840.7452448911254},"chunk-stream2-00037":{"qoeTotal":-140991.1697608074,"qoeBitrate":10200,"qoeRebuffer":64007.39999976754,"qoeLatency":86216.4,"qoeBitrateSwitch":80,"qoePlaybackSpeed":887.3697610398596},"chunk-stream2-00038":{"qoeTotal":-150230.76628385994,"qoeBitrate":10700,"qoeRebuffer":67181.39999976754,"qoeLatency":92736.59999999999,"qoeBitrateSwitch":80,"qoePlaybackSpeed":932.7662840924156},"chunk-stream2-00039":{"qoeTotal":-160389.21862471415,"qoeBitrate":11200,"qoeRebuffer":70999.7999997139,"qoeLatency":99532.79999999999,"qoeBitrateSwitch":80,"qoePlaybackSpeed":976.6186250002575},"chunk-stream2-00040":{"qoeTotal":-171200.61039835404,"qoeBitrate":11700,"qoeRebuffer":75202.19999966025,"qoeLatency":106594.79999999999,"qoeBitrateSwitch":80,"qoePlaybackSpeed":1023.6103986937928},"chunk-stream2-00041":{"qoeTotal":-181943.60217195816,"qoeBitrate":12200,"qoeRebuffer":79000.19999957085,"qoeLatency":113992.79999999999,"qoeBitrateSwitch":80,"qoePlaybackSpeed":1070.6021723873282},"chunk-stream1-00042":{"qoeTotal":-190752.42533177964,"qoeBitrate":12500,"qoeRebuffer":80581.79999962449,"qoeLatency":121441.79999999999,"qoeBitrateSwitch":120,"qoePlaybackSpeed":1108.8253321551672},"chunk-stream2-00043":{"qoeTotal":-199487.7802524177,"qoeBitrate":13000,"qoeRebuffer":82130.39999967813,"qoeLatency":129047.99999999999,"qoeBitrateSwitch":160,"qoePlaybackSpeed":1149.3802527395678},"chunk-stream2-00044":{"qoeTotal":-208378.48586879575,"qoeBitrate":13500,"qoeRebuffer":83675.39999967813,"qoeLatency":136851,"qoeBitrateSwitch":160,"qoePlaybackSpeed":1192.085869117619},"chunk-stream2-00045":{"qoeTotal":-217477.71562647188,"qoeBitrate":14000,"qoeRebuffer":85188.59999969602,"qoeLatency":144895.8,"qoeBitrateSwitch":160,"qoePlaybackSpeed":1233.3156267758752},"chunk-stream2-00070":{"qoeTotal":-225733.34538413014,"qoeBitrate":14500,"qoeRebuffer":85188.59999969602,"qoeLatency":153610.19999999998,"qoeBitrateSwitch":160,"qoePlaybackSpeed":1274.5453844341314},"chunk-stream2-00071":{"qoeTotal":-234165.2566553177,"qoeBitrate":15000,"qoeRebuffer":92508.59999969602,"qoeLatency":155176.8,"qoeBitrateSwitch":160,"qoePlaybackSpeed":1319.8566556216983},"chunk-stream2-00072":{"qoeTotal":-240030.41581200977,"qoeBitrate":15500,"qoeRebuffer":96984.59999969602,"qoeLatency":157025.4,"qoeBitrateSwitch":160,"qoePlaybackSpeed":1360.4158123137554},"chunk-stream2-00073":{"qoeTotal":-244864.17496873759,"qoeBitrate":16000,"qoeRebuffer":100163.99999973178,"qoeLatency":159139.19999999998,"qoeBitrateSwitch":160,"qoePlaybackSpeed":1400.9749690058125},"chunk-stream2-00074":{"qoeTotal":-250539.9457866489,"qoeBitrate":16500,"qoeRebuffer":103921.19999974966,"qoeLatency":161515.8,"qoeBitrateSwitch":160,"qoePlaybackSpeed":1442.9457868992604},"chunk-stream1-00075":{"qoeTotal":-254347.56687300984,"qoeBitrate":16800,"qoeRebuffer":105455.99999982119,"qoeLatency":164010,"qoeBitrateSwitch":200,"qoePlaybackSpeed":1481.566873188652},"chunk-stream2-00076":{"qoeTotal":-258160.86166363713,"qoeBitrate":17300,"qoeRebuffer":107002.79999989271,"qoeLatency":166694.4,"qoeBitrateSwitch":240,"qoePlaybackSpeed":1523.6616637444324},"chunk-stream2-00077":{"qoeTotal":-263731.61013377964,"qoeBitrate":17800,"qoeRebuffer":110124.59999987483,"qoeLatency":169597.8,"qoeBitrateSwitch":240,"qoePlaybackSpeed":1569.2101339048056},"chunk-stream2-00078":{"qoeTotal":-269607.5012724314,"qoeBitrate":18300,"qoeRebuffer":113296.19999983907,"qoeLatency":172760.4,"qoeBitrateSwitch":240,"qoePlaybackSpeed":1610.9012725923037},"chunk-stream2-00079":{"qoeTotal":-276008.03880428034,"qoeBitrate":18800,"qoeRebuffer":116765.39999976754,"qoeLatency":176149.19999999998,"qoeBitrateSwitch":240,"qoePlaybackSpeed":1653.438804512824},"chunk-stream2-00080":{"qoeTotal":-283780.0413484104,"qoeBitrate":19300,"qoeRebuffer":121307.9999999106,"qoeLatency":179833.8,"qoeBitrateSwitch":240,"qoePlaybackSpeed":1698.2413484998438},"chunk-stream2-00081":{"qoeTotal":-290432.65649923024,"qoeBitrate":19800,"qoeRebuffer":124467.59999987483,"qoeLatency":183781.8,"qoeBitrateSwitch":240,"qoePlaybackSpeed":1743.2564993554413},"chunk-stream2-00082":{"qoeTotal":-297360.05668675096,