{"init-stream2":{"qoeTotal":500,"qoeBitrate":500,"qoeRebuffer":0,"qoeLatency":0,"qoeBitrateSwitch":0,"qoePlaybackSpeed":0},"chunk-stream2-00002":{"qoeTotal":935.0611673757763,"qoeBitrate":1000,"qoeRebuffer":0,"qoeLatency":8.89,"qoeBitrateSwitch":0,"qoePlaybackSpeed":56.048832624223664},"chunk-stream2-00003":{"qoeTotal":1372.504131644787,"qoeBitrate":1500,"qoeRebuffer":0,"qoeLatency":19.439999999999998,"qoeBitrateSwitch":0,"qoePlaybackSpeed":108.0558683552128},"init-stream1":{"qoeTotal":1569.5870959137983,"qoeBitrate":1800,"qoeRebuffer":0,"qoeLatency":30.349999999999998,"qoeBitrateSwitch":40,"qoePlaybackSpeed":160.0629040862019},"chunk-stream1-00004":{"qoeTotal":1817.0701698629882,"qoeBitrate":2100,"qoeRebuffer":0,"qoeLatency":42.2,"qoeBitrateSwitch":40,"qoePlaybackSpeed":200.7298301370117},"chunk-stream1-00005":{"qoeTotal":2068.561249833052,"qoeBitrate":2400,"qoeRebuffer":0,"qoeLatency":54.83,"qoeBitrateSwitch":40,"qoePlaybackSpeed":236.6087501669482},"chunk-stream1-00006":{"qoeTotal":2332.9588017783685,"qoeBitrate":2700,"qoeRebuffer":0,"qoeLatency":68.67,"qoeBitrateSwitch":40,"qoePlaybackSpeed":258.37119822163123},"chunk-stream1-00007":{"qoeTotal":2604.326029897198,"qoeBitrate":3000,"qoeRebuffer":0,"qoeLatency":82.89,"qoeBitrateSwitch":40,"qoePlaybackSpeed":272.7839701028021},"chunk-stream1-00008":{"qoeTotal":2889.796029897198,"qoeBitrate":3300,"qoeRebuffer":0,"qoeLatency":97.42,"qoeBitrateSwitch":40,"qoePlaybackSpeed":272.7839701028021},"chunk-stream1-00009":{"qoeTotal":3159.3880543773294,"qoeBitrate":3600,"qoeRebuffer":0,"qoeLatency":112.17,"qoeBitrateSwitch":40,"qoePlaybackSpeed":288.44194562267035},"chunk-stream1-00010":{"qoeTotal":-1771.1206603598202,"qoeBitrate":3900,"qoeRebuffer":3988.2000000178814,"qoeLatency":1306.7700000000002,"qoeBitrateSwitch":40,"qoePlaybackSpeed":336.15066034193876},"chunk-stream1-00011":{"qoeTotal":-7609.110429186796,"qoeBitrate":4200,"qoeRebuffer":8676.60000000894,"qoeLatency":2731.17,"qoeBitrateSwitch":40,"qoePlaybackSpeed":361.3404291778554},"chunk-stream1-00012":{"qoeTotal":-8829.41487889678,"qoeBitrate":4500,"qoeRebuffer":8676.60000000894,"qoeLatency":4226.37,"qoeBitrateSwitch":40,"qoePlaybackSpeed":386.44487888784016},"chunk-stream1-00013":{"qoeTotal":-11633.25197639532,"qoeBitrate":4800,"qoeRebuffer":10197.60000000894,"qoeLatency":5765.969999999999,"qoeBitrateSwitch":40,"qoePlaybackSpeed":429.68197638638026},"chunk-stream1-00014":{"qoeTotal":-12936.164379728294,"qoeBitrate":5100,"qoeRebuffer":10197.60000000894,"qoeLatency":7336.169999999999,"qoeBitrateSwitch":40,"qoePlaybackSpeed":462.39437971935513},"chunk-stream1-00015":{"qoeTotal":-14274.366192119081,"qoeBitrate":5400,"qoeRebuffer":10197.60000000894,"qoeLatency":8914.769999999999,"qoeBitrateSwitch":40,"qoePlaybackSpeed":521.9961921101417},"chunk-stream1-00016":{"qoeTotal":-15558.924004126453,"qoeBitrate":5700,"qoeRebuffer":10197.60000000894,"qoeLatency":10439.969999999998,"qoeBitrateSwitch":40,"qoePlaybackSpeed":581.3540041175147},"chunk-stream1-00017":{"qoeTotal":-16786.04738440075,"qoeBitrate":6000,"qoeRebuffer":10197.60000000894,"qoeLatency":11937.569999999998,"qoeBitrateSwitch":40,"qoePlaybackSpeed":610.8773843918127},"chunk-stream1-00018":{"qoeTotal":-18033.215832841455,"qoeBitrate":6300,"qoeRebuffer":10197.60000000894,"qoeLatency":13425.569999999998,"qoeBitrateSwitch":40,"qoePlaybackSpeed":670.0458328325136},"chunk-stream1-00019":{"qoeTotal":-19191.835817760624,"qoeBitrate":6600,"qoeRebuffer":10197.60000000894,"qoeLatency":14878.769999999999,"qoeBitrateSwitch":40,"qoePlaybackSpeed":675.4658177516856},"chunk-stream1-00020":{"qoeTotal":-20350.564740923845,"qoeBitrate":6900,"qoeRebuffer":10197.60000000894,"qoeLatency":16279.169999999998,"qoeBitrateSwitch":40,"qoePlaybackSpeed":733.7947409149056},"chunk-stream1-00021":{"qoeTotal":-21425.445199150516,"qoeBitrate":7200,"qoeRebuffer":10197.60000000894,"qoeLatency":17638.769999999997,"qoeBitrateSwitch":40,"qoePlaybackSpeed":749.0751991415796},"chunk-stream1-00022":{"qoeTotal":-22554.25483014556,"qoeBitrate":7500,"qoeRebuffer":10197.60000000894,"qoeLatency":19009.769999999997,"qoeBitrateSwitch":40,"qoePlaybackSpeed":806.884830136622},"chunk-stream1-00023":{"qoeTotal":-23604.67340142762,"qoeBitrate":7800,"qoeRebuffer":10197.60000000894,"qoeLatency":20345.369999999995,"qoeBitrateSwitch":40,"qoePlaybackSpeed":821.7034014186835},"chunk-stream2-00024":{"qoeTotal":-24481.492176130698,"qoeBitrate":8300,"qoeRebuffer":10197.60000000894,"qoeLatency":21625.169999999995,"qoeBitrateSwitch":80,"qoePlaybackSpeed":878.722176121763},"chunk-stream2-00025":{"qoeTotal":-25207.692303202053,"qoeBitrate":8800,"qoeRebuffer":10197.60000000894,"qoeLatency":22844.369999999995,"qoeBitrateSwitch":80,"qoePlaybackSpeed":885.7223031931167},"chunk-stream2-00026":{"qoeTotal":-25918.881773846628,"qoeBitrate":9300,"qoeRebuffer":10197.60000000894,"qoeLatency":24032.969999999994,"qoeBitrateSwitch":80,"qoePlaybackSpeed":908.3117738376932},"chunk-stream2-00027":{"qoeTotal":-26650.06102438589,"qoeBitrate":9800,"qoeRebuffer":10197.60000000894,"qoeLatency":25213.769999999993,"qoeBitrateSwitch":80,"qoePlaybackSpeed":958.6910243769557},"chunk-stream2-00028":{"qoeTotal":-27307.384449297795,"qoeBitrate":10300,"qoeRebuffer":10197.60000000894,"qoeLatency":26327.969999999994,"qoeBitrateSwitch":80,"qoePlaybackSpeed":1001.8144492888597},"chunk-stream2-00029":{"qoeTotal":-27916.602147362355,"qoeBitrate":10800,"qoeRebuffer":10197.60000000894,"qoeLatency":27418.769999999993,"qoeBitrateSwitch":80,"qoePlaybackSpeed":1020.2321473534196},"chunk-stream2-00030":{"qoeTotal":-28499.36850450969,"qoeBitrate":11300,"qoeRebuffer":10197.60000000894,"qoeLatency":28497.569999999992,"qoeBitrateSwitch":80,"qoePlaybackSpeed":1024.1985045007552},"chunk-stream2-00031":{"qoeTotal":-29095.870265968355,"qoeBitrate":11800,"qoeRebuffer":10197.60000000894,"qoeLatency":29584.16999999999,"qoeBitrateSwitch":80,"qoePlaybackSpeed":1034.1002659594233},"chunk-stream2-00032":{"qoeTotal":-29653.616726412318,"qoeBitrate":12300,"qoeRebuffer":10197.60000000894,"qoeLatency":30640.76999999999,"qoeBitrateSwitch":80,"qoePlaybackSpeed":1035.2467264033885},"chunk-stream2-00033":{"qoeTotal":-30197.625652490053,"qoeBitrate":12800,"qoeRebuffer":10197.60000000894,"qoeLatency":31657.16999999999,"qoeBitrateSwitch":80,"qoePlaybackSpeed":1062.8556524811227},"chunk-stream2-00034":{"qoeTotal":-30712.606526409167,"qoeBitrate":13300,"qoeRebuffer":10197.60000000894,"qoeLatency":32648.96999999999,"qoeBitrateSwitch":80,"qoePlaybackSpeed":1086.0365264002367},"chunk-stream2-00035":{"qoeTotal":-31201.317773023336,"qoeBitrate":13800,"qoeRebuffer":10197.60000000894,"qoeLatency":33618.56999999999,"qoeBitrateSwitch":80,"qoePlaybackSpeed":1105.147773014403},"chunk-stream2-00036":{"qoeTotal":-31653.868656108105,"qoeBitrate":14300,"qoeRebuffer":10197.60000000894,"qoeLatency":34557.56999999999,"qoeBitrateSwitch":80,"qoePlaybackSpeed":1118.698656099171},"chunk-stream2-00037":{"qoeTotal":-32095.917204403642,"qoeBitrate":14800,"qoeRebuffer":10197.60000000894,"qoeLatency":35489.369999999995,"qoeBitrateSwitch":80,"qoePlaybackSpeed":1128.947204394707},"chunk-stream2-00038":{"qoeTotal":-32520.51720440364,"qoeBitrate":15300,"qoeRebuffer":10197.60000000894,"qoeLatency":36413.969999999994,"qoeBitrateSwitch":80,"qoePlaybackSpeed":1128.947204394707},"chunk-stream2-00039":{"qoeTotal":-32945.71720440364,"qoeBitrate":15800,"qoeRebuffer":10197.60000000894,"qoeLatency":37339.16999999999,"qoeBitrateSwitch":80,"qoePlaybackSpeed":1128.947204394707},"chunk-stream2-00040":{"qoeTotal":-33596.517204403644,"qoeBitrate":16300,"qoeRebuffer":10197.60000000894,"qoeLatency":38489.969999999994,"qoeBitrateSwitch":80,"qoePlaybackSpeed":1128.947204394707},"chunk-stream2-00041":{"qoeTotal":-49943.050834384485,"qoeBitrate":16800,"qoeRebuffer":24733.800000026822,"qoeLatency":40753.16999999999,"qoeBitrateSwitch":80,"qoePlaybackSpeed":1176.0808343576682},"init-stream0":{"qoeTotal":-54168.38446432956,"qoeBitrate":16900,"qoeRebuffer":26319.60000000894,