{"init-stream2":{"qoeTotal":500,"qoeBitrate":500,"qoeRebuffer":0,"qoeLatency":0,"qoeBitrateSwitch":0,"qoePlaybackSpeed":0},"chunk-stream2-00002":{"qoeTotal":934.8893359223314,"qoeBitrate":1000,"qoeRebuffer":0,"qoeLatency":6.790000000000001,"qoeBitrateSwitch":0,"qoePlaybackSpeed":58.32066407766865},"init-stream3":{"qoeTotal":1969.4286718446629,"qoeBitrate":2250,"qoeRebuffer":0,"qoeLatency":13.93,"qoeBitrateSwitch":150,"qoePlaybackSpeed":116.6413281553373},"chunk-stream3-00003":{"qoeTotal":3116.074039260401,"qoeBitrate":3500,"qoeRebuffer":38.3999999910593,"qoeLatency":22.03,"qoeBitrateSwitch":150,"qoePlaybackSpeed":173.4959607485394},"init-stream4":{"qoeTotal":4813.81940667614,"qoeBitrate":5500,"qoeRebuffer":124.7999999821186,"qoeLatency":31.03,"qoeBitrateSwitch":300,"qoePlaybackSpeed":230.3505933417415},"chunk-stream4-00004":{"qoeTotal":6796.90610110498,"qoeBitrate":7500,"qoeRebuffer":124.7999999821186,"qoeLatency":40.43,"qoeBitrateSwitch":300,"qoePlaybackSpeed":237.86389891290128},"init-stream5":{"qoeTotal":9534.320135738144,"qoeBitrate":10500,"qoeRebuffer":124.7999999821186,"qoeLatency":49.96,"qoeBitrateSwitch":500,"qoePlaybackSpeed":290.91986427973796},"chunk-stream5-00005":{"qoeTotal":12471.184170371305,"qoeBitrate":13500,"qoeRebuffer":124.7999999821186,"qoeLatency":60.04,"qoeBitrateSwitch":500,"qoePlaybackSpeed":343.97582964657465},"chunk-stream5-00006":{"qoeTotal":15411.250755839836,"qoeBitrate":16500,"qoeRebuffer":124.7999999821186,"qoeLatency":71.21,"qoeBitrateSwitch":500,"qoePlaybackSpeed":392.73924417804636},"chunk-stream5-00007":{"qoeTotal":18358.772731387424,"qoeBitrate":19500,"qoeRebuffer":124.7999999821186,"qoeLatency":83.42999999999999,"qoeBitrateSwitch":500,"qoePlaybackSpeed":432.9972686304588},"chunk-stream5-00008":{"qoeTotal":21314.52142135353,"qoeBitrate":22500,"qoeRebuffer":124.7999999821186,"qoeLatency":96.53999999999999,"qoeBitrateSwitch":500,"qoePlaybackSpeed":464.1385786643521},"chunk-stream5-00009":{"qoeTotal":24279.26997745248,"qoeBitrate":25500,"qoeRebuffer":124.7999999821186,"qoeLatency":110.28999999999999,"qoeBitrateSwitch":500,"qoePlaybackSpeed":485.64002256539925},"chunk-stream5-00010":{"qoeTotal":27251.47827631576,"qoeBitrate":28500,"qoeRebuffer":124.7999999821186,"qoeLatency":124.52,"qoeBitrateSwitch":500,"qoePlaybackSpeed":499.2017237021195},"chunk-stream5-00011":{"qoeTotal":30227.479366057913,"qoeBitrate":31500,"qoeRebuffer":124.7999999821186,"qoeLatency":139,"qoeBitrateSwitch":500,"qoePlaybackSpeed":508.72063395996946},"chunk-stream5-00012":{"qoeTotal":33212.94936605791,"qoeBitrate":34500,"qoeRebuffer":124.7999999821186,"qoeLatency":153.53,"qoeBitrateSwitch":500,"qoePlaybackSpeed":508.72063395996946},"chunk-stream5-00013":{"qoeTotal":36198.41936605791,"qoeBitrate":37500,"qoeRebuffer":124.7999999821186,"qoeLatency":168.06,"qoeBitrateSwitch":500,"qoePlaybackSpeed":508.72063395996946},"chunk-stream5-00014":{"qoeTotal":39183.88936605791,"qoeBitrate":40500,"qoeRebuffer":124.7999999821186,"qoeLatency":182.59,"qoeBitrateSwitch":500,"qoePlaybackSpeed":508.72063395996946},"chunk-stream5-00015":{"qoeTotal":42169.36936605791,"qoeBitrate":43500,"qoeRebuffer":124.7999999821186,"qoeLatency":197.11,"qoeBitrateSwitch":500,"qoePlaybackSpeed":508.72063395996946},"chunk-stream5-00016":{"qoeTotal":45154.83936605791,"qoeBitrate":46500,"qoeRebuffer":124.7999999821186,"qoeLatency":211.64000000000001,"qoeBitrateSwitch":500,"qoePlaybackSpeed":508.72063395996946},"chunk-stream5-00017":{"qoeTotal":48140.30936605791,"qoeBitrate":49500,"qoeRebuffer":124.7999999821186,"qoeLatency":226.17000000000002,"qoeBitrateSwitch":500,"qoePlaybackSpeed":508.72063395996946},"chunk-stream5-00018":{"qoeTotal":51125.77936605791,"qoeBitrate":52500,"qoeRebuffer":124.7999999821186,"qoeLatency":240.70000000000002,"qoeBitrateSwitch":500,"qoePlaybackSpeed":508.72063395996946},"chunk-stream5-00019":{"qoeTotal":54111.249366057906,"qoeBitrate":55500,"qoeRebuffer":124.7999999821186,"qoeLatency":255.23000000000002,"qoeBitrateSwitch":500,"qoePlaybackSpeed":508.72063395996946},"chunk-stream5-00020":{"qoeTotal":57096.71936605791,"qoeBitrate":58500,"qoeRebuffer":124.7999999821186,"qoeLatency":269.76,"qoeBitrateSwitch":500,"qoePlaybackSpeed":508.72063395996946},"chunk-stream5-00021":{"qoeTotal":60082.18936605791,"qoeBitrate":61500,"qoeRebuffer":124.7999999821186,"qoeLatency":284.28999999999996,"qoeBitrateSwitch":500,"qoePlaybackSpeed":508.72063395996946},"chunk-stream5-00022":{"qoeTotal":63067.65936605791,"qoeBitrate":64500,"qoeRebuffer":124.7999999821186,"qoeLatency":298.81999999999994,"qoeBitrateSwitch":500,"qoePlaybackSpeed":508.72063395996946},"chunk-stream5-00023":{"qoeTotal":66053.12936605791,"qoeBitrate":67500,"qoeRebuffer":124.7999999821186,"qoeLatency":313.3499999999999,"qoeBitrateSwitch":500,"qoePlaybackSpeed":508.72063395996946},"chunk-stream5-00024":{"qoeTotal":69038.59936605791,"qoeBitrate":70500,"qoeRebuffer":124.7999999821186,"qoeLatency":327.8799999999999,"qoeBitrateSwitch":500,"qoePlaybackSpeed":508.72063395996946},"chunk-stream5-00025":{"qoeTotal":72024.06936605791,"qoeBitrate":73500,"qoeRebuffer":124.7999999821186,"qoeLatency":342.40999999999985,"qoeBitrateSwitch":500,"qoePlaybackSpeed":508.72063395996946},"chunk-stream5-00026":{"qoeTotal":75009.53936605791,"qoeBitrate":76500,"qoeRebuffer":124.7999999821186,"qoeLatency":356.9399999999998,"qoeBitrateSwitch":500,"qoePlaybackSpeed":508.72063395996946},"chunk-stream5-00027":{"qoeTotal":77995.00936605792,"qoeBitrate":79500,"qoeRebuffer":124.7999999821186,"qoeLatency":371.4699999999998,"qoeBitrateSwitch":500,"qoePlaybackSpeed":508.72063395996946},"chunk-stream5-00028":{"qoeTotal":80980.47936605792,"qoeBitrate":82500,"qoeRebuffer":124.7999999821186,"qoeLatency":385.9999999999998,"qoeBitrateSwitch":500,"qoePlaybackSpeed":508.72063395996946},"chunk-stream5-00029":{"qoeTotal":83965.94936605792,"qoeBitrate":85500,"qoeRebuffer":124.7999999821186,"qoeLatency":400.52999999999975,"qoeBitrateSwitch":500,"qoePlaybackSpeed":508.72063395996946},"chunk-stream5-00030":{"qoeTotal":86951.41936605792,"qoeBitrate":88500,"qoeRebuffer":124.7999999821186,"qoeLatency":415.0599999999997,"qoeBitrateSwitch":500,"qoePlaybackSpeed":508.72063395996946},"chunk-stream5-00031":{"qoeTotal":89936.88936605792,"qoeBitrate":91500,"qoeRebuffer":124.7999999821186,"qoeLatency":429.5899999999997,"qoeBitrateSwitch":500,"qoePlaybackSpeed":508.72063395996946},"chunk-stream5-00032":{"qoeTotal":92922.35936605792,"qoeBitrate":94500,"qoeRebuffer":124.7999999821186,"qoeLatency":444.11999999999966,"qoeBitrateSwitch":500,"qoePlaybackSpeed":508.72063395996946},"chunk-stream5-00033":{"qoeTotal":95907.82936605792,"qoeBitrate":97500,"qoeRebuffer":124.7999999821186,"qoeLatency":458.64999999999964,"qoeBitrateSwitch":500,"qoePlaybackSpeed":508.72063395996946},"chunk-stream5-00034":{"qoeTotal":98893.29936605792,"qoeBitrate":100500,"qoeRebuffer":124.7999999821186,"qoeLatency":473.1799999999996,"qoeBitrateSwitch":500,"qoePlaybackSpeed":508.72063395996946},"chunk-stream5-00035":{"qoeTotal":101878.76936605791,"qoeBitrate":103500,"qoeRebuffer":124.7999999821186,"qoeLatency":487.7099999999996,"qoeBitrateSwitch":500,"qoePlaybackSpeed":508.72063395996946},"chunk-stream5-00036":{"qoeTotal":104864.23936605791,"qoeBitrate":106500,"qoeRebuffer":124.7999999821186,"qoeLatency":502.23999999999955,"qoeBitrateSwitch":500,"qoePlaybackSpeed":508.72063395996946},"chunk-stream5-00037":{"qoeTotal":107849.70936605791,"qoeBitrate":109500,"qoeRebuffer":124.7999999821186,"qoeLatency":516.7699999999995,"qoeBitrateSwitch":500,"qoePlaybackSpeed":508.72063395996946},"chunk-stream5-00038":{"qoeTotal":110835.17936605791,"qoeBitrate":112500,"qoeRebuffer":124.7999999821186,"qoeLatency":531.2999999999995,"qoeBitrateSwitch":500,"qoePlaybackSpeed":508.72063395996946},"chunk-stream5-00039":{"qoeTotal":113820.64936605791,"qoeBitrate":115500,"qoeRebuffer":124.7999999821186,"qoeLatency":545.8299999999995,"qoeBitrateSwitch":500,"qoePlaybackSpeed":508.72063395996946},