{"chunk-stream2-00019":{"qoeTotal":-528.274045690033,"qoeBitrate":500,"qoeRebuffer":0,"qoeLatency":983.9999999999999,"qoeBitrateSwitch":0,"qoePlaybackSpeed":44.27404569003301},"chunk-stream2-00020":{"qoeTotal":-1093.9628536886905,"qoeBitrate":1000,"qoeRebuffer":0,"qoeLatency":2020.1999999999998,"qoeBitrateSwitch":0,"qoePlaybackSpeed":73.76285368869077},"chunk-stream2-00021":{"qoeTotal":-1715.1151590295935,"qoeBitrate":1500,"qoeRebuffer":0,"qoeLatency":3103.2,"qoeBitrateSwitch":0,"qoePlaybackSpeed":111.91515902959362},"chunk-stream2-00022":{"qoeTotal":-2324.4089242380946,"qoeBitrate":2000,"qoeRebuffer":0,"qoeLatency":4196.4,"qoeBitrateSwitch":0,"qoePlaybackSpeed":128.00892423809518},"chunk-stream2-00023":{"qoeTotal":-2906.276605950384,"qoeBitrate":2500,"qoeRebuffer":0,"qoeLatency":5245.2,"qoeBitrateSwitch":0,"qoePlaybackSpeed":161.07660595038396},"chunk-stream2-00024":{"qoeTotal":-3441.2943839112017,"qoeBitrate":3000,"qoeRebuffer":0,"qoeLatency":6267,"qoeBitrateSwitch":0,"qoePlaybackSpeed":174.29438391120155},"chunk-stream2-00025":{"qoeTotal":-3995.1228372900136,"qoeBitrate":3500,"qoeRebuffer":0,"qoeLatency":7296.6,"qoeBitrateSwitch":0,"qoePlaybackSpeed":198.5228372900134},"chunk-stream2-00026":{"qoeTotal":-4618.592289659181,"qoeBitrate":4000,"qoeRebuffer":0,"qoeLatency":8392.2,"qoeBitrateSwitch":0,"qoePlaybackSpeed":226.39228965918042},"init-stream1":{"qoeTotal":-5286.01002315176,"qoeBitrate":4300,"qoeRebuffer":0,"qoeLatency":9312.6,"qoeBitrateSwitch":40,"qoePlaybackSpeed":233.41002315175976},"chunk-stream1-00027":{"qoeTotal":-6166.1242127790665,"qoeBitrate":4600,"qoeRebuffer":0,"qoeLatency":10452.6,"qoeBitrateSwitch":40,"qoePlaybackSpeed":273.5242127790662},"chunk-stream1-00028":{"qoeTotal":-7032.97051139492,"qoeBitrate":4900,"qoeRebuffer":0,"qoeLatency":11611.800000000001,"qoeBitrateSwitch":40,"qoePlaybackSpeed":281.1705113949193},"chunk-stream1-00029":{"qoeTotal":-7907.530789156822,"qoeBitrate":5200,"qoeRebuffer":0,"qoeLatency":12772.800000000001,"qoeBitrateSwitch":40,"qoePlaybackSpeed":294.7307891568207},"chunk-stream1-00030":{"qoeTotal":-8771.912914983239,"qoeBitrate":5500,"qoeRebuffer":0,"qoeLatency":13893.000000000002,"qoeBitrateSwitch":40,"qoePlaybackSpeed":338.9129149832373},"chunk-stream1-00031":{"qoeTotal":-9581.986847351156,"qoeBitrate":5800,"qoeRebuffer":0,"qoeLatency":14963.400000000001,"qoeBitrateSwitch":40,"qoePlaybackSpeed":378.58684735115503},"chunk-stream1-00032":{"qoeTotal":-10342.705497479777,"qoeBitrate":6100,"qoeRebuffer":0,"qoeLatency":15994.2,"qoeBitrateSwitch":40,"qoePlaybackSpeed":408.50549747977664},"chunk-stream1-00033":{"qoeTotal":-11062.702435215091,"qoeBitrate":6400,"qoeRebuffer":0,"qoeLatency":16991.4,"qoeBitrateSwitch":40,"qoePlaybackSpeed":431.3024352150901},"chunk-stream1-00034":{"qoeTotal":-11761.099372950404,"qoeBitrate":6700,"qoeRebuffer":0,"qoeLatency":17967,"qoeBitrateSwitch":40,"qoePlaybackSpeed":454.09937295040356},"chunk-stream1-00035":{"qoeTotal":-12437.240759395158,"qoeBitrate":7000,"qoeRebuffer":0,"qoeLatency":18925.8,"qoeBitrateSwitch":40,"qoePlaybackSpeed":471.4407593951589},"chunk-stream1-00036":{"qoeTotal":-13093.505531747256,"qoeBitrate":7300,"qoeRebuffer":0,"qoeLatency":19870.8,"qoeBitrateSwitch":40,"qoePlaybackSpeed":482.70553174725603},"chunk-stream1-00037":{"qoeTotal":-13739.570304099352,"qoeBitrate":7600,"qoeRebuffer":0,"qoeLatency":20805.6,"qoeBitrateSwitch":40,"qoePlaybackSpeed":493.97030409935314},"chunk-stream1-00038":{"qoeTotal":-14370.440046651178,"qoeBitrate":7900,"qoeRebuffer":0,"qoeLatency":21729.6,"qoeBitrateSwitch":40,"qoePlaybackSpeed":500.8400466511798},"init-stream2":{"qoeTotal":-14827.240046651177,"qoeBitrate":8400,"qoeRebuffer":0,"qoeLatency":22646.399999999998,"qoeBitrateSwitch":80,"qoePlaybackSpeed":500.8400466511798},"chunk-stream2-00039":{"qoeTotal":-15248.240046651177,"qoeBitrate":8900,"qoeRebuffer":0,"qoeLatency":23567.399999999998,"qoeBitrateSwitch":80,"qoePlaybackSpeed":500.8400466511798},"chunk-stream2-00040":{"qoeTotal":-15668.040046651176,"qoeBitrate":9400,"qoeRebuffer":0,"qoeLatency":24487.199999999997,"qoeBitrateSwitch":80,"qoePlaybackSpeed":500.8400466511798},"chunk-stream2-00041":{"qoeTotal":-16084.240046651177,"qoeBitrate":9900,"qoeRebuffer":0,"qoeLatency":25403.399999999998,"qoeBitrateSwitch":80,"qoePlaybackSpeed":500.8400466511798},"init-stream3":{"qoeTotal":-21670.17352251316,"qoeBitrate":11150,"qoeRebuffer":4986.600000143051,"qoeLatency":27054.6,"qoeBitrateSwitch":230,"qoePlaybackSpeed":548.9735223701083},"chunk-stream3-00042":{"qoeTotal":-21341.17352251316,"qoeBitrate":12400,"qoeRebuffer":4986.600000143051,"qoeLatency":27975.6,"qoeBitrateSwitch":230,"qoePlaybackSpeed":548.9735223701083},"init-stream4":{"qoeTotal":-36353.10699780293,"qoeBitrate":14400,"qoeRebuffer":13582.799999713898,"qoeLatency":36193.2,"qoeBitrateSwitch":380,"qoePlaybackSpeed":597.1069980890368},"chunk-stream4-00043":{"qoeTotal":-35275.90699780294,"qoeBitrate":16400,"qoeRebuffer":13582.799999713898,"qoeLatency":37116,"qoeBitrateSwitch":380,"qoePlaybackSpeed":597.1069980890368},"init-stream5":{"qoeTotal":-36852.9069978029,"qoeBitrate":19400,"qoeRebuffer":13582.799999713898,"qoeLatency":41433,"qoeBitrateSwitch":580,"qoePlaybackSpeed":657.1069980890019},"chunk-stream5-00044":{"qoeTotal":-34769.7069978029,"qoeBitrate":22400,"qoeRebuffer":13582.799999713898,"qoeLatency":42349.8,"qoeBitrateSwitch":580,"qoePlaybackSpeed":657.1069980890019},"chunk-stream5-00045":{"qoeTotal":-32686.506997802906,"qoeBitrate":25400,"qoeRebuffer":13582.799999713898,"qoeLatency":43266.600000000006,"qoeBitrateSwitch":580,"qoePlaybackSpeed":657.1069980890019},"chunk-stream5-00046":{"qoeTotal":-30603.30699780291,"qoeBitrate":28400,"qoeRebuffer":13582.799999713898,"qoeLatency":44183.40000000001,"qoeBitrateSwitch":580,"qoePlaybackSpeed":657.1069980890019},"chunk-stream5-00047":{"qoeTotal":-28527.30699780291,"qoeBitrate":31400,"qoeRebuffer":13582.799999713898,"qoeLatency":45107.40000000001,"qoeBitrateSwitch":580,"qoePlaybackSpeed":657.1069980890019},"chunk-stream5-00048":{"qoeTotal":-26443.506997802906,"qoeBitrate":34400,"qoeRebuffer":13582.799999713898,"qoeLatency":46023.600000000006,"qoeBitrateSwitch":580,"qoePlaybackSpeed":657.1069980890019},"chunk-stream5-00049":{"qoeTotal":-24360.30699780291,"qoeBitrate":37400,"qoeRebuffer":13582.799999713898,"qoeLatency":46940.40000000001,"qoeBitrateSwitch":580,"qoePlaybackSpeed":657.1069980890019},"chunk-stream5-00050":{"qoeTotal":-22277.10699780291,"qoeBitrate":40400,"qoeRebuffer":13582.799999713898,"qoeLatency":47857.20000000001,"qoeBitrateSwitch":580,"qoePlaybackSpeed":657.1069980890019},"chunk-stream5-00051":{"qoeTotal":-20204.10699780291,"qoeBitrate":43400,"qoeRebuffer":13582.799999713898,"qoeLatency":48784.20000000001,"qoeBitrateSwitch":580,"qoePlaybackSpeed":657.1069980890019},"chunk-stream5-00052":{"qoeTotal":-18128.10699780291,"qoeBitrate":46400,"qoeRebuffer":13582.799999713898,"qoeLatency":49708.20000000001,"qoeBitrateSwitch":580,"qoePlaybackSpeed":657.1069980890019},"chunk-stream5-00053":{"qoeTotal":-16044.906997802915,"qoeBitrate":49400,"qoeRebuffer":13582.799999713898,"qoeLatency":50625.000000000015,"qoeBitrateSwitch":580,"qoePlaybackSpeed":657.1069980890019},"chunk-stream5-00054":{"qoeTotal":-13968.306997802916,"qoeBitrate":52400,"qoeRebuffer":13582.799999713898,"qoeLatency":51548.400000000016,"qoeBitrateSwitch":580,"qoePlaybackSpeed":657.1069980890019},"chunk-stream5-00055":{"qoeTotal":-11885.106997802919,"qoeBitrate":55400,"qoeRebuffer":13582.799999713898,"qoeLatency":52465.20000000002,"qoeBitrateSwitch":580,"qoePlaybackSpeed":657.1069980890019},"chunk-stream5-00056":{"qoeTotal":-10493.106997802919,"qoeBitrate":58400,"qoeRebuffer":13582.799999713898,"qoeLatency":54073.20000000002,"qoeBitrateSwitch":580,"qoePlaybackSpeed":657.1069980890019},"chunk-stream5-00057":{"qoeTotal":-17081.4088000032,"qoeBitrate":61400,"qoeRebuffer":21499.200000286102,"qoeLatency":55685.400000000016,"qoeBitrateSwitch":580,"qoePlaybackSpeed":716.8087997170808},