{"chunk-stream2-00018":{"qoeTotal":-568.9738177489669,"qoeBitrate":500,"qoeRebuffer":0,"qoeLatency":1020,"qoeBitrateSwitch":0,"qoePlaybackSpeed":48.97381774896685},"chunk-stream2-00019":{"qoeTotal":-1117.8769888443958,"qoeBitrate":1000,"qoeRebuffer":0,"qoeLatency":2059.8,"qoeBitrateSwitch":0,"qoePlaybackSpeed":58.07698884439565},"chunk-stream2-00020":{"qoeTotal":-1695.5128627299878,"qoeBitrate":1500,"qoeRebuffer":0,"qoeLatency":3105,"qoeBitrateSwitch":0,"qoePlaybackSpeed":90.51286272998789},"chunk-stream2-00021":{"qoeTotal":-2241.4398921655884,"qoeBitrate":2000,"qoeRebuffer":0,"qoeLatency":4123.2,"qoeBitrateSwitch":0,"qoePlaybackSpeed":118.23989216558849},"chunk-stream2-00022":{"qoeTotal":-2766.3669216011886,"qoeBitrate":2500,"qoeRebuffer":0,"qoeLatency":5120.4,"qoeBitrateSwitch":0,"qoePlaybackSpeed":145.96692160118909},"chunk-stream2-00023":{"qoeTotal":-3275.820062117403,"qoeBitrate":3000,"qoeRebuffer":0,"qoeLatency":6106.799999999999,"qoeBitrateSwitch":0,"qoePlaybackSpeed":169.02006211740365},"init-stream3":{"qoeTotal":-3093.2200621174024,"qoeBitrate":4250,"qoeRebuffer":0,"qoeLatency":7024.199999999999,"qoeBitrateSwitch":150,"qoePlaybackSpeed":169.02006211740365},"chunk-stream3-00024":{"qoeTotal":-2822.3580355534905,"qoeBitrate":5500,"qoeRebuffer":0,"qoeLatency":7987.799999999999,"qoeBitrateSwitch":150,"qoePlaybackSpeed":184.55803555349104},"chunk-stream3-00025":{"qoeTotal":-2520.4065838490255,"qoeBitrate":6750,"qoeRebuffer":0,"qoeLatency":8925.599999999999,"qoeBitrateSwitch":150,"qoePlaybackSpeed":194.80658384902685},"chunk-stream3-00026":{"qoeTotal":-2206.5351361659064,"qoeBitrate":8000,"qoeRebuffer":0,"qoeLatency":9855.599999999999,"qoeBitrateSwitch":150,"qoePlaybackSpeed":200.9351361659079},"chunk-stream3-00027":{"qoeTotal":-1878.1351361659067,"qoeBitrate":9250,"qoeRebuffer":0,"qoeLatency":10777.199999999999,"qoeBitrateSwitch":150,"qoePlaybackSpeed":200.9351361659079},"init-stream4":{"qoeTotal":-945.5351361659065,"qoeBitrate":11250,"qoeRebuffer":0,"qoeLatency":11694.599999999999,"qoeBitrateSwitch":300,"qoePlaybackSpeed":200.9351361659079},"chunk-stream4-00028":{"qoeTotal":137.6648638340943,"qoeBitrate":13250,"qoeRebuffer":0,"qoeLatency":12611.399999999998,"qoeBitrateSwitch":300,"qoePlaybackSpeed":200.9351361659079},"chunk-stream3-00029":{"qoeTotal":320.2648638340946,"qoeBitrate":14500,"qoeRebuffer":0,"qoeLatency":13528.799999999997,"qoeBitrateSwitch":450,"qoePlaybackSpeed":200.9351361659079},"chunk-stream3-00030":{"qoeTotal":652.864863834095,"qoeBitrate":15750,"qoeRebuffer":0,"qoeLatency":14446.199999999997,"qoeBitrateSwitch":450,"qoePlaybackSpeed":200.9351361659079},"chunk-stream3-00031":{"qoeTotal":980.0648638340957,"qoeBitrate":17000,"qoeRebuffer":0,"qoeLatency":15368.999999999996,"qoeBitrateSwitch":450,"qoePlaybackSpeed":200.9351361659079},"chunk-stream3-00032":{"qoeTotal":1307.2648638340966,"qoeBitrate":18250,"qoeRebuffer":0,"qoeLatency":16291.799999999996,"qoeBitrateSwitch":450,"qoePlaybackSpeed":200.9351361659079},"chunk-stream3-00033":{"qoeTotal":1633.864863834095,"qoeBitrate":19500,"qoeRebuffer":0,"qoeLatency":17215.199999999997,"qoeBitrateSwitch":450,"qoePlaybackSpeed":200.9351361659079},"chunk-stream3-00034":{"qoeTotal":1961.6648638340944,"qoeBitrate":20750,"qoeRebuffer":0,"qoeLatency":18137.399999999998,"qoeBitrateSwitch":450,"qoePlaybackSpeed":200.9351361659079},"chunk-stream4-00035":{"qoeTotal":2888.264863834093,"qoeBitrate":22750,"qoeRebuffer":0,"qoeLatency":19060.8,"qoeBitrateSwitch":600,"qoePlaybackSpeed":200.9351361659079},"chunk-stream4-00036":{"qoeTotal":3964.264863834093,"qoeBitrate":24750,"qoeRebuffer":0,"qoeLatency":19984.8,"qoeBitrateSwitch":600,"qoePlaybackSpeed":200.9351361659079},"init-stream5":{"qoeTotal":5846.864863834091,"qoeBitrate":27750,"qoeRebuffer":0,"qoeLatency":20902.2,"qoeBitrateSwitch":800,"qoePlaybackSpeed":200.9351361659079},"chunk-stream5-00037":{"qoeTotal":7919.864863834091,"qoeBitrate":30750,"qoeRebuffer":0,"qoeLatency":21829.2,"qoeBitrateSwitch":800,"qoePlaybackSpeed":200.9351361659079},"chunk-stream4-00038":{"qoeTotal":8802.46486383409,"qoeBitrate":32750,"qoeRebuffer":0,"qoeLatency":22746.600000000002,"qoeBitrateSwitch":1000,"qoePlaybackSpeed":200.9351361659079},"chunk-stream4-00039":{"qoeTotal":9879.064863834088,"qoeBitrate":34750,"qoeRebuffer":0,"qoeLatency":23670.000000000004,"qoeBitrateSwitch":1000,"qoePlaybackSpeed":200.9351361659079},"chunk-stream4-00040":{"qoeTotal":10955.064863834088,"qoeBitrate":36750,"qoeRebuffer":0,"qoeLatency":24594.000000000004,"qoeBitrateSwitch":1000,"qoePlaybackSpeed":200.9351361659079},"chunk-stream4-00041":{"qoeTotal":12038.264863834089,"qoeBitrate":38750,"qoeRebuffer":0,"qoeLatency":25510.800000000003,"qoeBitrateSwitch":1000,"qoePlaybackSpeed":200.9351361659079},"chunk-stream4-00042":{"qoeTotal":13115.46486383409,"qoeBitrate":40750,"qoeRebuffer":0,"qoeLatency":26433.600000000002,"qoeBitrateSwitch":1000,"qoePlaybackSpeed":200.9351361659079},"chunk-stream3-00043":{"qoeTotal":13294.46486383409,"qoeBitrate":42000,"qoeRebuffer":0,"qoeLatency":27354.600000000002,"qoeBitrateSwitch":1150,"qoePlaybackSpeed":200.9351361659079},"init-stream2":{"qoeTotal":12727.66486383409,"qoeBitrate":42500,"qoeRebuffer":0,"qoeLatency":28271.4,"qoeBitrateSwitch":1300,"qoePlaybackSpeed":200.9351361659079},"chunk-stream2-00044":{"qoeTotal":12310.864863834091,"qoeBitrate":43000,"qoeRebuffer":0,"qoeLatency":29188.2,"qoeBitrateSwitch":1300,"qoePlaybackSpeed":200.9351361659079},"chunk-stream2-00045":{"qoeTotal":11891.064863834092,"qoeBitrate":43500,"qoeRebuffer":0,"qoeLatency":30108,"qoeBitrateSwitch":1300,"qoePlaybackSpeed":200.9351361659079},"chunk-stream3-00046":{"qoeTotal":12068.864863834091,"qoeBitrate":44750,"qoeRebuffer":0,"qoeLatency":31030.2,"qoeBitrateSwitch":1450,"qoePlaybackSpeed":200.9351361659079},"chunk-stream3-00047":{"qoeTotal":12402.064863834092,"qoeBitrate":46000,"qoeRebuffer":0,"qoeLatency":31947,"qoeBitrateSwitch":1450,"qoePlaybackSpeed":200.9351361659079},"chunk-stream3-00048":{"qoeTotal":12729.264863834089,"qoeBitrate":47250,"qoeRebuffer":0,"qoeLatency":32869.8,"qoeBitrateSwitch":1450,"qoePlaybackSpeed":200.9351361659079},"chunk-stream3-00049":{"qoeTotal":13057.064863834092,"qoeBitrate":48500,"qoeRebuffer":0,"qoeLatency":33792,"qoeBitrateSwitch":1450,"qoePlaybackSpeed":200.9351361659079},"chunk-stream3-00050":{"qoeTotal":13389.66486383409,"qoeBitrate":49750,"qoeRebuffer":0,"qoeLatency":34709.4,"qoeBitrateSwitch":1450,"qoePlaybackSpeed":200.9351361659079},"chunk-stream3-00051":{"qoeTotal":13716.264863834089,"qoeBitrate":51000,"qoeRebuffer":0,"qoeLatency":35632.8,"qoeBitrateSwitch":1450,"qoePlaybackSpeed":200.9351361659079},"chunk-stream3-00052":{"qoeTotal":14048.864863834087,"qoeBitrate":52250,"qoeRebuffer":0,"qoeLatency":36550.200000000004,"qoeBitrateSwitch":1450,"qoePlaybackSpeed":200.9351361659079},"chunk-stream2-00053":{"qoeTotal":13479.064863834084,"qoeBitrate":52750,"qoeRebuffer":0,"qoeLatency":37470.00000000001,"qoeBitrateSwitch":1600,"qoePlaybackSpeed":200.9351361659079},"chunk-stream2-00054":{"qoeTotal":13059.264863834082,"qoeBitrate":53250,"qoeRebuffer":0,"qoeLatency":38389.80000000001,"qoeBitrateSwitch":1600,"qoePlaybackSpeed":200.9351361659079},"chunk-stream2-00055":{"qoeTotal":12637.664863834083,"qoeBitrate":53750,"qoeRebuffer":0,"qoeLatency":39311.40000000001,"qoeBitrateSwitch":1600,"qoePlaybackSpeed":200.9351361659079},"chunk-stream2-00056":{"qoeTotal":12216.064863834084,"qoeBitrate":54250,"qoeRebuffer":0,"qoeLatency":40233.00000000001,"qoeBitrateSwitch":1600,"qoePlaybackSpeed":200.9351361659079},"chunk-stream2-00057":{"qoeTotal":11795.664863834083,"qoeBitrate":54750,"qoeRebuffer":0,"qoeLatency":41153.40000000001,"qoeBitrateSwitch":1600,"qoePlaybackSpeed":200.9351361659079},"chunk-stream3-00058":{"qoeTotal":11978.264863834082,"qoeBitrate":56000,"qoeRebuffer":0,"qoeLatency":42070.80000000001,"qoeBitrateSwitch":1750,"qoePlaybackSpeed":200.9351361659079},"chunk-stream3-00059":{"qoeTotal":12304.86486383408,"qoeBitrate":57250,"qoeRebuffer":0,