{"chunk-stream2-00018":{"qoeTotal":-620.5048456182952,"qoeBitrate":500,"qoeRebuffer":0,"qoeLatency":1080,"qoeBitrateSwitch":0,"qoePlaybackSpeed":40.50484561829519},"chunk-stream2-00019":{"qoeTotal":-2809.1367517626013,"qoeBitrate":1000,"qoeRebuffer":1552.7999997138977,"qoeLatency":2199.6000000000004,"qoeBitrateSwitch":0,"qoePlaybackSpeed":56.73675204870339},"chunk-stream2-00020":{"qoeTotal":-3479.4601471935566,"qoeBitrate":1500,"qoeRebuffer":1552.7999997138977,"qoeLatency":3325.2000000000003,"qoeBitrateSwitch":0,"qoePlaybackSpeed":101.46014747965876},"chunk-stream2-00021":{"qoeTotal":-4106.400503846754,"qoeBitrate":2000,"qoeRebuffer":1552.7999997138977,"qoeLatency":4411.8,"qoeBitrateSwitch":0,"qoePlaybackSpeed":141.80050413285565},"chunk-stream2-00022":{"qoeTotal":-4690.639697479124,"qoeBitrate":2500,"qoeRebuffer":1552.7999997138977,"qoeLatency":5458.200000000001,"qoeBitrateSwitch":0,"qoePlaybackSpeed":179.63969776522555},"chunk-stream2-00023":{"qoeTotal":-5243.5810075130175,"qoeBitrate":3000,"qoeRebuffer":1552.7999997138977,"qoeLatency":6480.000000000001,"qoeBitrateSwitch":0,"qoePlaybackSpeed":210.78100779911887},"chunk-stream2-00024":{"qoeTotal":-5764.663674726294,"qoeBitrate":3500,"qoeRebuffer":1552.7999997138977,"qoeLatency":7475.400000000001,"qoeBitrateSwitch":0,"qoePlaybackSpeed":236.46367501239504},"chunk-stream2-00025":{"qoeTotal":-6264.034264672488,"qoeBitrate":4000,"qoeRebuffer":1552.7999997138977,"qoeLatency":8453.4,"qoeBitrateSwitch":0,"qoePlaybackSpeed":257.8342649585903},"chunk-stream2-00026":{"qoeTotal":-6744.050191779445,"qoeBitrate":4500,"qoeRebuffer":1552.7999997138977,"qoeLatency":9415.8,"qoeBitrateSwitch":0,"qoePlaybackSpeed":275.4501920655486},"chunk-stream2-00027":{"qoeTotal":-7193.40411569506,"qoeBitrate":5000,"qoeRebuffer":1552.7999997138977,"qoeLatency":10353.599999999999,"qoeBitrateSwitch":0,"qoePlaybackSpeed":287.0041159811632},"chunk-stream2-00028":{"qoeTotal":-7625.760470711423,"qoeBitrate":5500,"qoeRebuffer":1552.7999997138977,"qoeLatency":11278.199999999999,"qoeBitrateSwitch":0,"qoePlaybackSpeed":294.7604709975267},"chunk-stream2-00029":{"qoeTotal":-8045.560470711423,"qoeBitrate":6000,"qoeRebuffer":1552.7999997138977,"qoeLatency":12197.999999999998,"qoeBitrateSwitch":0,"qoePlaybackSpeed":294.7604709975267},"chunk-stream2-00030":{"qoeTotal":-8465.360470711421,"qoeBitrate":6500,"qoeRebuffer":1552.7999997138977,"qoeLatency":13117.799999999997,"qoeBitrateSwitch":0,"qoePlaybackSpeed":294.7604709975267},"chunk-stream2-00031":{"qoeTotal":-8885.760470711422,"qoeBitrate":7000,"qoeRebuffer":1552.7999997138977,"qoeLatency":14038.199999999997,"qoeBitrateSwitch":0,"qoePlaybackSpeed":294.7604709975267},"chunk-stream2-00032":{"qoeTotal":-9306.16047071142,"qoeBitrate":7500,"qoeRebuffer":1552.7999997138977,"qoeLatency":14958.599999999997,"qoeBitrateSwitch":0,"qoePlaybackSpeed":294.7604709975267},"chunk-stream2-00033":{"qoeTotal":-9726.560470711422,"qoeBitrate":8000,"qoeRebuffer":1552.7999997138977,"qoeLatency":15878.999999999996,"qoeBitrateSwitch":0,"qoePlaybackSpeed":294.7604709975267},"chunk-stream2-00034":{"qoeTotal":-10146.360470711421,"qoeBitrate":8500,"qoeRebuffer":1552.7999997138977,"qoeLatency":16798.799999999996,"qoeBitrateSwitch":0,"qoePlaybackSpeed":294.7604709975267},"chunk-stream2-00035":{"qoeTotal":-10566.16047071142,"qoeBitrate":9000,"qoeRebuffer":1552.7999997138977,"qoeLatency":17718.599999999995,"qoeBitrateSwitch":0,"qoePlaybackSpeed":294.7604709975267},"chunk-stream2-00036":{"qoeTotal":-10983.560470711422,"qoeBitrate":9500,"qoeRebuffer":1552.7999997138977,"qoeLatency":18635.999999999996,"qoeBitrateSwitch":0,"qoePlaybackSpeed":294.7604709975267},"chunk-stream2-00037":{"qoeTotal":-11403.960470711423,"qoeBitrate":10000,"qoeRebuffer":1552.7999997138977,"qoeLatency":19556.399999999998,"qoeBitrateSwitch":0,"qoePlaybackSpeed":294.7604709975267},"chunk-stream2-00038":{"qoeTotal":-11823.760470711422,"qoeBitrate":10500,"qoeRebuffer":1552.7999997138977,"qoeLatency":20476.199999999997,"qoeBitrateSwitch":0,"qoePlaybackSpeed":294.7604709975267},"chunk-stream2-00039":{"qoeTotal":-12244.160470711424,"qoeBitrate":11000,"qoeRebuffer":1552.7999997138977,"qoeLatency":21396.6,"qoeBitrateSwitch":0,"qoePlaybackSpeed":294.7604709975267},"chunk-stream2-00040":{"qoeTotal":-12663.360470711425,"qoeBitrate":11500,"qoeRebuffer":1552.7999997138977,"qoeLatency":22315.8,"qoeBitrateSwitch":0,"qoePlaybackSpeed":294.7604709975267},"chunk-stream2-00041":{"qoeTotal":-13080.760470711426,"qoeBitrate":12000,"qoeRebuffer":1552.7999997138977,"qoeLatency":23233.2,"qoeBitrateSwitch":0,"qoePlaybackSpeed":294.7604709975267},"chunk-stream2-00042":{"qoeTotal":-13500.560470711425,"qoeBitrate":12500,"qoeRebuffer":1552.7999997138977,"qoeLatency":24153,"qoeBitrateSwitch":0,"qoePlaybackSpeed":294.7604709975267},"chunk-stream2-00043":{"qoeTotal":-13920.960470711427,"qoeBitrate":13000,"qoeRebuffer":1552.7999997138977,"qoeLatency":25073.4,"qoeBitrateSwitch":0,"qoePlaybackSpeed":294.7604709975267},"chunk-stream2-00044":{"qoeTotal":-14341.360470711428,"qoeBitrate":13500,"qoeRebuffer":1552.7999997138977,"qoeLatency":25993.800000000003,"qoeBitrateSwitch":0,"qoePlaybackSpeed":294.7604709975267},"chunk-stream2-00045":{"qoeTotal":-14761.76047071143,"qoeBitrate":14000,"qoeRebuffer":1552.7999997138977,"qoeLatency":26914.200000000004,"qoeBitrateSwitch":0,"qoePlaybackSpeed":294.7604709975267},"chunk-stream2-00046":{"qoeTotal":-15178.560470711429,"qoeBitrate":14500,"qoeRebuffer":1552.7999997138977,"qoeLatency":27831.000000000004,"qoeBitrateSwitch":0,"qoePlaybackSpeed":294.7604709975267},"chunk-stream2-00047":{"qoeTotal":-15595.96047071143,"qoeBitrate":15000,"qoeRebuffer":1552.7999997138977,"qoeLatency":28748.400000000005,"qoeBitrateSwitch":0,"qoePlaybackSpeed":294.7604709975267},"chunk-stream2-00048":{"qoeTotal":-16013.360470711432,"qoeBitrate":15500,"qoeRebuffer":1552.7999997138977,"qoeLatency":29665.800000000007,"qoeBitrateSwitch":0,"qoePlaybackSpeed":294.7604709975267},"chunk-stream2-00049":{"qoeTotal":-20190.26906772904,"qoeBitrate":16000,"qoeRebuffer":4974.599997997284,"qoeLatency":30873.000000000007,"qoeBitrateSwitch":0,"qoePlaybackSpeed":342.66906973175},"chunk-stream2-00050":{"qoeTotal":-33088.26907059007,"qoeBitrate":16500,"qoeRebuffer":16368.600000858307,"qoeLatency":32877.00000000001,"qoeBitrateSwitch":0,"qoePlaybackSpeed":342.66906973175},"chunk-stream2-00051":{"qoeTotal":-44845.1449475806,"qoeBitrate":17000,"qoeRebuffer":25842.00000143051,"qoeLatency":35612.40000000001,"qoeBitrateSwitch":0,"qoePlaybackSpeed":390.74494615008143},"chunk-stream2-00052":{"qoeTotal":-55255.62082600165,"qoeBitrate":17500,"qoeRebuffer":33425.40000343323,"qoeLatency":38891.40000000001,"qoeBitrateSwitch":0,"qoePlaybackSpeed":438.82082256841284},"chunk-stream2-00053":{"qoeTotal":-66249.89670299219,"qoeBitrate":18000,"qoeRebuffer":41011.80000400543,"qoeLatency":42751.20000000001,"qoeBitrateSwitch":0,"qoePlaybackSpeed":486.89669898674424},"chunk-stream2-00054":{"qoeTotal":-76576.01132572902,"qoeBitrate":18500,"qoeRebuffer":47328.000004291534,"qoeLatency":47215.80000000001,"qoeBitrateSwitch":0,"qoePlaybackSpeed":532.2113214374747},"chunk-stream2-00055":{"qoeTotal":-86411.61132630121,"qoeBitrate":19000,"qoeRebuffer":52049.40000486374,"qoeLatency":52830.00000000001,"qoeBitrateSwitch":0,"qoePlaybackSpeed":532.2113214374747},"chunk-stream2-00056":{"qoeTotal":-107635.380328068,"qoeBitrate":19500,"qoeRebuffer":67406.40000343323,"qoeLatency":59154.600000000006,"qoeBitrateSwitch":0,"qoePlaybackSpeed":574.3803246347718},"chunk-stream2-00057":{"qoeTotal":-116802.34644001148,"qoeBitrate":20000,"qoeRebuffer":70501.80000400543,"qoeLatency":65689.20000000001,"qoeBitrateSwitch":0,"qoePlaybackSpeed":611.3464360060321},"chunk-stream2-00058":{"qoeTotal":-124518.80893226423,"qoeBitrate":20500,"qoeRebuffer":72052.80000400543,"qoeLatency":72316.80000000002,"qoeBitrateSwitch":0,"qoePlaybackSpeed":649.2089282587817},"chunk-stream2-00059":{"qoeTotal":-130743.90022178585,"qoeBitrate":21000,"qoeRebuffer":72052.80000400543,