{"chunk-stream2-00018":{"qoeTotal":-833.2563306082466,"qoeBitrate":500,"qoeRebuffer":0,"qoeLatency":1286.4,"qoeBitrateSwitch":0,"qoePlaybackSpeed":46.85633060824648},"init-stream0":{"qoeTotal":-4532.056330605697,"qoeBitrate":600,"qoeRebuffer":0,"qoeLatency":4945.2,"qoeBitrateSwitch":80,"qoePlaybackSpeed":106.85633060569734},"chunk-stream0-00019":{"qoeTotal":-5849.9126612139435,"qoeBitrate":700,"qoeRebuffer":0,"qoeLatency":6316.2,"qoeBitrateSwitch":80,"qoePlaybackSpeed":153.71266121394382},"chunk-stream0-00020":{"qoeTotal":-8676.705443015977,"qoeBitrate":800,"qoeRebuffer":1537.1999988555906,"qoeLatency":7698,"qoeBitrateSwitch":80,"qoePlaybackSpeed":161.50544416038548},"chunk-stream0-00021":{"qoeTotal":-9997.209772559701,"qoeBitrate":900,"qoeRebuffer":1537.1999988555906,"qoeLatency":9060.6,"qoeBitrateSwitch":80,"qoePlaybackSpeed":219.4097737041103},"init-stream4":{"qoeTotal":-12490.809772559525,"qoeBitrate":2900,"qoeRebuffer":1537.1999988555906,"qoeLatency":13114.2,"qoeBitrateSwitch":460,"qoePlaybackSpeed":279.40977370393284},"chunk-stream4-00022":{"qoeTotal":-26964.19292217033,"qoeBitrate":4900,"qoeRebuffer":15518.400000572205,"qoeLatency":15558.6,"qoeBitrateSwitch":460,"qoePlaybackSpeed":327.19292159812505},"chunk-stream0-00023":{"qoeTotal":-30896.073040004565,"qoeBitrate":5000,"qoeRebuffer":16618.200000286102,"qoeLatency":18078.6,"qoeBitrateSwitch":840,"qoePlaybackSpeed":359.2730397184641},"chunk-stream0-00024":{"qoeTotal":-34897.87862042528,"qoeBitrate":5100,"qoeRebuffer":18183.600000858307,"qoeLatency":20608.8,"qoeBitrateSwitch":840,"qoePlaybackSpeed":365.4786195669707},"chunk-stream0-00025":{"qoeTotal":-37378.47847304722,"qoeBitrate":5200,"qoeRebuffer":18183.600000858307,"qoeLatency":23129.399999999998,"qoeBitrateSwitch":840,"qoePlaybackSpeed":425.478472188918},"chunk-stream0-00026":{"qoeTotal":-39824.27832566917,"qoeBitrate":5300,"qoeRebuffer":18183.600000858307,"qoeLatency":25615.199999999997,"qoeBitrateSwitch":840,"qoePlaybackSpeed":485.4783248108653},"chunk-stream0-00027":{"qoeTotal":-42235.87817829112,"qoeBitrate":5400,"qoeRebuffer":18183.600000858307,"qoeLatency":28066.799999999996,"qoeBitrateSwitch":840,"qoePlaybackSpeed":545.4781774328126},"init-stream3":{"qoeTotal":-43703.47803091306,"qoeBitrate":6650,"qoeRebuffer":18183.600000858307,"qoeLatency":30494.399999999994,"qoeBitrateSwitch":1070,"qoePlaybackSpeed":605.4780300547599},"chunk-stream3-00028":{"qoeTotal":-50896.10463008754,"qoeBitrate":7900,"qoeRebuffer":23977.799999713898,"qoeLatency":33094.799999999996,"qoeBitrateSwitch":1070,"qoePlaybackSpeed":653.5046303736433},"chunk-stream0-00029":{"qoeTotal":-54039.55597613162,"qoeBitrate":8000,"qoeRebuffer":24276,"qoeLatency":35767.2,"qoeBitrateSwitch":1300,"qoePlaybackSpeed":696.3559761316205},"chunk-stream0-00030":{"qoeTotal":-58200.70270092941,"qoeBitrate":8100,"qoeRebuffer":25843.80000114441,"qoeLatency":38452.2,"qoeBitrateSwitch":1300,"qoePlaybackSpeed":704.7026997850031},"chunk-stream0-00031":{"qoeTotal":-60822.30265995277,"qoeBitrate":8200,"qoeRebuffer":25843.80000114441,"qoeLatency":41113.799999999996,"qoeBitrateSwitch":1300,"qoePlaybackSpeed":764.7026588083709},"chunk-stream0-00032":{"qoeTotal":-63405.50261897614,"qoeBitrate":8300,"qoeRebuffer":25843.80000114441,"qoeLatency":43736.99999999999,"qoeBitrateSwitch":1300,"qoePlaybackSpeed":824.7026178317386},"chunk-stream0-00033":{"qoeTotal":-65947.30257799951,"qoeBitrate":8400,"qoeRebuffer":25843.80000114441,"qoeLatency":46318.799999999996,"qoeBitrateSwitch":1300,"qoePlaybackSpeed":884.7025768551064},"init-stream2":{"qoeTotal":-69496.30257799874,"qoeBitrate":8900,"qoeRebuffer":25843.80000114441,"qoeLatency":50227.799999999996,"qoeBitrateSwitch":1380,"qoePlaybackSpeed":944.7025768543348},"chunk-stream2-00034":{"qoeTotal":-71497.70253702211,"qoeBitrate":9400,"qoeRebuffer":25843.80000114441,"qoeLatency":52669.2,"qoeBitrateSwitch":1380,"qoePlaybackSpeed":1004.7025358777025},"init-stream1":{"qoeTotal":-75066.30253701955,"qoeBitrate":9700,"qoeRebuffer":25843.80000114441,"qoeLatency":56437.799999999996,"qoeBitrateSwitch":1420,"qoePlaybackSpeed":1064.7025358751534},"chunk-stream1-00035":{"qoeTotal":-77163.90249604292,"qoeBitrate":10000,"qoeRebuffer":25843.80000114441,"qoeLatency":58775.399999999994,"qoeBitrateSwitch":1420,"qoePlaybackSpeed":1124.702494898521},"chunk-stream0-00036":{"qoeTotal":-79457.10245506628,"qoeBitrate":10100,"qoeRebuffer":25843.80000114441,"qoeLatency":61068.59999999999,"qoeBitrateSwitch":1460,"qoePlaybackSpeed":1184.7024539218887},"chunk-stream0-00037":{"qoeTotal":-81674.90241408967,"qoeBitrate":10200,"qoeRebuffer":25843.80000114441,"qoeLatency":63326.399999999994,"qoeBitrateSwitch":1460,"qoePlaybackSpeed":1244.7024129452564},"chunk-stream1-00038":{"qoeTotal":-83634.90237311303,"qoeBitrate":10500,"qoeRebuffer":25843.80000114441,"qoeLatency":65486.399999999994,"qoeBitrateSwitch":1500,"qoePlaybackSpeed":1304.702371968624},"chunk-stream1-00039":{"qoeTotal":-85462.5023321364,"qoeBitrate":10800,"qoeRebuffer":25843.80000114441,"qoeLatency":67554,"qoeBitrateSwitch":1500,"qoePlaybackSpeed":1364.7023309919916},"chunk-stream0-00040":{"qoeTotal":-87483.90229115976,"qoeBitrate":10900,"qoeRebuffer":25843.80000114441,"qoeLatency":69575.4,"qoeBitrateSwitch":1540,"qoePlaybackSpeed":1424.7022900153593},"chunk-stream1-00041":{"qoeTotal":-89194.90225018314,"qoeBitrate":11200,"qoeRebuffer":25843.80000114441,"qoeLatency":71486.4,"qoeBitrateSwitch":1580,"qoePlaybackSpeed":1484.702249038727},"chunk-stream0-00042":{"qoeTotal":-91053.92984523474,"qoeBitrate":11300,"qoeRebuffer":25843.80000114441,"qoeLatency":73401.59999999999,"qoeBitrateSwitch":1620,"qoePlaybackSpeed":1488.5298440903382},"chunk-stream0-00043":{"qoeTotal":-92894.90405406765,"qoeBitrate":11400,"qoeRebuffer":25843.80000114441,"qoeLatency":75282.59999999999,"qoeBitrateSwitch":1620,"qoePlaybackSpeed":1548.5040529232529},"chunk-stream1-00044":{"qoeTotal":-94485.87826290057,"qoeBitrate":11700,"qoeRebuffer":25843.80000114441,"qoeLatency":77073.59999999999,"qoeBitrateSwitch":1660,"qoePlaybackSpeed":1608.4782617561675},"chunk-stream1-00045":{"qoeTotal":-95916.25247173347,"qoeBitrate":12000,"qoeRebuffer":25843.80000114441,"qoeLatency":78743.99999999999,"qoeBitrateSwitch":1660,"qoePlaybackSpeed":1668.4524705890822},"chunk-stream0-00046":{"qoeTotal":-97503.01388973923,"qoeBitrate":12100,"qoeRebuffer":25843.80000114441,"qoeLatency":80381.99999999999,"qoeBitrateSwitch":1700,"qoePlaybackSpeed":1677.2138885948443},"chunk-stream0-00047":{"qoeTotal":-99091.76841371217,"qoeBitrate":12200,"qoeRebuffer":25843.80000114441,"qoeLatency":82010.99999999999,"qoeBitrateSwitch":1700,"qoePlaybackSpeed":1736.9684125677788},"chunk-stream2-00048":{"qoeTotal":-100305.33809035682,"qoeBitrate":12700,"qoeRebuffer":25843.80000114441,"qoeLatency":83610.59999999999,"qoeBitrateSwitch":1780,"qoePlaybackSpeed":1770.9380892124227},"chunk-stream0-00049":{"qoeTotal":-101960.90776700147,"qoeBitrate":12800,"qoeRebuffer":25843.80000114441,"qoeLatency":85252.2,"qoeBitrateSwitch":1860,"qoePlaybackSpeed":1804.9077658570666},"chunk-stream0-00050":{"qoeTotal":-103568.88112842348,"qoeBitrate":12900,"qoeRebuffer":25843.80000114441,"qoeLatency":86900.4,"qoeBitrateSwitch":1860,"qoePlaybackSpeed":1864.6811272790767},"chunk-stream0-00051":{"qoeTotal":-105130.65448984549,"qoeBitrate":13000,"qoeRebuffer":25843.80000114441,"qoeLatency":88502.4,"qoeBitrateSwitch":1860,"qoePlaybackSpeed":1924.4544887010868},"chunk-stream0-00052":{"qoeTotal":-106646.2278512675,"qoeBitrate":13100,"qoeRebuffer":25843.80000114441,"qoeLatency":90058.2,"qoeBitrateSwitch":1860,"qoePlaybackSpeed":1984.227850123097},"chunk-stream0-00053":{"qoeTotal":-108113.20121268951,"qoeBitrate":13200,"qoeRebuffer":25843.80000114441,"qoeLatency":91565.4,"qoeBitrateSwitch":1860,"qoePlaybackSpeed":2044.001211545107},"chunk-stream1-00054":{"qoeTotal":-109289.37457411151,"qoeBitrate":13500,"qoeRebuffer":25843.80000114441,"qoeLatency":92941.79999999999,"qoeBitrateSwitch":1900,"qoePlaybackSpeed":2103.7745729671174},