{"chunk-stream2-00018":{"qoeTotal":-910.5999999999999,"qoeBitrate":500,"qoeRebuffer":0,"qoeLatency":1410.6,"qoeBitrateSwitch":0,"qoePlaybackSpeed":0},"chunk-stream2-00019":{"qoeTotal":-5640.679863590839,"qoeBitrate":1000,"qoeRebuffer":3499.7999999821186,"qoeLatency":3093,"qoeBitrateSwitch":0,"qoePlaybackSpeed":47.87986360872048},"chunk-stream2-00020":{"qoeTotal":-10300.107828534388,"qoeBitrate":1500,"qoeRebuffer":6619.799999982119,"qoeLatency":5090.4,"qoeBitrateSwitch":0,"qoePlaybackSpeed":89.90782855227069},"chunk-stream2-00021":{"qoeTotal":-15215.03631761481,"qoeBitrate":2000,"qoeRebuffer":9719.399999946356,"qoeLatency":7361.4,"qoeBitrateSwitch":0,"qoePlaybackSpeed":134.23631766845446},"chunk-stream2-00022":{"qoeTotal":-20452.410340402737,"qoeBitrate":2500,"qoeRebuffer":12837.599999964237,"qoeLatency":9941.4,"qoeBitrateSwitch":0,"qoePlaybackSpeed":173.4103404384981},"chunk-stream2-00023":{"qoeTotal":-26574.867267657748,"qoeBitrate":3000,"qoeRebuffer":16600.79999998212,"qoeLatency":12753.6,"qoeBitrateSwitch":0,"qoePlaybackSpeed":220.46726767563044},"chunk-stream2-00024":{"qoeTotal":-33519.17971820813,"qoeBitrate":3500,"qoeRebuffer":20876.399999946356,"qoeLatency":15879,"qoeBitrateSwitch":0,"qoePlaybackSpeed":263.77971826177355},"chunk-stream2-00025":{"qoeTotal":-39606.92494294731,"qoeBitrate":4000,"qoeRebuffer":24016.199999928474,"qoeLatency":19281,"qoeBitrateSwitch":0,"qoePlaybackSpeed":309.72494301884075},"chunk-stream2-00026":{"qoeTotal":-46001.53395199623,"qoeBitrate":4500,"qoeRebuffer":27172.79999998212,"qoeLatency":22977,"qoeBitrateSwitch":0,"qoePlaybackSpeed":351.73395201411256},"chunk-stream2-00027":{"qoeTotal":-52689.56156444014,"qoeBitrate":5000,"qoeRebuffer":30337.79999998212,"qoeLatency":26957.4,"qoeBitrateSwitch":0,"qoePlaybackSpeed":394.3615644580237},"chunk-stream2-00028":{"qoeTotal":-59725.1177046989,"qoeBitrate":5500,"qoeRebuffer":33510,"qoeLatency":31275.600000000002,"qoeBitrateSwitch":0,"qoePlaybackSpeed":439.5177046988953},"chunk-stream2-00029":{"qoeTotal":-67960.22796355918,"qoeBitrate":6000,"qoeRebuffer":37587.00000008941,"qoeLatency":35889,"qoeBitrateSwitch":0,"qoePlaybackSpeed":484.2279634697802},"chunk-stream2-00030":{"qoeTotal":-76963.76853096765,"qoeBitrate":6500,"qoeRebuffer":42141,"qoeLatency":40792.8,"qoeBitrateSwitch":0,"qoePlaybackSpeed":529.9685309676395},"chunk-stream2-00031":{"qoeTotal":-84850.53507389163,"qoeBitrate":7000,"qoeRebuffer":45291.59999996424,"qoeLatency":45981.600000000006,"qoeBitrateSwitch":0,"qoePlaybackSpeed":577.3350739273811},"chunk-stream2-00032":{"qoeTotal":-94659.24392889207,"qoeBitrate":7500,"qoeRebuffer":50043.59999996424,"qoeLatency":51494.40000000001,"qoeBitrateSwitch":0,"qoePlaybackSpeed":621.2439289278309},"init-stream1":{"qoeTotal":-99962.55278389253,"qoeBitrate":7800,"qoeRebuffer":50043.59999996424,"qoeLatency":57013.80000000001,"qoeBitrateSwitch":40,"qoePlaybackSpeed":665.1527839282807},"chunk-stream1-00033":{"qoeTotal":-106914.15278392828,"qoeBitrate":8100,"qoeRebuffer":51609,"qoeLatency":62700.00000000001,"qoeBitrateSwitch":40,"qoePlaybackSpeed":665.1527839282807},"chunk-stream1-00034":{"qoeTotal":-115515.36007420637,"qoeBitrate":8400,"qoeRebuffer":54738,"qoeLatency":68433.6,"qoeBitrateSwitch":40,"qoePlaybackSpeed":703.7600742063726},"chunk-stream1-00035":{"qoeTotal":-121035.31957657651,"qoeBitrate":8700,"qoeRebuffer":54738,"qoeLatency":74224.20000000001,"qoeBitrateSwitch":40,"qoePlaybackSpeed":733.1195765765046},"init-stream2":{"qoeTotal":-128832.11834265664,"qoeBitrate":9200,"qoeRebuffer":54738,"qoeLatency":82435.20000000001,"qoeBitrateSwitch":80,"qoePlaybackSpeed":778.9183426566343},"chunk-stream2-00036":{"qoeTotal":-135881.8587175063,"qoeBitrate":9700,"qoeRebuffer":56305.79999998212,"qoeLatency":88372.20000000001,"qoeBitrateSwitch":80,"qoePlaybackSpeed":823.8587175241549},"chunk-stream2-00037":{"qoeTotal":-144812.59909235593,"qoeBitrate":10200,"qoeRebuffer":59475.59999996424,"qoeLatency":94588.20000000001,"qoeBitrateSwitch":80,"qoePlaybackSpeed":868.7990923916756},"chunk-stream2-00038":{"qoeTotal":-154005.76185642977,"qoeBitrate":10700,"qoeRebuffer":62654.99999991059,"qoeLatency":101057.40000000001,"qoeBitrateSwitch":80,"qoePlaybackSpeed":913.3618565191647},"chunk-stream2-00039":{"qoeTotal":-164900.96865805285,"qoeBitrate":11200,"qoeRebuffer":67276.79999998212,"qoeLatency":107786.40000000001,"qoeBitrateSwitch":80,"qoePlaybackSpeed":957.7686580707058},"chunk-stream2-00040":{"qoeTotal":-175522.47840214384,"qoeBitrate":11700,"qoeRebuffer":71364.0000000894,"qoeLatency":114773.40000000001,"qoeBitrateSwitch":80,"qoePlaybackSpeed":1005.0784020544014},"chunk-stream2-00041":{"qoeTotal":-186191.1321673264,"qoeBitrate":12200,"qoeRebuffer":75163.80000007153,"qoeLatency":122098.20000000001,"qoeBitrateSwitch":80,"qoePlaybackSpeed":1049.1321672548713},"chunk-stream2-00042":{"qoeTotal":-196283.47343714145,"qoeBitrate":12700,"qoeRebuffer":78247.20000010729,"qoeLatency":129563.40000000001,"qoeBitrateSwitch":80,"qoePlaybackSpeed":1092.873437034139},"chunk-stream2-00043":{"qoeTotal":-205010.1411386029,"qoeBitrate":13200,"qoeRebuffer":79802.40000012517,"qoeLatency":137196,"qoeBitrateSwitch":80,"qoePlaybackSpeed":1131.741138477717},"chunk-stream2-00044":{"qoeTotal":-213922.78883823453,"qoeBitrate":13700,"qoeRebuffer":81343.80000016093,"qoeLatency":145026.6,"qoeBitrateSwitch":80,"qoePlaybackSpeed":1172.3888380735884},"chunk-stream2-00045":{"qoeTotal":-223051.19720443746,"qoeBitrate":14200,"qoeRebuffer":82861.80000016093,"qoeLatency":153095.4,"qoeBitrateSwitch":80,"qoePlaybackSpeed":1213.9972042765382},"chunk-stream2-00070":{"qoeTotal":-231322.20557064042,"qoeBitrate":14700,"qoeRebuffer":82861.80000016093,"qoeLatency":161824.8,"qoeBitrateSwitch":80,"qoePlaybackSpeed":1255.605570479488},"chunk-stream2-00071":{"qoeTotal":-239884.57690524388,"qoeBitrate":15200,"qoeRebuffer":90300.00000017881,"qoeLatency":163403.4,"qoeBitrateSwitch":80,"qoePlaybackSpeed":1301.1769050650848},"chunk-stream2-00072":{"qoeTotal":-244478.02758865643,"qoeBitrate":15700,"qoeRebuffer":93481.20000010729,"qoeLatency":165275.4,"qoeBitrateSwitch":80,"qoePlaybackSpeed":1341.4275885491597},"chunk-stream2-00073":{"qoeTotal":-249338.5084192045,"qoeBitrate":16200,"qoeRebuffer":96657.60000014305,"qoeLatency":167412.6,"qoeBitrateSwitch":80,"qoePlaybackSpeed":1388.30841906146},"chunk-stream2-00074":{"qoeTotal":-255841.06039814843,"qoeBitrate":16700,"qoeRebuffer":101169.00000017881,"qoeLatency":169857,"qoeBitrateSwitch":80,"qoePlaybackSpeed":1435.060397969628},"chunk-stream2-00075":{"qoeTotal":-262267.048577549,"qoeBitrate":17200,"qoeRebuffer":105305.40000012517,"qoeLatency":172602.6,"qoeBitrateSwitch":80,"qoePlaybackSpeed":1479.0485774238025},"chunk-stream2-00076":{"qoeTotal":-267926.93581254745,"qoeBitrate":17700,"qoeRebuffer":108413.40000012517,"qoeLatency":175608.6,"qoeBitrateSwitch":80,"qoePlaybackSpeed":1524.9358124223133},"chunk-stream2-00077":{"qoeTotal":-273708.51476480055,"qoeBitrate":18200,"qoeRebuffer":111411.60000014305,"qoeLatency":178845,"qoeBitrateSwitch":80,"qoePlaybackSpeed":1571.9147646575072},"chunk-stream2-00078":{"qoeTotal":-281507.1988923865,"qoeBitrate":18700,"qoeRebuffer":116120.40000012517,"qoeLatency":182391.6,"qoeBitrateSwitch":80,"qoePlaybackSpeed":1615.198892261368},"chunk-stream2-00079":{"qoeTotal":-288573.3665322154,"qoeBitrate":19200,"qoeRebuffer":119842.80000016093,"qoeLatency":186189,"qoeBitrateSwitch":80,"qoePlaybackSpeed":1661.5665320544747},"chunk-stream2-00080":{"qoeTotal":-295325.3886862966,"qoeBitrate":19700,"qoeRebuffer":122945.40000021458,"qoeLatency":190291.2,"qoeBitrateSwitch":80,"qoePlaybackSpeed":1708.788686081991},"chunk-stream2-00081":{"qoeTotal":-303882.34840872494,"qoeBitrate":20200,"qoeRebuffer":127621.2000001967,"qoeLatency":194629.2,"qoeBitrateSwitch":80,"qoePlaybackSpeed":1751.948408528243},"chunk-stream2-00082":{"qoeTotal":-311145.5728460018,"qoeBitrate":20700,"qoeRebuffer":130761.00000017881,"qoeLatency":199205.40000000002,"qoeBitrateSwitch":80,"qoePlaybackSpeed":1799.1728458229986},