{"chunk-stream2-00018":{"qoeTotal":-626.2662059881484,"qoeBitrate":500,"qoeRebuffer":0,"qoeLatency":1083.6000000000001,"qoeBitrateSwitch":0,"qoePlaybackSpeed":42.666205988148235},"init-stream1":{"qoeTotal":-1854.9324119762969,"qoeBitrate":800,"qoeRebuffer":0,"qoeLatency":2169.6000000000004,"qoeBitrateSwitch":400,"qoePlaybackSpeed":85.33241197629647},"chunk-stream1-00019":{"qoeTotal":-4253.798617964445,"qoeBitrate":1100,"qoeRebuffer":1539,"qoeLatency":3286.8,"qoeBitrateSwitch":400,"qoePlaybackSpeed":127.9986179644447},"chunk-stream1-00020":{"qoeTotal":-5085.888243921261,"qoeBitrate":1400,"qoeRebuffer":1539,"qoeLatency":4411.8,"qoeBitrateSwitch":400,"qoePlaybackSpeed":135.08824392126056},"init-stream2":{"qoeTotal":-5902.088243921261,"qoeBitrate":1900,"qoeRebuffer":1539,"qoeLatency":5328,"qoeBitrateSwitch":800,"qoePlaybackSpeed":135.08824392126056},"chunk-stream2-00021":{"qoeTotal":-6532.1304501373315,"qoeBitrate":2400,"qoeRebuffer":1539,"qoeLatency":6418.2,"qoeBitrateSwitch":800,"qoePlaybackSpeed":174.9304501373315},"chunk-stream2-00022":{"qoeTotal":-7104.99813184962,"qoeBitrate":2900,"qoeRebuffer":1539,"qoeLatency":7458,"qoeBitrateSwitch":800,"qoePlaybackSpeed":207.99813184962028},"chunk-stream2-00023":{"qoeTotal":-7638.826441911615,"qoeBitrate":3400,"qoeRebuffer":1539,"qoeLatency":8479.2,"qoeBitrateSwitch":800,"qoePlaybackSpeed":220.62644191161422},"chunk-stream2-00024":{"qoeTotal":-8144.672560902139,"qoeBitrate":3900,"qoeRebuffer":1539,"qoeLatency":9481.2,"qoeBitrateSwitch":800,"qoePlaybackSpeed":224.47256090213799},"chunk-stream2-00025":{"qoeTotal":-8643.321954153615,"qoeBitrate":4400,"qoeRebuffer":1539,"qoeLatency":10459.800000000001,"qoeBitrateSwitch":800,"qoePlaybackSpeed":244.521954153613},"chunk-stream2-00026":{"qoeTotal":-9113.55733607235,"qoeBitrate":4900,"qoeRebuffer":1539,"qoeLatency":11413.800000000001,"qoeBitrateSwitch":800,"qoePlaybackSpeed":260.7573360723498},"chunk-stream2-00027":{"qoeTotal":-9562.046295617261,"qoeBitrate":5400,"qoeRebuffer":1539,"qoeLatency":12358.800000000001,"qoeBitrateSwitch":800,"qoePlaybackSpeed":264.2462956172611},"chunk-stream2-00028":{"qoeTotal":-10006.91106796936,"qoeBitrate":5900,"qoeRebuffer":1539,"qoeLatency":13292.400000000001,"qoeBitrateSwitch":800,"qoePlaybackSpeed":275.51106796935824},"chunk-stream2-00029":{"qoeTotal":-10436.719882320824,"qoeBitrate":6400,"qoeRebuffer":1539,"qoeLatency":14214.600000000002,"qoeBitrateSwitch":800,"qoePlaybackSpeed":283.11988232082143},"chunk-stream2-00030":{"qoeTotal":-10852.919882320824,"qoeBitrate":6900,"qoeRebuffer":1539,"qoeLatency":15130.800000000003,"qoeBitrateSwitch":800,"qoePlaybackSpeed":283.11988232082143},"chunk-stream2-00031":{"qoeTotal":-11269.119882320825,"qoeBitrate":7400,"qoeRebuffer":1539,"qoeLatency":16047.000000000004,"qoeBitrateSwitch":800,"qoePlaybackSpeed":283.11988232082143},"chunk-stream2-00032":{"qoeTotal":-11689.519882320827,"qoeBitrate":7900,"qoeRebuffer":1539,"qoeLatency":16967.400000000005,"qoeBitrateSwitch":800,"qoePlaybackSpeed":283.11988232082143},"chunk-stream2-00033":{"qoeTotal":-12106.319882320826,"qoeBitrate":8400,"qoeRebuffer":1539,"qoeLatency":17884.200000000004,"qoeBitrateSwitch":800,"qoePlaybackSpeed":283.11988232082143},"chunk-stream2-00034":{"qoeTotal":-12523.719882320827,"qoeBitrate":8900,"qoeRebuffer":1539,"qoeLatency":18801.600000000006,"qoeBitrateSwitch":800,"qoePlaybackSpeed":283.11988232082143},"chunk-stream2-00035":{"qoeTotal":-12942.919882320828,"qoeBitrate":9400,"qoeRebuffer":1539,"qoeLatency":19720.800000000007,"qoeBitrateSwitch":800,"qoePlaybackSpeed":283.11988232082143},"chunk-stream2-00036":{"qoeTotal":-13359.119882320829,"qoeBitrate":9900,"qoeRebuffer":1539,"qoeLatency":20637.000000000007,"qoeBitrateSwitch":800,"qoePlaybackSpeed":283.11988232082143},"chunk-stream2-00037":{"qoeTotal":-13775.31988232083,"qoeBitrate":10400,"qoeRebuffer":1539,"qoeLatency":21553.200000000008,"qoeBitrateSwitch":800,"qoePlaybackSpeed":283.11988232082143},"chunk-stream2-00038":{"qoeTotal":-14194.51988232083,"qoeBitrate":10900,"qoeRebuffer":1539,"qoeLatency":22472.40000000001,"qoeBitrateSwitch":800,"qoePlaybackSpeed":283.11988232082143},"chunk-stream2-00039":{"qoeTotal":-14610.719882320831,"qoeBitrate":11400,"qoeRebuffer":1539,"qoeLatency":23388.60000000001,"qoeBitrateSwitch":800,"qoePlaybackSpeed":283.11988232082143},"chunk-stream2-00040":{"qoeTotal":-15031.119882320832,"qoeBitrate":11900,"qoeRebuffer":1539,"qoeLatency":24309.00000000001,"qoeBitrateSwitch":800,"qoePlaybackSpeed":283.11988232082143},"chunk-stream2-00041":{"qoeTotal":-15447.319882320833,"qoeBitrate":12400,"qoeRebuffer":1539,"qoeLatency":25225.20000000001,"qoeBitrateSwitch":800,"qoePlaybackSpeed":283.11988232082143},"chunk-stream2-00042":{"qoeTotal":-15864.119882320832,"qoeBitrate":12900,"qoeRebuffer":1539,"qoeLatency":26142.00000000001,"qoeBitrateSwitch":800,"qoePlaybackSpeed":283.11988232082143},"chunk-stream2-00043":{"qoeTotal":-16280.919882320832,"qoeBitrate":13400,"qoeRebuffer":1539,"qoeLatency":27058.80000000001,"qoeBitrateSwitch":800,"qoePlaybackSpeed":283.11988232082143},"chunk-stream2-00044":{"qoeTotal":-16697.119882320832,"qoeBitrate":13900,"qoeRebuffer":1539,"qoeLatency":27975.00000000001,"qoeBitrateSwitch":800,"qoePlaybackSpeed":283.11988232082143},"init-stream3":{"qoeTotal":-17863.319882320833,"qoeBitrate":15150,"qoeRebuffer":1539,"qoeLatency":28891.20000000001,"qoeBitrateSwitch":2300,"qoePlaybackSpeed":283.11988232082143},"chunk-stream3-00045":{"qoeTotal":-17529.519882320834,"qoeBitrate":16400,"qoeRebuffer":1539,"qoeLatency":29807.400000000012,"qoeBitrateSwitch":2300,"qoePlaybackSpeed":283.11988232082143},"chunk-stream3-00046":{"qoeTotal":-17195.719882320835,"qoeBitrate":17650,"qoeRebuffer":1539,"qoeLatency":30723.600000000013,"qoeBitrateSwitch":2300,"qoePlaybackSpeed":283.11988232082143},"chunk-stream3-00047":{"qoeTotal":-16861.919882320835,"qoeBitrate":18900,"qoeRebuffer":1539,"qoeLatency":31639.800000000014,"qoeBitrateSwitch":2300,"qoePlaybackSpeed":283.11988232082143},"chunk-stream3-00048":{"qoeTotal":-16528.119882320836,"qoeBitrate":20150,"qoeRebuffer":1539,"qoeLatency":32556.000000000015,"qoeBitrateSwitch":2300,"qoePlaybackSpeed":283.11988232082143},"chunk-stream3-00049":{"qoeTotal":-16194.319882320833,"qoeBitrate":21400,"qoeRebuffer":1539,"qoeLatency":33472.20000000001,"qoeBitrateSwitch":2300,"qoePlaybackSpeed":283.11988232082143},"chunk-stream3-00050":{"qoeTotal":-15860.51988232083,"qoeBitrate":22650,"qoeRebuffer":1539,"qoeLatency":34388.40000000001,"qoeBitrateSwitch":2300,"qoePlaybackSpeed":283.11988232082143},"chunk-stream3-00051":{"qoeTotal":-15527.319882320833,"qoeBitrate":23900,"qoeRebuffer":1539,"qoeLatency":35305.20000000001,"qoeBitrateSwitch":2300,"qoePlaybackSpeed":283.11988232082143},"chunk-stream3-00052":{"qoeTotal":-15193.51988232083,"qoeBitrate":25150,"qoeRebuffer":1539,"qoeLatency":36221.40000000001,"qoeBitrateSwitch":2300,"qoePlaybackSpeed":283.11988232082143},"chunk-stream3-00053":{"qoeTotal":-14859.719882320827,"qoeBitrate":26400,"qoeRebuffer":1539,"qoeLatency":37137.600000000006,"qoeBitrateSwitch":2300,"qoePlaybackSpeed":283.11988232082143},"chunk-stream3-00054":{"qoeTotal":-14525.919882320824,"qoeBitrate":27650,"qoeRebuffer":1539,"qoeLatency":38053.8,"qoeBitrateSwitch":2300,"qoePlaybackSpeed":283.11988232082143},"chunk-stream2-00055":{"qoeTotal":-16442.11988232082,"qoeBitrate":28150,"qoeRebuffer":1539,"qoeLatency":38970,"qoeBitrateSwitch":3800,"qoePlaybackSpeed":283.11988232082143},"chunk-stream2-00056":{"qoeTotal":-16858.31988232082,"qoeBitrate":28650,"qoeRebuffer":1539,"qoeLatency":39886.2,"qoeBitrateSwitch":3800,"qoePlaybackSpeed":283.11988232082143},"chunk-stream2-00057":{"qoeTotal":-17277.519882320816,"qoeBitrate":29150,"qoeRebuffer":1539,"qoeLatency":40805.399999999994,"qoeBitrateSwitch":3800,"qoePlaybackSpeed":283.11988232082143},"chunk-stream2-00058":{"qoeTotal":-17694.919882320817,"qoeBitrate":29650,"qoeRebuffer":1539,"qoeLatency":41722.799999999996,"qoeBitrateSwitch":3800,"qoePlaybackSpeed":283.11988232082143},