{"chunk-stream2-00018":{"qoeTotal":-477.8580315633224,"qoeBitrate":500,"qoeRebuffer":0,"qoeLatency":940.1999999999999,"qoeBitrateSwitch":0,"qoePlaybackSpeed":37.6580315633225},"init-stream0":{"qoeTotal":-1444.116063126645,"qoeBitrate":600,"qoeRebuffer":0,"qoeLatency":1888.8,"qoeBitrateSwitch":80,"qoePlaybackSpeed":75.316063126645},"chunk-stream0-00019":{"qoeTotal":-2331.5740946899673,"qoeBitrate":700,"qoeRebuffer":0,"qoeLatency":2838.6,"qoeBitrateSwitch":80,"qoePlaybackSpeed":112.9740946899675},"chunk-stream0-00020":{"qoeTotal":-3224.4321262532903,"qoeBitrate":800,"qoeRebuffer":0,"qoeLatency":3793.8,"qoeBitrateSwitch":80,"qoePlaybackSpeed":150.63212625329},"chunk-stream0-00021":{"qoeTotal":-4108.283707271151,"qoeBitrate":900,"qoeRebuffer":0,"qoeLatency":4761,"qoeBitrateSwitch":80,"qoePlaybackSpeed":167.28370727115106},"init-stream5":{"qoeTotal":-2655.845408407871,"qoeBitrate":3900,"qoeRebuffer":0,"qoeLatency":5715,"qoeBitrateSwitch":660,"qoePlaybackSpeed":180.84540840787133},"chunk-stream5-00022":{"qoeTotal":-619.0204858198048,"qoeBitrate":6900,"qoeRebuffer":0,"qoeLatency":6667.2,"qoeBitrateSwitch":660,"qoePlaybackSpeed":191.82048581980496},"chunk-stream5-00023":{"qoeTotal":1443.604436768262,"qoeBitrate":9900,"qoeRebuffer":0,"qoeLatency":7593.599999999999,"qoeBitrateSwitch":660,"qoePlaybackSpeed":202.79556323173858},"chunk-stream5-00024":{"qoeTotal":3520.230928555396,"qoeBitrate":12900,"qoeRebuffer":0,"qoeLatency":8510.4,"qoeBitrateSwitch":660,"qoePlaybackSpeed":209.36907144460434},"chunk-stream5-00025":{"qoeTotal":5604.630928555395,"qoeBitrate":15900,"qoeRebuffer":0,"qoeLatency":9426,"qoeBitrateSwitch":660,"qoePlaybackSpeed":209.36907144460434},"chunk-stream5-00026":{"qoeTotal":7689.030928555395,"qoeBitrate":18900,"qoeRebuffer":0,"qoeLatency":10341.6,"qoeBitrateSwitch":660,"qoePlaybackSpeed":209.36907144460434},"chunk-stream5-00027":{"qoeTotal":9764.430928555395,"qoeBitrate":21900,"qoeRebuffer":0,"qoeLatency":11266.2,"qoeBitrateSwitch":660,"qoePlaybackSpeed":209.36907144460434},"chunk-stream5-00028":{"qoeTotal":11838.630928555396,"qoeBitrate":24900,"qoeRebuffer":0,"qoeLatency":12192,"qoeBitrateSwitch":660,"qoePlaybackSpeed":209.36907144460434},"chunk-stream5-00029":{"qoeTotal":13914.030928555396,"qoeBitrate":27900,"qoeRebuffer":0,"qoeLatency":13116.6,"qoeBitrateSwitch":660,"qoePlaybackSpeed":209.36907144460434},"chunk-stream5-00030":{"qoeTotal":15998.430928555395,"qoeBitrate":30900,"qoeRebuffer":0,"qoeLatency":14032.2,"qoeBitrateSwitch":660,"qoePlaybackSpeed":209.36907144460434},"chunk-stream5-00031":{"qoeTotal":18073.83092855539,"qoeBitrate":33900,"qoeRebuffer":0,"qoeLatency":14956.800000000001,"qoeBitrateSwitch":660,"qoePlaybackSpeed":209.36907144460434},"chunk-stream5-00032":{"qoeTotal":20148.030928555396,"qoeBitrate":36900,"qoeRebuffer":0,"qoeLatency":15882.6,"qoeBitrateSwitch":660,"qoePlaybackSpeed":209.36907144460434},"chunk-stream5-00033":{"qoeTotal":22220.430928555394,"qoeBitrate":39900,"qoeRebuffer":0,"qoeLatency":16810.2,"qoeBitrateSwitch":660,"qoePlaybackSpeed":209.36907144460434},"chunk-stream5-00034":{"qoeTotal":24304.830928555395,"qoeBitrate":42900,"qoeRebuffer":0,"qoeLatency":17725.8,"qoeBitrateSwitch":660,"qoePlaybackSpeed":209.36907144460434},"chunk-stream5-00035":{"qoeTotal":26380.230928555397,"qoeBitrate":45900,"qoeRebuffer":0,"qoeLatency":18650.399999999998,"qoeBitrateSwitch":660,"qoePlaybackSpeed":209.36907144460434},"chunk-stream5-00036":{"qoeTotal":28464.630928555398,"qoeBitrate":48900,"qoeRebuffer":0,"qoeLatency":19565.999999999996,"qoeBitrateSwitch":660,"qoePlaybackSpeed":209.36907144460434},"chunk-stream5-00037":{"qoeTotal":30549.0309285554,"qoeBitrate":51900,"qoeRebuffer":0,"qoeLatency":20481.599999999995,"qoeBitrateSwitch":660,"qoePlaybackSpeed":209.36907144460434},"chunk-stream5-00038":{"qoeTotal":32632.8309285554,"qoeBitrate":54900,"qoeRebuffer":0,"qoeLatency":21397.799999999996,"qoeBitrateSwitch":660,"qoePlaybackSpeed":209.36907144460434},"chunk-stream5-00039":{"qoeTotal":34716.630928555394,"qoeBitrate":57900,"qoeRebuffer":0,"qoeLatency":22313.999999999996,"qoeBitrateSwitch":660,"qoePlaybackSpeed":209.36907144460434},"chunk-stream5-00040":{"qoeTotal":36801.0309285554,"qoeBitrate":60900,"qoeRebuffer":0,"qoeLatency":23229.599999999995,"qoeBitrateSwitch":660,"qoePlaybackSpeed":209.36907144460434},"chunk-stream5-00041":{"qoeTotal":38885.4309285554,"qoeBitrate":63900,"qoeRebuffer":0,"qoeLatency":24145.199999999993,"qoeBitrateSwitch":660,"qoePlaybackSpeed":209.36907144460434},"chunk-stream5-00042":{"qoeTotal":40969.2309285554,"qoeBitrate":66900,"qoeRebuffer":0,"qoeLatency":25061.399999999994,"qoeBitrateSwitch":660,"qoePlaybackSpeed":209.36907144460434},"chunk-stream5-00043":{"qoeTotal":43053.6309285554,"qoeBitrate":69900,"qoeRebuffer":0,"qoeLatency":25976.999999999993,"qoeBitrateSwitch":660,"qoePlaybackSpeed":209.36907144460434},"chunk-stream5-00044":{"qoeTotal":45130.2309285554,"qoeBitrate":72900,"qoeRebuffer":0,"qoeLatency":26900.399999999994,"qoeBitrateSwitch":660,"qoePlaybackSpeed":209.36907144460434},"chunk-stream5-00045":{"qoeTotal":47205.0309285554,"qoeBitrate":75900,"qoeRebuffer":0,"qoeLatency":27825.599999999995,"qoeBitrateSwitch":660,"qoePlaybackSpeed":209.36907144460434},"chunk-stream5-00046":{"qoeTotal":49281.630928555394,"qoeBitrate":78900,"qoeRebuffer":0,"qoeLatency":28748.999999999996,"qoeBitrateSwitch":660,"qoePlaybackSpeed":209.36907144460434},"chunk-stream5-00047":{"qoeTotal":51358.2309285554,"qoeBitrate":81900,"qoeRebuffer":0,"qoeLatency":29672.399999999998,"qoeBitrateSwitch":660,"qoePlaybackSpeed":209.36907144460434},"chunk-stream5-00048":{"qoeTotal":53433.630928555394,"qoeBitrate":84900,"qoeRebuffer":0,"qoeLatency":30596.999999999996,"qoeBitrateSwitch":660,"qoePlaybackSpeed":209.36907144460434},"chunk-stream5-00049":{"qoeTotal":55518.0309285554,"qoeBitrate":87900,"qoeRebuffer":0,"qoeLatency":31512.599999999995,"qoeBitrateSwitch":660,"qoePlaybackSpeed":209.36907144460434},"chunk-stream5-00050":{"qoeTotal":57589.2309285554,"qoeBitrate":90900,"qoeRebuffer":0,"qoeLatency":32441.399999999994,"qoeBitrateSwitch":660,"qoePlaybackSpeed":209.36907144460434},"chunk-stream5-00051":{"qoeTotal":59662.8309285554,"qoeBitrate":93900,"qoeRebuffer":0,"qoeLatency":33367.799999999996,"qoeBitrateSwitch":660,"qoePlaybackSpeed":209.36907144460434},"chunk-stream5-00052":{"qoeTotal":61740.030928555396,"qoeBitrate":96900,"qoeRebuffer":0,"qoeLatency":34290.6,"qoeBitrateSwitch":660,"qoePlaybackSpeed":209.36907144460434},"chunk-stream5-00053":{"qoeTotal":63824.4309285554,"qoeBitrate":99900,"qoeRebuffer":0,"qoeLatency":35206.2,"qoeBitrateSwitch":660,"qoePlaybackSpeed":209.36907144460434},"chunk-stream5-00054":{"qoeTotal":65901.0309285554,"qoeBitrate":102900,"qoeRebuffer":0,"qoeLatency":36129.6,"qoeBitrateSwitch":660,"qoePlaybackSpeed":209.36907144460434},"chunk-stream5-00055":{"qoeTotal":67984.83092855541,"qoeBitrate":105900,"qoeRebuffer":0,"qoeLatency":37045.799999999996,"qoeBitrateSwitch":660,"qoePlaybackSpeed":209.36907144460434},"chunk-stream5-00056":{"qoeTotal":70069.23092855541,"qoeBitrate":108900,"qoeRebuffer":0,"qoeLatency":37961.399999999994,"qoeBitrateSwitch":660,"qoePlaybackSpeed":209.36907144460434},"chunk-stream5-00057":{"qoeTotal":72141.6309285554,"qoeBitrate":111900,"qoeRebuffer":0,"qoeLatency":38888.99999999999,"qoeBitrateSwitch":660,"qoePlaybackSpeed":209.36907144460434},"chunk-stream5-00058":{"qoeTotal":74226.03092855541,"qoeBitrate":114900,"qoeRebuffer":0,"qoeLatency":39804.59999999999,"qoeBitrateSwitch":660,"qoePlaybackSpeed":209.36907144460434},"chunk-stream5-00059":{"qoeTotal":76299.03092855541,"qoeBitrate":117900,"qoeRebuffer":0,"qoeLatency":40731.59999999999,"qoeBitrateSwitch":660,"qoePlaybackSpeed":209.36907144460434},"chunk-stream5-00060":{"qoeTotal":78383.43092855542,"qoeBitrate":120900,"qoeRebuffer":0,"qoeLatency":41647.19999999999,"qoeBitrateSwitch":660,"qoePlaybackSpeed":209.36907144460434},"chunk-stream5-00061":{"qoeTotal":80455.83092855541,"qoeBitrate":123900,"qoeRebuffer":0,