{"chunk-stream2-00018":{"qoeTotal":-711.5330257090102,"qoeBitrate":500,"qoeRebuffer":0,"qoeLatency":1161,"qoeBitrateSwitch":0,"qoePlaybackSpeed":50.53302570901017},"chunk-stream2-00019":{"qoeTotal":-4581.667174412191,"qoeBitrate":1000,"qoeRebuffer":3090,"qoeLatency":2405.3999999999996,"qoeBitrateSwitch":0,"qoePlaybackSpeed":86.26717441219157},"chunk-stream2-00020":{"qoeTotal":-5422.661471570627,"qoeBitrate":1500,"qoeRebuffer":3090,"qoeLatency":3709.7999999999993,"qoeBitrateSwitch":0,"qoePlaybackSpeed":122.86147157062797},"chunk-stream2-00021":{"qoeTotal":-6313.796550914193,"qoeBitrate":2000,"qoeRebuffer":3090,"qoeLatency":5074.199999999999,"qoeBitrateSwitch":0,"qoePlaybackSpeed":149.59655091419424},"chunk-stream2-00022":{"qoeTotal":-7260.354239058622,"qoeBitrate":2500,"qoeRebuffer":3090,"qoeLatency":6485.399999999999,"qoeBitrateSwitch":0,"qoePlaybackSpeed":184.9542390586228},"chunk-stream2-00023":{"qoeTotal":-8285.136086466106,"qoeBitrate":3000,"qoeRebuffer":3090,"qoeLatency":7972.199999999999,"qoeBitrateSwitch":0,"qoePlaybackSpeed":222.9360864661062},"chunk-stream2-00024":{"qoeTotal":-10974.845744728756,"qoeBitrate":3500,"qoeRebuffer":4595.400000035763,"qoeLatency":9609,"qoeBitrateSwitch":0,"qoePlaybackSpeed":270.4457446929945},"chunk-stream2-00025":{"qoeTotal":-13822.995534823336,"qoeBitrate":4000,"qoeRebuffer":6097.200000017881,"qoeLatency":11413.2,"qoeBitrateSwitch":0,"qoePlaybackSpeed":312.5955348054539},"chunk-stream2-00026":{"qoeTotal":-16851.249007929473,"qoeBitrate":4500,"qoeRebuffer":7687.799999982119,"qoeLatency":13315.800000000001,"qoeBitrateSwitch":0,"qoePlaybackSpeed":347.64900794735286},"chunk-stream2-00027":{"qoeTotal":-19882.83173557266,"qoeBitrate":5000,"qoeRebuffer":9211.200000017881,"qoeLatency":15288.000000000002,"qoeBitrateSwitch":0,"qoePlaybackSpeed":383.63173555477977},"chunk-stream2-00028":{"qoeTotal":-23028.895886037593,"qoeBitrate":5500,"qoeRebuffer":10785,"qoeLatency":17325.600000000002,"qoeBitrateSwitch":0,"qoePlaybackSpeed":418.2958860375912},"chunk-stream2-00029":{"qoeTotal":-24671.684833776628,"qoeBitrate":6000,"qoeRebuffer":10785,"qoeLatency":19434.000000000004,"qoeBitrateSwitch":0,"qoePlaybackSpeed":452.68483377662244},"chunk-stream2-00030":{"qoeTotal":-26363.020617336286,"qoeBitrate":6500,"qoeRebuffer":10785,"qoeLatency":21593.400000000005,"qoeBitrateSwitch":0,"qoePlaybackSpeed":484.62061733628025},"chunk-stream2-00031":{"qoeTotal":-28106.269827723787,"qoeBitrate":7000,"qoeRebuffer":10785,"qoeLatency":23811.000000000004,"qoeBitrateSwitch":0,"qoePlaybackSpeed":510.26982772378307},"chunk-stream2-00032":{"qoeTotal":-29924.35327423042,"qoeBitrate":7500,"qoeRebuffer":10785,"qoeLatency":26088.600000000002,"qoeBitrateSwitch":0,"qoePlaybackSpeed":550.7532742304185},"chunk-stream2-00033":{"qoeTotal":-31803.004342899658,"qoeBitrate":8000,"qoeRebuffer":10785,"qoeLatency":28429.2,"qoeBitrateSwitch":0,"qoePlaybackSpeed":588.8043428996572},"chunk-stream2-00034":{"qoeTotal":-33717.172576274104,"qoeBitrate":8500,"qoeRebuffer":10785,"qoeLatency":30821.4,"qoeBitrateSwitch":0,"qoePlaybackSpeed":610.7725762741006},"chunk-stream2-00035":{"qoeTotal":-35637.73539185084,"qoeBitrate":9000,"qoeRebuffer":10785,"qoeLatency":33238.8,"qoeBitrateSwitch":0,"qoePlaybackSpeed":613.9353918508377},"chunk-stream2-00036":{"qoeTotal":-37534.691293424585,"qoeBitrate":9500,"qoeRebuffer":10785,"qoeLatency":35617.200000000004,"qoeBitrateSwitch":0,"qoePlaybackSpeed":632.4912934245833},"chunk-stream2-00037":{"qoeTotal":-39432.21908655435,"qoeBitrate":10000,"qoeRebuffer":10785,"qoeLatency":38000.4,"qoeBitrateSwitch":0,"qoePlaybackSpeed":646.8190865543498},"chunk-stream2-00038":{"qoeTotal":-41351.104874955745,"qoeBitrate":10500,"qoeRebuffer":10785,"qoeLatency":40404,"qoeBitrateSwitch":0,"qoePlaybackSpeed":662.1048749557435},"chunk-stream2-00039":{"qoeTotal":-43299.80137744001,"qoeBitrate":11000,"qoeRebuffer":10785,"qoeLatency":42833.4,"qoeBitrateSwitch":0,"qoePlaybackSpeed":681.4013774400102},"chunk-stream2-00040":{"qoeTotal":-45292.50326781957,"qoeBitrate":11500,"qoeRebuffer":10785,"qoeLatency":45295.8,"qoeBitrateSwitch":0,"qoePlaybackSpeed":711.7032678195666},"chunk-stream2-00041":{"qoeTotal":-47322.618568525984,"qoeBitrate":12000,"qoeRebuffer":10785,"qoeLatency":47804.4,"qoeBitrateSwitch":0,"qoePlaybackSpeed":733.2185685259848},"chunk-stream2-00042":{"qoeTotal":-49376.748285113026,"qoeBitrate":12500,"qoeRebuffer":10785,"qoeLatency":50340,"qoeBitrateSwitch":0,"qoePlaybackSpeed":751.748285113023},"chunk-stream2-00043":{"qoeTotal":-51451.348122235104,"qoeBitrate":13000,"qoeRebuffer":10785,"qoeLatency":52854.6,"qoeBitrateSwitch":0,"qoePlaybackSpeed":811.7481222351063},"chunk-stream2-00044":{"qoeTotal":-53462.09289035677,"qoeBitrate":13500,"qoeRebuffer":10785,"qoeLatency":55341.6,"qoeBitrateSwitch":0,"qoePlaybackSpeed":835.4928903567687},"chunk-stream2-00045":{"qoeTotal":-55410.7742954825,"qoeBitrate":14000,"qoeRebuffer":10785,"qoeLatency":57789,"qoeBitrateSwitch":0,"qoePlaybackSpeed":836.7742954825042},"init-stream3":{"qoeTotal":-56614.589532885235,"qoeBitrate":15250,"qoeRebuffer":10785,"qoeLatency":60071.4,"qoeBitrateSwitch":150,"qoePlaybackSpeed":858.18953288523},"chunk-stream3-00046":{"qoeTotal":-61271.899915760936,"qoeBitrate":16500,"qoeRebuffer":14188.799999982119,"qoeLatency":62526.6,"qoeBitrateSwitch":150,"qoePlaybackSpeed":906.4999157788166},"init-stream2":{"qoeTotal":-63225.644604280176,"qoeBitrate":17000,"qoeRebuffer":14188.799999982119,"qoeLatency":64782.6,"qoeBitrateSwitch":300,"qoePlaybackSpeed":954.2446042980558},"chunk-stream2-00047":{"qoeTotal":-65431.216292210374,"qoeBitrate":17500,"qoeRebuffer":14188.799999982119,"qoeLatency":67450.2,"qoeBitrateSwitch":300,"qoePlaybackSpeed":992.2162922282603},"chunk-stream2-00048":{"qoeTotal":-70851.06946349265,"qoeBitrate":18000,"qoeRebuffer":17356.79999998212,"qoeLatency":70160.4,"qoeBitrateSwitch":300,"qoePlaybackSpeed":1033.8694635105394},"chunk-stream2-00049":{"qoeTotal":-73132.52924746227,"qoeBitrate":18500,"qoeRebuffer":17356.79999998212,"qoeLatency":72921.59999999999,"qoeBitrateSwitch":300,"qoePlaybackSpeed":1054.129247480154},"chunk-stream2-00050":{"qoeTotal":-75499.9629379756,"qoeBitrate":19000,"qoeRebuffer":17356.79999998212,"qoeLatency":75752.99999999999,"qoeBitrateSwitch":300,"qoePlaybackSpeed":1090.1629379934861},"chunk-stream2-00051":{"qoeTotal":-77926.47008362816,"qoeBitrate":19500,"qoeRebuffer":17356.79999998212,"qoeLatency":78634.19999999998,"qoeBitrateSwitch":300,"qoePlaybackSpeed":1135.4700836460572},"chunk-stream2-00052":{"qoeTotal":-80354.83702138485,"qoeBitrate":20000,"qoeRebuffer":17356.79999998212,"qoeLatency":81539.99999999999,"qoeBitrateSwitch":300,"qoePlaybackSpeed":1158.0370214027444},"chunk-stream2-00053":{"qoeTotal":-82764.83701484442,"qoeBitrate":20500,"qoeRebuffer":17356.79999998212,"qoeLatency":84389.99999999999,"qoeBitrateSwitch":300,"qoePlaybackSpeed":1218.0370148623188},"chunk-stream3-00054":{"qoeTotal":-84462.63701484443,"qoeBitrate":21750,"qoeRebuffer":17356.79999998212,"qoeLatency":87187.79999999999,"qoeBitrateSwitch":450,"qoePlaybackSpeed":1218.0370148623188},"chunk-stream3-00055":{"qoeTotal":-89788.03701488019,"qoeBitrate":23000,"qoeRebuffer":20476.20000001788,"qoeLatency":90643.79999999999,"qoeBitrateSwitch":450,"qoePlaybackSpeed":1218.0370148623188},"chunk-stream3-00056":{"qoeTotal":-107783.50679610393,"qoeBitrate":24250,"qoeRebuffer":35319.60000014305,"qoeLatency":94997.99999999999,"qoeBitrateSwitch":450,"qoePlaybackSpeed":1265.9067959608892},"chunk-stream2-00057":{"qoeTotal":-113517.03071234847,"qoeBitrate":24750,"qoeRebuffer":36831.000000178814,"qoeLatency":99524.99999999999,"qoeBitrateSwitch":600,"qoePlaybackSpeed":1311.0307121696612},"chunk-stream3-00058":{"qoeTotal":-118688.11401330134,"qoeBitrate":26000,"qoeRebuffer":38410.80000016093,"qoeLatency":104175.59999999999,"qoeBitrateSwitch":750,"qoePlaybackSpeed":1351.7140131404124},"chunk-stream3-00059":{"qoeTotal":-123771.58119243226,"qoeBitrate":27250,"qoeRebuffer":39912.000000178814,