{"chunk-stream2-00018":{"qoeTotal":-954.5765345633101,"qoeBitrate":500,"qoeRebuffer":0,"qoeLatency":1404,"qoeBitrateSwitch":0,"qoePlaybackSpeed":50.576534563310126},"init-stream1":{"qoeTotal":-8193.397535938855,"qoeBitrate":800,"qoeRebuffer":0,"qoeLatency":8856,"qoeBitrateSwitch":40,"qoePlaybackSpeed":97.39753593885578},"chunk-stream1-00019":{"qoeTotal":-11604.4939274913,"qoeBitrate":1100,"qoeRebuffer":2071.2000000178814,"qoeLatency":10448.4,"qoeBitrateSwitch":40,"qoePlaybackSpeed":144.89392747341856},"init-stream2":{"qoeTotal":-20847.693927455537,"qoeBitrate":1600,"qoeRebuffer":3634.7999999821186,"qoeLatency":18588,"qoeBitrateSwitch":80,"qoePlaybackSpeed":144.89392747341856},"chunk-stream2-00020":{"qoeTotal":-23713.326742723737,"qoeBitrate":2100,"qoeRebuffer":5169,"qoeLatency":20378.4,"qoeBitrateSwitch":80,"qoePlaybackSpeed":185.92674272373705},"chunk-stream2-00021":{"qoeTotal":-28420.586396877316,"qoeBitrate":2600,"qoeRebuffer":8277.599999964237,"qoeLatency":22430.4,"qoeBitrateSwitch":80,"qoePlaybackSpeed":232.58639691307638},"chunk-stream2-00022":{"qoeTotal":-33427.7222034208,"qoeBitrate":3100,"qoeRebuffer":11405.400000035763,"qoeLatency":24767.4,"qoeBitrateSwitch":80,"qoePlaybackSpeed":274.9222033850405},"chunk-stream2-00023":{"qoeTotal":-38709.81754630429,"qoeBitrate":3600,"qoeRebuffer":14544.000000089407,"qoeLatency":27366,"qoeBitrateSwitch":80,"qoePlaybackSpeed":319.81754621488744},"chunk-stream2-00024":{"qoeTotal":-44336.324278095984,"qoeBitrate":4100,"qoeRebuffer":17709.000000089407,"qoeLatency":30283.8,"qoeBitrateSwitch":80,"qoePlaybackSpeed":363.52427800657347},"chunk-stream2-00025":{"qoeTotal":-50250.28516404201,"qoeBitrate":4600,"qoeRebuffer":20856.600000053644,"qoeLatency":33508.8,"qoeBitrateSwitch":80,"qoePlaybackSpeed":404.88516398836515},"chunk-stream2-00026":{"qoeTotal":-56494.30716882639,"qoeBitrate":5100,"qoeRebuffer":24004.800000071526,"qoeLatency":37062.600000000006,"qoeBitrateSwitch":80,"qoePlaybackSpeed":446.90716875485623},"chunk-stream2-00027":{"qoeTotal":-64314.146591892066,"qoeBitrate":5600,"qoeRebuffer":28444.800000071526,"qoeLatency":40895.40000000001,"qoeBitrateSwitch":80,"qoePlaybackSpeed":493.9465918205311},"chunk-stream2-00028":{"qoeTotal":-71142.3560945809,"qoeBitrate":6100,"qoeRebuffer":31587.600000053644,"qoeLatency":45036.600000000006,"qoeBitrateSwitch":80,"qoePlaybackSpeed":538.1560945272546},"chunk-stream2-00029":{"qoeTotal":-78259.22156922109,"qoeBitrate":6600,"qoeRebuffer":34723.20000010729,"qoeLatency":49474.8,"qoeBitrateSwitch":80,"qoePlaybackSpeed":581.2215691137974},"chunk-stream2-00030":{"qoeTotal":-86873.61511185234,"qoeBitrate":7100,"qoeRebuffer":39072.00000008941,"qoeLatency":54196.8,"qoeBitrateSwitch":80,"qoePlaybackSpeed":624.815111762928},"chunk-stream2-00031":{"qoeTotal":-94582.00865453725,"qoeBitrate":7600,"qoeRebuffer":42227.40000012517,"qoeLatency":59206.200000000004,"qoeBitrateSwitch":80,"qoePlaybackSpeed":668.4086544120587},"chunk-stream2-00032":{"qoeTotal":-103891.36099241971,"qoeBitrate":8100,"qoeRebuffer":46689.000000178814,"qoeLatency":64510.8,"qoeBitrateSwitch":80,"qoePlaybackSpeed":711.5609922408959},"chunk-stream1-00033":{"qoeTotal":-110739.40835219335,"qoeBitrate":8400,"qoeRebuffer":48264.000000178814,"qoeLatency":70000.2,"qoeBitrateSwitch":120,"qoePlaybackSpeed":755.2083520145419},"chunk-stream1-00034":{"qoeTotal":-116018.1107776063,"qoeBitrate":8700,"qoeRebuffer":48264.000000178814,"qoeLatency":75549.59999999999,"qoeBitrateSwitch":120,"qoePlaybackSpeed":784.5107774274925},"chunk-stream1-00035":{"qoeTotal":-121341.93141896863,"qoeBitrate":9000,"qoeRebuffer":48264.000000178814,"qoeLatency":81146.99999999999,"qoeBitrateSwitch":120,"qoePlaybackSpeed":810.9314187898273},"chunk-stream1-00036":{"qoeTotal":-126720.69041641938,"qoeBitrate":9300,"qoeRebuffer":48264.000000178814,"qoeLatency":86798.99999999999,"qoeBitrateSwitch":120,"qoePlaybackSpeed":837.6904162405835},"chunk-stream2-00037":{"qoeTotal":-135140.0922243462,"qoeBitrate":9800,"qoeRebuffer":51298.80000016093,"qoeLatency":92596.79999999999,"qoeBitrateSwitch":160,"qoePlaybackSpeed":884.4922241852852},"chunk-stream2-00038":{"qoeTotal":-143910.13464057603,"qoeBitrate":10300,"qoeRebuffer":54435.60000014305,"qoeLatency":98686.19999999998,"qoeBitrateSwitch":160,"qoePlaybackSpeed":928.3346404329965},"chunk-stream2-00039":{"qoeTotal":-152924.4801236249,"qoeBitrate":10800,"qoeRebuffer":57579.60000014305,"qoeLatency":105009.59999999998,"qoeBitrateSwitch":160,"qoePlaybackSpeed":975.2801234818637},"chunk-stream2-00040":{"qoeTotal":-163464.34070275736,"qoeBitrate":11300,"qoeRebuffer":61978.80000016093,"qoeLatency":111602.99999999997,"qoeBitrateSwitch":160,"qoePlaybackSpeed":1022.5407025964536},"chunk-stream2-00041":{"qoeTotal":-173397.8633808702,"qoeBitrate":11800,"qoeRebuffer":65463.60000014305,"qoeLatency":118506.59999999998,"qoeBitrateSwitch":160,"qoePlaybackSpeed":1067.6633807271849},"chunk-stream2-00042":{"qoeTotal":-183054.28979257375,"qoeBitrate":12300,"qoeRebuffer":68541.60000014305,"qoeLatency":125541.59999999998,"qoeBitrateSwitch":160,"qoePlaybackSpeed":1111.0897924307349},"chunk-stream2-00043":{"qoeTotal":-191308.25883573134,"qoeBitrate":12800,"qoeRebuffer":70059.0000000894,"qoeLatency":132737.99999999997,"qoeBitrateSwitch":160,"qoePlaybackSpeed":1151.2588356419537},"chunk-stream2-00044":{"qoeTotal":-199731.21864408406,"qoeBitrate":13300,"qoeRebuffer":71566.20000010729,"qoeLatency":140113.19999999998,"qoeBitrateSwitch":160,"qoePlaybackSpeed":1191.818643976803},"chunk-stream2-00045":{"qoeTotal":-208450.24210514885,"qoeBitrate":13800,"qoeRebuffer":73146.0000000894,"qoeLatency":147710.99999999997,"qoeBitrateSwitch":160,"qoePlaybackSpeed":1233.2421050594753},"chunk-stream2-00046":{"qoeTotal":-217319.70627394045,"qoeBitrate":14300,"qoeRebuffer":74683.20000010729,"qoeLatency":155502.59999999998,"qoeBitrateSwitch":160,"qoePlaybackSpeed":1273.9062738331795},"chunk-stream2-00047":{"qoeTotal":-226361.8441741122,"qoeBitrate":14800,"qoeRebuffer":76191.0000000894,"qoeLatency":163499.99999999997,"qoeBitrateSwitch":160,"qoePlaybackSpeed":1310.8441740228054},"chunk-stream2-00072":{"qoeTotal":-234622.49863195771,"qoeBitrate":15300,"qoeRebuffer":76191.0000000894,"qoeLatency":172213.79999999996,"qoeBitrateSwitch":160,"qoePlaybackSpeed":1357.6986318683457},"chunk-stream2-00073":{"qoeTotal":-241795.42272732346,"qoeBitrate":15800,"qoeRebuffer":82165.80000007153,"qoeLatency":173869.79999999996,"qoeBitrateSwitch":160,"qoePlaybackSpeed":1399.8227272519762},"chunk-stream2-00074":{"qoeTotal":-246710.6229094196,"qoeBitrate":16300,"qoeRebuffer":85637.40000003576,"qoeLatency":175769.99999999997,"qoeBitrateSwitch":160,"qoePlaybackSpeed":1443.2229093838469},"chunk-stream1-00075":{"qoeTotal":-250095.56911237884,"qoeBitrate":16600,"qoeRebuffer":87177.60000005364,"qoeLatency":177827.99999999997,"qoeBitrateSwitch":200,"qoePlaybackSpeed":1489.9691123252305},"chunk-stream1-00076":{"qoeTotal":-251958.69852993736,"qoeBitrate":16900,"qoeRebuffer":87177.60000005364,"qoeLatency":179951.39999999997,"qoeBitrateSwitch":200,"qoePlaybackSpeed":1529.6985298837583},"chunk-stream1-00077":{"qoeTotal":-253883.45042171338,"qoeBitrate":17200,"qoeRebuffer":87177.60000005364,"qoeLatency":182143.19999999995,"qoeBitrateSwitch":200,"qoePlaybackSpeed":1562.6504216597716},"chunk-stream2-00078":{"qoeTotal":-259048.4992694326,"qoeBitrate":17700,"qoeRebuffer":90312.60000005364,"qoeLatency":184590.59999999995,"qoeBitrateSwitch":240,"qoePlaybackSpeed":1605.2992693789888},"chunk-stream2-00079":{"qoeTotal":-265906.35782810114,"qoeBitrate":18200,"qoeRebuffer":94881.60000005364,"qoeLatency":187335.59999999995,"qoeBitrateSwitch":240,"qoePlaybackSpeed":1649.1578280474985},"chunk-stream2-00080":{"qoeTotal":-272736.55782813684,"qoeBitrate":18700,"qoeRebuffer":99156.0000000894,"qoeLatency":190391.39999999994,"qoeBitrateSwitch":240,"qoePlaybackSpeed":1649.1578280474985},"chunk-stream2-00081":{"qoeTotal":-279798.1353962133,"qoeBitrate":19200,"qoeRebuffer":103330.20000001788,"qoeLatency":193736.39999999994,