{"chunk-stream2-00018":{"qoeTotal":-526.8149517529263,"qoeBitrate":500,"qoeRebuffer":0,"qoeLatency":979.8,"qoeBitrateSwitch":0,"qoePlaybackSpeed":47.014951752926294},"init-stream3":{"qoeTotal":-460.2299035058524,"qoeBitrate":1750,"qoeRebuffer":0,"qoeLatency":1966.1999999999998,"qoeBitrateSwitch":150,"qoePlaybackSpeed":94.02990350585259},"chunk-stream3-00019":{"qoeTotal":-270.9664364153338,"qoeBitrate":3000,"qoeRebuffer":0,"qoeLatency":2991.6,"qoeBitrateSwitch":150,"qoePlaybackSpeed":129.3664364153339},"chunk-stream3-00020":{"qoeTotal":-82.6879930957781,"qoeBitrate":4250,"qoeRebuffer":0,"qoeLatency":4022.3999999999996,"qoeBitrateSwitch":150,"qoePlaybackSpeed":160.28799309577846},"chunk-stream3-00021":{"qoeTotal":126.30308082648801,"qoeBitrate":5500,"qoeRebuffer":0,"qoeLatency":5035.799999999999,"qoeBitrateSwitch":150,"qoePlaybackSpeed":187.8969191735127},"chunk-stream3-00022":{"qoeTotal":365.2088774860471,"qoeBitrate":6750,"qoeRebuffer":0,"qoeLatency":6022.199999999999,"qoeBitrateSwitch":150,"qoePlaybackSpeed":212.59112251395405},"chunk-stream3-00023":{"qoeTotal":623.0325196802851,"qoeBitrate":8000,"qoeRebuffer":0,"qoeLatency":6995.399999999999,"qoeBitrateSwitch":150,"qoePlaybackSpeed":231.5674803197162},"chunk-stream3-00024":{"qoeTotal":904.8345770848409,"qoeBitrate":9250,"qoeRebuffer":0,"qoeLatency":7948.199999999999,"qoeBitrateSwitch":150,"qoePlaybackSpeed":246.96542291516013},"chunk-stream3-00025":{"qoeTotal":1201.4730869191606,"qoeBitrate":10500,"qoeRebuffer":0,"qoeLatency":8888.999999999998,"qoeBitrateSwitch":150,"qoePlaybackSpeed":259.52691308084127},"init-stream4":{"qoeTotal":-6648.252098234926,"qoeBitrate":12500,"qoeRebuffer":1529.399999141693,"qoeLatency":17011.199999999997,"qoeBitrateSwitch":300,"qoePlaybackSpeed":307.65209909323556},"chunk-stream4-00026":{"qoeTotal":-5576.860912586389,"qoeBitrate":14500,"qoeRebuffer":1529.399999141693,"qoeLatency":17932.199999999997,"qoeBitrateSwitch":300,"qoePlaybackSpeed":315.26091344469876},"chunk-stream4-00027":{"qoeTotal":-4492.460912586387,"qoeBitrate":16500,"qoeRebuffer":1529.399999141693,"qoeLatency":18847.799999999996,"qoeBitrateSwitch":300,"qoePlaybackSpeed":315.26091344469876},"chunk-stream4-00028":{"qoeTotal":-3408.060912586386,"qoeBitrate":18500,"qoeRebuffer":1529.399999141693,"qoeLatency":19763.399999999994,"qoeBitrateSwitch":300,"qoePlaybackSpeed":315.26091344469876},"chunk-stream4-00029":{"qoeTotal":-2324.260912586387,"qoeBitrate":20500,"qoeRebuffer":1529.399999141693,"qoeLatency":20679.599999999995,"qoeBitrateSwitch":300,"qoePlaybackSpeed":315.26091344469876},"chunk-stream4-00030":{"qoeTotal":-1239.8609125863854,"qoeBitrate":22500,"qoeRebuffer":1529.399999141693,"qoeLatency":21595.199999999993,"qoeBitrateSwitch":300,"qoePlaybackSpeed":315.26091344469876},"chunk-stream4-00031":{"qoeTotal":-156.06091258638605,"qoeBitrate":24500,"qoeRebuffer":1529.399999141693,"qoeLatency":22511.399999999994,"qoeBitrateSwitch":300,"qoePlaybackSpeed":315.26091344469876},"chunk-stream4-00032":{"qoeTotal":927.7390874136132,"qoeBitrate":26500,"qoeRebuffer":1529.399999141693,"qoeLatency":23427.599999999995,"qoeBitrateSwitch":300,"qoePlaybackSpeed":315.26091344469876},"chunk-stream4-00033":{"qoeTotal":2002.5390874136124,"qoeBitrate":28500,"qoeRebuffer":1529.399999141693,"qoeLatency":24352.799999999996,"qoeBitrateSwitch":300,"qoePlaybackSpeed":315.26091344469876},"chunk-stream4-00034":{"qoeTotal":3086.3390874136117,"qoeBitrate":30500,"qoeRebuffer":1529.399999141693,"qoeLatency":25268.999999999996,"qoeBitrateSwitch":300,"qoePlaybackSpeed":315.26091344469876},"chunk-stream4-00035":{"qoeTotal":4170.739087413614,"qoeBitrate":32500,"qoeRebuffer":1529.399999141693,"qoeLatency":26184.599999999995,"qoeBitrateSwitch":300,"qoePlaybackSpeed":315.26091344469876},"chunk-stream4-00036":{"qoeTotal":5254.539087413613,"qoeBitrate":34500,"qoeRebuffer":1529.399999141693,"qoeLatency":27100.799999999996,"qoeBitrateSwitch":300,"qoePlaybackSpeed":315.26091344469876},"chunk-stream4-00037":{"qoeTotal":6338.939087413614,"qoeBitrate":36500,"qoeRebuffer":1529.399999141693,"qoeLatency":28016.399999999994,"qoeBitrateSwitch":300,"qoePlaybackSpeed":315.26091344469876},"chunk-stream4-00038":{"qoeTotal":7415.539087413613,"qoeBitrate":38500,"qoeRebuffer":1529.399999141693,"qoeLatency":28939.799999999996,"qoeBitrateSwitch":300,"qoePlaybackSpeed":315.26091344469876},"chunk-stream4-00039":{"qoeTotal":8492.739087413613,"qoeBitrate":40500,"qoeRebuffer":1529.399999141693,"qoeLatency":29862.599999999995,"qoeBitrateSwitch":300,"qoePlaybackSpeed":315.26091344469876},"chunk-stream4-00040":{"qoeTotal":9569.939087413613,"qoeBitrate":42500,"qoeRebuffer":1529.399999141693,"qoeLatency":30785.399999999994,"qoeBitrateSwitch":300,"qoePlaybackSpeed":315.26091344469876},"chunk-stream4-00041":{"qoeTotal":10654.339087413615,"qoeBitrate":44500,"qoeRebuffer":1529.399999141693,"qoeLatency":31700.999999999993,"qoeBitrateSwitch":300,"qoePlaybackSpeed":315.26091344469876},"chunk-stream4-00042":{"qoeTotal":11732.739087413616,"qoeBitrate":46500,"qoeRebuffer":1529.399999141693,"qoeLatency":32622.59999999999,"qoeBitrateSwitch":300,"qoePlaybackSpeed":315.26091344469876},"chunk-stream4-00043":{"qoeTotal":12810.53908741362,"qoeBitrate":48500,"qoeRebuffer":1529.399999141693,"qoeLatency":33544.79999999999,"qoeBitrateSwitch":300,"qoePlaybackSpeed":315.26091344469876},"chunk-stream4-00044":{"qoeTotal":13889.53908741362,"qoeBitrate":50500,"qoeRebuffer":1529.399999141693,"qoeLatency":34465.79999999999,"qoeBitrateSwitch":300,"qoePlaybackSpeed":315.26091344469876},"chunk-stream4-00045":{"qoeTotal":14967.339087413622,"qoeBitrate":52500,"qoeRebuffer":1529.399999141693,"qoeLatency":35387.999999999985,"qoeBitrateSwitch":300,"qoePlaybackSpeed":315.26091344469876},"chunk-stream4-00046":{"qoeTotal":16045.739087413624,"qoeBitrate":54500,"qoeRebuffer":1529.399999141693,"qoeLatency":36309.599999999984,"qoeBitrateSwitch":300,"qoePlaybackSpeed":315.26091344469876},"chunk-stream4-00047":{"qoeTotal":17124.139087413627,"qoeBitrate":56500,"qoeRebuffer":1529.399999141693,"qoeLatency":37231.19999999998,"qoeBitrateSwitch":300,"qoePlaybackSpeed":315.26091344469876},"chunk-stream4-00048":{"qoeTotal":18202.53908741363,"qoeBitrate":58500,"qoeRebuffer":1529.399999141693,"qoeLatency":38152.79999999998,"qoeBitrateSwitch":300,"qoePlaybackSpeed":315.26091344469876},"chunk-stream4-00049":{"qoeTotal":19286.93908741363,"qoeBitrate":60500,"qoeRebuffer":1529.399999141693,"qoeLatency":39068.39999999998,"qoeBitrateSwitch":300,"qoePlaybackSpeed":315.26091344469876},"chunk-stream4-00050":{"qoeTotal":20363.53908741363,"qoeBitrate":62500,"qoeRebuffer":1529.399999141693,"qoeLatency":39991.79999999998,"qoeBitrateSwitch":300,"qoePlaybackSpeed":315.26091344469876},"chunk-stream4-00051":{"qoeTotal":21441.93908741363,"qoeBitrate":64500,"qoeRebuffer":1529.399999141693,"qoeLatency":40913.39999999998,"qoeBitrateSwitch":300,"qoePlaybackSpeed":315.26091344469876},"chunk-stream4-00052":{"qoeTotal":22526.33908741363,"qoeBitrate":66500,"qoeRebuffer":1529.399999141693,"qoeLatency":41828.99999999998,"qoeBitrateSwitch":300,"qoePlaybackSpeed":315.26091344469876},"chunk-stream4-00053":{"qoeTotal":23605.33908741363,"qoeBitrate":68500,"qoeRebuffer":1529.399999141693,"qoeLatency":42749.99999999998,"qoeBitrateSwitch":300,"qoePlaybackSpeed":315.26091344469876},"chunk-stream4-00054":{"qoeTotal":24683.739087413633,"qoeBitrate":70500,"qoeRebuffer":1529.399999141693,"qoeLatency":43671.59999999998,"qoeBitrateSwitch":300,"qoePlaybackSpeed":315.26091344469876},"chunk-stream4-00055":{"qoeTotal":25767.539087413636,"qoeBitrate":72500,"qoeRebuffer":1529.399999141693,"qoeLatency":44587.799999999974,"qoeBitrateSwitch":300,"qoePlaybackSpeed":315.26091344469876},"chunk-stream4-00056":{"qoeTotal":26851.33908741364,"qoeBitrate":74500,"qoeRebuffer":1529.399999141693,"qoeLatency":45503.99999999997,"qoeBitrateSwitch":300,"qoePlaybackSpeed":315.26091344469876},"chunk-stream4-00057":{"qoeTotal":27919.565579200775,"qoeBitrate":76500,"qoeRebuffer":1529.399999141693,