{"chunk-stream2-00018":{"qoeTotal":-921.7937328577011,"qoeBitrate":500,"qoeRebuffer":0,"qoeLatency":1374,"qoeBitrateSwitch":0,"qoePlaybackSpeed":47.7937328577011},"chunk-stream2-00019":{"qoeTotal":-5847.795531080167,"qoeBitrate":1000,"qoeRebuffer":3727.200000107289,"qoeLatency":3028.2,"qoeBitrateSwitch":0,"qoePlaybackSpeed":92.3955309728782},"chunk-stream2-00020":{"qoeTotal":-10462.60167448233,"qoeBitrate":1500,"qoeRebuffer":6869.40000012517,"qoeLatency":4954.2,"qoeBitrateSwitch":0,"qoePlaybackSpeed":139.00167435715957},"chunk-stream2-00021":{"qoeTotal":-15358.998959310851,"qoeBitrate":2000,"qoeRebuffer":10022.40000012517,"qoeLatency":7150.799999999999,"qoeBitrateSwitch":0,"qoePlaybackSpeed":185.79895918568127},"chunk-stream2-00022":{"qoeTotal":-20556.187310233818,"qoeBitrate":2500,"qoeRebuffer":13195.800000160933,"qoeLatency":9632.4,"qoeBitrateSwitch":0,"qoePlaybackSpeed":227.98731007288313},"chunk-stream2-00023":{"qoeTotal":-26105.41963152881,"qoeBitrate":3000,"qoeRebuffer":16374.000000178814,"qoeLatency":12458.4,"qoeBitrateSwitch":0,"qoePlaybackSpeed":273.0196313499943},"chunk-stream2-00024":{"qoeTotal":-31968.710348219196,"qoeBitrate":3500,"qoeRebuffer":19527.000000178814,"qoeLatency":15624.6,"qoeBitrateSwitch":0,"qoePlaybackSpeed":317.1103480403834},"chunk-stream2-00025":{"qoeTotal":-38150.49352633708,"qoeBitrate":4000,"qoeRebuffer":22656.000000178814,"qoeLatency":19136.4,"qoeBitrateSwitch":0,"qoePlaybackSpeed":358.09352615826236},"chunk-stream2-00026":{"qoeTotal":-44638.54736176298,"qoeBitrate":4500,"qoeRebuffer":25754.40000012517,"qoeLatency":22983,"qoeBitrateSwitch":0,"qoePlaybackSpeed":401.1473616378106},"chunk-stream2-00027":{"qoeTotal":-53084.07067063407,"qoeBitrate":5000,"qoeRebuffer":30489.000000178814,"qoeLatency":27149.4,"qoeBitrateSwitch":0,"qoePlaybackSpeed":445.6706704552546},"chunk-stream2-00028":{"qoeTotal":-60296.5485211827,"qoeBitrate":5500,"qoeRebuffer":33649.80000016093,"qoeLatency":31654.2,"qoeBitrateSwitch":0,"qoePlaybackSpeed":492.5485210217762},"chunk-stream2-00029":{"qoeTotal":-68924.29187331689,"qoeBitrate":6000,"qoeRebuffer":37909.20000010729,"qoeLatency":36475.2,"qoeBitrateSwitch":0,"qoePlaybackSpeed":539.8918732096126},"chunk-stream2-00030":{"qoeTotal":-78267.19668757833,"qoeBitrate":6500,"qoeRebuffer":42563.40000021458,"qoeLatency":41618.399999999994,"qoeBitrateSwitch":0,"qoePlaybackSpeed":585.3966873637607},"init-stream1":{"qoeTotal":-85563.55854119195,"qoeBitrate":6800,"qoeRebuffer":42563.40000021458,"qoeLatency":49132.799999999996,"qoeBitrateSwitch":40,"qoePlaybackSpeed":627.3585409773825},"chunk-stream1-00031":{"qoeTotal":-92162.69793515999,"qoeBitrate":7100,"qoeRebuffer":44088.00000026822,"qoeLatency":54473.399999999994,"qoeBitrateSwitch":40,"qoePlaybackSpeed":661.2979348917714},"chunk-stream1-00032":{"qoeTotal":-98909.51015215024,"qoeBitrate":7400,"qoeRebuffer":45670.2000002861,"qoeLatency":59896.2,"qoeBitrateSwitch":40,"qoePlaybackSpeed":703.1101518641359},"init-stream2":{"qoeTotal":-108157.06588502035,"qoeBitrate":7900,"qoeRebuffer":47247.600000321865,"qoeLatency":67980,"qoeBitrateSwitch":80,"qoePlaybackSpeed":749.4658846984852},"chunk-stream2-00033":{"qoeTotal":-118487.81851045521,"qoeBitrate":8400,"qoeRebuffer":52245.00000026822,"qoeLatency":73767.6,"qoeBitrateSwitch":80,"qoePlaybackSpeed":795.2185101869835},"chunk-stream1-00034":{"qoeTotal":-127007.09381996686,"qoeBitrate":8700,"qoeRebuffer":55093.80000025034,"qoeLatency":79657.20000000001,"qoeBitrateSwitch":120,"qoePlaybackSpeed":836.0938197165015},"chunk-stream1-00035":{"qoeTotal":-132699.739970364,"qoeBitrate":9000,"qoeRebuffer":55093.80000025034,"qoeLatency":85617.00000000001,"qoeBitrateSwitch":120,"qoePlaybackSpeed":868.9399701136598},"chunk-stream1-00036":{"qoeTotal":-138476.88058964544,"qoeBitrate":9300,"qoeRebuffer":55093.80000025034,"qoeLatency":91647.60000000002,"qoeBitrateSwitch":120,"qoePlaybackSpeed":915.480589395074},"chunk-stream2-00037":{"qoeTotal":-145849.7757437229,"qoeBitrate":9800,"qoeRebuffer":56618.40000021458,"qoeLatency":97908.60000000002,"qoeBitrateSwitch":160,"qoePlaybackSpeed":962.7757435082614},"chunk-stream2-00038":{"qoeTotal":-155135.46888408458,"qoeBitrate":10300,"qoeRebuffer":59787.60000023246,"qoeLatency":104478.00000000001,"qoeBitrateSwitch":160,"qoePlaybackSpeed":1009.8688838521183},"chunk-stream2-00039":{"qoeTotal":-164711.05257071226,"qoeBitrate":10800,"qoeRebuffer":62953.200000196695,"qoeLatency":111343.20000000001,"qoeBitrateSwitch":160,"qoePlaybackSpeed":1054.652570515558},"chunk-stream2-00040":{"qoeTotal":-175322.0176886881,"qoeBitrate":11300,"qoeRebuffer":66863.40000021458,"qoeLatency":118499.40000000001,"qoeBitrateSwitch":160,"qoePlaybackSpeed":1099.217688473483},"chunk-stream2-00041":{"qoeTotal":-185949.72151169067,"qoeBitrate":11800,"qoeRebuffer":70464.60000023246,"qoeLatency":125977.8,"qoeBitrateSwitch":160,"qoePlaybackSpeed":1147.3215114582206},"chunk-stream1-00042":{"qoeTotal":-194838.93031868502,"qoeBitrate":12100,"qoeRebuffer":72028.2000001967,"qoeLatency":133525.2,"qoeBitrateSwitch":200,"qoePlaybackSpeed":1185.530318488295},"chunk-stream2-00043":{"qoeTotal":-203609.14235807984,"qoeBitrate":12600,"qoeRebuffer":73535.40000021458,"qoeLatency":141204,"qoeBitrateSwitch":240,"qoePlaybackSpeed":1229.742357865255},"chunk-stream2-00044":{"qoeTotal":-212572.2760695887,"qoeBitrate":13100,"qoeRebuffer":75061.80000025034,"qoeLatency":149099.4,"qoeBitrateSwitch":240,"qoePlaybackSpeed":1271.0760693383672},"chunk-stream2-00069":{"qoeTotal":-220747.89417830456,"qoeBitrate":13600,"qoeRebuffer":75061.80000025034,"qoeLatency":157726.8,"qoeBitrateSwitch":240,"qoePlaybackSpeed":1319.294178054242},"chunk-stream2-00070":{"qoeTotal":-228064.11235421407,"qoeBitrate":14100,"qoeRebuffer":81133.2000002861,"qoeLatency":159429,"qoeBitrateSwitch":240,"qoePlaybackSpeed":1361.9123539279572},"chunk-stream2-00071":{"qoeTotal":-232663.52205145045,"qoeBitrate":14600,"qoeRebuffer":84240.60000032187,"qoeLatency":161379,"qoeBitrateSwitch":240,"qoePlaybackSpeed":1403.922051128574},"chunk-stream1-00072":{"qoeTotal":-236111.6822236411,"qoeBitrate":14900,"qoeRebuffer":85794.00000035763,"qoeLatency":163488.6,"qoeBitrateSwitch":280,"qoePlaybackSpeed":1449.0822232834896},"chunk-stream2-00073":{"qoeTotal":-239539.6974609744,"qoeBitrate":15400,"qoeRebuffer":87327.00000035763,"qoeLatency":165800.4,"qoeBitrateSwitch":320,"qoePlaybackSpeed":1492.2974606167647},"chunk-stream2-00074":{"qoeTotal":-245536.12675396056,"qoeBitrate":15900,"qoeRebuffer":91179.60000041127,"qoeLatency":168399.6,"qoeBitrateSwitch":320,"qoePlaybackSpeed":1536.9267535492925},"chunk-stream1-00075":{"qoeTotal":-249602.54791348727,"qoeBitrate":16200,"qoeRebuffer":92702.4000004828,"qoeLatency":171171,"qoeBitrateSwitch":360,"qoePlaybackSpeed":1569.1479130044645},"chunk-stream1-00076":{"qoeTotal":-253669.03205162226,"qoeBitrate":16500,"qoeRebuffer":94207.80000051856,"qoeLatency":173994,"qoeBitrateSwitch":360,"qoePlaybackSpeed":1607.2320511037042},"chunk-stream1-00077":{"qoeTotal":-257854.7428392656,"qoeBitrate":16800,"qoeRebuffer":95768.4000005722,"qoeLatency":176880.6,"qoeBitrateSwitch":360,"qoePlaybackSpeed":1645.7428386933893},"chunk-stream2-00078":{"qoeTotal":-263738.19302042795,"qoeBitrate":17300,"qoeRebuffer":98885.4000005722,"qoeLatency":180063.6,"qoeBitrateSwitch":400,"qoePlaybackSpeed":1689.1930198557495},"chunk-stream2-00079":{"qoeTotal":-269887.09156606725,"qoeBitrate":17800,"qoeRebuffer":102007.20000055432,"qoeLatency":183547.80000000002,"qoeBitrateSwitch":400,"qoePlaybackSpeed":1732.0915655128538},"chunk-stream2-00080":{"qoeTotal":-276329.5024975176,"qoeBitrate":18300,"qoeRebuffer":105129.60000059009,"qoeLatency":187324.80000000002,"qoeBitrateSwitch":400,"qoePlaybackSpeed":1775.1024969274845},"chunk-stream2-00081":{"qoeTotal":-284520.24734427786,"qoeBitrate":18800,"qoeRebuffer":109772.4000005722,"qoeLatency":191328.00000000003,"qoeBitrateSwitch":400,"qoePlaybackSpeed":1819.8473437056705},"chunk-stream2-00082":{"qoeTotal":-291944.1056027513,"qoeBitrate":19300,