{"chunk-stream2-00018":{"qoeTotal":-487.95382555330315,"qoeBitrate":500,"qoeRebuffer":0,"qoeLatency":948,"qoeBitrateSwitch":0,"qoePlaybackSpeed":39.95382555330313},"init-stream3":{"qoeTotal":-1653.553825553303,"qoeBitrate":1750,"qoeRebuffer":0,"qoeLatency":1863.6,"qoeBitrateSwitch":1500,"qoePlaybackSpeed":39.95382555330313},"chunk-stream3-00019":{"qoeTotal":-1414.3076511066063,"qoeBitrate":3000,"qoeRebuffer":0,"qoeLatency":2834.4,"qoeBitrateSwitch":1500,"qoePlaybackSpeed":79.90765110660627},"chunk-stream3-00020":{"qoeTotal":-1155.748906627426,"qoeBitrate":4250,"qoeRebuffer":0,"qoeLatency":3807,"qoeBitrateSwitch":1500,"qoePlaybackSpeed":98.74890662742608},"init-stream4":{"qoeTotal":-1644.7901621482456,"qoeBitrate":6250,"qoeRebuffer":0,"qoeLatency":4777.2,"qoeBitrateSwitch":3000,"qoePlaybackSpeed":117.5901621482459},"chunk-stream4-00021":{"qoeTotal":-623.78810474369,"qoeBitrate":8250,"qoeRebuffer":0,"qoeLatency":5740.8,"qoeBitrateSwitch":3000,"qoePlaybackSpeed":132.98810474368983},"chunk-stream4-00022":{"qoeTotal":410.3939052725432,"qoeBitrate":10250,"qoeRebuffer":0,"qoeLatency":6694.2,"qoeBitrateSwitch":3000,"qoePlaybackSpeed":145.406094727457},"chunk-stream4-00023":{"qoeTotal":1466.775915288776,"qoeBitrate":12250,"qoeRebuffer":0,"qoeLatency":7625.4,"qoeBitrateSwitch":3000,"qoePlaybackSpeed":157.82408471122417},"chunk-stream4-00024":{"qoeTotal":2539.9671009373124,"qoeBitrate":14250,"qoeRebuffer":0,"qoeLatency":8544.6,"qoeBitrateSwitch":3000,"qoePlaybackSpeed":165.4328990626874},"chunk-stream4-00025":{"qoeTotal":3617.7671009373116,"qoeBitrate":16250,"qoeRebuffer":0,"qoeLatency":9466.800000000001,"qoeBitrateSwitch":3000,"qoePlaybackSpeed":165.4328990626874},"chunk-stream4-00026":{"qoeTotal":4702.167100937311,"qoeBitrate":18250,"qoeRebuffer":0,"qoeLatency":10382.400000000001,"qoeBitrateSwitch":3000,"qoePlaybackSpeed":165.4328990626874},"chunk-stream4-00027":{"qoeTotal":5782.9671009373105,"qoeBitrate":20250,"qoeRebuffer":0,"qoeLatency":11301.600000000002,"qoeBitrateSwitch":3000,"qoePlaybackSpeed":165.4328990626874},"chunk-stream4-00028":{"qoeTotal":6860.76710093731,"qoeBitrate":22250,"qoeRebuffer":0,"qoeLatency":12223.800000000003,"qoeBitrateSwitch":3000,"qoePlaybackSpeed":165.4328990626874},"chunk-stream4-00029":{"qoeTotal":7945.167100937309,"qoeBitrate":24250,"qoeRebuffer":0,"qoeLatency":13139.400000000003,"qoeBitrateSwitch":3000,"qoePlaybackSpeed":165.4328990626874},"chunk-stream4-00030":{"qoeTotal":9029.567100937309,"qoeBitrate":26250,"qoeRebuffer":0,"qoeLatency":14055.000000000004,"qoeBitrateSwitch":3000,"qoePlaybackSpeed":165.4328990626874},"chunk-stream4-00031":{"qoeTotal":10114.567100937309,"qoeBitrate":28250,"qoeRebuffer":0,"qoeLatency":14970.000000000004,"qoeBitrateSwitch":3000,"qoePlaybackSpeed":165.4328990626874},"chunk-stream4-00032":{"qoeTotal":11198.967100937309,"qoeBitrate":30250,"qoeRebuffer":0,"qoeLatency":15885.600000000004,"qoeBitrateSwitch":3000,"qoePlaybackSpeed":165.4328990626874},"chunk-stream4-00033":{"qoeTotal":12283.367100937308,"qoeBitrate":32250,"qoeRebuffer":0,"qoeLatency":16801.200000000004,"qoeBitrateSwitch":3000,"qoePlaybackSpeed":165.4328990626874},"chunk-stream4-00034":{"qoeTotal":13367.76710093731,"qoeBitrate":34250,"qoeRebuffer":0,"qoeLatency":17716.800000000003,"qoeBitrateSwitch":3000,"qoePlaybackSpeed":165.4328990626874},"chunk-stream4-00035":{"qoeTotal":14452.167100937311,"qoeBitrate":36250,"qoeRebuffer":0,"qoeLatency":18632.4,"qoeBitrateSwitch":3000,"qoePlaybackSpeed":165.4328990626874},"chunk-stream4-00036":{"qoeTotal":15536.567100937313,"qoeBitrate":38250,"qoeRebuffer":0,"qoeLatency":19548,"qoeBitrateSwitch":3000,"qoePlaybackSpeed":165.4328990626874},"chunk-stream4-00037":{"qoeTotal":16614.36710093731,"qoeBitrate":40250,"qoeRebuffer":0,"qoeLatency":20470.2,"qoeBitrateSwitch":3000,"qoePlaybackSpeed":165.4328990626874},"chunk-stream4-00038":{"qoeTotal":17694.56710093731,"qoeBitrate":42250,"qoeRebuffer":0,"qoeLatency":21390,"qoeBitrateSwitch":3000,"qoePlaybackSpeed":165.4328990626874},"chunk-stream4-00039":{"qoeTotal":18778.967100937312,"qoeBitrate":44250,"qoeRebuffer":0,"qoeLatency":22305.6,"qoeBitrateSwitch":3000,"qoePlaybackSpeed":165.4328990626874},"chunk-stream4-00040":{"qoeTotal":19863.367100937314,"qoeBitrate":46250,"qoeRebuffer":0,"qoeLatency":23221.199999999997,"qoeBitrateSwitch":3000,"qoePlaybackSpeed":165.4328990626874},"chunk-stream4-00041":{"qoeTotal":20940.567100937315,"qoeBitrate":48250,"qoeRebuffer":0,"qoeLatency":24143.999999999996,"qoeBitrateSwitch":3000,"qoePlaybackSpeed":165.4328990626874},"chunk-stream4-00042":{"qoeTotal":22021.367100937314,"qoeBitrate":50250,"qoeRebuffer":0,"qoeLatency":25063.199999999997,"qoeBitrateSwitch":3000,"qoePlaybackSpeed":165.4328990626874},"chunk-stream4-00043":{"qoeTotal":23105.767100937315,"qoeBitrate":52250,"qoeRebuffer":0,"qoeLatency":25978.799999999996,"qoeBitrateSwitch":3000,"qoePlaybackSpeed":165.4328990626874},"chunk-stream4-00044":{"qoeTotal":24190.167100937317,"qoeBitrate":54250,"qoeRebuffer":0,"qoeLatency":26894.399999999994,"qoeBitrateSwitch":3000,"qoePlaybackSpeed":165.4328990626874},"chunk-stream4-00045":{"qoeTotal":25275.167100937317,"qoeBitrate":56250,"qoeRebuffer":0,"qoeLatency":27809.399999999994,"qoeBitrateSwitch":3000,"qoePlaybackSpeed":165.4328990626874},"chunk-stream4-00046":{"qoeTotal":26356.567100937318,"qoeBitrate":58250,"qoeRebuffer":0,"qoeLatency":28727.999999999993,"qoeBitrateSwitch":3000,"qoePlaybackSpeed":165.4328990626874},"chunk-stream4-00047":{"qoeTotal":27441.567100937318,"qoeBitrate":60250,"qoeRebuffer":0,"qoeLatency":29642.999999999993,"qoeBitrateSwitch":3000,"qoePlaybackSpeed":165.4328990626874},"chunk-stream4-00048":{"qoeTotal":28525.96710093732,"qoeBitrate":62250,"qoeRebuffer":0,"qoeLatency":30558.59999999999,"qoeBitrateSwitch":3000,"qoePlaybackSpeed":165.4328990626874},"chunk-stream4-00049":{"qoeTotal":29610.96710093732,"qoeBitrate":64250,"qoeRebuffer":0,"qoeLatency":31473.59999999999,"qoeBitrateSwitch":3000,"qoePlaybackSpeed":165.4328990626874},"chunk-stream4-00050":{"qoeTotal":30686.36710093732,"qoeBitrate":66250,"qoeRebuffer":0,"qoeLatency":32398.19999999999,"qoeBitrateSwitch":3000,"qoePlaybackSpeed":165.4328990626874},"chunk-stream4-00051":{"qoeTotal":31771.36710093732,"qoeBitrate":68250,"qoeRebuffer":0,"qoeLatency":33313.19999999999,"qoeBitrateSwitch":3000,"qoePlaybackSpeed":165.4328990626874},"chunk-stream4-00052":{"qoeTotal":32855.76710093732,"qoeBitrate":70250,"qoeRebuffer":0,"qoeLatency":34228.79999999999,"qoeBitrateSwitch":3000,"qoePlaybackSpeed":165.4328990626874},"chunk-stream4-00053":{"qoeTotal":33940.167100937324,"qoeBitrate":72250,"qoeRebuffer":0,"qoeLatency":35144.39999999999,"qoeBitrateSwitch":3000,"qoePlaybackSpeed":165.4328990626874},"chunk-stream4-00054":{"qoeTotal":35025.167100937324,"qoeBitrate":74250,"qoeRebuffer":0,"qoeLatency":36059.39999999999,"qoeBitrateSwitch":3000,"qoePlaybackSpeed":165.4328990626874},"chunk-stream4-00055":{"qoeTotal":36109.567100937325,"qoeBitrate":76250,"qoeRebuffer":0,"qoeLatency":36974.999999999985,"qoeBitrateSwitch":3000,"qoePlaybackSpeed":165.4328990626874},"chunk-stream4-00056":{"qoeTotal":37193.96710093733,"qoeBitrate":78250,"qoeRebuffer":0,"qoeLatency":37890.599999999984,"qoeBitrateSwitch":3000,"qoePlaybackSpeed":165.4328990626874},"chunk-stream4-00057":{"qoeTotal":38273.567100937325,"qoeBitrate":80250,"qoeRebuffer":0,"qoeLatency":38810.999999999985,"qoeBitrateSwitch":3000,"qoePlaybackSpeed":165.4328990626874},"chunk-stream4-00058":{"qoeTotal":39357.96710093733,"qoeBitrate":82250,"qoeRebuffer":0,"qoeLatency":39726.599999999984,"qoeBitrateSwitch":3000,"qoePlaybackSpeed":165.4328990626874},"chunk-stream4-00059":{"qoeTotal":40442.36710093733,"qoeBitrate":84250,"qoeRebuffer":0,"qoeLatency":40642.19999999998,"qoeBitrateSwitch":3000,"qoePlaybackSpeed":165.4328990626874},"chunk-stream4-00060":{"qoeTotal":41527.36710093733,"qoeBitrate":86250,"qoeRebuffer":0,"qoeLatency":41557.19999999998,"qoeBitrateSwitch":3000,"qoePlaybackSpeed":165.4328990626874},