{"chunk-stream2-00018":{"qoeTotal":-530.6634480550413,"qoeBitrate":500,"qoeRebuffer":0,"qoeLatency":983.9999999999999,"qoeBitrateSwitch":0,"qoePlaybackSpeed":46.663448055041435},"init-stream3":{"qoeTotal":-4775.992329662753,"qoeBitrate":1750,"qoeRebuffer":0,"qoeLatency":6280.2,"qoeBitrateSwitch":150,"qoePlaybackSpeed":95.79232966275359},"chunk-stream3-00019":{"qoeTotal":-4592.273946480526,"qoeBitrate":3000,"qoeRebuffer":0,"qoeLatency":7311.6,"qoeBitrateSwitch":150,"qoePlaybackSpeed":130.67394648052638},"init-stream4":{"qoeTotal":-9318.873946480528,"qoeBitrate":5000,"qoeRebuffer":0,"qoeLatency":13828.2,"qoeBitrateSwitch":300,"qoePlaybackSpeed":190.67394648052635},"chunk-stream4-00020":{"qoeTotal":-8395.731483027634,"qoeBitrate":7000,"qoeRebuffer":0,"qoeLatency":14893.800000000001,"qoeBitrateSwitch":300,"qoePlaybackSpeed":201.93148302763305},"chunk-stream4-00021":{"qoeTotal":-7534.09195454041,"qoeBitrate":9000,"qoeRebuffer":0,"qoeLatency":15997.2,"qoeBitrateSwitch":300,"qoePlaybackSpeed":236.8919545404095},"chunk-stream4-00022":{"qoeTotal":-6700.9722422550585,"qoeBitrate":11000,"qoeRebuffer":0,"qoeLatency":17136,"qoeBitrateSwitch":300,"qoePlaybackSpeed":264.97224225505823},"chunk-stream4-00023":{"qoeTotal":-5902.4576278639715,"qoeBitrate":13000,"qoeRebuffer":0,"qoeLatency":18324,"qoeBitrateSwitch":300,"qoePlaybackSpeed":278.4576278639712},"chunk-stream4-00024":{"qoeTotal":-5143.265129593414,"qoeBitrate":15000,"qoeRebuffer":0,"qoeLatency":19541.4,"qoeBitrateSwitch":300,"qoePlaybackSpeed":301.86512959341195},"chunk-stream4-00025":{"qoeTotal":-4412.202385257861,"qoeBitrate":17000,"qoeRebuffer":0,"qoeLatency":20800.2,"qoeBitrateSwitch":300,"qoePlaybackSpeed":312.0023852578607},"chunk-stream4-00026":{"qoeTotal":-3730.3085798997517,"qoeBitrate":19000,"qoeRebuffer":0,"qoeLatency":22089,"qoeBitrateSwitch":300,"qoePlaybackSpeed":341.30857989975163},"chunk-stream4-00027":{"qoeTotal":-3085.978993153608,"qoeBitrate":21000,"qoeRebuffer":0,"qoeLatency":23422.2,"qoeBitrateSwitch":300,"qoePlaybackSpeed":363.7789931536074},"chunk-stream4-00028":{"qoeTotal":-2493.1072499547463,"qoeBitrate":23000,"qoeRebuffer":0,"qoeLatency":24792,"qoeBitrateSwitch":300,"qoePlaybackSpeed":401.10724995474607},"chunk-stream4-00029":{"qoeTotal":-1914.5975289737198,"qoeBitrate":25000,"qoeRebuffer":0,"qoeLatency":26197.2,"qoeBitrateSwitch":300,"qoePlaybackSpeed":417.39752897371903},"chunk-stream4-00030":{"qoeTotal":-1378.3260981996955,"qoeBitrate":27000,"qoeRebuffer":0,"qoeLatency":27629.4,"qoeBitrateSwitch":300,"qoePlaybackSpeed":448.9260981996939},"chunk-stream4-00031":{"qoeTotal":-886.7318819756654,"qoeBitrate":29000,"qoeRebuffer":0,"qoeLatency":29079,"qoeBitrateSwitch":300,"qoePlaybackSpeed":507.73188197566543},"chunk-stream4-00032":{"qoeTotal":-319.94975411599,"qoeBitrate":31000,"qoeRebuffer":0,"qoeLatency":30483.6,"qoeBitrateSwitch":300,"qoePlaybackSpeed":536.3497541159915},"chunk-stream4-00033":{"qoeTotal":208.27501940880018,"qoeBitrate":33000,"qoeRebuffer":0,"qoeLatency":31930.8,"qoeBitrateSwitch":300,"qoePlaybackSpeed":560.9249805912006},"chunk-stream4-00034":{"qoeTotal":709.1018090262552,"qoeBitrate":35000,"qoeRebuffer":0,"qoeLatency":33402.6,"qoeBitrateSwitch":300,"qoePlaybackSpeed":588.2981909737463},"chunk-stream4-00035":{"qoeTotal":1224.7086556072727,"qoeBitrate":37000,"qoeRebuffer":0,"qoeLatency":34882.799999999996,"qoeBitrateSwitch":300,"qoePlaybackSpeed":592.4913443927318},"chunk-stream4-00036":{"qoeTotal":1693.8979272150218,"qoeBitrate":39000,"qoeRebuffer":0,"qoeLatency":36354.6,"qoeBitrateSwitch":300,"qoePlaybackSpeed":651.5020727849796},"chunk-stream4-00037":{"qoeTotal":2264.99762491034,"qoeBitrate":41000,"qoeRebuffer":0,"qoeLatency":37773.6,"qoeBitrateSwitch":300,"qoePlaybackSpeed":661.4023750896611},"chunk-stream4-00038":{"qoeTotal":2795.8251873084696,"qoeBitrate":43000,"qoeRebuffer":0,"qoeLatency":39227.4,"qoeBitrateSwitch":300,"qoePlaybackSpeed":676.7748126915288},"chunk-stream4-00039":{"qoeTotal":3271.858296616225,"qoeBitrate":45000,"qoeRebuffer":0,"qoeLatency":40722.6,"qoeBitrateSwitch":300,"qoePlaybackSpeed":705.5417033837764},"chunk-stream4-00040":{"qoeTotal":3692.4479649715454,"qoeBitrate":47000,"qoeRebuffer":0,"qoeLatency":42268.2,"qoeBitrateSwitch":300,"qoePlaybackSpeed":739.3520350284575},"chunk-stream3-00041":{"qoeTotal":3192.4397469219007,"qoeBitrate":48250,"qoeRebuffer":0,"qoeLatency":43843.799999999996,"qoeBitrateSwitch":450,"qoePlaybackSpeed":763.7602530781038},"chunk-stream3-00042":{"qoeTotal":2819.8339855147556,"qoeBitrate":49500,"qoeRebuffer":0,"qoeLatency":45406.799999999996,"qoeBitrateSwitch":450,"qoePlaybackSpeed":823.3660144852488},"chunk-stream3-00043":{"qoeTotal":2497.628224107612,"qoeBitrate":50750,"qoeRebuffer":0,"qoeLatency":46919.399999999994,"qoeBitrateSwitch":450,"qoePlaybackSpeed":882.9717758923938},"chunk-stream3-00044":{"qoeTotal":2233.0224627004673,"qoeBitrate":52000,"qoeRebuffer":0,"qoeLatency":48374.399999999994,"qoeBitrateSwitch":450,"qoePlaybackSpeed":942.5775372995388},"chunk-stream3-00045":{"qoeTotal":2088.254107431265,"qoeBitrate":53250,"qoeRebuffer":0,"qoeLatency":49766.99999999999,"qoeBitrateSwitch":450,"qoePlaybackSpeed":944.7458925687423},"chunk-stream3-00046":{"qoeTotal":1935.00080855369,"qoeBitrate":54500,"qoeRebuffer":0,"qoeLatency":51112.19999999999,"qoeBitrateSwitch":450,"qoePlaybackSpeed":1002.7991914463203},"chunk-stream3-00047":{"qoeTotal":1833.947509676112,"qoeBitrate":55750,"qoeRebuffer":0,"qoeLatency":52405.19999999999,"qoeBitrateSwitch":450,"qoePlaybackSpeed":1060.852490323898},"chunk-stream3-00048":{"qoeTotal":1789.7158910631417,"qoeBitrate":57000,"qoeRebuffer":0,"qoeLatency":53645.39999999999,"qoeBitrateSwitch":450,"qoePlaybackSpeed":1114.8841089368714},"chunk-stream3-00049":{"qoeTotal":1857.4323301181496,"qoeBitrate":58250,"qoeRebuffer":0,"qoeLatency":54781.79999999999,"qoeBitrateSwitch":450,"qoePlaybackSpeed":1160.767669881862},"chunk-stream3-00050":{"qoeTotal":1993.1743056657372,"qoeBitrate":59500,"qoeRebuffer":0,"qoeLatency":55855.79999999999,"qoeBitrateSwitch":450,"qoePlaybackSpeed":1201.0256943342745},"chunk-stream3-00051":{"qoeTotal":2172.780801876461,"qoeBitrate":60750,"qoeRebuffer":0,"qoeLatency":56890.79999999999,"qoeBitrateSwitch":450,"qoePlaybackSpeed":1236.4191981235506},"chunk-stream3-00052":{"qoeTotal":2382.366462141681,"qoeBitrate":62000,"qoeRebuffer":0,"qoeLatency":57904.19999999999,"qoeBitrateSwitch":450,"qoePlaybackSpeed":1263.4335378583294},"chunk-stream4-00052":{"qoeTotal":3226.4630919668593,"qoeBitrate":64000,"qoeRebuffer":0,"qoeLatency":58897.79999999999,"qoeBitrateSwitch":600,"qoePlaybackSpeed":1275.7369080331523},"chunk-stream4-00053":{"qoeTotal":4221.72645480616,"qoeBitrate":66000,"qoeRebuffer":0,"qoeLatency":59891.999999999985,"qoeBitrateSwitch":600,"qoePlaybackSpeed":1286.2735451938543},"chunk-stream4-00054":{"qoeTotal":5229.611834345752,"qoeBitrate":68000,"qoeRebuffer":0,"qoeLatency":60864.599999999984,"qoeBitrateSwitch":600,"qoePlaybackSpeed":1305.788165654264},"chunk-stream4-00055":{"qoeTotal":6239.044087856094,"qoeBitrate":70000,"qoeRebuffer":0,"qoeLatency":61810.19999999998,"qoeBitrateSwitch":600,"qoePlaybackSpeed":1350.7559121439235},"chunk-stream4-00056":{"qoeTotal":6929.244087856091,"qoeBitrate":72000,"qoeRebuffer":0,"qoeLatency":63119.999999999985,"qoeBitrateSwitch":600,"qoePlaybackSpeed":1350.7559121439235},"chunk-stream4-00057":{"qoeTotal":1181.15432702736,"qoeBitrate":74000,"qoeRebuffer":6279,"qoeLatency":64552.79999999999,"qoeBitrateSwitch":600,"qoePlaybackSpeed":1387.0456729726516},"chunk-stream4-00058":{"qoeTotal":106.82358272482611,"qoeBitrate":76000,"qoeRebuffer":7815,"qoeLatency":66061.79999999999,"qoeBitrateSwitch":600,"qoePlaybackSpeed":1416.3764172751855},"chunk-stream4-00059":{"qoeTotal":511.6375301114465,"qoeBitrate":78000,"qoeRebuffer":7815,"qoeLatency":67630.79999999999,"qoeBitrateSwitch":600,"qoePlaybackSpeed":1442.5624698885651},"chunk-stream3-00060":{"qoeTotal":7.561095430845171,"qoeBitrate":79250,"qoeRebuffer":7815,"qoeLatency":69229.79999999999,