{"chunk-stream2-00018":{"qoeTotal":-477.8884123677187,"qoeBitrate":500,"qoeRebuffer":0,"qoeLatency":939,"qoeBitrateSwitch":0,"qoePlaybackSpeed":38.88841236771867},"init-stream0":{"qoeTotal":-2063.3199453976945,"qoeBitrate":600,"qoeRebuffer":0,"qoeLatency":1818.6,"qoeBitrateSwitch":800,"qoePlaybackSpeed":44.719945397694794},"chunk-stream0-00019":{"qoeTotal":-2949.6083577654135,"qoeBitrate":700,"qoeRebuffer":0,"qoeLatency":2766,"qoeBitrateSwitch":800,"qoePlaybackSpeed":83.60835776541347},"chunk-stream0-00020":{"qoeTotal":-3838.896770133132,"qoeBitrate":800,"qoeRebuffer":0,"qoeLatency":3716.4,"qoeBitrateSwitch":800,"qoePlaybackSpeed":122.49677013313215},"chunk-stream0-00021":{"qoeTotal":-4723.348351150993,"qoeBitrate":900,"qoeRebuffer":0,"qoeLatency":4684.2,"qoeBitrateSwitch":800,"qoePlaybackSpeed":139.1483511509932},"init-stream5":{"qoeTotal":-8405.948351150992,"qoeBitrate":3900,"qoeRebuffer":0,"qoeLatency":5566.8,"qoeBitrateSwitch":6600,"qoePlaybackSpeed":139.1483511509932},"chunk-stream5-00022":{"qoeTotal":-6359.523428562928,"qoeBitrate":6900,"qoeRebuffer":0,"qoeLatency":6509.400000000001,"qoeBitrateSwitch":6600,"qoePlaybackSpeed":150.12342856292682},"chunk-stream5-00023":{"qoeTotal":-4296.89850597486,"qoeBitrate":9900,"qoeRebuffer":0,"qoeLatency":7435.8,"qoeBitrateSwitch":6600,"qoePlaybackSpeed":161.09850597486044},"chunk-stream5-00024":{"qoeTotal":-2287.9300401492465,"qoeBitrate":12900,"qoeRebuffer":106.80000114440917,"qoeLatency":8314.2,"qoeBitrateSwitch":6600,"qoePlaybackSpeed":166.93003900483657},"chunk-stream0-00025":{"qoeTotal":-8871.130040149248,"qoeBitrate":13000,"qoeRebuffer":106.80000114440917,"qoeLatency":9197.400000000001,"qoeBitrateSwitch":12400,"qoePlaybackSpeed":166.93003900483657},"init-stream3":{"qoeTotal":-10804.330040149249,"qoeBitrate":14250,"qoeRebuffer":106.80000114440917,"qoeLatency":10080.600000000002,"qoeBitrateSwitch":14700,"qoePlaybackSpeed":166.93003900483657},"chunk-stream3-00026":{"qoeTotal":-10436.93004014925,"qoeBitrate":15500,"qoeRebuffer":106.80000114440917,"qoeLatency":10963.200000000003,"qoeBitrateSwitch":14700,"qoePlaybackSpeed":166.93003900483657},"chunk-stream5-00027":{"qoeTotal":-11820.13004014925,"qoeBitrate":18500,"qoeRebuffer":106.80000114440917,"qoeLatency":11846.400000000003,"qoeBitrateSwitch":18200,"qoePlaybackSpeed":166.93003900483657},"chunk-stream5-00028":{"qoeTotal":-9703.33004014925,"qoeBitrate":21500,"qoeRebuffer":106.80000114440917,"qoeLatency":12729.600000000004,"qoeBitrateSwitch":18200,"qoePlaybackSpeed":166.93003900483657},"chunk-stream5-00029":{"qoeTotal":-7585.93004014925,"qoeBitrate":24500,"qoeRebuffer":106.80000114440917,"qoeLatency":13612.200000000004,"qoeBitrateSwitch":18200,"qoePlaybackSpeed":166.93003900483657},"chunk-stream5-00030":{"qoeTotal":-5469.130040149251,"qoeBitrate":27500,"qoeRebuffer":106.80000114440917,"qoeLatency":14495.400000000005,"qoeBitrateSwitch":18200,"qoePlaybackSpeed":166.93003900483657},"chunk-stream5-00031":{"qoeTotal":-3352.3300401492515,"qoeBitrate":30500,"qoeRebuffer":106.80000114440917,"qoeLatency":15378.600000000006,"qoeBitrateSwitch":18200,"qoePlaybackSpeed":166.93003900483657},"chunk-stream5-00032":{"qoeTotal":-1235.5300401492523,"qoeBitrate":33500,"qoeRebuffer":106.80000114440917,"qoeLatency":16261.800000000007,"qoeBitrateSwitch":18200,"qoePlaybackSpeed":166.93003900483657},"chunk-stream5-00033":{"qoeTotal":881.8699598507492,"qoeBitrate":36500,"qoeRebuffer":106.80000114440917,"qoeLatency":17144.400000000005,"qoeBitrateSwitch":18200,"qoePlaybackSpeed":166.93003900483657},"chunk-stream5-00034":{"qoeTotal":2999.2699598507506,"qoeBitrate":39500,"qoeRebuffer":106.80000114440917,"qoeLatency":18027.000000000004,"qoeBitrateSwitch":18200,"qoePlaybackSpeed":166.93003900483657},"chunk-stream5-00035":{"qoeTotal":5116.669959850752,"qoeBitrate":42500,"qoeRebuffer":106.80000114440917,"qoeLatency":18909.600000000002,"qoeBitrateSwitch":18200,"qoePlaybackSpeed":166.93003900483657},"chunk-stream5-00036":{"qoeTotal":7234.069959850754,"qoeBitrate":45500,"qoeRebuffer":106.80000114440917,"qoeLatency":19792.2,"qoeBitrateSwitch":18200,"qoePlaybackSpeed":166.93003900483657},"chunk-stream5-00037":{"qoeTotal":9340.669959850751,"qoeBitrate":48500,"qoeRebuffer":106.80000114440917,"qoeLatency":20685.600000000002,"qoeBitrateSwitch":18200,"qoePlaybackSpeed":166.93003900483657},"chunk-stream5-00038":{"qoeTotal":11457.46995985075,"qoeBitrate":51500,"qoeRebuffer":106.80000114440917,"qoeLatency":21568.800000000003,"qoeBitrateSwitch":18200,"qoePlaybackSpeed":166.93003900483657},"chunk-stream5-00039":{"qoeTotal":13567.669959850751,"qoeBitrate":54500,"qoeRebuffer":106.80000114440917,"qoeLatency":22458.600000000002,"qoeBitrateSwitch":18200,"qoePlaybackSpeed":166.93003900483657},"chunk-stream5-00040":{"qoeTotal":15684.46995985075,"qoeBitrate":57500,"qoeRebuffer":106.80000114440917,"qoeLatency":23341.800000000003,"qoeBitrateSwitch":18200,"qoePlaybackSpeed":166.93003900483657},"chunk-stream5-00041":{"qoeTotal":17791.06995985075,"qoeBitrate":60500,"qoeRebuffer":106.80000114440917,"qoeLatency":24235.200000000004,"qoeBitrateSwitch":18200,"qoePlaybackSpeed":166.93003900483657},"chunk-stream5-00042":{"qoeTotal":19900.06995985075,"qoeBitrate":63500,"qoeRebuffer":106.80000114440917,"qoeLatency":25126.200000000004,"qoeBitrateSwitch":18200,"qoePlaybackSpeed":166.93003900483657},"chunk-stream5-00043":{"qoeTotal":22017.46995985075,"qoeBitrate":66500,"qoeRebuffer":106.80000114440917,"qoeLatency":26008.800000000003,"qoeBitrateSwitch":18200,"qoePlaybackSpeed":166.93003900483657},"chunk-stream5-00044":{"qoeTotal":24134.26995985075,"qoeBitrate":69500,"qoeRebuffer":106.80000114440917,"qoeLatency":26892.000000000004,"qoeBitrateSwitch":18200,"qoePlaybackSpeed":166.93003900483657},"chunk-stream5-00045":{"qoeTotal":26243.86995985075,"qoeBitrate":72500,"qoeRebuffer":106.80000114440917,"qoeLatency":27782.400000000005,"qoeBitrateSwitch":18200,"qoePlaybackSpeed":166.93003900483657},"chunk-stream5-00046":{"qoeTotal":28360.669959850748,"qoeBitrate":75500,"qoeRebuffer":106.80000114440917,"qoeLatency":28665.600000000006,"qoeBitrateSwitch":18200,"qoePlaybackSpeed":166.93003900483657},"chunk-stream5-00047":{"qoeTotal":30472.669959850748,"qoeBitrate":78500,"qoeRebuffer":106.80000114440917,"qoeLatency":29553.600000000006,"qoeBitrateSwitch":18200,"qoePlaybackSpeed":166.93003900483657},"chunk-stream5-00048":{"qoeTotal":32589.469959850747,"qoeBitrate":81500,"qoeRebuffer":106.80000114440917,"qoeLatency":30436.800000000007,"qoeBitrateSwitch":18200,"qoePlaybackSpeed":166.93003900483657},"chunk-stream5-00049":{"qoeTotal":34706.269959850746,"qoeBitrate":84500,"qoeRebuffer":106.80000114440917,"qoeLatency":31320.000000000007,"qoeBitrateSwitch":18200,"qoePlaybackSpeed":166.93003900483657},"chunk-stream5-00050":{"qoeTotal":36823.06995985074,"qoeBitrate":87500,"qoeRebuffer":106.80000114440917,"qoeLatency":32203.200000000008,"qoeBitrateSwitch":18200,"qoePlaybackSpeed":166.93003900483657},"chunk-stream5-00051":{"qoeTotal":38939.869959850745,"qoeBitrate":90500,"qoeRebuffer":106.80000114440917,"qoeLatency":33086.40000000001,"qoeBitrateSwitch":18200,"qoePlaybackSpeed":166.93003900483657},"chunk-stream5-00052":{"qoeTotal":41056.66995985075,"qoeBitrate":93500,"qoeRebuffer":106.80000114440917,"qoeLatency":33969.600000000006,"qoeBitrateSwitch":18200,"qoePlaybackSpeed":166.93003900483657},"chunk-stream5-00053":{"qoeTotal":43173.46995985075,"qoeBitrate":96500,"qoeRebuffer":106.80000114440917,"qoeLatency":34852.8,"qoeBitrateSwitch":18200,"qoePlaybackSpeed":166.93003900483657},"chunk-stream5-00054":{"qoeTotal":45283.66995985075,"qoeBitrate":99500,"qoeRebuffer":106.80000114440917,"qoeLatency":35742.600000000006,"qoeBitrateSwitch":18200,"qoePlaybackSpeed":166.93003900483657},"chunk-stream5-00055":{"qoeTotal":47400.46995985075,"qoeBitrate":102500,"qoeRebuffer":106.80000114440917,"qoeLatency":36625.8,"qoeBitrateSwitch":18200,"qoePlaybackSpeed":166.93003900483657},"chunk-stream5-00056":{"qoeTotal":49517.86995985075,"qoeBitrate":105500,