{"chunk-stream2-00018":{"qoeTotal":-475.7985923282139,"qoeBitrate":500,"qoeRebuffer":0,"qoeLatency":939.6,"qoeBitrateSwitch":0,"qoePlaybackSpeed":36.19859232821385},"init-stream3":{"qoeTotal":-1791.7300786548585,"qoeBitrate":1750,"qoeRebuffer":0,"qoeLatency":1956,"qoeBitrateSwitch":1500,"qoePlaybackSpeed":85.7300786548586},"chunk-stream3-00019":{"qoeTotal":-1530.7286709830726,"qoeBitrate":3000,"qoeRebuffer":0,"qoeLatency":2908.8,"qoeBitrateSwitch":1500,"qoePlaybackSpeed":121.92867098307245},"init-stream5":{"qoeTotal":-2958.30875066057,"qoeBitrate":6000,"qoeRebuffer":0,"qoeLatency":3830.4,"qoeBitrateSwitch":5000,"qoePlaybackSpeed":127.90875066056977},"chunk-stream5-00020":{"qoeTotal":-931.1262407889017,"qoeBitrate":9000,"qoeRebuffer":0,"qoeLatency":4787.4,"qoeBitrateSwitch":5000,"qoePlaybackSpeed":143.72624078890198},"chunk-stream5-00021":{"qoeTotal":1108.482675521517,"qoeBitrate":12000,"qoeRebuffer":0,"qoeLatency":5734.799999999999,"qoeBitrateSwitch":5000,"qoePlaybackSpeed":156.7173244784837},"chunk-stream5-00022":{"qoeTotal":3158.488566051437,"qoeBitrate":15000,"qoeRebuffer":0,"qoeLatency":6674.4,"qoeBitrateSwitch":5000,"qoePlaybackSpeed":167.1114339485633},"chunk-stream5-00023":{"qoeTotal":5222.294456581358,"qoeBitrate":18000,"qoeRebuffer":0,"qoeLatency":7600.2,"qoeBitrateSwitch":5000,"qoePlaybackSpeed":177.5055434186429},"chunk-stream5-00024":{"qoeTotal":7304.894456581356,"qoeBitrate":21000,"qoeRebuffer":0,"qoeLatency":8517.6,"qoeBitrateSwitch":5000,"qoePlaybackSpeed":177.5055434186429},"chunk-stream5-00025":{"qoeTotal":9387.494456581357,"qoeBitrate":24000,"qoeRebuffer":0,"qoeLatency":9435,"qoeBitrateSwitch":5000,"qoePlaybackSpeed":177.5055434186429},"chunk-stream5-00026":{"qoeTotal":11468.002875140108,"qoeBitrate":27000,"qoeRebuffer":0,"qoeLatency":10350,"qoeBitrateSwitch":5000,"qoePlaybackSpeed":181.99712485989284},"chunk-stream5-00027":{"qoeTotal":13552.402875140107,"qoeBitrate":30000,"qoeRebuffer":0,"qoeLatency":11265.6,"qoeBitrateSwitch":5000,"qoePlaybackSpeed":181.99712485989284},"chunk-stream5-00028":{"qoeTotal":15637.402875140107,"qoeBitrate":33000,"qoeRebuffer":0,"qoeLatency":12180.6,"qoeBitrateSwitch":5000,"qoePlaybackSpeed":181.99712485989284},"chunk-stream5-00029":{"qoeTotal":17722.40287514011,"qoeBitrate":36000,"qoeRebuffer":0,"qoeLatency":13095.6,"qoeBitrateSwitch":5000,"qoePlaybackSpeed":181.99712485989284},"chunk-stream5-00030":{"qoeTotal":19794.802875140107,"qoeBitrate":39000,"qoeRebuffer":0,"qoeLatency":14023.2,"qoeBitrateSwitch":5000,"qoePlaybackSpeed":181.99712485989284},"chunk-stream5-00031":{"qoeTotal":21879.802875140107,"qoeBitrate":42000,"qoeRebuffer":0,"qoeLatency":14938.2,"qoeBitrateSwitch":5000,"qoePlaybackSpeed":181.99712485989284},"chunk-stream5-00032":{"qoeTotal":23964.802875140107,"qoeBitrate":45000,"qoeRebuffer":0,"qoeLatency":15853.2,"qoeBitrateSwitch":5000,"qoePlaybackSpeed":181.99712485989284},"chunk-stream5-00033":{"qoeTotal":26049.802875140107,"qoeBitrate":48000,"qoeRebuffer":0,"qoeLatency":16768.2,"qoeBitrateSwitch":5000,"qoePlaybackSpeed":181.99712485989284},"chunk-stream5-00034":{"qoeTotal":28134.802875140107,"qoeBitrate":51000,"qoeRebuffer":0,"qoeLatency":17683.2,"qoeBitrateSwitch":5000,"qoePlaybackSpeed":181.99712485989284},"chunk-stream5-00035":{"qoeTotal":30212.002875140108,"qoeBitrate":54000,"qoeRebuffer":0,"qoeLatency":18606,"qoeBitrateSwitch":5000,"qoePlaybackSpeed":181.99712485989284},"chunk-stream5-00036":{"qoeTotal":32221.189167679295,"qoeBitrate":57000,"qoeRebuffer":0,"qoeLatency":19561.2,"qoeBitrateSwitch":5000,"qoePlaybackSpeed":217.61083232070365},"init-stream2":{"qoeTotal":26729.775460218487,"qoeBitrate":57500,"qoeRebuffer":0,"qoeLatency":20517,"qoeBitrateSwitch":10000,"qoePlaybackSpeed":253.22453978151447},"chunk-stream2-00037":{"qoeTotal":26170.44397389184,"qoeBitrate":58000,"qoeRebuffer":0,"qoeLatency":21526.8,"qoeBitrateSwitch":10000,"qoePlaybackSpeed":302.75602610815923},"chunk-stream3-00038":{"qoeTotal":23312.241051028635,"qoeBitrate":59250,"qoeRebuffer":1545.5999994277954,"qoeLatency":22566,"qoeBitrateSwitch":11500,"qoePlaybackSpeed":326.1589495435686},"init-stream4":{"qoeTotal":22746.038127593227,"qoeBitrate":61250,"qoeRebuffer":1545.5999994277954,"qoeLatency":23608.8,"qoeBitrateSwitch":13000,"qoePlaybackSpeed":349.56187297897793},"chunk-stream4-00039":{"qoeTotal":23668.26615111322,"qoeBitrate":63250,"qoeRebuffer":1545.5999994277954,"qoeLatency":24653.399999999998,"qoeBitrateSwitch":13000,"qoePlaybackSpeed":382.73384945898573},"chunk-stream4-00040":{"qoeTotal":24597.094174633214,"qoeBitrate":65250,"qoeRebuffer":1545.5999994277954,"qoeLatency":25691.399999999998,"qoeBitrateSwitch":13000,"qoePlaybackSpeed":415.90582593899353},"chunk-stream4-00041":{"qoeTotal":25548.722198153206,"qoeBitrate":67250,"qoeRebuffer":1545.5999994277954,"qoeLatency":26706.6,"qoeBitrateSwitch":13000,"qoePlaybackSpeed":449.07780241900133},"chunk-stream4-00042":{"qoeTotal":26544.499690904846,"qoeBitrate":69250,"qoeRebuffer":1545.5999994277954,"qoeLatency":27688.8,"qoeBitrateSwitch":13000,"qoePlaybackSpeed":471.10030966735917},"chunk-stream4-00043":{"qoeTotal":27573.482200776514,"qoeBitrate":71250,"qoeRebuffer":1545.5999994277954,"qoeLatency":28644,"qoeBitrateSwitch":13000,"qoePlaybackSpeed":486.9177997956914},"chunk-stream4-00044":{"qoeTotal":28630.04266482473,"qoeBitrate":73250,"qoeRebuffer":1545.5999994277954,"qoeLatency":29578.8,"qoeBitrateSwitch":13000,"qoePlaybackSpeed":495.5573357474736},"chunk-stream4-00045":{"qoeTotal":29701.262585147237,"qoeBitrate":75250,"qoeRebuffer":1545.5999994277954,"qoeLatency":30501.6,"qoeBitrateSwitch":13000,"qoePlaybackSpeed":501.5374154249709},"chunk-stream5-00046":{"qoeTotal":29786.262585147237,"qoeBitrate":78250,"qoeRebuffer":1545.5999994277954,"qoeLatency":31416.6,"qoeBitrateSwitch":15000,"qoePlaybackSpeed":501.5374154249709},"chunk-stream5-00047":{"qoeTotal":31871.862585147235,"qoeBitrate":81250,"qoeRebuffer":1545.5999994277954,"qoeLatency":32331,"qoeBitrateSwitch":15000,"qoePlaybackSpeed":501.5374154249709},"chunk-stream5-00048":{"qoeTotal":33957.46258514723,"qoeBitrate":84250,"qoeRebuffer":1545.5999994277954,"qoeLatency":33245.4,"qoeBitrateSwitch":15000,"qoePlaybackSpeed":501.5374154249709},"chunk-stream5-00049":{"qoeTotal":36043.06258514723,"qoeBitrate":87250,"qoeRebuffer":1545.5999994277954,"qoeLatency":34159.8,"qoeBitrateSwitch":15000,"qoePlaybackSpeed":501.5374154249709},"chunk-stream5-00050":{"qoeTotal":38128.66258514723,"qoeBitrate":90250,"qoeRebuffer":1545.5999994277954,"qoeLatency":35074.200000000004,"qoeBitrateSwitch":15000,"qoePlaybackSpeed":501.5374154249709},"chunk-stream5-00051":{"qoeTotal":40214.262585147226,"qoeBitrate":93250,"qoeRebuffer":1545.5999994277954,"qoeLatency":35988.600000000006,"qoeBitrateSwitch":15000,"qoePlaybackSpeed":501.5374154249709},"chunk-stream5-00052":{"qoeTotal":42299.862585147224,"qoeBitrate":96250,"qoeRebuffer":1545.5999994277954,"qoeLatency":36903.00000000001,"qoeBitrateSwitch":15000,"qoePlaybackSpeed":501.5374154249709},"chunk-stream5-00053":{"qoeTotal":44384.862585147224,"qoeBitrate":99250,"qoeRebuffer":1545.5999994277954,"qoeLatency":37818.00000000001,"qoeBitrateSwitch":15000,"qoePlaybackSpeed":501.5374154249709},"chunk-stream5-00054":{"qoeTotal":46470.46258514722,"qoeBitrate":102250,"qoeRebuffer":1545.5999994277954,"qoeLatency":38732.40000000001,"qoeBitrateSwitch":15000,"qoePlaybackSpeed":501.5374154249709},"chunk-stream5-00055":{"qoeTotal":48556.06258514722,"qoeBitrate":105250,"qoeRebuffer":1545.5999994277954,"qoeLatency":39646.80000000001,"qoeBitrateSwitch":15000,"qoePlaybackSpeed":501.5374154249709},"chunk-stream5-00056":{"qoeTotal":50641.66258514722,"qoeBitrate":108250,"qoeRebuffer":1545.5999994277954,"qoeLatency":40561.20000000001,"qoeBitrateSwitch":15000,"qoePlaybackSpeed":501.5374154249709},"chunk-stream5-00057":{"qoeTotal":52718.86258514722,"qoeBitrate":111250,"qoeRebuffer":1545.5999994277954,"qoeLatency":41484.000000000015,"qoeBitrateSwitch":15000,"qoePlaybackSpeed":501.5374154249709},