{"chunk-stream2-00018":{"qoeTotal":-681.049732321137,"qoeBitrate":500,"qoeRebuffer":0,"qoeLatency":1133.4,"qoeBitrateSwitch":0,"qoePlaybackSpeed":47.64973232113685},"init-stream1":{"qoeTotal":-2447.3944843388144,"qoeBitrate":800,"qoeRebuffer":0,"qoeLatency":3112.2,"qoeBitrateSwitch":40,"qoePlaybackSpeed":95.19448433881456},"chunk-stream1-00019":{"qoeTotal":-3314.994484338814,"qoeBitrate":1100,"qoeRebuffer":0,"qoeLatency":4279.799999999999,"qoeBitrateSwitch":40,"qoePlaybackSpeed":95.19448433881456},"chunk-stream1-00020":{"qoeTotal":-5752.816045048768,"qoeBitrate":1400,"qoeRebuffer":1536,"qoeLatency":5462.4,"qoeBitrateSwitch":40,"qoePlaybackSpeed":114.41604504876818},"chunk-stream1-00021":{"qoeTotal":-6640.807336125267,"qoeBitrate":1700,"qoeRebuffer":1536,"qoeLatency":6603.599999999999,"qoeBitrateSwitch":40,"qoePlaybackSpeed":161.20733612526777},"chunk-stream1-00022":{"qoeTotal":-7481.182796486468,"qoeBitrate":2000,"qoeRebuffer":1536,"qoeLatency":7702.199999999999,"qoeBitrateSwitch":40,"qoePlaybackSpeed":202.98279648646866},"chunk-stream1-00023":{"qoeTotal":-8280.290124825677,"qoeBitrate":2300,"qoeRebuffer":1536,"qoeLatency":8764.199999999999,"qoeBitrateSwitch":40,"qoePlaybackSpeed":240.090124825678},"chunk-stream1-00024":{"qoeTotal":-9037.191703530973,"qoeBitrate":2600,"qoeRebuffer":1536,"qoeLatency":9786.599999999999,"qoeBitrateSwitch":40,"qoePlaybackSpeed":274.5917035309733},"chunk-stream1-00025":{"qoeTotal":-9752.388641266285,"qoeBitrate":2900,"qoeRebuffer":1536,"qoeLatency":10778.999999999998,"qoeBitrateSwitch":40,"qoePlaybackSpeed":297.38864126628675},"chunk-stream1-00026":{"qoeTotal":-10442.494582211222,"qoeBitrate":3200,"qoeRebuffer":1536,"qoeLatency":11750.399999999998,"qoeBitrateSwitch":40,"qoePlaybackSpeed":316.0945822112244},"chunk-stream1-00027":{"qoeTotal":-11119.552314168805,"qoeBitrate":3500,"qoeRebuffer":1536,"qoeLatency":12712.199999999997,"qoeBitrateSwitch":40,"qoePlaybackSpeed":331.3523141688079},"init-stream2":{"qoeTotal":-11633.610046126389,"qoeBitrate":4000,"qoeRebuffer":1536,"qoeLatency":13670.999999999996,"qoeBitrateSwitch":80,"qoePlaybackSpeed":346.61004612639135},"chunk-stream2-00028":{"qoeTotal":-12089.971536292069,"qoeBitrate":4500,"qoeRebuffer":1536,"qoeLatency":14614.799999999996,"qoeBitrateSwitch":80,"qoePlaybackSpeed":359.17153629207246},"chunk-stream2-00029":{"qoeTotal":-12525.641278843894,"qoeBitrate":5000,"qoeRebuffer":1536,"qoeLatency":15543.599999999995,"qoeBitrateSwitch":80,"qoePlaybackSpeed":366.04127884389914},"chunk-stream2-00030":{"qoeTotal":-12950.511021395721,"qoeBitrate":5500,"qoeRebuffer":1536,"qoeLatency":16461.599999999995,"qoeBitrateSwitch":80,"qoePlaybackSpeed":372.9110213957258},"chunk-stream2-00031":{"qoeTotal":-13364.911021395723,"qoeBitrate":6000,"qoeRebuffer":1536,"qoeLatency":17375.999999999996,"qoeBitrateSwitch":80,"qoePlaybackSpeed":372.9110213957258},"chunk-stream2-00032":{"qoeTotal":-13782.311021395724,"qoeBitrate":6500,"qoeRebuffer":1536,"qoeLatency":18293.399999999998,"qoeBitrateSwitch":80,"qoePlaybackSpeed":372.9110213957258},"chunk-stream2-00033":{"qoeTotal":-14196.711021395726,"qoeBitrate":7000,"qoeRebuffer":1536,"qoeLatency":19207.8,"qoeBitrateSwitch":80,"qoePlaybackSpeed":372.9110213957258},"chunk-stream2-00034":{"qoeTotal":-14614.111021395727,"qoeBitrate":7500,"qoeRebuffer":1536,"qoeLatency":20125.2,"qoeBitrateSwitch":80,"qoePlaybackSpeed":372.9110213957258},"chunk-stream2-00035":{"qoeTotal":-15030.911021395726,"qoeBitrate":8000,"qoeRebuffer":1536,"qoeLatency":21042,"qoeBitrateSwitch":80,"qoePlaybackSpeed":372.9110213957258},"chunk-stream2-00036":{"qoeTotal":-15448.311021395728,"qoeBitrate":8500,"qoeRebuffer":1536,"qoeLatency":21959.4,"qoeBitrateSwitch":80,"qoePlaybackSpeed":372.9110213957258},"chunk-stream2-00037":{"qoeTotal":-15866.911021395726,"qoeBitrate":9000,"qoeRebuffer":1536,"qoeLatency":22878,"qoeBitrateSwitch":80,"qoePlaybackSpeed":372.9110213957258},"chunk-stream2-00038":{"qoeTotal":-16285.511021395725,"qoeBitrate":9500,"qoeRebuffer":1536,"qoeLatency":23796.6,"qoeBitrateSwitch":80,"qoePlaybackSpeed":372.9110213957258},"chunk-stream2-00039":{"qoeTotal":-16703.511021395723,"qoeBitrate":10000,"qoeRebuffer":1536,"qoeLatency":24714.6,"qoeBitrateSwitch":80,"qoePlaybackSpeed":372.9110213957258},"chunk-stream2-00040":{"qoeTotal":-17120.911021395725,"qoeBitrate":10500,"qoeRebuffer":1536,"qoeLatency":25632,"qoeBitrateSwitch":80,"qoePlaybackSpeed":372.9110213957258},"chunk-stream2-00041":{"qoeTotal":-17535.311021395726,"qoeBitrate":11000,"qoeRebuffer":1536,"qoeLatency":26546.4,"qoeBitrateSwitch":80,"qoePlaybackSpeed":372.9110213957258},"chunk-stream2-00042":{"qoeTotal":-17953.311021395726,"qoeBitrate":11500,"qoeRebuffer":1536,"qoeLatency":27464.4,"qoeBitrateSwitch":80,"qoePlaybackSpeed":372.9110213957258},"chunk-stream2-00043":{"qoeTotal":-18370.111021395725,"qoeBitrate":12000,"qoeRebuffer":1536,"qoeLatency":28381.2,"qoeBitrateSwitch":80,"qoePlaybackSpeed":372.9110213957258},"chunk-stream2-00044":{"qoeTotal":-18788.711021395724,"qoeBitrate":12500,"qoeRebuffer":1536,"qoeLatency":29299.8,"qoeBitrateSwitch":80,"qoePlaybackSpeed":372.9110213957258},"chunk-stream2-00045":{"qoeTotal":-19205.511021395723,"qoeBitrate":13000,"qoeRebuffer":1536,"qoeLatency":30216.6,"qoeBitrateSwitch":80,"qoePlaybackSpeed":372.9110213957258},"chunk-stream2-00046":{"qoeTotal":-19619.911021395725,"qoeBitrate":13500,"qoeRebuffer":1536,"qoeLatency":31131,"qoeBitrateSwitch":80,"qoePlaybackSpeed":372.9110213957258},"chunk-stream2-00047":{"qoeTotal":-20034.311021395726,"qoeBitrate":14000,"qoeRebuffer":1536,"qoeLatency":32045.4,"qoeBitrateSwitch":80,"qoePlaybackSpeed":372.9110213957258},"chunk-stream2-00048":{"qoeTotal":-20452.911021395725,"qoeBitrate":14500,"qoeRebuffer":1536,"qoeLatency":32964,"qoeBitrateSwitch":80,"qoePlaybackSpeed":372.9110213957258},"chunk-stream2-00049":{"qoeTotal":-20870.911021395725,"qoeBitrate":15000,"qoeRebuffer":1536,"qoeLatency":33882,"qoeBitrateSwitch":80,"qoePlaybackSpeed":372.9110213957258},"chunk-stream2-00050":{"qoeTotal":-21287.711021395728,"qoeBitrate":15500,"qoeRebuffer":1536,"qoeLatency":34798.8,"qoeBitrateSwitch":80,"qoePlaybackSpeed":372.9110213957258},"chunk-stream2-00051":{"qoeTotal":-21705.11102139573,"qoeBitrate":16000,"qoeRebuffer":1536,"qoeLatency":35716.200000000004,"qoeBitrateSwitch":80,"qoePlaybackSpeed":372.9110213957258},"chunk-stream2-00052":{"qoeTotal":-22119.51102139573,"qoeBitrate":16500,"qoeRebuffer":1536,"qoeLatency":36630.600000000006,"qoeBitrateSwitch":80,"qoePlaybackSpeed":372.9110213957258},"chunk-stream2-00053":{"qoeTotal":-22536.311021395733,"qoeBitrate":17000,"qoeRebuffer":1536,"qoeLatency":37547.40000000001,"qoeBitrateSwitch":80,"qoePlaybackSpeed":372.9110213957258},"chunk-stream2-00054":{"qoeTotal":-22953.111021395736,"qoeBitrate":17500,"qoeRebuffer":1536,"qoeLatency":38464.20000000001,"qoeBitrateSwitch":80,"qoePlaybackSpeed":372.9110213957258},"chunk-stream2-00055":{"qoeTotal":-23372.311021395733,"qoeBitrate":18000,"qoeRebuffer":1536,"qoeLatency":39383.40000000001,"qoeBitrateSwitch":80,"qoePlaybackSpeed":372.9110213957258},"chunk-stream2-00056":{"qoeTotal":-23790.911021395732,"qoeBitrate":18500,"qoeRebuffer":1536,"qoeLatency":40302.00000000001,"qoeBitrateSwitch":80,"qoePlaybackSpeed":372.9110213957258},"chunk-stream2-00057":{"qoeTotal":-24208.311021395733,"qoeBitrate":19000,"qoeRebuffer":1536,"qoeLatency":41219.40000000001,"qoeBitrateSwitch":80,"qoePlaybackSpeed":372.9110213957258},"chunk-stream2-00058":{"qoeTotal":-23781.511021109633,"qoeBitrate":19500,"qoeRebuffer":1594.7999997138977,"qoeLatency":41233.80000000001,"qoeBitrateSwitch":80,"qoePlaybackSpeed":372.9110213957258},"init-stream3":{"qoeTotal":-31382.255773985617,"qoeBitrate":20750,"qoeRebuffer":2087.4000005722046,"qoeLatency":49394.40000000001,"qoeBitrateSwitch":230,"qoePlaybackSpeed":420.4557734134035},"chunk-stream3-00059":{"qoeTotal":-30156.61689920664,"qoeBitrate":22000,"qoeRebuffer":2087.4000005722046,"qoeLatency":49408.95000000001,"qoeBitrateSwitch":230,