{"chunk-stream2-00018":{"qoeTotal":-482.84070402993785,"qoeBitrate":500,"qoeRebuffer":0,"qoeLatency":946.1999999999999,"qoeBitrateSwitch":0,"qoePlaybackSpeed":36.64070402993793},"init-stream5":{"qoeTotal":1031.318591940124,"qoeBitrate":3500,"qoeRebuffer":0,"qoeLatency":1895.4,"qoeBitrateSwitch":500,"qoePlaybackSpeed":73.28140805987586},"chunk-stream5-00019":{"qoeTotal":3045.8525407852317,"qoeBitrate":6500,"qoeRebuffer":0,"qoeLatency":2863.8,"qoeBitrateSwitch":500,"qoePlaybackSpeed":90.34745921476834},"chunk-stream5-00020":{"qoeTotal":5076.239768904061,"qoeBitrate":9500,"qoeRebuffer":0,"qoeLatency":3819,"qoeBitrateSwitch":500,"qoePlaybackSpeed":104.76023109593913},"chunk-stream5-00021":{"qoeTotal":7120.285844988447,"qoeBitrate":12500,"qoeRebuffer":0,"qoeLatency":4763.4,"qoeBitrateSwitch":500,"qoePlaybackSpeed":116.3141550115537},"chunk-stream5-00022":{"qoeTotal":9173.331921072833,"qoeBitrate":15500,"qoeRebuffer":0,"qoeLatency":5698.799999999999,"qoeBitrateSwitch":500,"qoePlaybackSpeed":127.86807892716826},"chunk-stream5-00023":{"qoeTotal":11238.714187580254,"qoeBitrate":18500,"qoeRebuffer":0,"qoeLatency":6626.4,"qoeBitrateSwitch":500,"qoePlaybackSpeed":134.8858124197476},"chunk-stream5-00024":{"qoeTotal":13313.696454087674,"qoeBitrate":21500,"qoeRebuffer":0,"qoeLatency":7544.4,"qoeBitrateSwitch":500,"qoePlaybackSpeed":141.90354591232693},"chunk-stream5-00025":{"qoeTotal":15396.896454087675,"qoeBitrate":24500,"qoeRebuffer":0,"qoeLatency":8461.199999999999,"qoeBitrateSwitch":500,"qoePlaybackSpeed":141.90354591232693},"chunk-stream5-00026":{"qoeTotal":17471.696454087672,"qoeBitrate":27500,"qoeRebuffer":0,"qoeLatency":9386.4,"qoeBitrateSwitch":500,"qoePlaybackSpeed":141.90354591232693},"chunk-stream5-00027":{"qoeTotal":19547.696454087672,"qoeBitrate":30500,"qoeRebuffer":0,"qoeLatency":10310.4,"qoeBitrateSwitch":500,"qoePlaybackSpeed":141.90354591232693},"chunk-stream5-00028":{"qoeTotal":21621.896454087677,"qoeBitrate":33500,"qoeRebuffer":0,"qoeLatency":11236.199999999999,"qoeBitrateSwitch":500,"qoePlaybackSpeed":141.90354591232693},"chunk-stream5-00029":{"qoeTotal":23706.896454087677,"qoeBitrate":36500,"qoeRebuffer":0,"qoeLatency":12151.199999999999,"qoeBitrateSwitch":500,"qoePlaybackSpeed":141.90354591232693},"chunk-stream5-00030":{"qoeTotal":25791.296454087675,"qoeBitrate":39500,"qoeRebuffer":0,"qoeLatency":13066.8,"qoeBitrateSwitch":500,"qoePlaybackSpeed":141.90354591232693},"chunk-stream5-00031":{"qoeTotal":27875.696454087672,"qoeBitrate":42500,"qoeRebuffer":0,"qoeLatency":13982.4,"qoeBitrateSwitch":500,"qoePlaybackSpeed":141.90354591232693},"chunk-stream5-00032":{"qoeTotal":29951.096454087674,"qoeBitrate":45500,"qoeRebuffer":0,"qoeLatency":14907,"qoeBitrateSwitch":500,"qoePlaybackSpeed":141.90354591232693},"chunk-stream5-00033":{"qoeTotal":32035.496454087675,"qoeBitrate":48500,"qoeRebuffer":0,"qoeLatency":15822.6,"qoeBitrateSwitch":500,"qoePlaybackSpeed":141.90354591232693},"chunk-stream5-00034":{"qoeTotal":34112.096454087674,"qoeBitrate":51500,"qoeRebuffer":0,"qoeLatency":16746,"qoeBitrateSwitch":500,"qoePlaybackSpeed":141.90354591232693},"chunk-stream5-00035":{"qoeTotal":36196.496454087675,"qoeBitrate":54500,"qoeRebuffer":0,"qoeLatency":17661.6,"qoeBitrateSwitch":500,"qoePlaybackSpeed":141.90354591232693},"chunk-stream5-00036":{"qoeTotal":38271.89645408768,"qoeBitrate":57500,"qoeRebuffer":0,"qoeLatency":18586.199999999997,"qoeBitrateSwitch":500,"qoePlaybackSpeed":141.90354591232693},"chunk-stream5-00037":{"qoeTotal":40356.89645408768,"qoeBitrate":60500,"qoeRebuffer":0,"qoeLatency":19501.199999999997,"qoeBitrateSwitch":500,"qoePlaybackSpeed":141.90354591232693},"chunk-stream5-00038":{"qoeTotal":42441.89645408768,"qoeBitrate":63500,"qoeRebuffer":0,"qoeLatency":20416.199999999997,"qoeBitrateSwitch":500,"qoePlaybackSpeed":141.90354591232693},"chunk-stream5-00039":{"qoeTotal":44518.496454087675,"qoeBitrate":66500,"qoeRebuffer":0,"qoeLatency":21339.6,"qoeBitrateSwitch":500,"qoePlaybackSpeed":141.90354591232693},"chunk-stream5-00040":{"qoeTotal":46602.89645408768,"qoeBitrate":69500,"qoeRebuffer":0,"qoeLatency":22255.199999999997,"qoeBitrateSwitch":500,"qoePlaybackSpeed":141.90354591232693},"chunk-stream5-00041":{"qoeTotal":48677.69645408768,"qoeBitrate":72500,"qoeRebuffer":0,"qoeLatency":23180.399999999998,"qoeBitrateSwitch":500,"qoePlaybackSpeed":141.90354591232693},"chunk-stream5-00042":{"qoeTotal":50754.29645408767,"qoeBitrate":75500,"qoeRebuffer":0,"qoeLatency":24103.8,"qoeBitrateSwitch":500,"qoePlaybackSpeed":141.90354591232693},"chunk-stream5-00043":{"qoeTotal":52839.29645408767,"qoeBitrate":78500,"qoeRebuffer":0,"qoeLatency":25018.8,"qoeBitrateSwitch":500,"qoePlaybackSpeed":141.90354591232693},"chunk-stream5-00044":{"qoeTotal":54923.69645408768,"qoeBitrate":81500,"qoeRebuffer":0,"qoeLatency":25934.399999999998,"qoeBitrateSwitch":500,"qoePlaybackSpeed":141.90354591232693},"chunk-stream5-00045":{"qoeTotal":57008.096454087674,"qoeBitrate":84500,"qoeRebuffer":0,"qoeLatency":26849.999999999996,"qoeBitrateSwitch":500,"qoePlaybackSpeed":141.90354591232693},"chunk-stream5-00046":{"qoeTotal":59092.49645408768,"qoeBitrate":87500,"qoeRebuffer":0,"qoeLatency":27765.599999999995,"qoeBitrateSwitch":500,"qoePlaybackSpeed":141.90354591232693},"chunk-stream5-00047":{"qoeTotal":61169.096454087674,"qoeBitrate":90500,"qoeRebuffer":0,"qoeLatency":28688.999999999996,"qoeBitrateSwitch":500,"qoePlaybackSpeed":141.90354591232693},"chunk-stream5-00048":{"qoeTotal":63245.69645408768,"qoeBitrate":93500,"qoeRebuffer":0,"qoeLatency":29612.399999999998,"qoeBitrateSwitch":500,"qoePlaybackSpeed":141.90354591232693},"chunk-stream5-00049":{"qoeTotal":65319.89645408768,"qoeBitrate":96500,"qoeRebuffer":0,"qoeLatency":30538.199999999997,"qoeBitrateSwitch":500,"qoePlaybackSpeed":141.90354591232693},"chunk-stream5-00050":{"qoeTotal":67404.89645408768,"qoeBitrate":99500,"qoeRebuffer":0,"qoeLatency":31453.199999999997,"qoeBitrateSwitch":500,"qoePlaybackSpeed":141.90354591232693},"chunk-stream5-00051":{"qoeTotal":69489.29645408769,"qoeBitrate":102500,"qoeRebuffer":0,"qoeLatency":32368.799999999996,"qoeBitrateSwitch":500,"qoePlaybackSpeed":141.90354591232693},"chunk-stream5-00052":{"qoeTotal":71567.69645408768,"qoeBitrate":105500,"qoeRebuffer":0,"qoeLatency":33290.399999999994,"qoeBitrateSwitch":500,"qoePlaybackSpeed":141.90354591232693},"chunk-stream5-00053":{"qoeTotal":73652.69645408768,"qoeBitrate":108500,"qoeRebuffer":0,"qoeLatency":34205.399999999994,"qoeBitrateSwitch":500,"qoePlaybackSpeed":141.90354591232693},"chunk-stream5-00054":{"qoeTotal":75737.69645408768,"qoeBitrate":111500,"qoeRebuffer":0,"qoeLatency":35120.399999999994,"qoeBitrateSwitch":500,"qoePlaybackSpeed":141.90354591232693},"chunk-stream5-00055":{"qoeTotal":77822.69645408768,"qoeBitrate":114500,"qoeRebuffer":0,"qoeLatency":36035.399999999994,"qoeBitrateSwitch":500,"qoePlaybackSpeed":141.90354591232693},"chunk-stream5-00056":{"qoeTotal":79907.69645408768,"qoeBitrate":117500,"qoeRebuffer":0,"qoeLatency":36950.399999999994,"qoeBitrateSwitch":500,"qoePlaybackSpeed":141.90354591232693},"chunk-stream5-00057":{"qoeTotal":81992.09645408767,"qoeBitrate":120500,"qoeRebuffer":0,"qoeLatency":37865.99999999999,"qoeBitrateSwitch":500,"qoePlaybackSpeed":141.90354591232693},"chunk-stream5-00058":{"qoeTotal":84077.09645408767,"qoeBitrate":123500,"qoeRebuffer":0,"qoeLatency":38780.99999999999,"qoeBitrateSwitch":500,"qoePlaybackSpeed":141.90354591232693},"chunk-stream5-00059":{"qoeTotal":86153.09645408767,"qoeBitrate":126500,"qoeRebuffer":0,"qoeLatency":39704.99999999999,"qoeBitrateSwitch":500,"qoePlaybackSpeed":141.90354591232693},"chunk-stream5-00060":{"qoeTotal":88228.49645408768,"qoeBitrate":129500,"qoeRebuffer":0,"qoeLatency":40629.59999999999,"qoeBitrateSwitch":500,"qoePlaybackSpeed":141.90354591232693},"chunk-stream5-00061":{"qoeTotal":90304.49645408768,"qoeBitrate":132500,"qoeRebuffer":0,"qoeLatency":41553.59999999999,"qoeBitrateSwitch":500,"qoePlaybackSpeed":141.90354591232693},