{"chunk-stream2-00018":{"qoeTotal":-589.0234489526897,"qoeBitrate":500,"qoeRebuffer":0,"qoeLatency":1038.6000000000001,"qoeBitrateSwitch":0,"qoePlaybackSpeed":50.423448952689576},"init-stream3":{"qoeTotal":-4085.8199400385715,"qoeBitrate":1750,"qoeRebuffer":0,"qoeLatency":5621.400000000001,"qoeBitrateSwitch":150,"qoePlaybackSpeed":64.41994003857114},"chunk-stream3-00019":{"qoeTotal":-7072.413655937974,"qoeBitrate":3000,"qoeRebuffer":3052.8000000715256,"qoeLatency":6767.400000000001,"qoeBitrateSwitch":150,"qoePlaybackSpeed":102.21365586644771},"chunk-stream3-00020":{"qoeTotal":-8634.271377291956,"qoeBitrate":4250,"qoeRebuffer":4587.600000053644,"qoeLatency":8009.400000000001,"qoeBitrateSwitch":150,"qoePlaybackSpeed":137.27137723831095},"chunk-stream3-00021":{"qoeTotal":-10338.605166870664,"qoeBitrate":5500,"qoeRebuffer":6156.600000053644,"qoeLatency":9359.400000000001,"qoeBitrateSwitch":150,"qoePlaybackSpeed":172.6051668170182},"chunk-stream3-00022":{"qoeTotal":-12136.107890303794,"qoeBitrate":6750,"qoeRebuffer":7748.400000035763,"qoeLatency":10777.2,"qoeBitrateSwitch":150,"qoePlaybackSpeed":210.50789026803048},"chunk-stream3-00023":{"qoeTotal":-14022.352963534724,"qoeBitrate":8000,"qoeRebuffer":9306.000000089407,"qoeLatency":12315.6,"qoeBitrateSwitch":150,"qoePlaybackSpeed":250.75296344531586},"chunk-stream3-00024":{"qoeTotal":-15994.280230959908,"qoeBitrate":9250,"qoeRebuffer":10878.600000053644,"qoeLatency":13926,"qoeBitrateSwitch":150,"qoePlaybackSpeed":289.6802309062635},"chunk-stream3-00025":{"qoeTotal":-28549.345746795432,"qoeBitrate":10500,"qoeRebuffer":21966,"qoeLatency":16609.2,"qoeBitrateSwitch":150,"qoePlaybackSpeed":324.14574679543165},"chunk-stream3-00026":{"qoeTotal":-31647.67736709082,"qoeBitrate":11750,"qoeRebuffer":23472.599999964237,"qoeLatency":19414.2,"qoeBitrateSwitch":150,"qoePlaybackSpeed":360.87736712658216},"chunk-stream3-00027":{"qoeTotal":-34886.10716576129,"qoeBitrate":13000,"qoeRebuffer":25003.79999998212,"qoeLatency":22338,"qoeBitrateSwitch":150,"qoePlaybackSpeed":394.307165779177},"chunk-stream3-00028":{"qoeTotal":-38232.74076684802,"qoeBitrate":14250,"qoeRebuffer":26547,"qoeLatency":25351.2,"qoeBitrateSwitch":150,"qoePlaybackSpeed":434.5407668480271},"chunk-stream3-00029":{"qoeTotal":-41740.647858172044,"qoeBitrate":15500,"qoeRebuffer":28134.600000053644,"qoeLatency":28482,"qoeBitrateSwitch":150,"qoePlaybackSpeed":474.0478581183966},"chunk-stream3-00030":{"qoeTotal":-45250.506829333004,"qoeBitrate":16750,"qoeRebuffer":29642.40000012517,"qoeLatency":31695,"qoeBitrateSwitch":150,"qoePlaybackSpeed":513.106829207836},"chunk-stream3-00031":{"qoeTotal":-48892.70348650062,"qoeBitrate":18000,"qoeRebuffer":31190.40000012517,"qoeLatency":35008.8,"qoeBitrateSwitch":150,"qoePlaybackSpeed":543.5034863754499},"chunk-stream3-00032":{"qoeTotal":-52644.440920780115,"qoeBitrate":19250,"qoeRebuffer":32778.00000008941,"qoeLatency":38386.200000000004,"qoeBitrateSwitch":150,"qoePlaybackSpeed":580.2409206907067},"chunk-stream3-00033":{"qoeTotal":-56465.640920762235,"qoeBitrate":20500,"qoeRebuffer":34333.800000071526,"qoeLatency":41901.600000000006,"qoeBitrateSwitch":150,"qoePlaybackSpeed":580.2409206907067},"chunk-stream3-00034":{"qoeTotal":-61918.182682543425,"qoeBitrate":21750,"qoeRebuffer":37394.40000012517,"qoeLatency":45499.8,"qoeBitrateSwitch":150,"qoePlaybackSpeed":623.9826824182492},"chunk-stream3-00035":{"qoeTotal":-65897.32170967432,"qoeBitrate":23000,"qoeRebuffer":38911.20000010729,"qoeLatency":49174.200000000004,"qoeBitrateSwitch":150,"qoePlaybackSpeed":661.921709567021},"chunk-stream3-00036":{"qoeTotal":-69970.39546458029,"qoeBitrate":24250,"qoeRebuffer":40461.600000053644,"qoeLatency":52909.200000000004,"qoeBitrateSwitch":150,"qoePlaybackSpeed":699.5954645266365},"chunk-stream3-00037":{"qoeTotal":-74095.6119271304,"qoeBitrate":25500,"qoeRebuffer":41967.600000053644,"qoeLatency":56746.200000000004,"qoeBitrateSwitch":150,"qoePlaybackSpeed":731.8119270767517},"chunk-stream3-00038":{"qoeTotal":-78314.16256230183,"qoeBitrate":26750,"qoeRebuffer":43506,"qoeLatency":60636.600000000006,"qoeBitrateSwitch":150,"qoePlaybackSpeed":771.5625623018291},"chunk-stream3-00039":{"qoeTotal":-82641.42218776756,"qoeBitrate":28000,"qoeRebuffer":45021.600000053644,"qoeLatency":64659.600000000006,"qoeBitrateSwitch":150,"qoePlaybackSpeed":810.222187713913},"chunk-stream3-00040":{"qoeTotal":-87052.15677887466,"qoeBitrate":29250,"qoeRebuffer":46534.800000071526,"qoeLatency":68772,"qoeBitrateSwitch":150,"qoePlaybackSpeed":845.3567788031294},"chunk-stream3-00041":{"qoeTotal":-90849.70681801478,"qoeBitrate":30500,"qoeRebuffer":47332.20000001788,"qoeLatency":72977.4,"qoeBitrateSwitch":150,"qoePlaybackSpeed":890.1068179968967},"chunk-stream3-00042":{"qoeTotal":-95470.67219057107,"qoeBitrate":31750,"qoeRebuffer":48906,"qoeLatency":77233.2,"qoeBitrateSwitch":150,"qoePlaybackSpeed":931.4721905710687},"chunk-stream3-00043":{"qoeTotal":-98541.28376162531,"qoeBitrate":33000,"qoeRebuffer":48906,"qoeLatency":81530.4,"qoeBitrateSwitch":150,"qoePlaybackSpeed":954.8837616253142},"chunk-stream3-00044":{"qoeTotal":-101658.45477421973,"qoeBitrate":34250,"qoeRebuffer":48906,"qoeLatency":85870.79999999999,"qoeBitrateSwitch":150,"qoePlaybackSpeed":981.6547742197461},"chunk-stream3-00045":{"qoeTotal":-104816.16479761688,"qoeBitrate":35500,"qoeRebuffer":48906,"qoeLatency":90257.4,"qoeBitrateSwitch":150,"qoePlaybackSpeed":1002.7647976168824},"chunk-stream3-00046":{"qoeTotal":-108019.24464655766,"qoeBitrate":36750,"qoeRebuffer":48906,"qoeLatency":94690.2,"qoeBitrateSwitch":150,"qoePlaybackSpeed":1023.0446465576637},"chunk-stream3-00047":{"qoeTotal":-111270.35504885962,"qoeBitrate":38000,"qoeRebuffer":48906,"qoeLatency":99166.8,"qoeBitrateSwitch":150,"qoePlaybackSpeed":1047.5550488596186},"chunk-stream3-00048":{"qoeTotal":-114553.7855228232,"qoeBitrate":39250,"qoeRebuffer":48906,"qoeLatency":103679.40000000001,"qoeBitrateSwitch":150,"qoePlaybackSpeed":1068.385522823178},"chunk-stream3-00049":{"qoeTotal":-117923.13692223706,"qoeBitrate":40500,"qoeRebuffer":48906,"qoeLatency":108262.8,"qoeBitrateSwitch":150,"qoePlaybackSpeed":1104.336922237057},"chunk-stream3-00050":{"qoeTotal":-122990.25051611674,"qoeBitrate":41750,"qoeRebuffer":50449.20000001788,"qoeLatency":112992,"qoeBitrateSwitch":150,"qoePlaybackSpeed":1149.0505160988578},"chunk-stream3-00051":{"qoeTotal":-128264.16818279712,"qoeBitrate":43000,"qoeRebuffer":52009.79999998212,"qoeLatency":117916.8,"qoeBitrateSwitch":150,"qoePlaybackSpeed":1187.5681828149916},"chunk-stream3-00052":{"qoeTotal":-132016.24170833523,"qoeBitrate":44250,"qoeRebuffer":52009.79999998212,"qoeLatency":122894.40000000001,"qoeBitrateSwitch":150,"qoePlaybackSpeed":1212.0417083531},"chunk-stream3-00053":{"qoeTotal":-135821.09387114234,"qoeBitrate":45500,"qoeRebuffer":52009.79999998212,"qoeLatency":127908.6,"qoeBitrateSwitch":150,"qoePlaybackSpeed":1252.6938711602102},"chunk-stream3-00054":{"qoeTotal":-139652.95262039892,"qoeBitrate":46750,"qoeRebuffer":52009.79999998212,"qoeLatency":132957,"qoeBitrateSwitch":150,"qoePlaybackSpeed":1286.1526204168172},"chunk-stream3-00055":{"qoeTotal":-143695.2148803015,"qoeBitrate":48000,"qoeRebuffer":52009.79999998212,"qoeLatency":138208.2,"qoeBitrateSwitch":150,"qoePlaybackSpeed":1327.2148803193713},"chunk-stream3-00056":{"qoeTotal":-154477.98375461536,"qoeBitrate":49250,"qoeRebuffer":58272.600000053644,"qoeLatency":143943,"qoeBitrateSwitch":150,"qoePlaybackSpeed":1362.3837545617125},"chunk-stream3-00057":{"qoeTotal":-160766.89725029544,"qoeBitrate":50500,"qoeRebuffer":59851.800000071526,"qoeLatency":149858.4,"qoeBitrateSwitch":150,"qoePlaybackSpeed":1406.697250223918},"chunk-stream3-00058":{"qoeTotal":-167162.7562458723,"qoeBitrate":51750,"qoeRebuffer":61412.40000003576,"qoeLatency":155902.19999999998,"qoeBitrateSwitch":150,"qoePlaybackSpeed":1448.1562458365502},"chunk-stream3-00059":{"qoeTotal":-173687.0698728436,"qoeBitrate":53000,"qoeRebuffer":62979.600000053644,"qoeLatency":162070.19999999998,"qoeBitrateSwitch":150,