{"init-stream2":{"qoeTotal":497.93,"qoeBitrate":500,"qoeRebuffer":0,"qoeLatency":2.07,"qoeBitrateSwitch":0,"qoePlaybackSpeed":0},"chunk-stream2-00021":{"qoeTotal":970.8963753912909,"qoeBitrate":1000,"qoeRebuffer":0,"qoeLatency":6,"qoeBitrateSwitch":0,"qoePlaybackSpeed":23.10362460870912},"chunk-stream2-00022":{"qoeTotal":1449.0651262118795,"qoeBitrate":1500,"qoeRebuffer":0,"qoeLatency":10.4,"qoeBitrateSwitch":0,"qoePlaybackSpeed":40.534873788120485},"chunk-stream2-00023":{"qoeTotal":1931.065575049567,"qoeBitrate":2000,"qoeRebuffer":0,"qoeLatency":15.32,"qoeBitrateSwitch":0,"qoePlaybackSpeed":53.61442495043305},"chunk-stream2-00024":{"qoeTotal":2420.2792271591366,"qoeBitrate":2500,"qoeRebuffer":0,"qoeLatency":20.5,"qoeBitrateSwitch":0,"qoePlaybackSpeed":59.22077284086329},"chunk-stream2-00025":{"qoeTotal":2909.3428792687064,"qoeBitrate":3000,"qoeRebuffer":0,"qoeLatency":25.83,"qoeBitrateSwitch":0,"qoePlaybackSpeed":64.82712073129353},"chunk-stream2-00026":{"qoeTotal":3403.2290063620735,"qoeBitrate":3500,"qoeRebuffer":0,"qoeLatency":31.279999999999998,"qoeBitrateSwitch":0,"qoePlaybackSpeed":65.49099363792648},"chunk-stream2-00027":{"qoeTotal":3897.105133455441,"qoeBitrate":4000,"qoeRebuffer":0,"qoeLatency":36.739999999999995,"qoeBitrateSwitch":0,"qoePlaybackSpeed":66.15486654455943},"chunk-stream2-00028":{"qoeTotal":4390.833769681017,"qoeBitrate":4500,"qoeRebuffer":0,"qoeLatency":42.279999999999994,"qoeBitrateSwitch":0,"qoePlaybackSpeed":66.88623031898338},"chunk-stream2-00029":{"qoeTotal":4877.180512227195,"qoeBitrate":5000,"qoeRebuffer":0,"qoeLatency":47.849999999999994,"qoeBitrateSwitch":0,"qoePlaybackSpeed":74.96948777280461},"chunk-stream2-00030":{"qoeTotal":3771.898597917013,"qoeBitrate":5500,"qoeRebuffer":1551.6000001430511,"qoeLatency":55.769999999999996,"qoeBitrateSwitch":0,"qoePlaybackSpeed":120.73140193993586},"chunk-stream2-00031":{"qoeTotal":1056.608990322474,"qoeBitrate":6000,"qoeRebuffer":4707.000000357628,"qoeLatency":68.8,"qoeBitrateSwitch":0,"qoePlaybackSpeed":167.5910093198981},"chunk-stream2-00032":{"qoeTotal":-4299.450617057488,"qoeBitrate":6500,"qoeRebuffer":9381.000000357628,"qoeLatency":1204,"qoeBitrateSwitch":0,"qoePlaybackSpeed":214.45061669986032},"chunk-stream2-00033":{"qoeTotal":-10059.31022443745,"qoeBitrate":7000,"qoeRebuffer":14052.000000357628,"qoeLatency":2746,"qoeBitrateSwitch":0,"qoePlaybackSpeed":261.31022407982255},"chunk-stream2-00034":{"qoeTotal":-15433.510946948812,"qoeBitrate":7500,"qoeRebuffer":18079.800000429153,"qoeLatency":4549.6,"qoeBitrateSwitch":0,"qoePlaybackSpeed":304.1109465196586},"chunk-stream2-00035":{"qoeTotal":-20949.705504920683,"qoeBitrate":8000,"qoeRebuffer":21997.800000429153,"qoeLatency":6601.6,"qoeBitrateSwitch":0,"qoePlaybackSpeed":350.30550449152935},"chunk-stream2-00036":{"qoeTotal":-25925.30006282103,"qoeBitrate":8500,"qoeRebuffer":25107.000000357628,"qoeLatency":8921.8,"qoeBitrateSwitch":0,"qoePlaybackSpeed":396.50006246340007},"chunk-stream2-00037":{"qoeTotal":-32200.76573408625,"qoeBitrate":9000,"qoeRebuffer":29263.200000286102,"qoeLatency":11498.199999999999,"qoeBitrateSwitch":0,"qoePlaybackSpeed":439.36573380015057},"chunk-stream2-00038":{"qoeTotal":-37764.031405494534,"qoeBitrate":9500,"qoeRebuffer":32418.000000357628,"qoeLatency":14363.8,"qoeBitrateSwitch":0,"qoePlaybackSpeed":482.23140513690106},"chunk-stream2-00039":{"qoeTotal":-43604.12528873773,"qoeBitrate":10000,"qoeRebuffer":35584.2000002861,"qoeLatency":17491,"qoeBitrateSwitch":0,"qoePlaybackSpeed":528.9252884516221},"chunk-stream2-00040":{"qoeTotal":-49707.619172123974,"qoeBitrate":10500,"qoeRebuffer":38679.00000035763,"qoeLatency":20953,"qoeBitrateSwitch":0,"qoePlaybackSpeed":575.6191717663431},"chunk-stream2-00041":{"qoeTotal":-57800.256637430255,"qoeBitrate":11000,"qoeRebuffer":43413.60000050068,"qoeLatency":24763.6,"qoeBitrateSwitch":0,"qoePlaybackSpeed":623.0566369295747},"chunk-stream2-00042":{"qoeTotal":-64177.010874282154,"qoeBitrate":11500,"qoeRebuffer":46264.80000042915,"qoeLatency":28741.6,"qoeBitrateSwitch":0,"qoePlaybackSpeed":670.610873853001},"chunk-stream2-00043":{"qoeTotal":-71069.28548287397,"qoeBitrate":12000,"qoeRebuffer":49392.00000035763,"qoeLatency":32965,"qoeBitrateSwitch":0,"qoePlaybackSpeed":712.2854825163308},"chunk-stream2-00044":{"qoeTotal":-78228.54350937204,"qoeBitrate":12500,"qoeRebuffer":52544.40000021458,"qoeLatency":37428.4,"qoeBitrateSwitch":0,"qoePlaybackSpeed":755.7435091574785},"chunk-stream2-00045":{"qoeTotal":-85592.47815275964,"qoeBitrate":13000,"qoeRebuffer":55641.00000035763,"qoeLatency":42149.200000000004,"qoeBitrateSwitch":0,"qoePlaybackSpeed":802.2781524019949},"chunk-stream2-00046":{"qoeTotal":-93272.53575315342,"qoeBitrate":13500,"qoeRebuffer":58773.60000050068,"qoeLatency":47155.00000000001,"qoeBitrateSwitch":0,"qoePlaybackSpeed":843.9357526527426},"chunk-stream2-00047":{"qoeTotal":-101172.68616814721,"qoeBitrate":14000,"qoeRebuffer":61906.20000064373,"qoeLatency":52379.20000000001,"qoeBitrateSwitch":0,"qoePlaybackSpeed":887.2861675034657},"chunk-stream2-00048":{"qoeTotal":-109387.15123269931,"qoeBitrate":14500,"qoeRebuffer":65092.80000042915,"qoeLatency":57865.000000000015,"qoeBitrateSwitch":0,"qoePlaybackSpeed":929.3512322701458},"chunk-stream2-00049":{"qoeTotal":-117860.29067464784,"qoeBitrate":15000,"qoeRebuffer":68209.2000002861,"qoeLatency":63678.400000000016,"qoeBitrateSwitch":0,"qoePlaybackSpeed":972.6906743617161},"chunk-stream2-00050":{"qoeTotal":-129677.75050451775,"qoeBitrate":15500,"qoeRebuffer":74209.2000002861,"qoeLatency":69948.40000000002,"qoeBitrateSwitch":0,"qoePlaybackSpeed":1020.1505042316344},"chunk-stream2-00051":{"qoeTotal":-139654.4103341731,"qoeBitrate":16000,"qoeRebuffer":78016.80000007153,"qoeLatency":76570.00000000003,"qoeBitrateSwitch":0,"qoePlaybackSpeed":1067.6103341015528},"chunk-stream2-00052":{"qoeTotal":-147590.58963152554,"qoeBitrate":16500,"qoeRebuffer":79585.80000007153,"qoeLatency":83401.60000000003,"qoeBitrateSwitch":0,"qoePlaybackSpeed":1103.1896314539888},"chunk-stream2-00053":{"qoeTotal":-155660.99341405564,"qoeBitrate":17000,"qoeRebuffer":81108.60000014305,"qoeLatency":90412.00000000003,"qoeBitrateSwitch":0,"qoePlaybackSpeed":1140.3934139125615},"chunk-stream2-00054":{"qoeTotal":-163920.90203679822,"qoeBitrate":17500,"qoeRebuffer":82607.40000021458,"qoeLatency":97627.00000000003,"qoeBitrateSwitch":0,"qoePlaybackSpeed":1186.5020365836108},"chunk-stream2-00055":{"qoeTotal":-174502.70176334653,"qoeBitrate":18000,"qoeRebuffer":85768.80000042915,"qoeLatency":105508.00000000003,"qoeBitrateSwitch":0,"qoePlaybackSpeed":1225.9017629173532},"chunk-stream2-00056":{"qoeTotal":-195308.1301221757,"qoeBitrate":18500,"qoeRebuffer":98450.40000021458,"qoeLatency":114086.20000000003,"qoeBitrateSwitch":0,"qoePlaybackSpeed":1271.5301219610994},"chunk-stream2-00057":{"qoeTotal":-206992.35442320918,"qoeBitrate":19000,"qoeRebuffer":101605.2000002861,"qoeLatency":123071.80000000003,"qoeBitrateSwitch":0,"qoePlaybackSpeed":1315.354422923023},"chunk-stream2-00058":{"qoeTotal":-219037.48526323377,"qoeBitrate":19500,"qoeRebuffer":104794.2000002861,"qoeLatency":132384.40000000002,"qoeBitrateSwitch":0,"qoePlaybackSpeed":1358.8852629476335},"chunk-stream2-00059":{"qoeTotal":-232717.1357849215,"qoeBitrate":20000,"qoeRebuffer":109357.20000064373,"qoeLatency":141954.40000000002,"qoeBitrateSwitch":0,"qoePlaybackSpeed":1405.535784277746},"chunk-stream2-00060":{"qoeTotal":-247296.7863066808,"qoeBitrate":20500,"qoeRebuffer":114495.00000107288,"qoeLatency":151849.60000000003,"qoeBitrateSwitch":0,"qoePlaybackSpeed":1452.1863056078585},"chunk-stream2-00061":{"qoeTotal":-260213.14620889185,"qoeBitrate":21000,"qoeRebuffer":117679.20000100136,"qoeLatency":162040.60000000003,"qoeBitrateSwitch":0,"qoePlaybackSpeed":1493.3462078904702},"chunk-stream2-00062":{"qoeTotal":-274256.0229507234,"qoeBitrate":21500,"qoeRebuffer":121705.80000114441,"qoeLatency":172511.80000000005,"qoeBitrateSwitch":0,"qoePlaybackSpeed":1538.4229495789532},