{"chunk-stream2-00018":{"qoeTotal":-484.46107184001016,"qoeBitrate":500,"qoeRebuffer":0,"qoeLatency":947.4,"qoeBitrateSwitch":0,"qoePlaybackSpeed":37.06107184001019},"init-stream0":{"qoeTotal":-1471.8610718400103,"qoeBitrate":600,"qoeRebuffer":0,"qoeLatency":1954.8,"qoeBitrateSwitch":80,"qoePlaybackSpeed":37.06107184001019},"chunk-stream0-00019":{"qoeTotal":-2361.7221436800205,"qoeBitrate":700,"qoeRebuffer":0,"qoeLatency":2907.6,"qoeBitrateSwitch":80,"qoePlaybackSpeed":74.12214368002039},"chunk-stream0-00020":{"qoeTotal":-3253.3832155200303,"qoeBitrate":800,"qoeRebuffer":0,"qoeLatency":3862.2,"qoeBitrateSwitch":80,"qoePlaybackSpeed":111.18321552003059},"chunk-stream0-00021":{"qoeTotal":-4141.661972267126,"qoeBitrate":900,"qoeRebuffer":0,"qoeLatency":4833,"qoeBitrateSwitch":80,"qoePlaybackSpeed":128.66197226712603},"init-stream5":{"qoeTotal":-2691.4499528096844,"qoeBitrate":3900,"qoeRebuffer":0,"qoeLatency":5788.8,"qoeBitrateSwitch":660,"qoePlaybackSpeed":142.6499528096843},"chunk-stream5-00022":{"qoeTotal":-647.4038767252996,"qoeBitrate":6900,"qoeRebuffer":0,"qoeLatency":6733.200000000001,"qoeBitrateSwitch":660,"qoePlaybackSpeed":154.20387672529887},"chunk-stream5-00023":{"qoeTotal":1410.1783897821215,"qoeBitrate":9900,"qoeRebuffer":0,"qoeLatency":7668.6,"qoeBitrateSwitch":660,"qoePlaybackSpeed":161.2216102178782},"chunk-stream5-00024":{"qoeTotal":3476.7606562895426,"qoeBitrate":12900,"qoeRebuffer":0,"qoeLatency":8595,"qoeBitrateSwitch":660,"qoePlaybackSpeed":168.23934371045755},"chunk-stream5-00025":{"qoeTotal":5559.960656289543,"qoeBitrate":15900,"qoeRebuffer":0,"qoeLatency":9511.8,"qoeBitrateSwitch":660,"qoePlaybackSpeed":168.23934371045755},"chunk-stream5-00026":{"qoeTotal":7643.160656289544,"qoeBitrate":18900,"qoeRebuffer":0,"qoeLatency":10428.599999999999,"qoeBitrateSwitch":660,"qoePlaybackSpeed":168.23934371045755},"chunk-stream5-00027":{"qoeTotal":9714.960656289542,"qoeBitrate":21900,"qoeRebuffer":0,"qoeLatency":11356.8,"qoeBitrateSwitch":660,"qoePlaybackSpeed":168.23934371045755},"chunk-stream5-00028":{"qoeTotal":11798.160656289543,"qoeBitrate":24900,"qoeRebuffer":0,"qoeLatency":12273.599999999999,"qoeBitrateSwitch":660,"qoePlaybackSpeed":168.23934371045755},"chunk-stream5-00029":{"qoeTotal":13874.160656289543,"qoeBitrate":27900,"qoeRebuffer":0,"qoeLatency":13197.599999999999,"qoeBitrateSwitch":660,"qoePlaybackSpeed":168.23934371045755},"chunk-stream5-00030":{"qoeTotal":15949.560656289543,"qoeBitrate":30900,"qoeRebuffer":0,"qoeLatency":14122.199999999999,"qoeBitrateSwitch":660,"qoePlaybackSpeed":168.23934371045755},"chunk-stream5-00031":{"qoeTotal":18023.76065628954,"qoeBitrate":33900,"qoeRebuffer":0,"qoeLatency":15047.999999999998,"qoeBitrateSwitch":660,"qoePlaybackSpeed":168.23934371045755},"chunk-stream5-00032":{"qoeTotal":20098.560656289545,"qoeBitrate":36900,"qoeRebuffer":0,"qoeLatency":15973.199999999999,"qoeBitrateSwitch":660,"qoePlaybackSpeed":168.23934371045755},"chunk-stream5-00033":{"qoeTotal":20298.960657433952,"qoeBitrate":39900,"qoeRebuffer":1795.1999988555908,"qoeLatency":16977.6,"qoeBitrateSwitch":660,"qoePlaybackSpeed":168.23934371045755},"chunk-stream0-00034":{"qoeTotal":18809.76065743395,"qoeBitrate":40000,"qoeRebuffer":1795.1999988555908,"qoeLatency":17986.8,"qoeBitrateSwitch":1240,"qoePlaybackSpeed":168.23934371045755},"chunk-stream0-00035":{"qoeTotal":17902.36065743395,"qoeBitrate":40100,"qoeRebuffer":1795.1999988555908,"qoeLatency":18994.2,"qoeBitrateSwitch":1240,"qoePlaybackSpeed":168.23934371045755},"init-stream2":{"qoeTotal":17314.36065743395,"qoeBitrate":40600,"qoeRebuffer":1795.1999988555908,"qoeLatency":20002.2,"qoeBitrateSwitch":1320,"qoePlaybackSpeed":168.23934371045755},"chunk-stream2-00036":{"qoeTotal":15255.246717405053,"qoeBitrate":41100,"qoeRebuffer":3332.9999985694885,"qoeLatency":20998.2,"qoeBitrateSwitch":1320,"qoePlaybackSpeed":193.553284025458},"chunk-stream2-00037":{"qoeTotal":14748.601865470511,"qoeBitrate":41600,"qoeRebuffer":3332.9999985694885,"qoeLatency":21984,"qoeBitrateSwitch":1320,"qoePlaybackSpeed":214.39813596000056},"init-stream3":{"qoeTotal":14858.248969220835,"qoeBitrate":42850,"qoeRebuffer":3332.9999985694885,"qoeLatency":22956.6,"qoeBitrateSwitch":1470,"qoePlaybackSpeed":232.1510322096786},"chunk-stream3-00038":{"qoeTotal":15129.896072971158,"qoeBitrate":44100,"qoeRebuffer":3332.9999985694885,"qoeLatency":23917.199999999997,"qoeBitrateSwitch":1470,"qoePlaybackSpeed":249.90392845935662},"chunk-stream5-00039":{"qoeTotal":16821.23130061906,"qoeBitrate":47100,"qoeRebuffer":3332.9999985694885,"qoeLatency":24864.6,"qoeBitrateSwitch":1820,"qoePlaybackSpeed":261.16870081145373},"chunk-stream5-00040":{"qoeTotal":18879.865662706994,"qoeBitrate":50100,"qoeRebuffer":3332.9999985694885,"qoeLatency":25798.8,"qoeBitrateSwitch":1820,"qoePlaybackSpeed":268.33433872351685},"chunk-stream5-00041":{"qoeTotal":20953.465662706993,"qoeBitrate":53100,"qoeRebuffer":3332.9999985694885,"qoeLatency":26725.2,"qoeBitrateSwitch":1820,"qoePlaybackSpeed":268.33433872351685},"chunk-stream5-00042":{"qoeTotal":23029.465662706993,"qoeBitrate":56100,"qoeRebuffer":3332.9999985694885,"qoeLatency":27649.2,"qoeBitrateSwitch":1820,"qoePlaybackSpeed":268.33433872351685},"chunk-stream5-00043":{"qoeTotal":25104.865662706994,"qoeBitrate":59100,"qoeRebuffer":3332.9999985694885,"qoeLatency":28573.8,"qoeBitrateSwitch":1820,"qoePlaybackSpeed":268.33433872351685},"chunk-stream5-00044":{"qoeTotal":27188.065662706995,"qoeBitrate":62100,"qoeRebuffer":3332.9999985694885,"qoeLatency":29490.6,"qoeBitrateSwitch":1820,"qoePlaybackSpeed":268.33433872351685},"chunk-stream5-00045":{"qoeTotal":29271.265662706995,"qoeBitrate":65100,"qoeRebuffer":3332.9999985694885,"qoeLatency":30407.399999999998,"qoeBitrateSwitch":1820,"qoePlaybackSpeed":268.33433872351685},"chunk-stream5-00046":{"qoeTotal":31346.665662706997,"qoeBitrate":68100,"qoeRebuffer":3332.9999985694885,"qoeLatency":31331.999999999996,"qoeBitrateSwitch":1820,"qoePlaybackSpeed":268.33433872351685},"chunk-stream5-00047":{"qoeTotal":33421.465662707,"qoeBitrate":71100,"qoeRebuffer":3332.9999985694885,"qoeLatency":32257.199999999997,"qoeBitrateSwitch":1820,"qoePlaybackSpeed":268.33433872351685},"chunk-stream5-00048":{"qoeTotal":35496.865662707,"qoeBitrate":74100,"qoeRebuffer":3332.9999985694885,"qoeLatency":33181.799999999996,"qoeBitrateSwitch":1820,"qoePlaybackSpeed":268.33433872351685},"chunk-stream5-00049":{"qoeTotal":37580.065662707,"qoeBitrate":77100,"qoeRebuffer":3332.9999985694885,"qoeLatency":34098.6,"qoeBitrateSwitch":1820,"qoePlaybackSpeed":268.33433872351685},"chunk-stream5-00050":{"qoeTotal":39651.865662707,"qoeBitrate":80100,"qoeRebuffer":3332.9999985694885,"qoeLatency":35026.799999999996,"qoeBitrateSwitch":1820,"qoePlaybackSpeed":268.33433872351685},"chunk-stream5-00051":{"qoeTotal":41727.265662707,"qoeBitrate":83100,"qoeRebuffer":3332.9999985694885,"qoeLatency":35951.399999999994,"qoeBitrateSwitch":1820,"qoePlaybackSpeed":268.33433872351685},"chunk-stream5-00052":{"qoeTotal":43803.865662707,"qoeBitrate":86100,"qoeRebuffer":3332.9999985694885,"qoeLatency":36874.799999999996,"qoeBitrateSwitch":1820,"qoePlaybackSpeed":268.33433872351685},"chunk-stream5-00053":{"qoeTotal":45887.065662707,"qoeBitrate":89100,"qoeRebuffer":3332.9999985694885,"qoeLatency":37791.6,"qoeBitrateSwitch":1820,"qoePlaybackSpeed":268.33433872351685},"chunk-stream5-00054":{"qoeTotal":47970.265662706995,"qoeBitrate":92100,"qoeRebuffer":3332.9999985694885,"qoeLatency":38708.4,"qoeBitrateSwitch":1820,"qoePlaybackSpeed":268.33433872351685},"chunk-stream5-00055":{"qoeTotal":50053.46566270699,"qoeBitrate":95100,"qoeRebuffer":3332.9999985694885,"qoeLatency":39625.200000000004,"qoeBitrateSwitch":1820,"qoePlaybackSpeed":268.33433872351685},"chunk-stream5-00056":{"qoeTotal":52136.66566270699,"qoeBitrate":98100,"qoeRebuffer":3332.9999985694885,"qoeLatency":40542.00000000001,"qoeBitrateSwitch":1820,"qoePlaybackSpeed":268.33433872351685},"chunk-stream5-00057":{"qoeTotal":54219.86566270699,"qoeBitrate":101100,