{"chunk-stream2-00018":{"qoeTotal":-1035.585981902627,"qoeBitrate":500,"qoeRebuffer":0,"qoeLatency":1487.4,"qoeBitrateSwitch":0,"qoePlaybackSpeed":48.18598190262695},"init-stream1":{"qoeTotal":-5271.588036955016,"qoeBitrate":800,"qoeRebuffer":0,"qoeLatency":5935.200000000001,"qoeBitrateSwitch":40,"qoePlaybackSpeed":96.3880369550151},"chunk-stream1-00019":{"qoeTotal":-10266.766108644188,"qoeBitrate":1100,"qoeRebuffer":3530.399999946356,"qoeLatency":7662.000000000001,"qoeBitrateSwitch":40,"qoePlaybackSpeed":134.3661086978324},"chunk-stream1-00020":{"qoeTotal":-13408.528535751455,"qoeBitrate":1400,"qoeRebuffer":5096.399999946356,"qoeLatency":9499.2,"qoeBitrateSwitch":40,"qoePlaybackSpeed":172.9285358050991},"chunk-stream1-00021":{"qoeTotal":-16724.336444564717,"qoeBitrate":1700,"qoeRebuffer":6684,"qoeLatency":11487,"qoeBitrateSwitch":40,"qoePlaybackSpeed":213.33644456471697},"init-stream2":{"qoeTotal":-27728.465812539212,"qoeBitrate":2200,"qoeRebuffer":9838.200000017881,"qoeLatency":19750.8,"qoeBitrateSwitch":80,"qoePlaybackSpeed":259.4658125213304},"chunk-stream2-00022":{"qoeTotal":-32774.75913516005,"qoeBitrate":2700,"qoeRebuffer":13021.799999982119,"qoeLatency":22067.399999999998,"qoeBitrateSwitch":80,"qoePlaybackSpeed":305.5591351779344},"chunk-stream2-00023":{"qoeTotal":-34826.083154478525,"qoeBitrate":3200,"qoeRebuffer":13021.799999982119,"qoeLatency":24576.6,"qoeBitrateSwitch":80,"qoePlaybackSpeed":347.6831544964071},"chunk-stream2-00024":{"qoeTotal":-40109.42208058479,"qoeBitrate":3700,"qoeRebuffer":16190.399999946356,"qoeLatency":27146.399999999998,"qoeBitrateSwitch":80,"qoePlaybackSpeed":392.62208063843383},"chunk-stream2-00025":{"qoeTotal":-42243.58388847466,"qoeBitrate":4200,"qoeRebuffer":16190.399999946356,"qoeLatency":29759.999999999996,"qoeBitrateSwitch":80,"qoePlaybackSpeed":413.18388852830395},"chunk-stream2-00026":{"qoeTotal":-44463.64711043119,"qoeBitrate":4700,"qoeRebuffer":16190.399999946356,"qoeLatency":32441.399999999998,"qoeBitrateSwitch":80,"qoePlaybackSpeed":451.84711048484195},"chunk-stream2-00027":{"qoeTotal":-48373.791512568256,"qoeBitrate":5200,"qoeRebuffer":17723.399999946356,"qoeLatency":35279.4,"qoeBitrateSwitch":80,"qoePlaybackSpeed":490.9915126218972},"chunk-stream2-00028":{"qoeTotal":-52486.17983137609,"qoeBitrate":5700,"qoeRebuffer":19250.399999946356,"qoeLatency":38326.8,"qoeBitrateSwitch":80,"qoePlaybackSpeed":528.979831429726},"chunk-stream2-00029":{"qoeTotal":-56817.99112066096,"qoeBitrate":6200,"qoeRebuffer":20828.399999946356,"qoeLatency":41542.200000000004,"qoeBitrateSwitch":80,"qoePlaybackSpeed":567.3911207146036},"chunk-stream2-00030":{"qoeTotal":-61312.30663885898,"qoeBitrate":6700,"qoeRebuffer":22400.399999946356,"qoeLatency":44926.200000000004,"qoeBitrateSwitch":80,"qoePlaybackSpeed":605.706638912617},"chunk-stream2-00031":{"qoeTotal":-70351.90869383982,"qoeBitrate":7200,"qoeRebuffer":28056.59999987483,"qoeLatency":48761.4,"qoeBitrateSwitch":80,"qoePlaybackSpeed":653.9086939650051},"chunk-stream2-00032":{"qoeTotal":-83161.91074883858,"qoeBitrate":7700,"qoeRebuffer":36875.999999821186,"qoeLatency":53203.8,"qoeBitrateSwitch":80,"qoePlaybackSpeed":702.1107490173932},"chunk-stream1-00033":{"qoeTotal":-93951.8093989838,"qoeBitrate":8000,"qoeRebuffer":43070.99999991059,"qoeLatency":58014.600000000006,"qoeBitrateSwitch":120,"qoePlaybackSpeed":746.209399073193},"chunk-stream1-00034":{"qoeTotal":-100169.41722809548,"qoeBitrate":8300,"qoeRebuffer":44591.99999991059,"qoeLatency":62965.200000000004,"qoeBitrateSwitch":120,"qoePlaybackSpeed":792.2172281848802},"chunk-stream1-00035":{"qoeTotal":-106582.03278232856,"qoeBitrate":8600,"qoeRebuffer":46115.99999991059,"qoeLatency":68110.20000000001,"qoeBitrateSwitch":120,"qoePlaybackSpeed":835.832782417957},"chunk-stream1-00036":{"qoeTotal":-113176.83364303433,"qoeBitrate":8900,"qoeRebuffer":47619.59999987483,"qoeLatency":73459.20000000001,"qoeBitrateSwitch":120,"qoePlaybackSpeed":878.0336431594944},"chunk-stream1-00037":{"qoeTotal":-118300.37597925258,"qoeBitrate":9200,"qoeRebuffer":47619.59999987483,"qoeLatency":78847.80000000002,"qoeBitrateSwitch":120,"qoePlaybackSpeed":912.9759793777293},"chunk-stream1-00038":{"qoeTotal":-123444.22645039149,"qoeBitrate":9500,"qoeRebuffer":47619.59999987483,"qoeLatency":84268.20000000001,"qoeBitrateSwitch":120,"qoePlaybackSpeed":936.4264505166517},"chunk-stream2-00039":{"qoeTotal":-128492.49720950793,"qoeBitrate":10000,"qoeRebuffer":47619.59999987483,"qoeLatency":89741.40000000001,"qoeBitrateSwitch":160,"qoePlaybackSpeed":971.497209633084},"chunk-stream2-00040":{"qoeTotal":-133566.48955873924,"qoeBitrate":10500,"qoeRebuffer":47619.59999987483,"qoeLatency":95284.20000000001,"qoeBitrateSwitch":160,"qoePlaybackSpeed":1002.6895588643854},"chunk-stream2-00041":{"qoeTotal":-138723.37354811278,"qoeBitrate":11000,"qoeRebuffer":47619.59999987483,"qoeLatency":100900.20000000001,"qoeBitrateSwitch":160,"qoePlaybackSpeed":1043.5735482379505},"chunk-stream2-00042":{"qoeTotal":-143917.2530158006,"qoeBitrate":11500,"qoeRebuffer":47619.59999987483,"qoeLatency":106566.00000000001,"qoeBitrateSwitch":160,"qoePlaybackSpeed":1071.6530159257957},"chunk-stream2-00043":{"qoeTotal":-149142.4233456334,"qoeBitrate":12000,"qoeRebuffer":47619.59999987483,"qoeLatency":112279.20000000001,"qoeBitrateSwitch":160,"qoePlaybackSpeed":1083.6233457585563},"chunk-stream2-00044":{"qoeTotal":-154399.00774664545,"qoeBitrate":12500,"qoeRebuffer":47619.59999987483,"qoeLatency":118018.80000000002,"qoeBitrateSwitch":160,"qoePlaybackSpeed":1100.6077467705913},"chunk-stream2-00045":{"qoeTotal":-159713.62065124811,"qoeBitrate":13000,"qoeRebuffer":47619.59999987483,"qoeLatency":123806.40000000002,"qoeBitrateSwitch":160,"qoePlaybackSpeed":1127.6206513732618},"chunk-stream2-00046":{"qoeTotal":-165071.02481693425,"qoeBitrate":13500,"qoeRebuffer":47619.59999987483,"qoeLatency":129632.40000000002,"qoeBitrateSwitch":160,"qoePlaybackSpeed":1159.0248170593902},"chunk-stream2-00047":{"qoeTotal":-172067.5196758555,"qoeBitrate":14000,"qoeRebuffer":49150.79999989271,"qoeLatency":135558.00000000003,"qoeBitrateSwitch":160,"qoePlaybackSpeed":1198.7196759627693},"chunk-stream2-00048":{"qoeTotal":-179298.85533238787,"qoeBitrate":14500,"qoeRebuffer":50713.199999928474,"qoeLatency":141682.20000000004,"qoeBitrateSwitch":160,"qoePlaybackSpeed":1243.4553324593687},"chunk-stream2-00049":{"qoeTotal":-186744.890283276,"qoeBitrate":15000,"qoeRebuffer":52251.59999987483,"qoeLatency":148047.00000000003,"qoeBitrateSwitch":160,"qoePlaybackSpeed":1286.2902834011452},"chunk-stream2-00050":{"qoeTotal":-197373.95093005762,"qoeBitrate":15500,"qoeRebuffer":56525.999999821186,"qoeLatency":154853.40000000002,"qoeBitrateSwitch":160,"qoePlaybackSpeed":1334.550930236399},"chunk-stream2-00051":{"qoeTotal":-208175.8115768571,"qoeBitrate":16000,"qoeRebuffer":60612.59999978542,"qoeLatency":162020.40000000002,"qoeBitrateSwitch":160,"qoePlaybackSpeed":1382.8115770716527},"chunk-stream2-00052":{"qoeTotal":-218228.23045224848,"qoeBitrate":16500,"qoeRebuffer":63757.19999974966,"qoeLatency":169386.60000000003,"qoeBitrateSwitch":160,"qoePlaybackSpeed":1424.4304524987738},"chunk-stream2-00053":{"qoeTotal":-225363.01671183555,"qoeBitrate":17000,"qoeRebuffer":63757.19999974966,"qoeLatency":176974.20000000004,"qoeBitrateSwitch":160,"qoePlaybackSpeed":1471.6167120858586},"chunk-stream2-00054":{"qoeTotal":-237348.1748183434,"qoeBitrate":17500,"qoeRebuffer":68411.99999973178,"qoeLatency":184756.80000000005,"qoeBitrateSwitch":160,"qoePlaybackSpeed":1519.3748186115768},"chunk-stream2-00055":{"qoeTotal":-248505.24434095708,"qoeBitrate":18000,"qoeRebuffer":71534.39999976754,"qoeLatency":193255.80000000005,"qoeBitrateSwitch":160,"qoePlaybackSpeed":1555.0443411894894},"chunk-stream2-00081":{"qoeTotal":-257092.8443409571,"qoeBitrate":18500,"qoeRebuffer":71534.39999976754,"qoeLatency":202343.40000000005,"qoeBitrateSwitch":160,"qoePlaybackSpeed":1555.0443411894894},"chunk-stream2-00082":{"qoeTotal":-265935.40522872354,"qoeBitrate":19000,