{"chunk-stream2-00018":{"qoeTotal":-912.8076289953891,"qoeBitrate":500,"qoeRebuffer":0,"qoeLatency":1363.1999999999998,"qoeBitrateSwitch":0,"qoePlaybackSpeed":49.607628995389334},"chunk-stream2-00019":{"qoeTotal":-5643.2162952754015,"qoeBitrate":1000,"qoeRebuffer":3548.400000035763,"qoeLatency":3003,"qoeBitrateSwitch":0,"qoePlaybackSpeed":91.81629523963909},"chunk-stream2-00020":{"qoeTotal":-8613.288795244214,"qoeBitrate":1500,"qoeRebuffer":5107.799999982119,"qoeLatency":4870.8,"qoeBitrateSwitch":0,"qoePlaybackSpeed":134.6887952620972},"chunk-stream2-00021":{"qoeTotal":-13375.665686792609,"qoeBitrate":2000,"qoeRebuffer":8213.399999946356,"qoeLatency":6985.200000000001,"qoeBitrateSwitch":0,"qoePlaybackSpeed":177.06568684625196},"chunk-stream2-00022":{"qoeTotal":-18389.876762044245,"qoeBitrate":2500,"qoeRebuffer":11348.399999946356,"qoeLatency":9319.2,"qoeBitrateSwitch":0,"qoePlaybackSpeed":222.27676209789004},"chunk-stream2-00023":{"qoeTotal":-23632.64824476912,"qoeBitrate":3000,"qoeRebuffer":14443.199999928474,"qoeLatency":11923.800000000001,"qoeBitrateSwitch":0,"qoePlaybackSpeed":265.64824484064167},"chunk-stream2-00024":{"qoeTotal":-30014.607721347224,"qoeBitrate":3500,"qoeRebuffer":18397.199999928474,"qoeLatency":14804.400000000001,"qoeBitrateSwitch":0,"qoePlaybackSpeed":313.00772141874813},"chunk-stream2-00025":{"qoeTotal":-35874.9107707675,"qoeBitrate":4000,"qoeRebuffer":21528.59999987483,"qoeLatency":17992.800000000003,"qoeBitrateSwitch":0,"qoePlaybackSpeed":353.51077089266386},"chunk-stream2-00026":{"qoeTotal":-42018.90973654308,"qoeBitrate":4500,"qoeRebuffer":24654.59999987483,"qoeLatency":21468.600000000002,"qoeBitrateSwitch":0,"qoePlaybackSpeed":395.7097366682435},"chunk-stream2-00027":{"qoeTotal":-48460.25501176819,"qoeBitrate":5000,"qoeRebuffer":27785.999999821186,"qoeLatency":25234.800000000003,"qoeBitrateSwitch":0,"qoePlaybackSpeed":439.45501194700125},"chunk-stream2-00028":{"qoeTotal":-55190.114725261825,"qoeBitrate":5500,"qoeRebuffer":30919.199999839067,"qoeLatency":29284.800000000003,"qoeBitrateSwitch":0,"qoePlaybackSpeed":486.11472542275334},"chunk-stream2-00029":{"qoeTotal":-62238.39645895878,"qoeBitrate":6000,"qoeRebuffer":34064.999999821186,"qoeLatency":33645,"qoeBitrateSwitch":0,"qoePlaybackSpeed":528.3964591375941},"chunk-stream2-00030":{"qoeTotal":-70764.90029578896,"qoeBitrate":6500,"qoeRebuffer":38426.999999821186,"qoeLatency":38263.8,"qoeBitrateSwitch":0,"qoePlaybackSpeed":574.1002959677654},"chunk-stream2-00031":{"qoeTotal":-78399.89690171376,"qoeBitrate":7000,"qoeRebuffer":41600.999999821186,"qoeLatency":43181.4,"qoeBitrateSwitch":0,"qoePlaybackSpeed":617.4969018925736},"chunk-stream2-00032":{"qoeTotal":-88288.89690173166,"qoeBitrate":7500,"qoeRebuffer":46792.19999983907,"qoeLatency":48379.200000000004,"qoeBitrateSwitch":0,"qoePlaybackSpeed":617.4969018925736},"init-stream1":{"qoeTotal":-95436.11494065702,"qoeBitrate":7800,"qoeRebuffer":46792.19999983907,"qoeLatency":55737.00000000001,"qoeBitrateSwitch":40,"qoePlaybackSpeed":666.9149408179472},"chunk-stream1-00033":{"qoeTotal":-102483.5338850055,"qoeBitrate":8100,"qoeRebuffer":48695.99999991059,"qoeLatency":61140.600000000006,"qoeBitrateSwitch":40,"qoePlaybackSpeed":706.9338850949038},"chunk-stream1-00034":{"qoeTotal":-107676.31523515817,"qoeBitrate":8400,"qoeRebuffer":48695.99999991059,"qoeLatency":66597.6,"qoeBitrateSwitch":40,"qoePlaybackSpeed":742.7152352475615},"chunk-stream1-00035":{"qoeTotal":-112913.2223946293,"qoeBitrate":8700,"qoeRebuffer":48695.99999991059,"qoeLatency":72109.8,"qoeBitrateSwitch":40,"qoePlaybackSpeed":767.4223947186913},"init-stream2":{"qoeTotal":-122108.01342521339,"qoeBitrate":9200,"qoeRebuffer":50262.59999987483,"qoeLatency":80152.8,"qoeBitrateSwitch":80,"qoePlaybackSpeed":812.6134253385494},"chunk-stream2-00036":{"qoeTotal":-128833.8714626334,"qoeBitrate":9700,"qoeRebuffer":51838.79999989271,"qoeLatency":85754.40000000001,"qoeBitrateSwitch":80,"qoePlaybackSpeed":860.6714627406716},"chunk-stream2-00037":{"qoeTotal":-138365.75343872176,"qoeBitrate":10200,"qoeRebuffer":55986.59999987483,"qoeLatency":91595.40000000001,"qoeBitrateSwitch":80,"qoePlaybackSpeed":903.7534388469177},"chunk-stream2-00038":{"qoeTotal":-147141.6867317817,"qoeBitrate":10700,"qoeRebuffer":59144.99999991059,"qoeLatency":97666.8,"qoeBitrateSwitch":80,"qoePlaybackSpeed":949.8867318711006},"chunk-stream2-00039":{"qoeTotal":-157637.1548297745,"qoeBitrate":11200,"qoeRebuffer":63782.399999946356,"qoeLatency":103978.8,"qoeBitrateSwitch":80,"qoePlaybackSpeed":995.9548298281369},"chunk-stream2-00040":{"qoeTotal":-169055.93742902117,"qoeBitrate":11700,"qoeRebuffer":68973.59999996424,"qoeLatency":110658.6,"qoeBitrateSwitch":80,"qoePlaybackSpeed":1043.7374290569148},"chunk-stream2-00041":{"qoeTotal":-185889.9374289854,"qoeBitrate":12200,"qoeRebuffer":78967.19999992847,"qoeLatency":117999,"qoeBitrateSwitch":80,"qoePlaybackSpeed":1043.7374290569148},"chunk-stream1-00042":{"qoeTotal":-197170.8488110079,"qoeBitrate":12500,"qoeRebuffer":82909.79999998212,"qoeLatency":125553,"qoeBitrateSwitch":120,"qoePlaybackSpeed":1088.0488110257584},"chunk-stream1-00043":{"qoeTotal":-206162.23329311566,"qoeBitrate":12800,"qoeRebuffer":84432.60000005364,"qoeLatency":133284,"qoeBitrateSwitch":120,"qoePlaybackSpeed":1125.6332930620154},"chunk-stream1-00044":{"qoeTotal":-216629.60147429528,"qoeBitrate":13100,"qoeRebuffer":87246,"qoeLatency":141198,"qoeBitrateSwitch":120,"qoePlaybackSpeed":1165.6014742952925},"chunk-stream1-00045":{"qoeTotal":-226654.44116382135,"qoeBitrate":13400,"qoeRebuffer":89474.40000003576,"qoeLatency":149255.4,"qoeBitrateSwitch":120,"qoePlaybackSpeed":1204.6411637856047},"chunk-stream1-00070":{"qoeTotal":-234746.85657234918,"qoeBitrate":13700,"qoeRebuffer":89474.40000003576,"qoeLatency":157605.6,"qoeBitrateSwitch":120,"qoePlaybackSpeed":1246.8565723134136},"chunk-stream1-00071":{"qoeTotal":-239751.21945836523,"qoeBitrate":14000,"qoeRebuffer":93302.40000003576,"qoeLatency":159073.2,"qoeBitrateSwitch":120,"qoePlaybackSpeed":1255.6194583294637},"chunk-stream2-00072":{"qoeTotal":-243305.02598379005,"qoeBitrate":14500,"qoeRebuffer":95727.0000000894,"qoeLatency":160617.6,"qoeBitrateSwitch":160,"qoePlaybackSpeed":1300.4259837006439},"chunk-stream2-00073":{"qoeTotal":-247789.93741628402,"qoeBitrate":15000,"qoeRebuffer":98839.80000007153,"qoeLatency":162445.80000000002,"qoeBitrateSwitch":160,"qoePlaybackSpeed":1344.3374162124717},"chunk-stream2-00074":{"qoeTotal":-253321.6638257205,"qoeBitrate":15500,"qoeRebuffer":102720.60000005364,"qoeLatency":164551.80000000002,"qoeBitrateSwitch":160,"qoePlaybackSpeed":1389.263825666827},"chunk-stream1-00075":{"qoeTotal":-256923.70276614706,"qoeBitrate":15800,"qoeRebuffer":104272.80000007153,"qoeLatency":166816.80000000002,"qoeBitrateSwitch":200,"qoePlaybackSpeed":1434.1027660755178},"chunk-stream1-00076":{"qoeTotal":-258976.98826166126,"qoeBitrate":16100,"qoeRebuffer":104272.80000007153,"qoeLatency":169139.40000000002,"qoeBitrateSwitch":200,"qoePlaybackSpeed":1464.788261589709},"chunk-stream2-00077":{"qoeTotal":-262559.9574058247,"qoeBitrate":16600,"qoeRebuffer":105779.40000012517,"qoeLatency":171636.00000000003,"qoeBitrateSwitch":240,"qoePlaybackSpeed":1504.5574056994637},"chunk-stream2-00078":{"qoeTotal":-267920.8121562333,"qoeBitrate":17100,"qoeRebuffer":108870.60000005364,"qoeLatency":174358.80000000002,"qoeBitrateSwitch":240,"qoePlaybackSpeed":1551.4121561796014},"chunk-stream2-00079":{"qoeTotal":-274339.59445277136,"qoeBitrate":17600,"qoeRebuffer":112752.60000005364,"qoeLatency":177352.80000000002,"qoeBitrateSwitch":240,"qoePlaybackSpeed":1594.1944527176645},"chunk-stream2-00080":{"qoeTotal":-281594.40314710623,"qoeBitrate":18100,"qoeRebuffer":117216.60000005364,"qoeLatency":180597.6,"qoeBitrateSwitch":240,"qoePlaybackSpeed":1640.2031470525992},"chunk-stream2-00081":{"qoeTotal":-287745.6254158537,"qoeBitrate":18600,"qoeRebuffer":120315.60000005364,"qoeLatency":184106.4,"qoeBitrateSwitch":240,"qoePlaybackSpeed":1683.6254158000343},