{"chunk-stream2-00018":{"qoeTotal":-961.3043654306963,"qoeBitrate":500,"qoeRebuffer":0,"qoeLatency":1411.8000000000002,"qoeBitrateSwitch":0,"qoePlaybackSpeed":49.50436543069614},"chunk-stream2-00019":{"qoeTotal":-5772.171041122867,"qoeBitrate":1000,"qoeRebuffer":3546.600000143051,"qoeLatency":3130.8,"qoeBitrateSwitch":0,"qoePlaybackSpeed":94.771040979816},"chunk-stream2-00020":{"qoeTotal":-10460.16708069327,"qoeBitrate":1500,"qoeRebuffer":6689.400000572205,"qoeLatency":5131.200000000001,"qoeBitrateSwitch":0,"qoePlaybackSpeed":139.56708012106512},"chunk-stream2-00021":{"qoeTotal":-15473.481729330813,"qoeBitrate":2000,"qoeRebuffer":9836.400000572205,"qoeLatency":7454.400000000001,"qoeBitrateSwitch":0,"qoePlaybackSpeed":182.68172875860708},"chunk-stream2-00022":{"qoeTotal":-20763.741815778976,"qoeBitrate":2500,"qoeRebuffer":12966.000000715256,"qoeLatency":10073.400000000001,"qoeBitrateSwitch":0,"qoePlaybackSpeed":224.3418150637205},"chunk-stream2-00023":{"qoeTotal":-26358.18237510947,"qoeBitrate":3000,"qoeRebuffer":16102.200001001358,"qoeLatency":12990.600000000002,"qoeBitrateSwitch":0,"qoePlaybackSpeed":265.38237410810916},"chunk-stream2-00024":{"qoeTotal":-33503.18360086493,"qoeBitrate":3500,"qoeRebuffer":20544.000000715256,"qoeLatency":16145.400000000001,"qoeBitrateSwitch":0,"qoePlaybackSpeed":313.78360014967325},"chunk-stream2-00025":{"qoeTotal":-39709.87239414775,"qoeBitrate":4000,"qoeRebuffer":23721.000000715256,"qoeLatency":19635,"qoeBitrateSwitch":0,"qoePlaybackSpeed":353.87239343249377},"chunk-stream2-00026":{"qoeTotal":-46169.49238924571,"qoeBitrate":4500,"qoeRebuffer":26868.000000715256,"qoeLatency":23401.2,"qoeBitrateSwitch":0,"qoePlaybackSpeed":400.29238853045825},"chunk-stream2-00027":{"qoeTotal":-54223.77135271189,"qoeBitrate":5000,"qoeRebuffer":31346.400000572205,"qoeLatency":27429.600000000002,"qoeBitrateSwitch":0,"qoePlaybackSpeed":447.7713521396772},"chunk-stream2-00028":{"qoeTotal":-61222.79856851857,"qoeBitrate":5500,"qoeRebuffer":34449.60000085831,"qoeLatency":31780.800000000003,"qoeBitrateSwitch":0,"qoePlaybackSpeed":492.39856766026327},"chunk-stream2-00029":{"qoeTotal":-68591.16777087109,"qoeBitrate":6000,"qoeRebuffer":37628.400000572205,"qoeLatency":36427.200000000004,"qoeBitrateSwitch":0,"qoePlaybackSpeed":535.5677702988704},"chunk-stream2-00030":{"qoeTotal":-77440.55256051094,"qoeBitrate":6500,"qoeRebuffer":42025.20000100136,"qoeLatency":41333.4,"qoeBitrateSwitch":0,"qoePlaybackSpeed":581.9525595095859},"chunk-stream2-00031":{"qoeTotal":-85344.52832458387,"qoeBitrate":7000,"qoeRebuffer":45151.80000114441,"qoeLatency":46568.4,"qoeBitrateSwitch":0,"qoePlaybackSpeed":624.3283234394622},"chunk-stream2-00032":{"qoeTotal":-94830.03456738159,"qoeBitrate":7500,"qoeRebuffer":49557.000000715256,"qoeLatency":52105.200000000004,"qoeBitrateSwitch":0,"qoePlaybackSpeed":667.8345666663173},"chunk-stream2-00033":{"qoeTotal":-104903.74015869864,"qoeBitrate":8000,"qoeRebuffer":54198.60000085831,"qoeLatency":57990.600000000006,"qoeBitrateSwitch":0,"qoePlaybackSpeed":714.5401578403304},"chunk-stream2-00034":{"qoeTotal":-113762.54015841254,"qoeBitrate":8500,"qoeRebuffer":57488.400000572205,"qoeLatency":64059.600000000006,"qoeBitrateSwitch":0,"qoePlaybackSpeed":714.5401578403304},"chunk-stream2-00035":{"qoeTotal":-124184.04322253594,"qoeBitrate":9000,"qoeRebuffer":62035.20000100136,"qoeLatency":70390.20000000001,"qoeBitrateSwitch":0,"qoePlaybackSpeed":758.6432215345667},"chunk-stream2-00036":{"qoeTotal":-133636.00948062513,"qoeBitrate":9500,"qoeRebuffer":65388.00000143051,"qoeLatency":76945.20000000001,"qoeBitrateSwitch":0,"qoePlaybackSpeed":802.809479194597},"chunk-stream2-00037":{"qoeTotal":-143120.3102345707,"qoeBitrate":10000,"qoeRebuffer":68505.00000143051,"qoeLatency":83770.20000000001,"qoeBitrateSwitch":0,"qoePlaybackSpeed":845.1102331401717},"chunk-stream2-00038":{"qoeTotal":-152878.66016131535,"qoeBitrate":10500,"qoeRebuffer":71641.20000100136,"qoeLatency":90846.00000000001,"qoeBitrateSwitch":0,"qoePlaybackSpeed":891.4601603139963},"chunk-stream2-00039":{"qoeTotal":-162908.6064882367,"qoeBitrate":11000,"qoeRebuffer":74806.80000114441,"qoeLatency":98167.20000000001,"qoeBitrateSwitch":0,"qoePlaybackSpeed":934.606487092259},"chunk-stream2-00040":{"qoeTotal":-173687.7052762344,"qoeBitrate":11500,"qoeRebuffer":78478.80000114441,"qoeLatency":105730.20000000001,"qoeBitrateSwitch":0,"qoePlaybackSpeed":978.7052750899741},"chunk-stream2-00041":{"qoeTotal":-184063.3130228578,"qoeBitrate":12000,"qoeRebuffer":81477.00000071526,"qoeLatency":113561.40000000001,"qoeBitrateSwitch":0,"qoePlaybackSpeed":1024.913022142513},"chunk-stream2-00042":{"qoeTotal":-194683.13270689902,"qoeBitrate":12500,"qoeRebuffer":84603.60000157356,"qoeLatency":121507.20000000001,"qoeBitrateSwitch":0,"qoePlaybackSpeed":1072.3327053254363},"chunk-stream2-00043":{"qoeTotal":-203712.5251634704,"qoeBitrate":13000,"qoeRebuffer":86103.00000143051,"qoeLatency":129493.80000000002,"qoeBitrateSwitch":0,"qoePlaybackSpeed":1115.7251620398554},"init-stream2":{"qoeTotal":-211298.7251634704,"qoeBitrate":13500,"qoeRebuffer":86103.00000143051,"qoeLatency":137580.00000000003,"qoeBitrateSwitch":0,"qoePlaybackSpeed":1115.7251620398554},"chunk-stream2-00068":{"qoeTotal":-212424.12516375651,"qoeBitrate":14000,"qoeRebuffer":86122.20000171661,"qoeLatency":139186.20000000004,"qoeBitrateSwitch":0,"qoePlaybackSpeed":1115.7251620398554},"chunk-stream2-00069":{"qoeTotal":-215219.2507710206,"qoeBitrate":14500,"qoeRebuffer":87652.20000171661,"qoeLatency":140911.80000000005,"qoeBitrateSwitch":0,"qoePlaybackSpeed":1155.2507693039474},"chunk-stream2-00070":{"qoeTotal":-219765.56246177768,"qoeBitrate":15000,"qoeRebuffer":90689.40000200272,"qoeLatency":142878.60000000003,"qoeBitrateSwitch":0,"qoePlaybackSpeed":1197.5624597749131},"chunk-stream2-00071":{"qoeTotal":-223093.9782580998,"qoeBitrate":15500,"qoeRebuffer":92266.20000171661,"qoeLatency":145087.80000000005,"qoeBitrateSwitch":0,"qoePlaybackSpeed":1239.9782563831436},"chunk-stream2-00072":{"qoeTotal":-229027.25810003403,"qoeBitrate":16000,"qoeRebuffer":96210.00000286102,"qoeLatency":147537.60000000003,"qoeBitrateSwitch":0,"qoePlaybackSpeed":1279.6580971729852},"chunk-stream2-00073":{"qoeTotal":-234406.7637499312,"qoeBitrate":16500,"qoeRebuffer":99368.40000271797,"qoeLatency":150214.80000000005,"qoeBitrateSwitch":0,"qoePlaybackSpeed":1323.5637472131898},"chunk-stream2-00074":{"qoeTotal":-240535.33096911022,"qoeBitrate":17000,"qoeRebuffer":103026.00000214577,"qoeLatency":153141.60000000003,"qoeBitrateSwitch":0,"qoePlaybackSpeed":1367.730966964415},"chunk-stream2-00075":{"qoeTotal":-247616.61471760675,"qoeBitrate":17500,"qoeRebuffer":107382.00000286102,"qoeLatency":156321.00000000003,"qoeBitrateSwitch":0,"qoePlaybackSpeed":1413.6147147456884},"chunk-stream2-00076":{"qoeTotal":-253802.43701364627,"qoeBitrate":18000,"qoeRebuffer":110551.80000257492,"qoeLatency":159792.00000000003,"qoeBitrateSwitch":0,"qoePlaybackSpeed":1458.6370110713074},"chunk-stream2-00077":{"qoeTotal":-258628.31641390506,"qoeBitrate":18500,"qoeRebuffer":112122.60000300407,"qoeLatency":163504.20000000004,"qoeBitrateSwitch":0,"qoePlaybackSpeed":1501.516410900947},"chunk-stream2-00078":{"qoeTotal":-265250.1812311923,"qoeBitrate":19000,"qoeRebuffer":115238.40000271797,"qoeLatency":167469.60000000003,"qoeBitrateSwitch":0,"qoePlaybackSpeed":1542.1812284743164},"chunk-stream2-00079":{"qoeTotal":-272506.03649329627,"qoeBitrate":19500,"qoeRebuffer":118750.20000314713,"qoeLatency":171667.80000000005,"qoeBitrateSwitch":0,"qoePlaybackSpeed":1588.0364901490816},"chunk-stream2-00080":{"qoeTotal":-279683.00579675386,"qoeBitrate":20000,"qoeRebuffer":121933.20000314713,"qoeLatency":176116.20000000004,"qoeBitrateSwitch":0,"qoePlaybackSpeed":1633.6057936066486},"chunk-stream2-00081":{"qoeTotal":-288611.16807874036,"qoeBitrate":20500,"qoeRebuffer":126631.20000314713,"qoeLatency":180801.60000000003,"qoeBitrateSwitch":0,"qoePlaybackSpeed":1678.3680755931905},"chunk-stream2-00082":{"qoeTotal":-294636.1380393732,