{"switchHistory":[{"start":8.6645,"end":9.067624,"quality":{"mediaType":"video","bitrate":1000000,"width":640,"height":360,"scanType":null,"qualityIndex":2}},{"start":9.067624,"end":68.741691,"quality":{"mediaType":"video","bitrate":200000,"width":320,"height":180,"scanType":null,"qualityIndex":0}}],"switchRequests":[{"timeAbsolute":1700805854.039,"timeRelative":8.882785,"quality":{"mediaType":"video","bitrate":200000,"width":320,"height":180,"scanType":null,"qualityIndex":0}}],"stallDurationMs":469.2999999523163,"numStalls":90,"averageLatency":1.3903049645390058,"averageBufferLength":1.1898250591016533,"averageBitrate":205368.0805415819,"numSwitches":2,"averageBitrateVariations":800000,"averagePlaybackRate":0.9131387895659742,"averagePlaybackRateNonOne":0.8964347106363537}