{"chunk-stream2-00019":{"qoeTotal":-448.6,"qoeBitrate":500,"qoeRebuffer":0,"qoeLatency":948.6,"qoeBitrateSwitch":0,"qoePlaybackSpeed":0},"init-stream5":{"qoeTotal":-3441.4007847804473,"qoeBitrate":3500,"qoeRebuffer":0,"qoeLatency":1901.4,"qoeBitrateSwitch":5000,"qoePlaybackSpeed":40.00078478044704},"chunk-stream5-00020":{"qoeTotal":-1434.7008016640257,"qoeBitrate":6500,"qoeRebuffer":0,"qoeLatency":2887.2,"qoeBitrateSwitch":5000,"qoePlaybackSpeed":47.500801664025836},"chunk-stream5-00021":{"qoeTotal":690.1991814523957,"qoeBitrate":9500,"qoeRebuffer":0,"qoeLatency":3754.7999999999997,"qoeBitrateSwitch":5000,"qoePlaybackSpeed":55.00081854760463},"chunk-stream5-00022":{"qoeTotal":2800.699164568817,"qoeBitrate":12500,"qoeRebuffer":0,"qoeLatency":4636.799999999999,"qoeBitrateSwitch":5000,"qoePlaybackSpeed":62.500835431183425},"chunk-stream5-00023":{"qoeTotal":4914.7991476852385,"qoeBitrate":15500,"qoeRebuffer":0,"qoeLatency":5515.199999999999,"qoeBitrateSwitch":5000,"qoePlaybackSpeed":70.00085231476223},"chunk-stream5-00024":{"qoeTotal":7030.999147685238,"qoeBitrate":18500,"qoeRebuffer":0,"qoeLatency":6398.999999999999,"qoeBitrateSwitch":5000,"qoePlaybackSpeed":70.00085231476223},"chunk-stream5-00025":{"qoeTotal":9146.59914768524,"qoeBitrate":21500,"qoeRebuffer":0,"qoeLatency":7283.399999999999,"qoeBitrateSwitch":5000,"qoePlaybackSpeed":70.00085231476223},"chunk-stream5-00026":{"qoeTotal":11262.799147685238,"qoeBitrate":24500,"qoeRebuffer":0,"qoeLatency":8167.199999999999,"qoeBitrateSwitch":5000,"qoePlaybackSpeed":70.00085231476223},"chunk-stream5-00027":{"qoeTotal":13368.199147685238,"qoeBitrate":27500,"qoeRebuffer":0,"qoeLatency":9061.8,"qoeBitrateSwitch":5000,"qoePlaybackSpeed":70.00085231476223},"chunk-stream5-00028":{"qoeTotal":15474.199147685238,"qoeBitrate":30500,"qoeRebuffer":0,"qoeLatency":9955.8,"qoeBitrateSwitch":5000,"qoePlaybackSpeed":70.00085231476223},"chunk-stream5-00029":{"qoeTotal":17590.39914768524,"qoeBitrate":33500,"qoeRebuffer":0,"qoeLatency":10839.599999999999,"qoeBitrateSwitch":5000,"qoePlaybackSpeed":70.00085231476223},"chunk-stream5-00030":{"qoeTotal":19698.199147685238,"qoeBitrate":36500,"qoeRebuffer":0,"qoeLatency":11731.8,"qoeBitrateSwitch":5000,"qoePlaybackSpeed":70.00085231476223},"chunk-stream5-00031":{"qoeTotal":21813.79914768524,"qoeBitrate":39500,"qoeRebuffer":0,"qoeLatency":12616.199999999999,"qoeBitrateSwitch":5000,"qoePlaybackSpeed":70.00085231476223},"chunk-stream5-00032":{"qoeTotal":23920.999147685237,"qoeBitrate":42500,"qoeRebuffer":0,"qoeLatency":13508.999999999998,"qoeBitrateSwitch":5000,"qoePlaybackSpeed":70.00085231476223},"chunk-stream5-00033":{"qoeTotal":26036.59914768524,"qoeBitrate":45500,"qoeRebuffer":0,"qoeLatency":14393.399999999998,"qoeBitrateSwitch":5000,"qoePlaybackSpeed":70.00085231476223},"chunk-stream5-00034":{"qoeTotal":28152.19914768524,"qoeBitrate":48500,"qoeRebuffer":0,"qoeLatency":15277.799999999997,"qoeBitrateSwitch":5000,"qoePlaybackSpeed":70.00085231476223},"chunk-stream5-00035":{"qoeTotal":30268.39914768524,"qoeBitrate":51500,"qoeRebuffer":0,"qoeLatency":16161.599999999997,"qoeBitrateSwitch":5000,"qoePlaybackSpeed":70.00085231476223},"chunk-stream5-00036":{"qoeTotal":32384.59914768524,"qoeBitrate":54500,"qoeRebuffer":0,"qoeLatency":17045.399999999998,"qoeBitrateSwitch":5000,"qoePlaybackSpeed":70.00085231476223},"chunk-stream5-00037":{"qoeTotal":34500.79914768524,"qoeBitrate":57500,"qoeRebuffer":0,"qoeLatency":17929.199999999997,"qoeBitrateSwitch":5000,"qoePlaybackSpeed":70.00085231476223},"chunk-stream5-00038":{"qoeTotal":36616.39914768524,"qoeBitrate":60500,"qoeRebuffer":0,"qoeLatency":18813.6,"qoeBitrateSwitch":5000,"qoePlaybackSpeed":70.00085231476223},"chunk-stream5-00039":{"qoeTotal":38731.99914768524,"qoeBitrate":63500,"qoeRebuffer":0,"qoeLatency":19698,"qoeBitrateSwitch":5000,"qoePlaybackSpeed":70.00085231476223},"chunk-stream5-00040":{"qoeTotal":40848.199147685234,"qoeBitrate":66500,"qoeRebuffer":0,"qoeLatency":20581.8,"qoeBitrateSwitch":5000,"qoePlaybackSpeed":70.00085231476223},"chunk-stream5-00041":{"qoeTotal":42964.39914768524,"qoeBitrate":69500,"qoeRebuffer":0,"qoeLatency":21465.6,"qoeBitrateSwitch":5000,"qoePlaybackSpeed":70.00085231476223},"chunk-stream5-00042":{"qoeTotal":45079.99914768524,"qoeBitrate":72500,"qoeRebuffer":0,"qoeLatency":22350,"qoeBitrateSwitch":5000,"qoePlaybackSpeed":70.00085231476223},"chunk-stream5-00043":{"qoeTotal":47196.199147685234,"qoeBitrate":75500,"qoeRebuffer":0,"qoeLatency":23233.8,"qoeBitrateSwitch":5000,"qoePlaybackSpeed":70.00085231476223},"chunk-stream5-00044":{"qoeTotal":49312.39914768524,"qoeBitrate":78500,"qoeRebuffer":0,"qoeLatency":24117.6,"qoeBitrateSwitch":5000,"qoePlaybackSpeed":70.00085231476223},"chunk-stream5-00045":{"qoeTotal":51427.99914768524,"qoeBitrate":81500,"qoeRebuffer":0,"qoeLatency":25002,"qoeBitrateSwitch":5000,"qoePlaybackSpeed":70.00085231476223},"chunk-stream5-00046":{"qoeTotal":53543.599147685236,"qoeBitrate":84500,"qoeRebuffer":0,"qoeLatency":25886.4,"qoeBitrateSwitch":5000,"qoePlaybackSpeed":70.00085231476223},"chunk-stream5-00047":{"qoeTotal":55659.199147685234,"qoeBitrate":87500,"qoeRebuffer":0,"qoeLatency":26770.800000000003,"qoeBitrateSwitch":5000,"qoePlaybackSpeed":70.00085231476223},"chunk-stream5-00048":{"qoeTotal":57775.39914768523,"qoeBitrate":90500,"qoeRebuffer":0,"qoeLatency":27654.600000000002,"qoeBitrateSwitch":5000,"qoePlaybackSpeed":70.00085231476223},"chunk-stream5-00049":{"qoeTotal":59890.99914768524,"qoeBitrate":93500,"qoeRebuffer":0,"qoeLatency":28539.000000000004,"qoeBitrateSwitch":5000,"qoePlaybackSpeed":70.00085231476223},"chunk-stream5-00050":{"qoeTotal":62006.59914768523,"qoeBitrate":96500,"qoeRebuffer":0,"qoeLatency":29423.400000000005,"qoeBitrateSwitch":5000,"qoePlaybackSpeed":70.00085231476223},"chunk-stream5-00051":{"qoeTotal":64122.79914768523,"qoeBitrate":99500,"qoeRebuffer":0,"qoeLatency":30307.200000000004,"qoeBitrateSwitch":5000,"qoePlaybackSpeed":70.00085231476223},"chunk-stream5-00052":{"qoeTotal":66238.39914768524,"qoeBitrate":102500,"qoeRebuffer":0,"qoeLatency":31191.600000000006,"qoeBitrateSwitch":5000,"qoePlaybackSpeed":70.00085231476223},"chunk-stream5-00053":{"qoeTotal":68353.99914768524,"qoeBitrate":105500,"qoeRebuffer":0,"qoeLatency":32076.000000000007,"qoeBitrateSwitch":5000,"qoePlaybackSpeed":70.00085231476223},"chunk-stream5-00054":{"qoeTotal":70461.79914768523,"qoeBitrate":108500,"qoeRebuffer":0,"qoeLatency":32968.200000000004,"qoeBitrateSwitch":5000,"qoePlaybackSpeed":70.00085231476223},"chunk-stream5-00055":{"qoeTotal":72565.39914768524,"qoeBitrate":111500,"qoeRebuffer":0,"qoeLatency":33864.600000000006,"qoeBitrateSwitch":5000,"qoePlaybackSpeed":70.00085231476223},"chunk-stream5-00056":{"qoeTotal":74680.99914768524,"qoeBitrate":114500,"qoeRebuffer":0,"qoeLatency":34749.00000000001,"qoeBitrateSwitch":5000,"qoePlaybackSpeed":70.00085231476223},"chunk-stream5-00057":{"qoeTotal":76797.19914768523,"qoeBitrate":117500,"qoeRebuffer":0,"qoeLatency":35632.80000000001,"qoeBitrateSwitch":5000,"qoePlaybackSpeed":70.00085231476223},"chunk-stream5-00058":{"qoeTotal":78912.79914768523,"qoeBitrate":120500,"qoeRebuffer":0,"qoeLatency":36517.20000000001,"qoeBitrateSwitch":5000,"qoePlaybackSpeed":70.00085231476223},"chunk-stream5-00059":{"qoeTotal":81022.99914768523,"qoeBitrate":123500,"qoeRebuffer":0,"qoeLatency":37407.000000000015,"qoeBitrateSwitch":5000,"qoePlaybackSpeed":70.00085231476223},"chunk-stream5-00060":{"qoeTotal":83139.19914768523,"qoeBitrate":126500,"qoeRebuffer":0,"qoeLatency":38290.80000000002,"qoeBitrateSwitch":5000,"qoePlaybackSpeed":70.00085231476223},"chunk-stream5-00061":{"qoeTotal":85254.79914768523,"qoeBitrate":129500,"qoeRebuffer":0,"qoeLatency":39175.20000000002,"qoeBitrateSwitch":5000,"qoePlaybackSpeed":70.00085231476223},"chunk-stream5-00062":{"qoeTotal":87370.39914768522,"qoeBitrate":132500,"qoeRebuffer":0,"qoeLatency":40059.60000000002,"qoeBitrateSwitch":5000,"qoePlaybackSpeed":70.00085231476223},"chunk-stream5-00063":{"qoeTotal":89486.59914768522,