{"chunk-stream2-00018":{"qoeTotal":-490.64994716270616,"qoeBitrate":500,"qoeRebuffer":0,"qoeLatency":952.1999999999999,"qoeBitrateSwitch":0,"qoePlaybackSpeed":38.4499471627062},"init-stream3":{"qoeTotal":-1655.049947162706,"qoeBitrate":1750,"qoeRebuffer":0,"qoeLatency":1866.6,"qoeBitrateSwitch":1500,"qoePlaybackSpeed":38.4499471627062},"chunk-stream3-00019":{"qoeTotal":-1411.8998943254123,"qoeBitrate":3000,"qoeRebuffer":0,"qoeLatency":2835,"qoeBitrateSwitch":1500,"qoePlaybackSpeed":76.8998943254124},"init-stream4":{"qoeTotal":-1826.2998943254124,"qoeBitrate":5000,"qoeRebuffer":0,"qoeLatency":3749.4,"qoeBitrateSwitch":3000,"qoePlaybackSpeed":76.8998943254124},"chunk-stream4-00020":{"qoeTotal":-812.0703095981711,"qoeBitrate":7000,"qoeRebuffer":0,"qoeLatency":4716.6,"qoeBitrateSwitch":3000,"qoePlaybackSpeed":95.4703095981707},"chunk-stream4-00021":{"qoeTotal":210.27195844424585,"qoeBitrate":9000,"qoeRebuffer":0,"qoeLatency":5679,"qoeBitrateSwitch":3000,"qoePlaybackSpeed":110.72804155575416},"chunk-stream4-00022":{"qoeTotal":1248.7976172176104,"qoeBitrate":11000,"qoeRebuffer":0,"qoeLatency":6628.2,"qoeBitrateSwitch":3000,"qoePlaybackSpeed":123.00238278238984},"chunk-stream4-00023":{"qoeTotal":2298.1864919965897,"qoeBitrate":13000,"qoeRebuffer":0,"qoeLatency":7569,"qoeBitrateSwitch":3000,"qoePlaybackSpeed":132.81350800341016},"chunk-stream4-00024":{"qoeTotal":3371.657939679709,"qoeBitrate":15000,"qoeRebuffer":0,"qoeLatency":8489.4,"qoeBitrateSwitch":3000,"qoePlaybackSpeed":138.9420603202912},"chunk-stream4-00025":{"qoeTotal":4457.257939679709,"qoeBitrate":17000,"qoeRebuffer":0,"qoeLatency":9403.8,"qoeBitrateSwitch":3000,"qoePlaybackSpeed":138.9420603202912},"chunk-stream4-00026":{"qoeTotal":5542.257939679709,"qoeBitrate":19000,"qoeRebuffer":0,"qoeLatency":10318.8,"qoeBitrateSwitch":3000,"qoePlaybackSpeed":138.9420603202912},"chunk-stream4-00027":{"qoeTotal":6627.257939679709,"qoeBitrate":21000,"qoeRebuffer":0,"qoeLatency":11233.8,"qoeBitrateSwitch":3000,"qoePlaybackSpeed":138.9420603202912},"chunk-stream4-00028":{"qoeTotal":7712.257939679709,"qoeBitrate":23000,"qoeRebuffer":0,"qoeLatency":12148.8,"qoeBitrateSwitch":3000,"qoePlaybackSpeed":138.9420603202912},"chunk-stream4-00029":{"qoeTotal":8797.85793967971,"qoeBitrate":25000,"qoeRebuffer":0,"qoeLatency":13063.199999999999,"qoeBitrateSwitch":3000,"qoePlaybackSpeed":138.9420603202912},"chunk-stream4-00030":{"qoeTotal":9882.85793967971,"qoeBitrate":27000,"qoeRebuffer":0,"qoeLatency":13978.199999999999,"qoeBitrateSwitch":3000,"qoePlaybackSpeed":138.9420603202912},"chunk-stream3-00031":{"qoeTotal":8717.85793967971,"qoeBitrate":28250,"qoeRebuffer":0,"qoeLatency":14893.199999999999,"qoeBitrateSwitch":4500,"qoePlaybackSpeed":138.9420603202912},"chunk-stream3-00032":{"qoeTotal":9052.85793967971,"qoeBitrate":29500,"qoeRebuffer":0,"qoeLatency":15808.199999999999,"qoeBitrateSwitch":4500,"qoePlaybackSpeed":138.9420603202912},"chunk-stream3-00033":{"qoeTotal":9381.25793967971,"qoeBitrate":30750,"qoeRebuffer":0,"qoeLatency":16729.8,"qoeBitrateSwitch":4500,"qoePlaybackSpeed":138.9420603202912},"chunk-stream3-00034":{"qoeTotal":9716.25793967971,"qoeBitrate":32000,"qoeRebuffer":0,"qoeLatency":17644.8,"qoeBitrateSwitch":4500,"qoePlaybackSpeed":138.9420603202912},"chunk-stream3-00035":{"qoeTotal":10051.25793967971,"qoeBitrate":33250,"qoeRebuffer":0,"qoeLatency":18559.8,"qoeBitrateSwitch":4500,"qoePlaybackSpeed":138.9420603202912},"chunk-stream3-00036":{"qoeTotal":10386.25793967971,"qoeBitrate":34500,"qoeRebuffer":0,"qoeLatency":19474.8,"qoeBitrateSwitch":4500,"qoePlaybackSpeed":138.9420603202912},"chunk-stream3-00037":{"qoeTotal":10721.25793967971,"qoeBitrate":35750,"qoeRebuffer":0,"qoeLatency":20389.8,"qoeBitrateSwitch":4500,"qoePlaybackSpeed":138.9420603202912},"chunk-stream3-00038":{"qoeTotal":11056.25793967971,"qoeBitrate":37000,"qoeRebuffer":0,"qoeLatency":21304.8,"qoeBitrateSwitch":4500,"qoePlaybackSpeed":138.9420603202912},"chunk-stream3-00039":{"qoeTotal":11391.25793967971,"qoeBitrate":38250,"qoeRebuffer":0,"qoeLatency":22219.8,"qoeBitrateSwitch":4500,"qoePlaybackSpeed":138.9420603202912},"chunk-stream3-00040":{"qoeTotal":11726.25793967971,"qoeBitrate":39500,"qoeRebuffer":0,"qoeLatency":23134.8,"qoeBitrateSwitch":4500,"qoePlaybackSpeed":138.9420603202912},"chunk-stream3-00041":{"qoeTotal":12061.25793967971,"qoeBitrate":40750,"qoeRebuffer":0,"qoeLatency":24049.8,"qoeBitrateSwitch":4500,"qoePlaybackSpeed":138.9420603202912},"chunk-stream3-00042":{"qoeTotal":12393.857939679709,"qoeBitrate":42000,"qoeRebuffer":0,"qoeLatency":24967.2,"qoeBitrateSwitch":4500,"qoePlaybackSpeed":138.9420603202912},"chunk-stream3-00043":{"qoeTotal":12728.857939679709,"qoeBitrate":43250,"qoeRebuffer":0,"qoeLatency":25882.2,"qoeBitrateSwitch":4500,"qoePlaybackSpeed":138.9420603202912},"chunk-stream3-00044":{"qoeTotal":13063.857939679709,"qoeBitrate":44500,"qoeRebuffer":0,"qoeLatency":26797.2,"qoeBitrateSwitch":4500,"qoePlaybackSpeed":138.9420603202912},"chunk-stream3-00045":{"qoeTotal":13399.457939679707,"qoeBitrate":45750,"qoeRebuffer":0,"qoeLatency":27711.600000000002,"qoeBitrateSwitch":4500,"qoePlaybackSpeed":138.9420603202912},"chunk-stream3-00046":{"qoeTotal":13735.057939679706,"qoeBitrate":47000,"qoeRebuffer":0,"qoeLatency":28626.000000000004,"qoeBitrateSwitch":4500,"qoePlaybackSpeed":138.9420603202912},"chunk-stream4-00047":{"qoeTotal":13320.057939679706,"qoeBitrate":49000,"qoeRebuffer":0,"qoeLatency":29541.000000000004,"qoeBitrateSwitch":6000,"qoePlaybackSpeed":138.9420603202912},"chunk-stream4-00048":{"qoeTotal":14405.057939679706,"qoeBitrate":51000,"qoeRebuffer":0,"qoeLatency":30456.000000000004,"qoeBitrateSwitch":6000,"qoePlaybackSpeed":138.9420603202912},"chunk-stream4-00049":{"qoeTotal":15490.057939679706,"qoeBitrate":53000,"qoeRebuffer":0,"qoeLatency":31371.000000000004,"qoeBitrateSwitch":6000,"qoePlaybackSpeed":138.9420603202912},"chunk-stream4-00050":{"qoeTotal":16575.657939679702,"qoeBitrate":55000,"qoeRebuffer":0,"qoeLatency":32285.400000000005,"qoeBitrateSwitch":6000,"qoePlaybackSpeed":138.9420603202912},"chunk-stream4-00051":{"qoeTotal":17660.6579396797,"qoeBitrate":57000,"qoeRebuffer":0,"qoeLatency":33200.40000000001,"qoeBitrateSwitch":6000,"qoePlaybackSpeed":138.9420603202912},"chunk-stream4-00052":{"qoeTotal":18745.6579396797,"qoeBitrate":59000,"qoeRebuffer":0,"qoeLatency":34115.40000000001,"qoeBitrateSwitch":6000,"qoePlaybackSpeed":138.9420603202912}}