{"chunk-stream2-00018":{"qoeTotal":-580.5127150423052,"qoeBitrate":500,"qoeRebuffer":0,"qoeLatency":1030.2,"qoeBitrateSwitch":0,"qoePlaybackSpeed":50.312715042305186},"chunk-stream2-00019":{"qoeTotal":-2680.854068895458,"qoeBitrate":1000,"qoeRebuffer":1513.7999997138977,"qoeLatency":2088,"qoeBitrateSwitch":0,"qoePlaybackSpeed":79.05406918156052},"chunk-stream2-00020":{"qoeTotal":-3281.4822267874724,"qoeBitrate":1500,"qoeRebuffer":1513.7999997138977,"qoeLatency":3151.8,"qoeBitrateSwitch":0,"qoePlaybackSpeed":115.88222707357451},"chunk-stream2-00021":{"qoeTotal":-3849.475963239124,"qoeBitrate":2000,"qoeRebuffer":1513.7999997138977,"qoeLatency":4188,"qoeBitrateSwitch":0,"qoePlaybackSpeed":147.67596352522628},"chunk-stream2-00022":{"qoeTotal":-4391.090302973903,"qoeBitrate":2500,"qoeRebuffer":1513.7999997138977,"qoeLatency":5202.6,"qoeBitrateSwitch":0,"qoePlaybackSpeed":174.69030326000504},"chunk-stream2-00023":{"qoeTotal":-4913.779636701409,"qoeBitrate":3000,"qoeRebuffer":1513.7999997138977,"qoeLatency":6201.6,"qoeBitrateSwitch":0,"qoePlaybackSpeed":198.3796369875109},"chunk-stream2-00024":{"qoeTotal":-5406.150051974168,"qoeBitrate":3500,"qoeRebuffer":1513.7999997138977,"qoeLatency":7175.400000000001,"qoeBitrateSwitch":0,"qoePlaybackSpeed":216.9500522602692},"chunk-stream2-00025":{"qoeTotal":-5868.368041957935,"qoeBitrate":4000,"qoeRebuffer":1513.7999997138977,"qoeLatency":8125.200000000001,"qoeBitrateSwitch":0,"qoePlaybackSpeed":229.36804224403636},"chunk-stream2-00026":{"qoeTotal":-6311.925096462079,"qoeBitrate":4500,"qoeRebuffer":1513.7999997138977,"qoeLatency":9058.800000000001,"qoeBitrateSwitch":0,"qoePlaybackSpeed":239.32509674818027},"chunk-stream2-00027":{"qoeTotal":-6740.253648778961,"qoeBitrate":5000,"qoeRebuffer":1513.7999997138977,"qoeLatency":9981.000000000002,"qoeBitrateSwitch":0,"qoePlaybackSpeed":245.4536490650613},"chunk-stream2-00028":{"qoeTotal":-7158.253648778961,"qoeBitrate":5500,"qoeRebuffer":1513.7999997138977,"qoeLatency":10899.000000000002,"qoeBitrateSwitch":0,"qoePlaybackSpeed":245.4536490650613},"chunk-stream2-00029":{"qoeTotal":-7576.253648778961,"qoeBitrate":6000,"qoeRebuffer":1513.7999997138977,"qoeLatency":11817.000000000002,"qoeBitrateSwitch":0,"qoePlaybackSpeed":245.4536490650613},"chunk-stream2-00030":{"qoeTotal":-7994.253648778961,"qoeBitrate":6500,"qoeRebuffer":1513.7999997138977,"qoeLatency":12735.000000000002,"qoeBitrateSwitch":0,"qoePlaybackSpeed":245.4536490650613},"chunk-stream2-00031":{"qoeTotal":-8411.65364877896,"qoeBitrate":7000,"qoeRebuffer":1513.7999997138977,"qoeLatency":13652.400000000001,"qoeBitrateSwitch":0,"qoePlaybackSpeed":245.4536490650613},"chunk-stream2-00032":{"qoeTotal":-8830.25364877896,"qoeBitrate":7500,"qoeRebuffer":1513.7999997138977,"qoeLatency":14571.000000000002,"qoeBitrateSwitch":0,"qoePlaybackSpeed":245.4536490650613},"chunk-stream2-00033":{"qoeTotal":-9248.85364877896,"qoeBitrate":8000,"qoeRebuffer":1513.7999997138977,"qoeLatency":15489.600000000002,"qoeBitrateSwitch":0,"qoePlaybackSpeed":245.4536490650613},"chunk-stream2-00034":{"qoeTotal":-9666.85364877896,"qoeBitrate":8500,"qoeRebuffer":1513.7999997138977,"qoeLatency":16407.600000000002,"qoeBitrateSwitch":0,"qoePlaybackSpeed":245.4536490650613},"chunk-stream2-00035":{"qoeTotal":-10084.85364877896,"qoeBitrate":9000,"qoeRebuffer":1513.7999997138977,"qoeLatency":17325.600000000002,"qoeBitrateSwitch":0,"qoePlaybackSpeed":245.4536490650613},"chunk-stream2-00036":{"qoeTotal":-10499.85364877896,"qoeBitrate":9500,"qoeRebuffer":1513.7999997138977,"qoeLatency":18240.600000000002,"qoeBitrateSwitch":0,"qoePlaybackSpeed":245.4536490650613},"chunk-stream2-00037":{"qoeTotal":-10917.85364877896,"qoeBitrate":10000,"qoeRebuffer":1513.7999997138977,"qoeLatency":19158.600000000002,"qoeBitrateSwitch":0,"qoePlaybackSpeed":245.4536490650613},"chunk-stream2-00038":{"qoeTotal":-11335.85364877896,"qoeBitrate":10500,"qoeRebuffer":1513.7999997138977,"qoeLatency":20076.600000000002,"qoeBitrateSwitch":0,"qoePlaybackSpeed":245.4536490650613},"chunk-stream2-00039":{"qoeTotal":-11753.85364877896,"qoeBitrate":11000,"qoeRebuffer":1513.7999997138977,"qoeLatency":20994.600000000002,"qoeBitrateSwitch":0,"qoePlaybackSpeed":245.4536490650613},"chunk-stream2-00040":{"qoeTotal":-12172.45364877896,"qoeBitrate":11500,"qoeRebuffer":1513.7999997138977,"qoeLatency":21913.2,"qoeBitrateSwitch":0,"qoePlaybackSpeed":245.4536490650613},"chunk-stream2-00041":{"qoeTotal":-12587.45364877896,"qoeBitrate":12000,"qoeRebuffer":1513.7999997138977,"qoeLatency":22828.2,"qoeBitrateSwitch":0,"qoePlaybackSpeed":245.4536490650613},"chunk-stream2-00042":{"qoeTotal":-13005.45364877896,"qoeBitrate":12500,"qoeRebuffer":1513.7999997138977,"qoeLatency":23746.2,"qoeBitrateSwitch":0,"qoePlaybackSpeed":245.4536490650613},"chunk-stream2-00043":{"qoeTotal":-13423.45364877896,"qoeBitrate":13000,"qoeRebuffer":1513.7999997138977,"qoeLatency":24664.2,"qoeBitrateSwitch":0,"qoePlaybackSpeed":245.4536490650613},"chunk-stream2-00044":{"qoeTotal":-13841.45364877896,"qoeBitrate":13500,"qoeRebuffer":1513.7999997138977,"qoeLatency":25582.2,"qoeBitrateSwitch":0,"qoePlaybackSpeed":245.4536490650613},"init-stream3":{"qoeTotal":-20847.536834597417,"qoeBitrate":14750,"qoeRebuffer":1513.7999997138977,"qoeLatency":33647.4,"qoeBitrateSwitch":150,"qoePlaybackSpeed":286.3368348835157},"chunk-stream3-00045":{"qoeTotal":-20517.936834597418,"qoeBitrate":16000,"qoeRebuffer":1513.7999997138977,"qoeLatency":34567.8,"qoeBitrateSwitch":150,"qoePlaybackSpeed":286.3368348835157},"chunk-stream3-00046":{"qoeTotal":-20188.33683459742,"qoeBitrate":17250,"qoeRebuffer":1513.7999997138977,"qoeLatency":35488.200000000004,"qoeBitrateSwitch":150,"qoePlaybackSpeed":286.3368348835157},"chunk-stream3-00047":{"qoeTotal":-19858.136834597422,"qoeBitrate":18500,"qoeRebuffer":1513.7999997138977,"qoeLatency":36408.00000000001,"qoeBitrateSwitch":150,"qoePlaybackSpeed":286.3368348835157},"chunk-stream3-00048":{"qoeTotal":-19527.33683459742,"qoeBitrate":19750,"qoeRebuffer":1513.7999997138977,"qoeLatency":37327.200000000004,"qoeBitrateSwitch":150,"qoePlaybackSpeed":286.3368348835157},"chunk-stream3-00049":{"qoeTotal":-19198.936834597418,"qoeBitrate":21000,"qoeRebuffer":1513.7999997138977,"qoeLatency":38248.8,"qoeBitrateSwitch":150,"qoePlaybackSpeed":286.3368348835157},"chunk-stream3-00050":{"qoeTotal":-18870.536834597417,"qoeBitrate":22250,"qoeRebuffer":1513.7999997138977,"qoeLatency":39170.4,"qoeBitrateSwitch":150,"qoePlaybackSpeed":286.3368348835157},"chunk-stream3-00051":{"qoeTotal":-18540.936834597418,"qoeBitrate":23500,"qoeRebuffer":1513.7999997138977,"qoeLatency":40090.8,"qoeBitrateSwitch":150,"qoePlaybackSpeed":286.3368348835157},"chunk-stream3-00052":{"qoeTotal":-18210.73683459742,"qoeBitrate":24750,"qoeRebuffer":1513.7999997138977,"qoeLatency":41010.600000000006,"qoeBitrateSwitch":150,"qoePlaybackSpeed":286.3368348835157},"chunk-stream3-00053":{"qoeTotal":-17875.73683459742,"qoeBitrate":26000,"qoeRebuffer":1513.7999997138977,"qoeLatency":41925.600000000006,"qoeBitrateSwitch":150,"qoePlaybackSpeed":286.3368348835157},"chunk-stream3-00054":{"qoeTotal":-17572.564745312517,"qoeBitrate":27250,"qoeRebuffer":1513.7999997138977,"qoeLatency":42859.200000000004,"qoeBitrateSwitch":150,"qoePlaybackSpeed":299.5647455986161},"chunk-stream3-00055":{"qoeTotal":-32974.70113099916,"qoeBitrate":28500,"qoeRebuffer":15781.19999885559,"qoeLatency":45196.8,"qoeBitrateSwitch":150,"qoePlaybackSpeed":346.7011321435615},"chunk-stream3-00056":{"qoeTotal":-56886.90112985475,"qoeBitrate":29750,"qoeRebuffer":36767.39999771118,"qoeLatency":49372.8,"qoeBitrateSwitch":150,"qoePlaybackSpeed":346.7011321435615},"chunk-stream3-00057":{"qoeTotal":-73655.25675053403,"qoeBitrate":31000,"qoeRebuffer":49559.39999771118,"qoeLatency":54550.8,"qoeBitrateSwitch":150,"qoePlaybackSpeed":395.05675282283494},"chunk-stream3-00058":{"qoeTotal":-88609.2123720716,"qoeBitrate":32250,"qoeRebuffer":59792.99999856949,"qoeLatency":60472.8,"qoeBitrateSwitch":150,"qoePlaybackSpeed":443.4123735021084},