{"chunk-stream2-00018":{"qoeTotal":-478.90180322587287,"qoeBitrate":500,"qoeRebuffer":0,"qoeLatency":943.2,"qoeBitrateSwitch":0,"qoePlaybackSpeed":35.701803225872794},"init-stream3":{"qoeTotal":-1713.8036064517457,"qoeBitrate":1750,"qoeRebuffer":0,"qoeLatency":1892.4,"qoeBitrateSwitch":1500,"qoePlaybackSpeed":71.40360645174559},"chunk-stream3-00019":{"qoeTotal":-1458.9054096776185,"qoeBitrate":3000,"qoeRebuffer":0,"qoeLatency":2851.8,"qoeBitrateSwitch":1500,"qoePlaybackSpeed":107.10540967761838},"init-stream4":{"qoeTotal":-1960.0072129034916,"qoeBitrate":5000,"qoeRebuffer":0,"qoeLatency":3817.2000000000003,"qoeBitrateSwitch":3000,"qoePlaybackSpeed":142.80721290349118},"chunk-stream4-00020":{"qoeTotal":-940.6732640583839,"qoeBitrate":7000,"qoeRebuffer":0,"qoeLatency":4780.8,"qoeBitrateSwitch":3000,"qoePlaybackSpeed":159.87326405838365},"chunk-stream4-00021":{"qoeTotal":83.53875539905772,"qoeBitrate":9000,"qoeRebuffer":0,"qoeLatency":5742.6,"qoeBitrateSwitch":3000,"qoePlaybackSpeed":173.86124460094192},"chunk-stream4-00022":{"qoeTotal":1127.2739830469607,"qoeBitrate":11000,"qoeRebuffer":0,"qoeLatency":6687.6,"qoeBitrateSwitch":3000,"qoePlaybackSpeed":185.12601695303903},"chunk-stream4-00023":{"qoeTotal":2192.8042404951334,"qoeBitrate":13000,"qoeRebuffer":0,"qoeLatency":7615.200000000001,"qoeBitrateSwitch":3000,"qoePlaybackSpeed":191.9957595048657},"chunk-stream4-00024":{"qoeTotal":3269.1344979433075,"qoeBitrate":15000,"qoeRebuffer":0,"qoeLatency":8532,"qoeBitrateSwitch":3000,"qoePlaybackSpeed":198.86550205669238},"chunk-stream4-00025":{"qoeTotal":4352.334497943309,"qoeBitrate":17000,"qoeRebuffer":0,"qoeLatency":9448.8,"qoeBitrateSwitch":3000,"qoePlaybackSpeed":198.86550205669238},"chunk-stream4-00026":{"qoeTotal":5435.534497943309,"qoeBitrate":19000,"qoeRebuffer":0,"qoeLatency":10365.599999999999,"qoeBitrateSwitch":3000,"qoePlaybackSpeed":198.86550205669238},"chunk-stream4-00027":{"qoeTotal":6518.73449794331,"qoeBitrate":21000,"qoeRebuffer":0,"qoeLatency":11282.399999999998,"qoeBitrateSwitch":3000,"qoePlaybackSpeed":198.86550205669238},"chunk-stream4-00028":{"qoeTotal":7593.534497943309,"qoeBitrate":23000,"qoeRebuffer":0,"qoeLatency":12207.599999999999,"qoeBitrateSwitch":3000,"qoePlaybackSpeed":198.86550205669238},"chunk-stream4-00029":{"qoeTotal":8677.334497943308,"qoeBitrate":25000,"qoeRebuffer":0,"qoeLatency":13123.8,"qoeBitrateSwitch":3000,"qoePlaybackSpeed":198.86550205669238},"chunk-stream4-00030":{"qoeTotal":9760.534497943308,"qoeBitrate":27000,"qoeRebuffer":0,"qoeLatency":14040.599999999999,"qoeBitrateSwitch":3000,"qoePlaybackSpeed":198.86550205669238},"chunk-stream4-00031":{"qoeTotal":10837.73449794331,"qoeBitrate":29000,"qoeRebuffer":0,"qoeLatency":14963.399999999998,"qoeBitrateSwitch":3000,"qoePlaybackSpeed":198.86550205669238},"chunk-stream4-00032":{"qoeTotal":11920.93449794331,"qoeBitrate":31000,"qoeRebuffer":0,"qoeLatency":15880.199999999997,"qoeBitrateSwitch":3000,"qoePlaybackSpeed":198.86550205669238},"chunk-stream4-00033":{"qoeTotal":13004.13449794331,"qoeBitrate":33000,"qoeRebuffer":0,"qoeLatency":16796.999999999996,"qoeBitrateSwitch":3000,"qoePlaybackSpeed":198.86550205669238},"chunk-stream4-00034":{"qoeTotal":14087.93449794331,"qoeBitrate":35000,"qoeRebuffer":0,"qoeLatency":17713.199999999997,"qoeBitrateSwitch":3000,"qoePlaybackSpeed":198.86550205669238},"chunk-stream4-00035":{"qoeTotal":15171.13449794331,"qoeBitrate":37000,"qoeRebuffer":0,"qoeLatency":18629.999999999996,"qoeBitrateSwitch":3000,"qoePlaybackSpeed":198.86550205669238},"chunk-stream4-00036":{"qoeTotal":16248.334497943311,"qoeBitrate":39000,"qoeRebuffer":0,"qoeLatency":19552.799999999996,"qoeBitrateSwitch":3000,"qoePlaybackSpeed":198.86550205669238},"chunk-stream4-00037":{"qoeTotal":17326.134497943312,"qoeBitrate":41000,"qoeRebuffer":0,"qoeLatency":20474.999999999996,"qoeBitrateSwitch":3000,"qoePlaybackSpeed":198.86550205669238},"chunk-stream4-00038":{"qoeTotal":18409.93449794331,"qoeBitrate":43000,"qoeRebuffer":0,"qoeLatency":21391.199999999997,"qoeBitrateSwitch":3000,"qoePlaybackSpeed":198.86550205669238},"chunk-stream4-00039":{"qoeTotal":19493.73449794331,"qoeBitrate":45000,"qoeRebuffer":0,"qoeLatency":22307.399999999998,"qoeBitrateSwitch":3000,"qoePlaybackSpeed":198.86550205669238},"chunk-stream4-00040":{"qoeTotal":20576.93449794331,"qoeBitrate":47000,"qoeRebuffer":0,"qoeLatency":23224.199999999997,"qoeBitrateSwitch":3000,"qoePlaybackSpeed":198.86550205669238},"chunk-stream4-00041":{"qoeTotal":21660.134497943312,"qoeBitrate":49000,"qoeRebuffer":0,"qoeLatency":24140.999999999996,"qoeBitrateSwitch":3000,"qoePlaybackSpeed":198.86550205669238},"chunk-stream4-00042":{"qoeTotal":22743.334497943313,"qoeBitrate":51000,"qoeRebuffer":0,"qoeLatency":25057.799999999996,"qoeBitrateSwitch":3000,"qoePlaybackSpeed":198.86550205669238},"chunk-stream4-00043":{"qoeTotal":23826.534497943314,"qoeBitrate":53000,"qoeRebuffer":0,"qoeLatency":25974.599999999995,"qoeBitrateSwitch":3000,"qoePlaybackSpeed":198.86550205669238},"chunk-stream4-00044":{"qoeTotal":24910.334497943313,"qoeBitrate":55000,"qoeRebuffer":0,"qoeLatency":26890.799999999996,"qoeBitrateSwitch":3000,"qoePlaybackSpeed":198.86550205669238},"chunk-stream4-00045":{"qoeTotal":25993.534497943314,"qoeBitrate":57000,"qoeRebuffer":0,"qoeLatency":27807.599999999995,"qoeBitrateSwitch":3000,"qoePlaybackSpeed":198.86550205669238},"chunk-stream4-00046":{"qoeTotal":27076.734497943315,"qoeBitrate":59000,"qoeRebuffer":0,"qoeLatency":28724.399999999994,"qoeBitrateSwitch":3000,"qoePlaybackSpeed":198.86550205669238},"chunk-stream4-00047":{"qoeTotal":28159.934497943315,"qoeBitrate":61000,"qoeRebuffer":0,"qoeLatency":29641.199999999993,"qoeBitrateSwitch":3000,"qoePlaybackSpeed":198.86550205669238},"chunk-stream4-00048":{"qoeTotal":29243.134497943316,"qoeBitrate":63000,"qoeRebuffer":0,"qoeLatency":30557.999999999993,"qoeBitrateSwitch":3000,"qoePlaybackSpeed":198.86550205669238},"chunk-stream4-00049":{"qoeTotal":30326.934497943315,"qoeBitrate":65000,"qoeRebuffer":0,"qoeLatency":31474.199999999993,"qoeBitrateSwitch":3000,"qoePlaybackSpeed":198.86550205669238},"chunk-stream4-00050":{"qoeTotal":31401.734497943315,"qoeBitrate":67000,"qoeRebuffer":0,"qoeLatency":32399.399999999994,"qoeBitrateSwitch":3000,"qoePlaybackSpeed":198.86550205669238},"chunk-stream4-00051":{"qoeTotal":32484.93449794331,"qoeBitrate":69000,"qoeRebuffer":0,"qoeLatency":33316.2,"qoeBitrateSwitch":3000,"qoePlaybackSpeed":198.86550205669238},"chunk-stream4-00052":{"qoeTotal":33564.53449794331,"qoeBitrate":71000,"qoeRebuffer":0,"qoeLatency":34236.6,"qoeBitrateSwitch":3000,"qoePlaybackSpeed":198.86550205669238},"chunk-stream4-00053":{"qoeTotal":34647.734497943304,"qoeBitrate":73000,"qoeRebuffer":0,"qoeLatency":35153.4,"qoeBitrateSwitch":3000,"qoePlaybackSpeed":198.86550205669238},"chunk-stream4-00054":{"qoeTotal":35730.9344979433,"qoeBitrate":75000,"qoeRebuffer":0,"qoeLatency":36070.200000000004,"qoeBitrateSwitch":3000,"qoePlaybackSpeed":198.86550205669238}}