{"chunk-stream2-00018":{"qoeTotal":-936.8965787109221,"qoeBitrate":500,"qoeRebuffer":0,"qoeLatency":1389,"qoeBitrateSwitch":0,"qoePlaybackSpeed":47.89657871092212},"chunk-stream2-00019":{"qoeTotal":-5695.478790777369,"qoeBitrate":1000,"qoeRebuffer":3542.399999946356,"qoeLatency":3061.2,"qoeBitrateSwitch":0,"qoePlaybackSpeed":91.87879083101369},"chunk-stream2-00020":{"qoeTotal":-10321.007216484688,"qoeBitrate":1500,"qoeRebuffer":6689.399999946356,"qoeLatency":4993.2,"qoeBitrateSwitch":0,"qoePlaybackSpeed":138.40721653833137},"chunk-stream2-00021":{"qoeTotal":-15229.464324996694,"qoeBitrate":2000,"qoeRebuffer":9858.599999964237,"qoeLatency":7186.2,"qoeBitrateSwitch":0,"qoePlaybackSpeed":184.66432503245647},"chunk-stream2-00022":{"qoeTotal":-20344.588868482573,"qoeBitrate":2500,"qoeRebuffer":12957.599999964237,"qoeLatency":9657,"qoeBitrateSwitch":0,"qoePlaybackSpeed":229.98886851833518},"chunk-stream2-00023":{"qoeTotal":-25750.378608226863,"qoeBitrate":3000,"qoeRebuffer":16075.199999928474,"qoeLatency":12402,"qoeBitrateSwitch":0,"qoePlaybackSpeed":273.17860829838776},"chunk-stream2-00024":{"qoeTotal":-31461.27163286513,"qoeBitrate":3500,"qoeRebuffer":19205.399999946356,"qoeLatency":15436.8,"qoeBitrateSwitch":0,"qoePlaybackSpeed":319.07163291877293},"chunk-stream2-00025":{"qoeTotal":-37435.329832095966,"qoeBitrate":4000,"qoeRebuffer":22339.79999998212,"qoeLatency":18734.4,"qoeBitrateSwitch":0,"qoePlaybackSpeed":361.12983211384324},"chunk-stream2-00026":{"qoeTotal":-43723.57044534334,"qoeBitrate":4500,"qoeRebuffer":25496.399999946356,"qoeLatency":22320,"qoeBitrateSwitch":0,"qoePlaybackSpeed":407.1704453969901},"chunk-stream2-00027":{"qoeTotal":-51289.86988793434,"qoeBitrate":5000,"qoeRebuffer":29687.999999821186,"qoeLatency":26148,"qoeBitrateSwitch":0,"qoePlaybackSpeed":453.8698881131532},"chunk-stream2-00028":{"qoeTotal":-58063.2228005543,"qoeBitrate":5500,"qoeRebuffer":32798.999999821186,"qoeLatency":30269.4,"qoeBitrateSwitch":0,"qoePlaybackSpeed":494.82280073311097},"chunk-stream2-00029":{"qoeTotal":-65085.393918748254,"qoeBitrate":6000,"qoeRebuffer":35911.79999989271,"qoeLatency":34632,"qoeBitrateSwitch":0,"qoePlaybackSpeed":541.5939188555426},"chunk-stream2-00030":{"qoeTotal":-73710.21333105139,"qoeBitrate":6500,"qoeRebuffer":40378.199999928474,"qoeLatency":39245.4,"qoeBitrateSwitch":0,"qoePlaybackSpeed":586.6133311229256},"chunk-stream2-00031":{"qoeTotal":-81242.61926944445,"qoeBitrate":7000,"qoeRebuffer":43477.79999989271,"qoeLatency":44136,"qoeBitrateSwitch":0,"qoePlaybackSpeed":628.8192695517358},"chunk-stream2-00032":{"qoeTotal":-90171.348603326,"qoeBitrate":7500,"qoeRebuffer":47702.39999985695,"qoeLatency":49294.2,"qoeBitrateSwitch":0,"qoePlaybackSpeed":674.7486034690502},"chunk-stream2-00033":{"qoeTotal":-99478.34860327234,"qoeBitrate":8000,"qoeRebuffer":52027.799999803305,"qoeLatency":54775.799999999996,"qoeBitrateSwitch":0,"qoePlaybackSpeed":674.7486034690502},"init-stream1":{"qoeTotal":-106433.69241155025,"qoeBitrate":8300,"qoeRebuffer":52027.799999803305,"qoeLatency":61948.2,"qoeBitrateSwitch":40,"qoePlaybackSpeed":717.6924117469476},"chunk-stream1-00034":{"qoeTotal":-114334.32661454452,"qoeBitrate":8600,"qoeRebuffer":54652.799999803305,"qoeLatency":67486.2,"qoeBitrateSwitch":40,"qoePlaybackSpeed":755.3266147412238},"chunk-stream1-00035":{"qoeTotal":-119650.21752075892,"qoeBitrate":8900,"qoeRebuffer":54652.799999803305,"qoeLatency":73074.59999999999,"qoeBitrateSwitch":40,"qoePlaybackSpeed":782.8175209556217},"init-stream2":{"qoeTotal":-127311.65387772566,"qoeBitrate":9400,"qoeRebuffer":54652.799999803305,"qoeLatency":81149.99999999999,"qoeBitrateSwitch":80,"qoePlaybackSpeed":828.8538779223713},"chunk-stream2-00036":{"qoeTotal":-134456.92570386032,"qoeBitrate":9900,"qoeRebuffer":56558.999999821186,"qoeLatency":86842.79999999999,"qoeBitrateSwitch":80,"qoePlaybackSpeed":875.1257040391517},"chunk-stream2-00037":{"qoeTotal":-141506.28727780218,"qoeBitrate":10400,"qoeRebuffer":58132.19999983907,"qoeLatency":92779.19999999998,"qoeBitrateSwitch":80,"qoePlaybackSpeed":914.8872779631466},"chunk-stream2-00038":{"qoeTotal":-148724.63745538885,"qoeBitrate":10900,"qoeRebuffer":59639.39999985695,"qoeLatency":98948.99999999999,"qoeBitrateSwitch":80,"qoePlaybackSpeed":956.2374555319029},"chunk-stream2-00039":{"qoeTotal":-156196.69942485227,"qoeBitrate":11400,"qoeRebuffer":61190.99999991059,"qoeLatency":105326.99999999999,"qoeBitrateSwitch":80,"qoePlaybackSpeed":998.6994249416755},"chunk-stream2-00040":{"qoeTotal":-163874.45372330802,"qoeBitrate":11900,"qoeRebuffer":62702.39999985695,"qoeLatency":111948.59999999999,"qoeBitrateSwitch":80,"qoePlaybackSpeed":1043.4537234511067},"chunk-stream2-00041":{"qoeTotal":-174312.22052745035,"qoeBitrate":12400,"qoeRebuffer":66691.19999983907,"qoeLatency":118852.2,"qoeBitrateSwitch":80,"qoePlaybackSpeed":1088.8205276112735},"chunk-stream2-00042":{"qoeTotal":-182447.15821691026,"qoeBitrate":12900,"qoeRebuffer":68255.9999999106,"qoeLatency":125880,"qoeBitrateSwitch":80,"qoePlaybackSpeed":1131.158216999668},"chunk-stream2-00043":{"qoeTotal":-190742.01439067352,"qoeBitrate":13400,"qoeRebuffer":69831.59999996424,"qoeLatency":133057.8,"qoeBitrateSwitch":80,"qoePlaybackSpeed":1172.6143907092935},"chunk-stream2-00044":{"qoeTotal":-199222.23879383877,"qoeBitrate":13900,"qoeRebuffer":71410.20000001788,"qoeLatency":140418,"qoeBitrateSwitch":80,"qoePlaybackSpeed":1214.03879382089},"chunk-stream2-00045":{"qoeTotal":-207906.54904434658,"qoeBitrate":14400,"qoeRebuffer":72970.79999998212,"qoeLatency":148000.8,"qoeBitrateSwitch":80,"qoePlaybackSpeed":1254.949044364469},"chunk-stream2-00046":{"qoeTotal":-216747.70950244542,"qoeBitrate":14900,"qoeRebuffer":74482.19999992847,"qoeLatency":155789.4,"qoeBitrateSwitch":80,"qoePlaybackSpeed":1296.1095025169539},"chunk-stream2-00047":{"qoeTotal":-225845.4607397097,"qoeBitrate":15400,"qoeRebuffer":76049.39999994636,"qoeLatency":163783.8,"qoeBitrateSwitch":80,"qoePlaybackSpeed":1332.2607397633565},"chunk-stream2-00072":{"qoeTotal":-234060.03531970707,"qoeBitrate":15900,"qoeRebuffer":76049.39999994636,"qoeLatency":172450.8,"qoeBitrateSwitch":80,"qoePlaybackSpeed":1379.835319760729},"chunk-stream2-00073":{"qoeTotal":-241176.5399922577,"qoeBitrate":16400,"qoeRebuffer":81978.59999996424,"qoeLatency":174102,"qoeBitrateSwitch":80,"qoePlaybackSpeed":1415.9399922934579},"chunk-stream2-00074":{"qoeTotal":-244150.17688073526,"qoeBitrate":16900,"qoeRebuffer":83544,"qoeLatency":175966.2,"qoeBitrateSwitch":80,"qoePlaybackSpeed":1459.9768807352475},"chunk-stream1-00075":{"qoeTotal":-247480.6526078048,"qoeBitrate":17200,"qoeRebuffer":85066.79999998212,"qoeLatency":177985.2,"qoeBitrateSwitch":120,"qoePlaybackSpeed":1508.652607822672},"chunk-stream2-00076":{"qoeTotal":-252460.2313978091,"qoeBitrate":17700,"qoeRebuffer":88189.20000001788,"qoeLatency":180256.2,"qoeBitrateSwitch":160,"qoePlaybackSpeed":1554.8313977912246},"chunk-stream1-00077":{"qoeTotal":-256255.7477668104,"qoeBitrate":18000,"qoeRebuffer":89746.20000001788,"qoeLatency":182722.2,"qoeBitrateSwitch":200,"qoePlaybackSpeed":1587.3477667925138},"chunk-stream2-00078":{"qoeTotal":-261692.919556596,"qoeBitrate":18500,"qoeRebuffer":92855.40000003576,"qoeLatency":185466.6,"qoeBitrateSwitch":240,"qoePlaybackSpeed":1630.9195565602233},"chunk-stream2-00079":{"qoeTotal":-267411.1353996642,"qoeBitrate":19000,"qoeRebuffer":95992.20000010729,"qoeLatency":188506.2,"qoeBitrateSwitch":240,"qoePlaybackSpeed":1672.7353995569167},"chunk-stream2-00080":{"qoeTotal":-274960.90630003833,"qoeBitrate":19500,"qoeRebuffer":100643.40000012517,"qoeLatency":191860.2,"qoeBitrateSwitch":240,"qoePlaybackSpeed":1717.3062999131218},"chunk-stream2-00081":{"qoeTotal":-281279.3023166745,"qoeBitrate":20000,"qoeRebuffer":103777.20000010729,"qoeLatency":195502.2,"qoeBitrateSwitch":240,"qoePlaybackSpeed":1759.9023165671758},"chunk-stream2-00082":{"qoeTotal":-287896.7455543015,"qoeBitrate":20500,"qoeRebuffer":106915.20000010729,"qoeLatency":199434.6,"qoeBitrateSwitch":240,