{"chunk-stream2-00018":{"qoeTotal":-478.24952082097354,"qoeBitrate":500,"qoeRebuffer":0,"qoeLatency":943.2,"qoeBitrateSwitch":0,"qoePlaybackSpeed":35.0495208209735},"init-stream5":{"qoeTotal":-3434.6361250846535,"qoeBitrate":3500,"qoeRebuffer":0,"qoeLatency":1887.6000000000001,"qoeBitrateSwitch":5000,"qoePlaybackSpeed":47.036125084653264},"chunk-stream5-00019":{"qoeTotal":-1414.7930982863088,"qoeBitrate":6500,"qoeRebuffer":0,"qoeLatency":2851.8,"qoeBitrateSwitch":5000,"qoePlaybackSpeed":62.99309828630852},"chunk-stream5-00020":{"qoeTotal":616.4499285120359,"qoeBitrate":9500,"qoeRebuffer":0,"qoeLatency":3804.6000000000004,"qoeBitrateSwitch":5000,"qoePlaybackSpeed":78.95007148796378},"chunk-stream5-00021":{"qoeTotal":2659.0588448224544,"qoeBitrate":12500,"qoeRebuffer":0,"qoeLatency":4749,"qoeBitrateSwitch":5000,"qoePlaybackSpeed":91.94115517754551},"chunk-stream5-00022":{"qoeTotal":4711.319300204554,"qoeBitrate":15500,"qoeRebuffer":0,"qoeLatency":5686.2,"qoeBitrateSwitch":5000,"qoePlaybackSpeed":102.48069979544685},"chunk-stream5-00023":{"qoeTotal":6774.979755586652,"qoeBitrate":18500,"qoeRebuffer":0,"qoeLatency":6612,"qoeBitrateSwitch":5000,"qoePlaybackSpeed":113.0202444133482},"chunk-stream5-00024":{"qoeTotal":8846.502806437733,"qoeBitrate":21500,"qoeRebuffer":0,"qoeLatency":7534.2,"qoeBitrateSwitch":5000,"qoePlaybackSpeed":119.29719356226721},"chunk-stream5-00025":{"qoeTotal":10930.902806437734,"qoeBitrate":24500,"qoeRebuffer":0,"qoeLatency":8449.8,"qoeBitrateSwitch":5000,"qoePlaybackSpeed":119.29719356226721},"chunk-stream5-00026":{"qoeTotal":13015.302806437734,"qoeBitrate":27500,"qoeRebuffer":0,"qoeLatency":9365.4,"qoeBitrateSwitch":5000,"qoePlaybackSpeed":119.29719356226721},"chunk-stream5-00027":{"qoeTotal":15099.702806437734,"qoeBitrate":30500,"qoeRebuffer":0,"qoeLatency":10281,"qoeBitrateSwitch":5000,"qoePlaybackSpeed":119.29719356226721},"chunk-stream5-00028":{"qoeTotal":17184.102806437735,"qoeBitrate":33500,"qoeRebuffer":0,"qoeLatency":11196.6,"qoeBitrateSwitch":5000,"qoePlaybackSpeed":119.29719356226721},"chunk-stream5-00029":{"qoeTotal":19268.502806437733,"qoeBitrate":36500,"qoeRebuffer":0,"qoeLatency":12112.2,"qoeBitrateSwitch":5000,"qoePlaybackSpeed":119.29719356226721},"chunk-stream5-00030":{"qoeTotal":21352.90280643773,"qoeBitrate":39500,"qoeRebuffer":0,"qoeLatency":13027.800000000001,"qoeBitrateSwitch":5000,"qoePlaybackSpeed":119.29719356226721},"chunk-stream5-00031":{"qoeTotal":23437.302806437732,"qoeBitrate":42500,"qoeRebuffer":0,"qoeLatency":13943.400000000001,"qoeBitrateSwitch":5000,"qoePlaybackSpeed":119.29719356226721},"chunk-stream5-00032":{"qoeTotal":25491.432728899752,"qoeBitrate":45500,"qoeRebuffer":0,"qoeLatency":14876.400000000001,"qoeBitrateSwitch":5000,"qoePlaybackSpeed":132.1672711002453},"init-stream3":{"qoeTotal":22295.562651361775,"qoeBitrate":46750,"qoeRebuffer":0,"qoeLatency":15809.400000000001,"qoeBitrateSwitch":8500,"qoePlaybackSpeed":145.0373486382234},"chunk-stream3-00033":{"qoeTotal":22538.630737175667,"qoeBitrate":48000,"qoeRebuffer":0,"qoeLatency":16778.4,"qoeBitrateSwitch":8500,"qoePlaybackSpeed":182.96926282433103},"chunk-stream3-00034":{"qoeTotal":22808.077748667543,"qoeBitrate":49250,"qoeRebuffer":0,"qoeLatency":17754.600000000002,"qoeBitrateSwitch":8500,"qoePlaybackSpeed":187.322251332456},"init-stream4":{"qoeTotal":22329.924760159418,"qoeBitrate":51250,"qoeRebuffer":0,"qoeLatency":18728.4,"qoeBitrateSwitch":10000,"qoePlaybackSpeed":191.67523984058099},"chunk-stream4-00035":{"qoeTotal":23356.57072873649,"qoeBitrate":53250,"qoeRebuffer":0,"qoeLatency":19687.2,"qoeBitrateSwitch":10000,"qoePlaybackSpeed":206.2292712635091},"chunk-stream4-00036":{"qoeTotal":24398.38412447281,"qoeBitrate":55250,"qoeRebuffer":0,"qoeLatency":20633.4,"qoeBitrateSwitch":10000,"qoePlaybackSpeed":218.21587552718887},"chunk-stream5-00037":{"qoeTotal":24459.465214214957,"qoeBitrate":58250,"qoeRebuffer":0,"qoeLatency":21562.800000000003,"qoeBitrateSwitch":12000,"qoePlaybackSpeed":227.7347857850388},"chunk-stream5-00038":{"qoeTotal":26532.491706002093,"qoeBitrate":61250,"qoeRebuffer":0,"qoeLatency":22483.200000000004,"qoeBitrateSwitch":12000,"qoePlaybackSpeed":234.30829399790457},"chunk-stream5-00039":{"qoeTotal":28618.691706002093,"qoeBitrate":64250,"qoeRebuffer":0,"qoeLatency":23397.000000000004,"qoeBitrateSwitch":12000,"qoePlaybackSpeed":234.30829399790457},"chunk-stream5-00040":{"qoeTotal":30704.891706002094,"qoeBitrate":67250,"qoeRebuffer":0,"qoeLatency":24310.800000000003,"qoeBitrateSwitch":12000,"qoePlaybackSpeed":234.30829399790457},"chunk-stream5-00041":{"qoeTotal":32782.69170600209,"qoeBitrate":70250,"qoeRebuffer":0,"qoeLatency":25233.000000000004,"qoeBitrateSwitch":12000,"qoePlaybackSpeed":234.30829399790457},"chunk-stream5-00042":{"qoeTotal":34868.89170600209,"qoeBitrate":73250,"qoeRebuffer":0,"qoeLatency":26146.800000000003,"qoeBitrateSwitch":12000,"qoePlaybackSpeed":234.30829399790457},"chunk-stream5-00043":{"qoeTotal":36955.09170600209,"qoeBitrate":76250,"qoeRebuffer":0,"qoeLatency":27060.600000000002,"qoeBitrateSwitch":12000,"qoePlaybackSpeed":234.30829399790457},"chunk-stream5-00044":{"qoeTotal":39041.29170600209,"qoeBitrate":79250,"qoeRebuffer":0,"qoeLatency":27974.4,"qoeBitrateSwitch":12000,"qoePlaybackSpeed":234.30829399790457},"chunk-stream5-00045":{"qoeTotal":41127.491706002096,"qoeBitrate":82250,"qoeRebuffer":0,"qoeLatency":28888.2,"qoeBitrateSwitch":12000,"qoePlaybackSpeed":234.30829399790457},"chunk-stream5-00046":{"qoeTotal":43213.69170600209,"qoeBitrate":85250,"qoeRebuffer":0,"qoeLatency":29802,"qoeBitrateSwitch":12000,"qoePlaybackSpeed":234.30829399790457},"chunk-stream5-00047":{"qoeTotal":45299.89170600209,"qoeBitrate":88250,"qoeRebuffer":0,"qoeLatency":30715.8,"qoeBitrateSwitch":12000,"qoePlaybackSpeed":234.30829399790457},"chunk-stream5-00048":{"qoeTotal":47385.491706002096,"qoeBitrate":91250,"qoeRebuffer":0,"qoeLatency":31630.2,"qoeBitrateSwitch":12000,"qoePlaybackSpeed":234.30829399790457},"chunk-stream5-00049":{"qoeTotal":49471.69170600209,"qoeBitrate":94250,"qoeRebuffer":0,"qoeLatency":32544,"qoeBitrateSwitch":12000,"qoePlaybackSpeed":234.30829399790457},"chunk-stream5-00050":{"qoeTotal":51557.89170600209,"qoeBitrate":97250,"qoeRebuffer":0,"qoeLatency":33457.8,"qoeBitrateSwitch":12000,"qoePlaybackSpeed":234.30829399790457},"chunk-stream5-00051":{"qoeTotal":53644.09170600209,"qoeBitrate":100250,"qoeRebuffer":0,"qoeLatency":34371.600000000006,"qoeBitrateSwitch":12000,"qoePlaybackSpeed":234.30829399790457},"chunk-stream5-00052":{"qoeTotal":55730.291706002085,"qoeBitrate":103250,"qoeRebuffer":0,"qoeLatency":35285.40000000001,"qoeBitrateSwitch":12000,"qoePlaybackSpeed":234.30829399790457},"chunk-stream5-00053":{"qoeTotal":57816.49170600208,"qoeBitrate":106250,"qoeRebuffer":0,"qoeLatency":36199.20000000001,"qoeBitrateSwitch":12000,"qoePlaybackSpeed":234.30829399790457},"chunk-stream5-00054":{"qoeTotal":59894.89170600208,"qoeBitrate":109250,"qoeRebuffer":0,"qoeLatency":37120.80000000001,"qoeBitrateSwitch":12000,"qoePlaybackSpeed":234.30829399790457},"chunk-stream5-00055":{"qoeTotal":61981.09170600208,"qoeBitrate":112250,"qoeRebuffer":0,"qoeLatency":38034.60000000001,"qoeBitrateSwitch":12000,"qoePlaybackSpeed":234.30829399790457},"chunk-stream5-00056":{"qoeTotal":64067.29170600208,"qoeBitrate":115250,"qoeRebuffer":0,"qoeLatency":38948.400000000016,"qoeBitrateSwitch":12000,"qoePlaybackSpeed":234.30829399790457},"chunk-stream5-00057":{"qoeTotal":66153.49170600208,"qoeBitrate":118250,"qoeRebuffer":0,"qoeLatency":39862.20000000002,"qoeBitrateSwitch":12000,"qoePlaybackSpeed":234.30829399790457},"chunk-stream5-00058":{"qoeTotal":68239.69170600206,"qoeBitrate":121250,"qoeRebuffer":0,"qoeLatency":40776.00000000002,"qoeBitrateSwitch":12000,"qoePlaybackSpeed":234.30829399790457},"chunk-stream5-00059":{"qoeTotal":70325.89170600208,"qoeBitrate":124250,"qoeRebuffer":0,"qoeLatency":41689.800000000025,"qoeBitrateSwitch":12000,"qoePlaybackSpeed":234.30829399790457},"chunk-stream5-00060":{"qoeTotal":72412.09170600206,