{"switchHistory":[{"start":8.716,"end":8.913268,"quality":{"mediaType":"video","bitrate":1000000,"width":640,"height":360,"scanType":null,"qualityIndex":2}},{"start":8.913268,"end":68.861805,"quality":{"mediaType":"video","bitrate":1000000,"width":640,"height":360,"scanType":null,"qualityIndex":2}}],"switchRequests":[],"stallDurationMs":11.800000190734863,"numStalls":4,"averageLatency":1.5367772511848348,"averageBufferLength":1.2997890995260653,"averageBitrate":1000000.0000000001,"numSwitches":2,"averageBitrateVariations":0,"averagePlaybackRate":1.0045063792597642,"averagePlaybackRateNonOne":1.0326049793500593}