{"chunk-stream2-00018":{"qoeTotal":-998.9330257090103,"qoeBitrate":500,"qoeRebuffer":0,"qoeLatency":1448.4,"qoeBitrateSwitch":0,"qoePlaybackSpeed":50.53302570901017},"init-stream1":{"qoeTotal":-8255.22010250546,"qoeBitrate":800,"qoeRebuffer":0,"qoeLatency":8921.4,"qoeBitrateSwitch":40,"qoePlaybackSpeed":93.82010250546095},"chunk-stream1-00019":{"qoeTotal":-11652.964330654686,"qoeBitrate":1100,"qoeRebuffer":2011.2000000178814,"qoeLatency":10574.4,"qoeBitrateSwitch":40,"qoePlaybackSpeed":127.36433063680542},"init-stream2":{"qoeTotal":-19365.490786957453,"qoeBitrate":1600,"qoeRebuffer":2011.2000000178814,"qoeLatency":18707.4,"qoeBitrateSwitch":80,"qoePlaybackSpeed":166.89078693956844},"chunk-stream2-00020":{"qoeTotal":-22334.77003996112,"qoeBitrate":2100,"qoeRebuffer":3576.600000053644,"qoeLatency":20564.4,"qoeBitrateSwitch":80,"qoePlaybackSpeed":213.77003990747318},"chunk-stream2-00021":{"qoeTotal":-27189.1057568288,"qoeBitrate":2600,"qoeRebuffer":6711,"qoeLatency":22740.600000000002,"qoeBitrateSwitch":80,"qoePlaybackSpeed":257.5057568287979},"chunk-stream2-00022":{"qoeTotal":-32325.79502443779,"qoeBitrate":3100,"qoeRebuffer":9826.799999982119,"qoeLatency":25217.4,"qoeBitrateSwitch":80,"qoePlaybackSpeed":301.59502445567045},"chunk-stream2-00023":{"qoeTotal":-39008.55893198197,"qoeBitrate":3600,"qoeRebuffer":14158.800000071526,"qoeLatency":28023.600000000002,"qoeBitrateSwitch":80,"qoePlaybackSpeed":346.1589319104405},"chunk-stream2-00024":{"qoeTotal":-44802.55390696854,"qoeBitrate":4100,"qoeRebuffer":17266.20000001788,"qoeLatency":31167.600000000002,"qoeBitrateSwitch":80,"qoePlaybackSpeed":388.75390695064993},"chunk-stream2-00025":{"qoeTotal":-50988.643643314965,"qoeBitrate":4600,"qoeRebuffer":20431.20000001788,"qoeLatency":34646.4,"qoeBitrateSwitch":80,"qoePlaybackSpeed":431.043643297081},"chunk-stream2-00026":{"qoeTotal":-58518.62522953897,"qoeBitrate":5100,"qoeRebuffer":24602.400000035763,"qoeLatency":38460.6,"qoeBitrateSwitch":80,"qoePlaybackSpeed":475.62522950320636},"chunk-stream2-00027":{"qoeTotal":-66749.71375267574,"qoeBitrate":5600,"qoeRebuffer":29130,"qoeLatency":42616.2,"qoeBitrateSwitch":80,"qoePlaybackSpeed":523.5137526757495},"chunk-stream1-00028":{"qoeTotal":-74013.95526159844,"qoeBitrate":5900,"qoeRebuffer":32233.800000071526,"qoeLatency":47006.399999999994,"qoeBitrateSwitch":120,"qoePlaybackSpeed":553.7552615269253},"chunk-stream2-00029":{"qoeTotal":-81226.05410298283,"qoeBitrate":6400,"qoeRebuffer":35263.800000071526,"qoeLatency":51603.59999999999,"qoeBitrateSwitch":160,"qoePlaybackSpeed":598.6541029113159},"chunk-stream2-00030":{"qoeTotal":-89970.6816484436,"qoeBitrate":6900,"qoeRebuffer":39586.79999998212,"qoeLatency":56480.399999999994,"qoeBitrateSwitch":160,"qoePlaybackSpeed":643.4816484614884},"chunk-stream2-00031":{"qoeTotal":-97798.84624159831,"qoeBitrate":7400,"qoeRebuffer":42708.59999996424,"qoeLatency":61641.59999999999,"qoeBitrateSwitch":160,"qoePlaybackSpeed":688.6462416340866},"chunk-stream2-00032":{"qoeTotal":-106651.77901718556,"qoeBitrate":7900,"qoeRebuffer":46603.79999989271,"qoeLatency":67054.2,"qoeBitrateSwitch":160,"qoePlaybackSpeed":733.779017292857},"chunk-stream1-00033":{"qoeTotal":-115051.67199109455,"qoeBitrate":8200,"qoeRebuffer":49579.199999928474,"qoeLatency":72695.4,"qoeBitrateSwitch":200,"qoePlaybackSpeed":777.0719911660857},"chunk-stream1-00034":{"qoeTotal":-120491.63731102667,"qoeBitrate":8500,"qoeRebuffer":49579.199999928474,"qoeLatency":78396,"qoeBitrateSwitch":200,"qoePlaybackSpeed":816.4373110981968},"chunk-stream1-00035":{"qoeTotal":-125986.11416423712,"qoeBitrate":8800,"qoeRebuffer":49579.199999928474,"qoeLatency":84160.2,"qoeBitrateSwitch":200,"qoePlaybackSpeed":846.714164308649},"chunk-stream1-00036":{"qoeTotal":-131557.37235362653,"qoeBitrate":9100,"qoeRebuffer":49579.199999928474,"qoeLatency":89987.4,"qoeBitrateSwitch":200,"qoePlaybackSpeed":890.7723536980662},"chunk-stream2-00037":{"qoeTotal":-140301.33365588775,"qoeBitrate":9600,"qoeRebuffer":52693.79999998212,"qoeLatency":96031.79999999999,"qoeBitrateSwitch":240,"qoePlaybackSpeed":935.7336559056495},"chunk-stream2-00038":{"qoeTotal":-149337.14937712732,"qoeBitrate":10100,"qoeRebuffer":55836,"qoeLatency":102378.59999999999,"qoeBitrateSwitch":240,"qoePlaybackSpeed":982.5493771273382},"chunk-stream2-00039":{"qoeTotal":-158671.94955499377,"qoeBitrate":10600,"qoeRebuffer":58974.600000053644,"qoeLatency":109030.79999999999,"qoeBitrateSwitch":240,"qoePlaybackSpeed":1026.5495549401335},"chunk-stream2-00040":{"qoeTotal":-169124.63212016335,"qoeBitrate":11100,"qoeRebuffer":62933.40000003576,"qoeLatency":115979.4,"qoeBitrateSwitch":240,"qoePlaybackSpeed":1071.8321201275899},"chunk-stream2-00041":{"qoeTotal":-180537.77962765863,"qoeBitrate":11600,"qoeRebuffer":67528.20000001788,"qoeLatency":123251.4,"qoeBitrateSwitch":240,"qoePlaybackSpeed":1118.1796276407522},"chunk-stream1-00042":{"qoeTotal":-190769.38812437464,"qoeBitrate":11900,"qoeRebuffer":70598.40000003576,"qoeLatency":130632,"qoeBitrateSwitch":280,"qoePlaybackSpeed":1158.9881243388768},"chunk-stream2-00043":{"qoeTotal":-199421.16721330278,"qoeBitrate":12400,"qoeRebuffer":72143.40000003576,"qoeLatency":138154.8,"qoeBitrateSwitch":320,"qoePlaybackSpeed":1202.9672132670155},"chunk-stream2-00044":{"qoeTotal":-208279.26480689846,"qoeBitrate":12900,"qoeRebuffer":73705.79999998212,"qoeLatency":145910.4,"qoeBitrateSwitch":320,"qoePlaybackSpeed":1243.064806916332},"chunk-stream2-00045":{"qoeTotal":-217327.22542369677,"qoeBitrate":13400,"qoeRebuffer":75212.9999999106,"qoeLatency":153907.19999999998,"qoeBitrateSwitch":320,"qoePlaybackSpeed":1287.0254237861823},"chunk-stream2-00070":{"qoeTotal":-225572.34932086346,"qoeBitrate":13900,"qoeRebuffer":75212.9999999106,"qoeLatency":162608.4,"qoeBitrateSwitch":320,"qoePlaybackSpeed":1330.9493209528841},"chunk-stream2-00071":{"qoeTotal":-232567.8317341274,"qoeBitrate":14400,"qoeRebuffer":81054.59999987483,"qoeLatency":164220,"qoeBitrateSwitch":320,"qoePlaybackSpeed":1373.2317342525719},"chunk-stream2-00072":{"qoeTotal":-237083.4939016653,"qoeBitrate":14900,"qoeRebuffer":84150.59999987483,"qoeLatency":166097.4,"qoeBitrateSwitch":320,"qoePlaybackSpeed":1415.493901790478},"chunk-stream2-00073":{"qoeTotal":-241889.71266379525,"qoeBitrate":15400,"qoeRebuffer":87271.19999992847,"qoeLatency":168237.6,"qoeBitrateSwitch":320,"qoePlaybackSpeed":1460.9126638667792},"chunk-stream2-00074":{"qoeTotal":-247694.5126636701,"qoeBitrate":15900,"qoeRebuffer":91165.7999998033,"qoeLatency":170647.80000000002,"qoeBitrateSwitch":320,"qoePlaybackSpeed":1460.9126638667792},"chunk-stream1-00075":{"qoeTotal":-253236.37199312315,"qoeBitrate":16200,"qoeRebuffer":94334.99999982119,"qoeLatency":173250.6,"qoeBitrateSwitch":360,"qoePlaybackSpeed":1490.7719933019612},"chunk-stream1-00076":{"qoeTotal":-257184.3833749189,"qoeBitrate":16500,"qoeRebuffer":95876.39999985695,"qoeLatency":175927.80000000002,"qoeBitrateSwitch":360,"qoePlaybackSpeed":1520.1833750619148},"chunk-stream1-00077":{"qoeTotal":-259656.65037574043,"qoeBitrate":16800,"qoeRebuffer":95876.39999985695,"qoeLatency":178664.40000000002,"qoeBitrateSwitch":360,"qoePlaybackSpeed":1555.8503758834636},"chunk-stream2-00078":{"qoeTotal":-263751.3882956886,"qoeBitrate":17300,"qoeRebuffer":97417.19999992847,"qoeLatency":181633.2,"qoeBitrateSwitch":400,"qoePlaybackSpeed":1600.9882957601126},"chunk-stream2-00079":{"qoeTotal":-269679.36211005197,"qoeBitrate":17800,"qoeRebuffer":100519.79999989271,"qoeLatency":184917.6,"qoeBitrateSwitch":400,"qoePlaybackSpeed":1641.9621101592854},"chunk-stream2-00080":{"qoeTotal":-275971.99047039077,"qoeBitrate":18300,"qoeRebuffer":103693.79999989271,"qoeLatency":188491.80000000002,"qoeBitrateSwitch":400,"qoePlaybackSpeed":1686.3904704979889},"chunk-stream2-00081":{"qoeTotal":-284097.86546573334,"qoeBitrate":18800,"qoeRebuffer":108463.19999992847,"qoeLatency":192301.80000000002,"qoeBitrateSwitch":400,"qoePlaybackSpeed":1732.8654658048251},"chunk-stream2-00082":{"qoeTotal":-290844.34449915856,"qoeBitrate":19300,