{"chunk-stream2-00018":{"qoeTotal":-609.5330257090102,"qoeBitrate":500,"qoeRebuffer":0,"qoeLatency":1059,"qoeBitrateSwitch":0,"qoePlaybackSpeed":50.53302570901017},"init-stream3":{"qoeTotal":-1932.89817835906,"qoeBitrate":1750,"qoeRebuffer":0,"qoeLatency":3433.8,"qoeBitrateSwitch":150,"qoePlaybackSpeed":99.09817835905989},"chunk-stream3-00019":{"qoeTotal":-5040.432293272646,"qoeBitrate":3000,"qoeRebuffer":3097.800000071525,"qoeLatency":4653.6,"qoeBitrateSwitch":150,"qoePlaybackSpeed":139.03229320112078},"chunk-stream3-00020":{"qoeTotal":-6787.262480225309,"qoeBitrate":4250,"qoeRebuffer":4620.600000053643,"qoeLatency":6085.8,"qoeBitrateSwitch":150,"qoePlaybackSpeed":180.8624801716657},"chunk-stream3-00021":{"qoeTotal":-10432.716905025962,"qoeBitrate":5500,"qoeRebuffer":7795.799999982118,"qoeLatency":7766.400000000001,"qoeBitrateSwitch":150,"qoePlaybackSpeed":220.51690504384288},"init-stream2":{"qoeTotal":-18101.173222515317,"qoeBitrate":6000,"qoeRebuffer":7795.799999982118,"qoeLatency":15738.600000000002,"qoeBitrateSwitch":300,"qoePlaybackSpeed":266.77322253319574},"chunk-stream2-00022":{"qoeTotal":-20967.564752102928,"qoeBitrate":6500,"qoeRebuffer":9314.999999999998,"qoeLatency":17544.000000000004,"qoeBitrateSwitch":300,"qoePlaybackSpeed":308.56475210292786},"chunk-stream2-00023":{"qoeTotal":-23947.163724780512,"qoeBitrate":7000,"qoeRebuffer":10840.199999928473,"qoeLatency":19458.000000000004,"qoeBitrateSwitch":300,"qoePlaybackSpeed":348.9637248520388},"chunk-stream2-00024":{"qoeTotal":-27065.1069982183,"qoeBitrate":7500,"qoeRebuffer":12390.599999964235,"qoeLatency":21484.800000000003,"qoeBitrateSwitch":300,"qoePlaybackSpeed":389.7069982540583},"chunk-stream2-00025":{"qoeTotal":-30333.719254336385,"qoeBitrate":8000,"qoeRebuffer":13958.399999946354,"qoeLatency":23646.600000000002,"qoeBitrateSwitch":300,"qoePlaybackSpeed":428.7192543900292},"chunk-stream2-00026":{"qoeTotal":-33723.35254743736,"qoeBitrate":8500,"qoeRebuffer":15532.199999928473,"qoeLatency":25924.800000000003,"qoeBitrateSwitch":300,"qoePlaybackSpeed":466.35254750888583},"chunk-stream2-00027":{"qoeTotal":-37245.28560332523,"qoeBitrate":9000,"qoeRebuffer":17037,"qoeLatency":28399.200000000004,"qoeBitrateSwitch":300,"qoePlaybackSpeed":509.0856033252278},"chunk-stream2-00028":{"qoeTotal":-39484.867915806884,"qoeBitrate":9500,"qoeRebuffer":17037,"qoeLatency":31101.000000000004,"qoeBitrateSwitch":300,"qoePlaybackSpeed":546.867915806883},"chunk-stream2-00029":{"qoeTotal":-44940.23210217634,"qoeBitrate":10000,"qoeRebuffer":20212.79999998212,"qoeLatency":33842.4,"qoeBitrateSwitch":300,"qoePlaybackSpeed":585.0321021942208},"chunk-stream2-00030":{"qoeTotal":-47208.561222475204,"qoeBitrate":10500,"qoeRebuffer":20212.79999998212,"qoeLatency":36606,"qoeBitrateSwitch":300,"qoePlaybackSpeed":589.7612224930864},"chunk-stream3-00031":{"qoeTotal":-48964.60161977519,"qoeBitrate":11750,"qoeRebuffer":20212.79999998212,"qoeLatency":39422.4,"qoeBitrateSwitch":450,"qoePlaybackSpeed":629.4016197930689},"chunk-stream2-00032":{"qoeTotal":-51497.60161977519,"qoeBitrate":12250,"qoeRebuffer":20212.79999998212,"qoeLatency":42305.4,"qoeBitrateSwitch":600,"qoePlaybackSpeed":629.4016197930689},"chunk-stream2-00033":{"qoeTotal":-55510.34093694237,"qoeBitrate":12750,"qoeRebuffer":21807.599999964237,"qoeLatency":45209.4,"qoeBitrateSwitch":600,"qoePlaybackSpeed":643.3409369781326},"chunk-stream2-00034":{"qoeTotal":-57962.3409306269,"qoeBitrate":13250,"qoeRebuffer":21807.599999964237,"qoeLatency":48101.4,"qoeBitrateSwitch":600,"qoePlaybackSpeed":703.3409306626621},"chunk-stream3-00035":{"qoeTotal":-59706.91159873273,"qoeBitrate":14500,"qoeRebuffer":21807.599999964237,"qoeLatency":50935.200000000004,"qoeBitrateSwitch":750,"qoePlaybackSpeed":714.1115987684898},"chunk-stream3-00036":{"qoeTotal":-61391.31143249519,"qoeBitrate":15750,"qoeRebuffer":21807.599999964237,"qoeLatency":53835.00000000001,"qoeBitrateSwitch":750,"qoePlaybackSpeed":748.7114325309435},"chunk-stream3-00037":{"qoeTotal":-64675.542836695684,"qoeBitrate":17000,"qoeRebuffer":23310.599999964237,"qoeLatency":56821.200000000004,"qoeBitrateSwitch":750,"qoePlaybackSpeed":793.7428367314409},"chunk-stream2-00038":{"qoeTotal":-67394.65085646884,"qoeBitrate":17500,"qoeRebuffer":23310.599999964237,"qoeLatency":59851.200000000004,"qoeBitrateSwitch":900,"qoePlaybackSpeed":832.8508565045894},"chunk-stream3-00039":{"qoeTotal":-70958.78898148776,"qoeBitrate":18750,"qoeRebuffer":24829.199999928474,"qoeLatency":62956.8,"qoeBitrateSwitch":1050,"qoePlaybackSpeed":872.7889815592858},"chunk-stream3-00040":{"qoeTotal":-74659.03656366139,"qoeBitrate":20000,"qoeRebuffer":26395.79999998212,"qoeLatency":66299.40000000001,"qoeBitrateSwitch":1050,"qoePlaybackSpeed":913.8365636792631},"chunk-stream3-00041":{"qoeTotal":-81021.84955056178,"qoeBitrate":21250,"qoeRebuffer":30290.999999910593,"qoeLatency":69972.00000000001,"qoeBitrateSwitch":1050,"qoePlaybackSpeed":958.8495506511642},"chunk-stream2-00042":{"qoeTotal":-85976.82280679162,"qoeBitrate":21750,"qoeRebuffer":31838.39999985695,"qoeLatency":73690.80000000002,"qoeBitrateSwitch":1200,"qoePlaybackSpeed":997.6228069346542},"chunk-stream2-00043":{"qoeTotal":-90816.66206604258,"qoeBitrate":22250,"qoeRebuffer":33431.39999985695,"qoeLatency":77431.80000000002,"qoeBitrateSwitch":1200,"qoePlaybackSpeed":1003.4620661856152},"chunk-stream2-00044":{"qoeTotal":-94059.46206603615,"qoeBitrate":22750,"qoeRebuffer":33431.39999985695,"qoeLatency":81114.60000000002,"qoeBitrateSwitch":1200,"qoePlaybackSpeed":1063.4620661791866},"chunk-stream3-00045":{"qoeTotal":-96675.05700977269,"qoeBitrate":24000,"qoeRebuffer":33431.39999985695,"qoeLatency":84796.20000000003,"qoeBitrateSwitch":1350,"qoePlaybackSpeed":1097.4570099157145},"chunk-stream3-00046":{"qoeTotal":-100843.46680772203,"qoeBitrate":25250,"qoeRebuffer":35009.99999991059,"qoeLatency":88594.80000000003,"qoeBitrateSwitch":1350,"qoePlaybackSpeed":1138.6668078114055},"chunk-stream3-00047":{"qoeTotal":-105107.65329804685,"qoeBitrate":26500,"qoeRebuffer":36509.39999985695,"qoeLatency":92572.20000000003,"qoeBitrateSwitch":1350,"qoePlaybackSpeed":1176.053298189874},"chunk-stream2-00048":{"qoeTotal":-108765.65329804685,"qoeBitrate":27000,"qoeRebuffer":36509.39999985695,"qoeLatency":96580.20000000003,"qoeBitrateSwitch":1500,"qoePlaybackSpeed":1176.053298189874},"chunk-stream2-00049":{"qoeTotal":-113907.30676247159,"qoeBitrate":27500,"qoeRebuffer":38098.19999983907,"qoeLatency":100613.40000000002,"qoeBitrateSwitch":1500,"qoePlaybackSpeed":1195.7067626325033},"chunk-stream2-00050":{"qoeTotal":-117488.59197265955,"qoeBitrate":28000,"qoeRebuffer":38098.19999983907,"qoeLatency":104682.00000000003,"qoeBitrateSwitch":1500,"qoePlaybackSpeed":1208.3919728204523},"chunk-stream3-00051":{"qoeTotal":-124103.99197278472,"qoeBitrate":29250,"qoeRebuffer":41589.59999996424,"qoeLatency":108906.00000000003,"qoeBitrateSwitch":1650,"qoePlaybackSpeed":1208.3919728204523},"chunk-stream2-00052":{"qoeTotal":-130597.58967929568,"qoeBitrate":29750,"qoeRebuffer":44024.399999946356,"qoeLatency":113281.20000000003,"qoeBitrateSwitch":1800,"qoePlaybackSpeed":1241.9896793492962},"chunk-stream2-00053":{"qoeTotal":-134530.9493370497,"qoeBitrate":30250,"qoeRebuffer":44024.399999946356,"qoeLatency":117687.60000000002,"qoeBitrateSwitch":1800,"qoePlaybackSpeed":1268.9493371033109},"chunk-stream2-00054":{"qoeTotal":-138414.85300984714,"qoeBitrate":30750,"qoeRebuffer":44024.399999946356,"qoeLatency":122057.40000000002,"qoeBitrateSwitch":1800,"qoePlaybackSpeed":1283.0530099007585},"chunk-stream2-00055":{"qoeTotal":-142261.50751479395,"qoeBitrate":31250,"qoeRebuffer":44024.399999946356,"qoeLatency":126385.20000000003,"qoeBitrateSwitch":1800,"qoePlaybackSpeed":1301.907514847586},"chunk-stream2-00056":{"qoeTotal":-147866.68709197798,"qoeBitrate":31750,"qoeRebuffer":45579,"qoeLatency":130894.80000000003,"qoeBitrateSwitch":1800,"qoePlaybackSpeed":1342.8870919779342},"chunk-stream2-00057":{"qoeTotal":-151977.20341255394,"qoeBitrate":32250,"qoeRebuffer":45579,