{"chunk-stream2-00018":{"qoeTotal":-906.2058982498996,"qoeBitrate":500,"qoeRebuffer":0,"qoeLatency":1358.3999999999999,"qoeBitrateSwitch":0,"qoePlaybackSpeed":47.805898249899755},"chunk-stream2-00019":{"qoeTotal":-5665.612599931654,"qoeBitrate":1000,"qoeRebuffer":3604.200000017881,"qoeLatency":2970.5999999999995,"qoeBitrateSwitch":0,"qoePlaybackSpeed":90.81259991377415},"chunk-stream2-00020":{"qoeTotal":-10177.731603828499,"qoeBitrate":1500,"qoeRebuffer":6737.400000035763,"qoeLatency":4804.2,"qoeBitrateSwitch":0,"qoePlaybackSpeed":136.13160379273558},"chunk-stream2-00021":{"qoeTotal":-15005.362206813423,"qoeBitrate":2000,"qoeRebuffer":9919.800000071526,"qoeLatency":6909,"qoeBitrateSwitch":0,"qoePlaybackSpeed":176.56220674189768},"chunk-stream2-00022":{"qoeTotal":-19967.326084898104,"qoeBitrate":2500,"qoeRebuffer":13012.800000071526,"qoeLatency":9232.8,"qoeBitrateSwitch":0,"qoePlaybackSpeed":221.72608482657841},"chunk-stream2-00023":{"qoeTotal":-25252.171557273028,"qoeBitrate":3000,"qoeRebuffer":16156.800000071526,"qoeLatency":11830.199999999999,"qoeBitrateSwitch":0,"qoePlaybackSpeed":265.1715572015063},"chunk-stream2-00024":{"qoeTotal":-30844.045492052777,"qoeBitrate":3500,"qoeRebuffer":19324.20000001788,"qoeLatency":14707.8,"qoeBitrateSwitch":0,"qoePlaybackSpeed":312.0454920348955},"chunk-stream2-00025":{"qoeTotal":-36740.749918118716,"qoeBitrate":4000,"qoeRebuffer":22499.399999946356,"qoeLatency":17884.8,"qoeBitrateSwitch":0,"qoePlaybackSpeed":356.5499181723581},"chunk-stream2-00026":{"qoeTotal":-42924.69564761819,"qoeBitrate":4500,"qoeRebuffer":25675.79999989271,"qoeLatency":21345,"qoeBitrateSwitch":0,"qoePlaybackSpeed":403.89564772547544},"chunk-stream2-00027":{"qoeTotal":-49326.98340521857,"qoeBitrate":5000,"qoeRebuffer":28766.399999946356,"qoeLatency":25116,"qoeBitrateSwitch":0,"qoePlaybackSpeed":444.5834052722096},"chunk-stream2-00028":{"qoeTotal":-56097.35944098797,"qoeBitrate":5500,"qoeRebuffer":31945.20000001788,"qoeLatency":29161.2,"qoeBitrateSwitch":0,"qoePlaybackSpeed":490.95944097009345},"chunk-stream2-00029":{"qoeTotal":-63098.84750135398,"qoeBitrate":6000,"qoeRebuffer":35053.79999998212,"qoeLatency":33514.8,"qoeBitrateSwitch":0,"qoePlaybackSpeed":530.2475013718548},"chunk-stream2-00030":{"qoeTotal":-71674.61033927582,"qoeBitrate":6500,"qoeRebuffer":39471,"qoeLatency":38128.200000000004,"qoeBitrateSwitch":0,"qoePlaybackSpeed":575.4103392758061},"chunk-stream2-00031":{"qoeTotal":-79264.03381345524,"qoeBitrate":7000,"qoeRebuffer":42604.20000001788,"qoeLatency":43041.600000000006,"qoeBitrateSwitch":0,"qoePlaybackSpeed":618.2338134373609},"chunk-stream2-00032":{"qoeTotal":-89191.21498330228,"qoeBitrate":7500,"qoeRebuffer":47799,"qoeLatency":48228.00000000001,"qoeBitrateSwitch":0,"qoePlaybackSpeed":664.214983302289},"init-stream1":{"qoeTotal":-96516.22938959929,"qoeBitrate":7800,"qoeRebuffer":47799,"qoeLatency":55767.600000000006,"qoeBitrateSwitch":40,"qoePlaybackSpeed":709.6293895992898},"chunk-stream1-00033":{"qoeTotal":-103518.21070637174,"qoeBitrate":8100,"qoeRebuffer":49661.40000003576,"qoeLatency":61169.40000000001,"qoeBitrateSwitch":40,"qoePlaybackSpeed":747.4107063359729},"chunk-stream1-00034":{"qoeTotal":-108708.19202310842,"qoeBitrate":8400,"qoeRebuffer":49661.40000003576,"qoeLatency":66621.6,"qoeBitrateSwitch":40,"qoePlaybackSpeed":785.1920230726561},"chunk-stream1-00035":{"qoeTotal":-113939.8787001744,"qoeBitrate":8700,"qoeRebuffer":49661.40000003576,"qoeLatency":72129,"qoeBitrateSwitch":40,"qoePlaybackSpeed":809.4787001386411},"init-stream2":{"qoeTotal":-121637.40965779453,"qoeBitrate":9200,"qoeRebuffer":49661.40000003576,"qoeLatency":80252.4,"qoeBitrateSwitch":80,"qoePlaybackSpeed":843.6096577587751},"chunk-stream2-00036":{"qoeTotal":-128313.95698070277,"qoeBitrate":9700,"qoeRebuffer":51195,"qoeLatency":85848.59999999999,"qoeBitrateSwitch":80,"qoePlaybackSpeed":890.3569807027806},"chunk-stream2-00037":{"qoeTotal":-137712.64083632483,"qoeBitrate":10200,"qoeRebuffer":55210.79999998212,"qoeLatency":91689.59999999999,"qoeBitrateSwitch":80,"qoePlaybackSpeed":932.2408363427495},"chunk-stream2-00038":{"qoeTotal":-146430.6698118517,"qoeBitrate":10700,"qoeRebuffer":58321.20000001788,"qoeLatency":97751.4,"qoeBitrateSwitch":80,"qoePlaybackSpeed":978.0698118338171},"chunk-stream2-00039":{"qoeTotal":-155447.60421600653,"qoeBitrate":11200,"qoeRebuffer":61489.20000001788,"qoeLatency":104053.79999999999,"qoeBitrateSwitch":80,"qoePlaybackSpeed":1024.6042159886497},"chunk-stream2-00040":{"qoeTotal":-166850.92666434802,"qoeBitrate":11700,"qoeRebuffer":66681.59999996424,"qoeLatency":110717.4,"qoeBitrateSwitch":80,"qoePlaybackSpeed":1071.9266643837802},"chunk-stream2-00041":{"qoeTotal":-182820.84911251068,"qoeBitrate":12200,"qoeRebuffer":75776.99999973178,"qoeLatency":118044.59999999999,"qoeBitrateSwitch":80,"qoePlaybackSpeed":1119.2491127789108},"chunk-stream1-00042":{"qoeTotal":-195280.95162695207,"qoeBitrate":12500,"qoeRebuffer":80926.19999966025,"qoeLatency":125569.79999999999,"qoeBitrateSwitch":120,"qoePlaybackSpeed":1164.9516272918163},"chunk-stream1-00043":{"qoeTotal":-204306.93901437309,"qoeBitrate":12800,"qoeRebuffer":82509.59999969602,"qoeLatency":133272.59999999998,"qoeBitrateSwitch":120,"qoePlaybackSpeed":1204.7390146770995},"chunk-stream1-00044":{"qoeTotal":-214731.95516787164,"qoeBitrate":13100,"qoeRebuffer":85298.39999967813,"qoeLatency":141167.99999999997,"qoeBitrateSwitch":120,"qoePlaybackSpeed":1245.5551681935272},"chunk-stream1-00045":{"qoeTotal":-224047.2825263926,"qoeBitrate":13400,"qoeRebuffer":86836.19999966025,"qoeLatency":149201.99999999997,"qoeBitrateSwitch":120,"qoePlaybackSpeed":1289.0825267323878},"chunk-stream1-00070":{"qoeTotal":-232114.169024975,"qoeBitrate":13700,"qoeRebuffer":86836.19999966025,"qoeLatency":157529.99999999997,"qoeBitrateSwitch":120,"qoePlaybackSpeed":1327.9690253147849},"chunk-stream1-00071":{"qoeTotal":-237070.43965919683,"qoeBitrate":14000,"qoeRebuffer":90649.19999966025,"qoeLatency":158970.59999999998,"qoeBitrateSwitch":120,"qoePlaybackSpeed":1330.6396595365873},"chunk-stream2-00072":{"qoeTotal":-240753.67188871343,"qoeBitrate":14500,"qoeRebuffer":93235.7999997139,"qoeLatency":160484.39999999997,"qoeBitrateSwitch":160,"qoePlaybackSpeed":1373.4718889995622},"chunk-stream2-00073":{"qoeTotal":-245200.02380962935,"qoeBitrate":15000,"qoeRebuffer":96336.59999969602,"qoeLatency":162289.19999999995,"qoeBitrateSwitch":160,"qoePlaybackSpeed":1414.2238099333667},"chunk-stream2-00074":{"qoeTotal":-250580.05131736872,"qoeBitrate":15500,"qoeRebuffer":100092.59999969602,"qoeLatency":164365.79999999996,"qoeBitrateSwitch":160,"qoePlaybackSpeed":1461.6513176727515},"chunk-stream1-00075":{"qoeTotal":-254132.34641468312,"qoeBitrate":15800,"qoeRebuffer":101619.59999969602,"qoeLatency":166603.79999999996,"qoeBitrateSwitch":200,"qoePlaybackSpeed":1508.9464149871435},"chunk-stream1-00076":{"qoeTotal":-256165.31630633763,"qoeBitrate":16100,"qoeRebuffer":101619.59999969602,"qoeLatency":168897.59999999995,"qoeBitrateSwitch":200,"qoePlaybackSpeed":1548.116306641662},"chunk-stream2-00077":{"qoeTotal":-259786.12654232167,"qoeBitrate":16600,"qoeRebuffer":103196.39999967813,"qoeLatency":171361.79999999996,"qoeBitrateSwitch":240,"qoePlaybackSpeed":1587.9265426435638},"chunk-stream2-00078":{"qoeTotal":-265197.13982336153,"qoeBitrate":17100,"qoeRebuffer":106357.19999966025,"qoeLatency":174065.39999999997,"qoeBitrateSwitch":240,"qoePlaybackSpeed":1634.539823701328},"chunk-stream2-00079":{"qoeTotal":-270822.6445304416,"qoeBitrate":17600,"qoeRebuffer":109464.59999969602,"qoeLatency":177036.59999999998,"qoeBitrateSwitch":240,"qoePlaybackSpeed":1681.4445307455962},"chunk-stream2-00080":{"qoeTotal":-278128.9461553684,"qoeBitrate":18100,"qoeRebuffer":113988.59999969602,"qoeLatency":180275.99999999997,"qoeBitrateSwitch":240,"qoePlaybackSpeed":1724.3461556723867},"chunk-stream2-00081":{"qoeTotal":-284299.733763287,"qoeBitrate":18600,"qoeRebuffer":117133.19999974966,"qoeLatency":183759.59999999998,"qoeBitrateSwitch":240,