{"chunk-stream2-00018":{"qoeTotal":-518.1772893230138,"qoeBitrate":500,"qoeRebuffer":0,"qoeLatency":974.4000000000001,"qoeBitrateSwitch":0,"qoePlaybackSpeed":43.77728932301377},"init-stream4":{"qoeTotal":-2453.5429272350766,"qoeBitrate":2500,"qoeRebuffer":0,"qoeLatency":1902.6,"qoeBitrateSwitch":3000,"qoePlaybackSpeed":50.942927235076894},"chunk-stream4-00019":{"qoeTotal":-1533.5202165580909,"qoeBitrate":4500,"qoeRebuffer":0,"qoeLatency":2938.8,"qoeBitrateSwitch":3000,"qoePlaybackSpeed":94.72021655809067},"chunk-stream4-00020":{"qoeTotal":-606.9595671249698,"qoeBitrate":6500,"qoeRebuffer":0,"qoeLatency":3997.2000000000003,"qoeBitrateSwitch":3000,"qoePlaybackSpeed":109.75956712496955},"chunk-stream4-00021":{"qoeTotal":304.0469290857541,"qoeBitrate":8500,"qoeRebuffer":0,"qoeLatency":5050.8,"qoeBitrateSwitch":3000,"qoePlaybackSpeed":145.15307091424577},"chunk-stream4-00022":{"qoeTotal":1268.5672834282516,"qoeBitrate":10500,"qoeRebuffer":0,"qoeLatency":6078.6,"qoeBitrateSwitch":3000,"qoePlaybackSpeed":152.8327165717481},"chunk-stream4-00023":{"qoeTotal":2238.118249169095,"qoeBitrate":12500,"qoeRebuffer":0,"qoeLatency":7083,"qoeBitrateSwitch":3000,"qoePlaybackSpeed":178.88175083090476},"chunk-stream4-00024":{"qoeTotal":3239.555801114412,"qoeBitrate":14500,"qoeRebuffer":0,"qoeLatency":8059.8,"qoeBitrateSwitch":3000,"qoePlaybackSpeed":200.64419888558783},"chunk-stream4-00025":{"qoeTotal":4268.601769691483,"qoeBitrate":16500,"qoeRebuffer":0,"qoeLatency":9016.2,"qoeBitrateSwitch":3000,"qoePlaybackSpeed":215.19823030851595},"chunk-stream4-00026":{"qoeTotal":5315.95925047799,"qoeBitrate":18500,"qoeRebuffer":0,"qoeLatency":9957,"qoeBitrateSwitch":3000,"qoePlaybackSpeed":227.04074952201017},"chunk-stream4-00027":{"qoeTotal":6379.586622531872,"qoeBitrate":20500,"qoeRebuffer":0,"qoeLatency":10884,"qoeBitrateSwitch":3000,"qoePlaybackSpeed":236.41337746812727},"chunk-stream4-00028":{"qoeTotal":7444.664955666518,"qoeBitrate":22500,"qoeRebuffer":0,"qoeLatency":11812.2,"qoeBitrateSwitch":3000,"qoePlaybackSpeed":243.13504433348166},"chunk-stream4-00029":{"qoeTotal":8531.464955666517,"qoeBitrate":24500,"qoeRebuffer":0,"qoeLatency":12725.400000000001,"qoeBitrateSwitch":3000,"qoePlaybackSpeed":243.13504433348166},"chunk-stream4-00030":{"qoeTotal":9618.264955666516,"qoeBitrate":26500,"qoeRebuffer":0,"qoeLatency":13638.600000000002,"qoeBitrateSwitch":3000,"qoePlaybackSpeed":243.13504433348166},"chunk-stream4-00031":{"qoeTotal":10698.464955666517,"qoeBitrate":28500,"qoeRebuffer":0,"qoeLatency":14558.400000000001,"qoeBitrateSwitch":3000,"qoePlaybackSpeed":243.13504433348166},"chunk-stream4-00032":{"qoeTotal":11784.664955666518,"qoeBitrate":30500,"qoeRebuffer":0,"qoeLatency":15472.2,"qoeBitrateSwitch":3000,"qoePlaybackSpeed":243.13504433348166},"chunk-stream4-00033":{"qoeTotal":12871.464955666517,"qoeBitrate":32500,"qoeRebuffer":0,"qoeLatency":16385.4,"qoeBitrateSwitch":3000,"qoePlaybackSpeed":243.13504433348166},"chunk-stream4-00034":{"qoeTotal":13957.664955666518,"qoeBitrate":34500,"qoeRebuffer":0,"qoeLatency":17299.2,"qoeBitrateSwitch":3000,"qoePlaybackSpeed":243.13504433348166},"chunk-stream4-00035":{"qoeTotal":15037.864955666519,"qoeBitrate":36500,"qoeRebuffer":0,"qoeLatency":18219,"qoeBitrateSwitch":3000,"qoePlaybackSpeed":243.13504433348166},"chunk-stream4-00036":{"qoeTotal":16118.06495566652,"qoeBitrate":38500,"qoeRebuffer":0,"qoeLatency":19138.8,"qoeBitrateSwitch":3000,"qoePlaybackSpeed":243.13504433348166},"chunk-stream4-00037":{"qoeTotal":17198.86495566652,"qoeBitrate":40500,"qoeRebuffer":0,"qoeLatency":20058,"qoeBitrateSwitch":3000,"qoePlaybackSpeed":243.13504433348166},"chunk-stream4-00038":{"qoeTotal":18279.06495566652,"qoeBitrate":42500,"qoeRebuffer":0,"qoeLatency":20977.8,"qoeBitrateSwitch":3000,"qoePlaybackSpeed":243.13504433348166},"chunk-stream4-00039":{"qoeTotal":19358.664955666518,"qoeBitrate":44500,"qoeRebuffer":0,"qoeLatency":21898.2,"qoeBitrateSwitch":3000,"qoePlaybackSpeed":243.13504433348166},"chunk-stream4-00040":{"qoeTotal":20437.664955666518,"qoeBitrate":46500,"qoeRebuffer":0,"qoeLatency":22819.2,"qoeBitrateSwitch":3000,"qoePlaybackSpeed":243.13504433348166},"chunk-stream4-00041":{"qoeTotal":21524.464955666517,"qoeBitrate":48500,"qoeRebuffer":0,"qoeLatency":23732.4,"qoeBitrateSwitch":3000,"qoePlaybackSpeed":243.13504433348166},"chunk-stream4-00042":{"qoeTotal":22605.264955666516,"qoeBitrate":50500,"qoeRebuffer":0,"qoeLatency":24651.600000000002,"qoeBitrateSwitch":3000,"qoePlaybackSpeed":243.13504433348166},"chunk-stream4-00043":{"qoeTotal":23686.664955666518,"qoeBitrate":52500,"qoeRebuffer":0,"qoeLatency":25570.2,"qoeBitrateSwitch":3000,"qoePlaybackSpeed":243.13504433348166},"chunk-stream4-00044":{"qoeTotal":24766.86495566652,"qoeBitrate":54500,"qoeRebuffer":0,"qoeLatency":26490,"qoeBitrateSwitch":3000,"qoePlaybackSpeed":243.13504433348166},"chunk-stream4-00045":{"qoeTotal":25853.06495566652,"qoeBitrate":56500,"qoeRebuffer":0,"qoeLatency":27403.8,"qoeBitrateSwitch":3000,"qoePlaybackSpeed":243.13504433348166},"chunk-stream4-00046":{"qoeTotal":26933.86495566652,"qoeBitrate":58500,"qoeRebuffer":0,"qoeLatency":28323,"qoeBitrateSwitch":3000,"qoePlaybackSpeed":243.13504433348166},"chunk-stream4-00047":{"qoeTotal":28014.06495566652,"qoeBitrate":60500,"qoeRebuffer":0,"qoeLatency":29242.8,"qoeBitrateSwitch":3000,"qoePlaybackSpeed":243.13504433348166},"chunk-stream4-00048":{"qoeTotal":29094.26495566652,"qoeBitrate":62500,"qoeRebuffer":0,"qoeLatency":30162.6,"qoeBitrateSwitch":3000,"qoePlaybackSpeed":243.13504433348166},"chunk-stream4-00049":{"qoeTotal":30181.06495566652,"qoeBitrate":64500,"qoeRebuffer":0,"qoeLatency":31075.8,"qoeBitrateSwitch":3000,"qoePlaybackSpeed":243.13504433348166},"chunk-stream4-00050":{"qoeTotal":31267.86495566652,"qoeBitrate":66500,"qoeRebuffer":0,"qoeLatency":31989,"qoeBitrateSwitch":3000,"qoePlaybackSpeed":243.13504433348166},"chunk-stream4-00051":{"qoeTotal":32354.66495566652,"qoeBitrate":68500,"qoeRebuffer":0,"qoeLatency":32902.2,"qoeBitrateSwitch":3000,"qoePlaybackSpeed":243.13504433348166},"chunk-stream4-00052":{"qoeTotal":33433.66495566652,"qoeBitrate":70500,"qoeRebuffer":0,"qoeLatency":33823.2,"qoeBitrateSwitch":3000,"qoePlaybackSpeed":243.13504433348166},"chunk-stream4-00053":{"qoeTotal":34514.464955666524,"qoeBitrate":72500,"qoeRebuffer":0,"qoeLatency":34742.399999999994,"qoeBitrateSwitch":3000,"qoePlaybackSpeed":243.13504433348166},"chunk-stream4-00054":{"qoeTotal":35597.06495566652,"qoeBitrate":74500,"qoeRebuffer":0,"qoeLatency":35659.799999999996,"qoeBitrateSwitch":3000,"qoePlaybackSpeed":243.13504433348166},"chunk-stream4-00055":{"qoeTotal":36670.66495566652,"qoeBitrate":76500,"qoeRebuffer":0,"qoeLatency":36586.2,"qoeBitrateSwitch":3000,"qoePlaybackSpeed":243.13504433348166},"chunk-stream4-00056":{"qoeTotal":37744.86495566652,"qoeBitrate":78500,"qoeRebuffer":0,"qoeLatency":37512,"qoeBitrateSwitch":3000,"qoePlaybackSpeed":243.13504433348166},"chunk-stream4-00057":{"qoeTotal":38785.376590471256,"qoeBitrate":80500,"qoeRebuffer":0,"qoeLatency":38454,"qoeBitrateSwitch":3000,"qoePlaybackSpeed":260.6234095287421},"chunk-stream4-00058":{"qoeTotal":39815.978581847616,"qoeBitrate":82500,"qoeRebuffer":0,"qoeLatency":39403.8,"qoeBitrateSwitch":3000,"qoePlaybackSpeed":280.22141815238007},"chunk-stream4-00059":{"qoeTotal":40827.448759252155,"qoeBitrate":84500,"qoeRebuffer":0,"qoeLatency":40377,"qoeBitrateSwitch":3000,"qoePlaybackSpeed":295.5512407478424},"chunk-stream4-00060":{"qoeTotal":41806.16451358207,"qoeBitrate":86500,"qoeRebuffer":0,"qoeLatency":41376.6,"qoeBitrateSwitch":3000,"qoePlaybackSpeed":317.23548641792763},"init-stream3":{"qoeTotal":40539.08026791199,"qoeBitrate":87750,"qoeRebuffer":0,"qoeLatency":42372,"qoeBitrateSwitch":4500,"qoePlaybackSpeed":338.91973208801284},"chunk-stream3-00061":{"qoeTotal":40752.87521522787,"qoeBitrate":89000,"qoeRebuffer":0,"qoeLatency":43382.4,"qoeBitrateSwitch":4500,"qoePlaybackSpeed":364.72478477213156},"chunk-stream3-00062":{"qoeTotal":40994.19360155528,"qoeBitrate":90250,