{"chunk-stream2-00018":{"qoeTotal":-904.6407265326627,"qoeBitrate":500,"qoeRebuffer":0,"qoeLatency":1357.2,"qoeBitrateSwitch":0,"qoePlaybackSpeed":47.440726532662694},"chunk-stream2-00019":{"qoeTotal":-5734.354370673109,"qoeBitrate":1000,"qoeRebuffer":3666.59999987483,"qoeLatency":2977.8,"qoeBitrateSwitch":0,"qoePlaybackSpeed":89.95437079827937},"chunk-stream2-00020":{"qoeTotal":-10217.234378960336,"qoeBitrate":1500,"qoeRebuffer":6760.799999892712,"qoeLatency":4821,"qoeBitrateSwitch":0,"qoePlaybackSpeed":135.4343790676245},"chunk-stream2-00021":{"qoeTotal":-15016.5224043583,"qoeBitrate":2000,"qoeRebuffer":9905.999999910593,"qoeLatency":6934.8,"qoeBitrateSwitch":0,"qoePlaybackSpeed":175.7224044477072},"chunk-stream2-00022":{"qoeTotal":-20046.46059598983,"qoeBitrate":2500,"qoeRebuffer":13056.599999964237,"qoeLatency":9268.8,"qoeBitrateSwitch":0,"qoePlaybackSpeed":221.06059602559222},"chunk-stream2-00023":{"qoeTotal":-25305.327333179262,"qoeBitrate":3000,"qoeRebuffer":16165.200000017881,"qoeLatency":11874.599999999999,"qoeBitrateSwitch":0,"qoePlaybackSpeed":265.5273331613812},"chunk-stream2-00024":{"qoeTotal":-30886.263661655506,"qoeBitrate":3500,"qoeRebuffer":19296.599999964237,"qoeLatency":14780.999999999998,"qoeBitrateSwitch":0,"qoePlaybackSpeed":308.66366169126957},"chunk-stream2-00025":{"qoeTotal":-36778.95971419607,"qoeBitrate":4000,"qoeRebuffer":22423.199999928474,"qoeLatency":18004.199999999997,"qoeBitrateSwitch":0,"qoePlaybackSpeed":351.55971426759555},"chunk-stream2-00026":{"qoeTotal":-42992.46151104628,"qoeBitrate":4500,"qoeRebuffer":25541.999999910593,"qoeLatency":21556.799999999996,"qoeBitrateSwitch":0,"qoePlaybackSpeed":393.6615111356885},"chunk-stream2-00027":{"qoeTotal":-51157.32407685963,"qoeBitrate":5000,"qoeRebuffer":30327.59999987483,"qoeLatency":25391.399999999994,"qoeBitrateSwitch":0,"qoePlaybackSpeed":438.3240769848023},"chunk-stream2-00028":{"qoeTotal":-57967.76300389571,"qoeBitrate":5500,"qoeRebuffer":33442.19999983907,"qoeLatency":29542.799999999996,"qoeBitrateSwitch":0,"qoePlaybackSpeed":482.7630040566473},"chunk-stream2-00029":{"qoeTotal":-65091.39205873489,"qoeBitrate":6000,"qoeRebuffer":36543.59999987483,"qoeLatency":34019.399999999994,"qoeBitrateSwitch":0,"qoePlaybackSpeed":528.3920588600663},"chunk-stream2-00030":{"qoeTotal":-72606.7021553329,"qoeBitrate":6500,"qoeRebuffer":39723.59999987483,"qoeLatency":38808.59999999999,"qoeBitrateSwitch":0,"qoePlaybackSpeed":574.5021554580684},"chunk-stream2-00031":{"qoeTotal":-80423.32438847757,"qoeBitrate":7000,"qoeRebuffer":42900.59999987483,"qoeLatency":43901.399999999994,"qoeBitrateSwitch":0,"qoePlaybackSpeed":621.3243886027508},"init-stream1":{"qoeTotal":-81792.21090794745,"qoeBitrate":7300,"qoeRebuffer":42900.59999987483,"qoeLatency":45509.399999999994,"qoeBitrateSwitch":40,"qoePlaybackSpeed":642.2109080726159},"chunk-stream1-00032":{"qoeTotal":-88384.94709211572,"qoeBitrate":7600,"qoeRebuffer":44485.19999983907,"qoeLatency":50783.99999999999,"qoeBitrateSwitch":40,"qoePlaybackSpeed":675.7470922766565},"init-stream2":{"qoeTotal":-89620.29289082639,"qoeBitrate":8100,"qoeRebuffer":44485.19999983907,"qoeLatency":52419.59999999999,"qoeBitrateSwitch":80,"qoePlaybackSpeed":735.4928909873339},"chunk-stream2-00033":{"qoeTotal":-99529.57855647316,"qoeBitrate":8600,"qoeRebuffer":49224.59999987483,"qoeLatency":58042.19999999999,"qoeBitrateSwitch":80,"qoePlaybackSpeed":782.7785565983511},"chunk-stream1-00034":{"qoeTotal":-106532.82236590018,"qoeBitrate":8900,"qoeRebuffer":50749.79999989271,"qoeLatency":63740.999999999985,"qoeBitrateSwitch":120,"qoePlaybackSpeed":822.0223660074794},"chunk-stream2-00035":{"qoeTotal":-113598.59661981779,"qoeBitrate":9400,"qoeRebuffer":52316.99999991059,"qoeLatency":69653.99999999999,"qoeBitrateSwitch":160,"qoePlaybackSpeed":867.596619907215},"chunk-stream1-00036":{"qoeTotal":-120985.4727504045,"qoeBitrate":9700,"qoeRebuffer":53854.199999928474,"qoeLatency":75727.19999999998,"qoeBitrateSwitch":200,"qoePlaybackSpeed":904.0727504760504},"chunk-stream2-00037":{"qoeTotal":-128401.60383822526,"qoeBitrate":10200,"qoeRebuffer":55371.59999996424,"qoeLatency":82040.99999999999,"qoeBitrateSwitch":240,"qoePlaybackSpeed":949.0038382610343},"chunk-stream1-00038":{"qoeTotal":-136242.13492601024,"qoeBitrate":10500,"qoeRebuffer":56937.59999996424,"qoeLatency":88530.59999999999,"qoeBitrateSwitch":280,"qoePlaybackSpeed":993.9349260460182},"chunk-stream2-00039":{"qoeTotal":-144064.69508931666,"qoeBitrate":11000,"qoeRebuffer":58481.399999946356,"qoeLatency":95225.99999999999,"qoeBitrateSwitch":320,"qoePlaybackSpeed":1037.295089370313},"chunk-stream2-00040":{"qoeTotal":-154536.2144898845,"qoeBitrate":11500,"qoeRebuffer":62436.59999996424,"qoeLatency":102198.59999999999,"qoeBitrateSwitch":320,"qoePlaybackSpeed":1081.0144899202896},"chunk-stream2-00041":{"qoeTotal":-165315.178750625,"qoeBitrate":12000,"qoeRebuffer":66405.60000005364,"qoeLatency":109461.59999999999,"qoeBitrateSwitch":320,"qoePlaybackSpeed":1127.9787505713903},"chunk-stream2-00042":{"qoeTotal":-173764.70076488622,"qoeBitrate":12500,"qoeRebuffer":67932.60000005364,"qoeLatency":116837.4,"qoeBitrateSwitch":320,"qoePlaybackSpeed":1174.70076483257},"chunk-stream2-00043":{"qoeTotal":-182395.6055091505,"qoeBitrate":13000,"qoeRebuffer":69488.40000012517,"qoeLatency":124368.59999999999,"qoeBitrateSwitch":320,"qoePlaybackSpeed":1218.6055090253726},"chunk-stream2-00044":{"qoeTotal":-191208.2877973861,"qoeBitrate":13500,"qoeRebuffer":71044.2000001967,"qoeLatency":132085.8,"qoeBitrateSwitch":320,"qoePlaybackSpeed":1258.2877971894004},"chunk-stream2-00045":{"qoeTotal":-200198.38180220066,"qoeBitrate":14000,"qoeRebuffer":72575.40000012517,"qoeLatency":140002.8,"qoeBitrateSwitch":320,"qoePlaybackSpeed":1300.1818020755104},"chunk-stream2-00046":{"qoeTotal":-209337.05817203014,"qoeBitrate":14500,"qoeRebuffer":74075.40000012517,"qoeLatency":148104,"qoeBitrateSwitch":320,"qoePlaybackSpeed":1337.6581719049784},"chunk-stream2-00070":{"qoeTotal":-217474.9345418596,"qoeBitrate":15000,"qoeRebuffer":74075.40000012517,"qoeLatency":156704.4,"qoeBitrateSwitch":320,"qoePlaybackSpeed":1375.1345417344464},"chunk-stream2-00071":{"qoeTotal":-224200.59633721676,"qoeBitrate":15500,"qoeRebuffer":79480.20000010729,"qoeLatency":158491.19999999998,"qoeBitrateSwitch":320,"qoePlaybackSpeed":1409.1963371094816},"chunk-stream2-00072":{"qoeTotal":-227288.22579363943,"qoeBitrate":16000,"qoeRebuffer":81061.80000007153,"qoeLatency":160456.8,"qoeBitrateSwitch":320,"qoePlaybackSpeed":1449.6257935679034},"chunk-stream2-00073":{"qoeTotal":-230589.80287258918,"qoeBitrate":16500,"qoeRebuffer":82623.60000014305,"qoeLatency":162652.8,"qoeBitrateSwitch":320,"qoePlaybackSpeed":1493.4028724461482},"chunk-stream2-00074":{"qoeTotal":-234082.17185817414,"qoeBitrate":17000,"qoeRebuffer":84141.60000014305,"qoeLatency":165084,"qoeBitrateSwitch":320,"qoePlaybackSpeed":1536.5718580310909},"chunk-stream2-00075":{"qoeTotal":-240134.52520693545,"qoeBitrate":17500,"qoeRebuffer":87945.0000000894,"qoeLatency":167790.6,"qoeBitrateSwitch":320,"qoePlaybackSpeed":1578.9252068460432},"chunk-stream1-00076":{"qoeTotal":-244334.6299709316,"qoeBitrate":17800,"qoeRebuffer":89518.20000010729,"qoeLatency":170637,"qoeBitrateSwitch":360,"qoePlaybackSpeed":1619.4299708243054},"chunk-stream1-00077":{"qoeTotal":-246986.17174775474,"qoeBitrate":18100,"qoeRebuffer":89518.20000010729,"qoeLatency":173554.2,"qoeBitrateSwitch":360,"qoePlaybackSpeed":1653.7717476474454},"chunk-stream2-00078":{"qoeTotal":-251298.77691682594,"qoeBitrate":18600,"qoeRebuffer":91105.80000007153,"qoeLatency":176695.2,"qoeBitrateSwitch":400,"qoePlaybackSpeed":1697.7769167543904},"chunk-stream2-00079":{"qoeTotal":-257445.3261375654,"qoeBitrate":19100,"qoeRebuffer":94279.20000010729,"qoeLatency":180121.80000000002,"qoeBitrateSwitch":400,"qoePlaybackSpeed":1744.3261374580813},"chunk-stream2-00080":{"qoeTotal":-263900.59458107007,"qoeBitrate":19600,"qoeRebuffer":97462.20000010729,"qoeLatency":183845.40000000002,"qoeBitrateSwitch":400,