{"chunk-stream2-00018":{"qoeTotal":-1001.845456568224,"qoeBitrate":500,"qoeRebuffer":0,"qoeLatency":1451.4,"qoeBitrateSwitch":0,"qoePlaybackSpeed":50.445456568223904},"init-stream1":{"qoeTotal":-4891.9531750478845,"qoeBitrate":800,"qoeRebuffer":1572.5999999642372,"qoeLatency":3988.8,"qoeBitrateSwitch":40,"qoePlaybackSpeed":90.55317508364702},"chunk-stream1-00019":{"qoeTotal":-8393.548198746885,"qoeBitrate":1100,"qoeRebuffer":3693.599999964237,"qoeLatency":5635.200000000001,"qoeBitrateSwitch":40,"qoePlaybackSpeed":124.7481987826462},"init-stream2":{"qoeTotal":-10601.015877757607,"qoeBitrate":1600,"qoeRebuffer":3693.599999964237,"qoeLatency":8269.800000000001,"qoeBitrateSwitch":80,"qoePlaybackSpeed":157.6158777933686},"chunk-stream2-00020":{"qoeTotal":-13577.432479133697,"qoeBitrate":2100,"qoeRebuffer":5268.599999964237,"qoeLatency":10124.400000000001,"qoeBitrateSwitch":80,"qoePlaybackSpeed":204.43247916945774},"chunk-stream2-00021":{"qoeTotal":-18432.794612948448,"qoeBitrate":2600,"qoeRebuffer":8407.199999928474,"qoeLatency":12297.000000000002,"qoeBitrateSwitch":80,"qoePlaybackSpeed":248.59461301997516},"chunk-stream2-00022":{"qoeTotal":-23579.02558788825,"qoeBitrate":3100,"qoeRebuffer":11533.799999892712,"qoeLatency":14770.800000000003,"qoeBitrateSwitch":80,"qoePlaybackSpeed":294.4255879955332},"chunk-stream2-00023":{"qoeTotal":-29055.313406339796,"qoeBitrate":3600,"qoeRebuffer":14659.799999892712,"qoeLatency":17577.000000000004,"qoeBitrateSwitch":80,"qoePlaybackSpeed":338.51340644708034},"chunk-stream2-00024":{"qoeTotal":-34853.01605995107,"qoeBitrate":4100,"qoeRebuffer":17773.79999989271,"qoeLatency":20716.800000000003,"qoeBitrateSwitch":80,"qoePlaybackSpeed":382.4160600583569},"chunk-stream2-00025":{"qoeTotal":-41046.22245309342,"qoeBitrate":4600,"qoeRebuffer":20948.399999946356,"qoeLatency":24193.200000000004,"qoeBitrateSwitch":80,"qoePlaybackSpeed":424.62245314706007},"chunk-stream2-00026":{"qoeTotal":-47552.89110027467,"qoeBitrate":5100,"qoeRebuffer":24100.199999928474,"qoeLatency":28003.800000000003,"qoeBitrateSwitch":80,"qoePlaybackSpeed":468.89110034618784},"chunk-stream2-00027":{"qoeTotal":-55877.57488854065,"qoeBitrate":5600,"qoeRebuffer":28731.599999785423,"qoeLatency":32148.600000000002,"qoeBitrateSwitch":80,"qoePlaybackSpeed":517.3748887552247},"chunk-stream2-00028":{"qoeTotal":-63058.83046615703,"qoeBitrate":6100,"qoeRebuffer":31846.799999803305,"qoeLatency":36670.200000000004,"qoeBitrateSwitch":80,"qoePlaybackSpeed":561.8304663537193},"chunk-stream2-00029":{"qoeTotal":-70547.62330543969,"qoeBitrate":6600,"qoeRebuffer":35002.19999983907,"qoeLatency":41456.4,"qoeBitrateSwitch":80,"qoePlaybackSpeed":609.0233056006318},"chunk-stream2-00030":{"qoeTotal":-79447.1737319253,"qoeBitrate":7100,"qoeRebuffer":39307.799999803305,"qoeLatency":46503,"qoeBitrateSwitch":80,"qoePlaybackSpeed":656.373732121993},"chunk-stream2-00031":{"qoeTotal":-87461.09179562746,"qoeBitrate":7600,"qoeRebuffer":42428.999999821186,"qoeLatency":51852,"qoeBitrateSwitch":80,"qoePlaybackSpeed":700.091795806271},"chunk-stream2-00032":{"qoeTotal":-96508.17267489807,"qoeBitrate":8100,"qoeRebuffer":46325.99999991059,"qoeLatency":57457.2,"qoeBitrateSwitch":80,"qoePlaybackSpeed":744.9726749874864},"chunk-stream2-00033":{"qoeTotal":-109439.52314952086,"qoeBitrate":8600,"qoeRebuffer":53687.39999985695,"qoeLatency":63480.6,"qoeBitrateSwitch":80,"qoePlaybackSpeed":791.5231496638967},"chunk-stream1-00034":{"qoeTotal":-116912.78627583588,"qoeBitrate":8900,"qoeRebuffer":55258.19999983907,"qoeLatency":69603.6,"qoeBitrateSwitch":120,"qoePlaybackSpeed":830.986275996815},"chunk-stream1-00035":{"qoeTotal":-122832.62890361095,"qoeBitrate":9200,"qoeRebuffer":55258.19999983907,"qoeLatency":75793.20000000001,"qoeBitrateSwitch":120,"qoePlaybackSpeed":861.2289037718674},"chunk-stream1-00036":{"qoeTotal":-128830.45139337078,"qoeBitrate":9500,"qoeRebuffer":55258.19999983907,"qoeLatency":82047.00000000001,"qoeBitrateSwitch":120,"qoePlaybackSpeed":905.251393531699},"chunk-stream2-00037":{"qoeTotal":-138627.80622427684,"qoeBitrate":10000,"qoeRebuffer":59008.79999989271,"qoeLatency":88509.00000000001,"qoeBitrateSwitch":160,"qoePlaybackSpeed":950.0062243841103},"chunk-stream2-00038":{"qoeTotal":-148119.02611117918,"qoeBitrate":10500,"qoeRebuffer":62181.59999996424,"qoeLatency":95280.60000000002,"qoeBitrateSwitch":160,"qoePlaybackSpeed":996.8261112148954},"chunk-stream2-00039":{"qoeTotal":-157913.3309457998,"qoeBitrate":11000,"qoeRebuffer":65350.199999928474,"qoeLatency":102363.00000000001,"qoeBitrateSwitch":160,"qoePlaybackSpeed":1040.130945871308},"chunk-stream2-00040":{"qoeTotal":-168735.7644323526,"qoeBitrate":11500,"qoeRebuffer":69253.19999992847,"qoeLatency":109737.00000000001,"qoeBitrateSwitch":160,"qoePlaybackSpeed":1085.5644324241246},"chunk-stream2-00041":{"qoeTotal":-180620.9644323526,"qoeBitrate":12000,"qoeRebuffer":73948.19999992847,"qoeLatency":117427.20000000001,"qoeBitrateSwitch":160,"qoePlaybackSpeed":1085.5644324241246},"chunk-stream1-00042":{"qoeTotal":-191261.99422449447,"qoeBitrate":12300,"qoeRebuffer":76999.19999992847,"qoeLatency":125237.40000000001,"qoeBitrateSwitch":200,"qoePlaybackSpeed":1125.3942245659798},"chunk-stream2-00043":{"qoeTotal":-200346.7122625651,"qoeBitrate":12800,"qoeRebuffer":78559.19999992847,"qoeLatency":133177.2,"qoeBitrateSwitch":240,"qoePlaybackSpeed":1170.3122626366007},"chunk-stream2-00067":{"qoeTotal":-208604.659740442,"qoeBitrate":13300,"qoeRebuffer":78559.19999992847,"qoeLatency":141892.80000000002,"qoeBitrateSwitch":240,"qoePlaybackSpeed":1212.6597405135085},"chunk-stream2-00068":{"qoeTotal":-216329.1330153517,"qoeBitrate":13800,"qoeRebuffer":84817.79999998212,"qoeLatency":143816.40000000002,"qoeBitrateSwitch":240,"qoePlaybackSpeed":1254.9330153695403},"chunk-stream2-00069":{"qoeTotal":-219639.94033306435,"qoeBitrate":14300,"qoeRebuffer":86406.59999996424,"qoeLatency":145994.40000000002,"qoeBitrateSwitch":240,"qoePlaybackSpeed":1298.940333100097},"chunk-stream2-00070":{"qoeTotal":-225402.866666464,"qoeBitrate":14800,"qoeRebuffer":90184.19999992847,"qoeLatency":148435.80000000002,"qoeBitrateSwitch":240,"qoePlaybackSpeed":1342.8666665354867},"chunk-stream2-00071":{"qoeTotal":-231549.3721266259,"qoeBitrate":15300,"qoeRebuffer":94081.79999998212,"qoeLatency":151137.6,"qoeBitrateSwitch":240,"qoePlaybackSpeed":1389.972126643777},"chunk-stream2-00072":{"qoeTotal":-237279.61470643786,"qoeBitrate":15800,"qoeRebuffer":97258.79999998212,"qoeLatency":154149.6,"qoeBitrateSwitch":240,"qoePlaybackSpeed":1431.2147064557294},"chunk-stream2-00073":{"qoeTotal":-243276.39453588316,"qoeBitrate":16300,"qoeRebuffer":100419,"qoeLatency":157440,"qoeBitrateSwitch":240,"qoePlaybackSpeed":1477.3945358831586},"chunk-stream2-00074":{"qoeTotal":-250785.58977798972,"qoeBitrate":16800,"qoeRebuffer":104815.19999992847,"qoeLatency":161009.4,"qoeBitrateSwitch":240,"qoePlaybackSpeed":1520.9897780612384},"chunk-stream1-00075":{"qoeTotal":-255813.01103861205,"qoeBitrate":17100,"qoeRebuffer":106322.9999999106,"qoeLatency":164757.6,"qoeBitrateSwitch":280,"qoePlaybackSpeed":1552.4110387014643},"chunk-stream1-00076":{"qoeTotal":-260938.3454741051,"qoeBitrate":17400,"qoeRebuffer":107904.59999996424,"qoeLatency":168563.4,"qoeBitrateSwitch":280,"qoePlaybackSpeed":1590.3454741408596},"chunk-stream1-00077":{"qoeTotal":-264556.02080632484,"qoeBitrate":17700,"qoeRebuffer":107904.59999996424,"qoeLatency":172444.19999999998,"qoeBitrateSwitch":280,"qoePlaybackSpeed":1627.2208063606663},"chunk-stream2-00078":{"qoeTotal":-271450.7607615753,"qoeBitrate":18200,"qoeRebuffer":111083.39999994636,"qoeLatency":176572.8,"qoeBitrateSwitch":320,"qoePlaybackSpeed":1674.5607616289653},"chunk-stream2-00079":{"qoeTotal":-278537.9918364518,"qoeBitrate":18700,"qoeRebuffer":114209.9999999106,"qoeLatency":180989.4,"qoeBitrateSwitch":320,"qoePlaybackSpeed":1718.591836541209},"chunk-stream2-00080":{"qoeTotal":-287504.75609806227,"qoeBitrate":19200,"qoeRebuffer":118934.9999999106,"qoeLatency":185686.19999999998,