{"chunk-stream2-00018":{"qoeTotal":-476.9062783161402,"qoeBitrate":500,"qoeRebuffer":0,"qoeLatency":943.2,"qoeBitrateSwitch":0,"qoePlaybackSpeed":33.70627831614015},"init-stream5":{"qoeTotal":1043.1874433677197,"qoeBitrate":3500,"qoeRebuffer":0,"qoeLatency":1889.4,"qoeBitrateSwitch":500,"qoePlaybackSpeed":67.4125566322803},"chunk-stream5-00019":{"qoeTotal":3061.552061448983,"qoeBitrate":6500,"qoeRebuffer":0,"qoeLatency":2854.8,"qoeBitrateSwitch":500,"qoePlaybackSpeed":83.64793855101712},"chunk-stream5-00020":{"qoeTotal":5090.716679530246,"qoeBitrate":9500,"qoeRebuffer":0,"qoeLatency":3809.4,"qoeBitrateSwitch":500,"qoePlaybackSpeed":99.88332046975393},"chunk-stream5-00021":{"qoeTotal":7131.839971456339,"qoeBitrate":12500,"qoeRebuffer":0,"qoeLatency":4755,"qoeBitrateSwitch":500,"qoePlaybackSpeed":113.16002854366056},"chunk-stream5-00022":{"qoeTotal":9183.955119369299,"qoeBitrate":15500,"qoeRebuffer":0,"qoeLatency":5692.2,"qoeBitrateSwitch":500,"qoePlaybackSpeed":123.84488063070037},"chunk-stream5-00023":{"qoeTotal":11247.47026728226,"qoeBitrate":18500,"qoeRebuffer":0,"qoeLatency":6618,"qoeBitrateSwitch":500,"qoePlaybackSpeed":134.5297327177402},"chunk-stream5-00024":{"qoeTotal":13324.844998904126,"qoeBitrate":21500,"qoeRebuffer":0,"qoeLatency":7534.2,"qoeBitrateSwitch":500,"qoePlaybackSpeed":140.95500109587434},"chunk-stream5-00025":{"qoeTotal":15399.644998904127,"qoeBitrate":24500,"qoeRebuffer":0,"qoeLatency":8459.4,"qoeBitrateSwitch":500,"qoePlaybackSpeed":140.95500109587434},"chunk-stream5-00026":{"qoeTotal":17473.84499890413,"qoeBitrate":27500,"qoeRebuffer":0,"qoeLatency":9385.199999999999,"qoeBitrateSwitch":500,"qoePlaybackSpeed":140.95500109587434},"chunk-stream5-00027":{"qoeTotal":19548.644998904125,"qoeBitrate":30500,"qoeRebuffer":0,"qoeLatency":10310.4,"qoeBitrateSwitch":500,"qoePlaybackSpeed":140.95500109587434},"chunk-stream5-00028":{"qoeTotal":21633.044998904126,"qoeBitrate":33500,"qoeRebuffer":0,"qoeLatency":11226,"qoeBitrateSwitch":500,"qoePlaybackSpeed":140.95500109587434},"chunk-stream5-00029":{"qoeTotal":23707.244998904127,"qoeBitrate":36500,"qoeRebuffer":0,"qoeLatency":12151.8,"qoeBitrateSwitch":500,"qoePlaybackSpeed":140.95500109587434},"chunk-stream5-00030":{"qoeTotal":25781.444998904128,"qoeBitrate":39500,"qoeRebuffer":0,"qoeLatency":13077.599999999999,"qoeBitrateSwitch":500,"qoePlaybackSpeed":140.95500109587434},"chunk-stream5-00031":{"qoeTotal":27856.84499890413,"qoeBitrate":42500,"qoeRebuffer":0,"qoeLatency":14002.199999999999,"qoeBitrateSwitch":500,"qoePlaybackSpeed":140.95500109587434},"chunk-stream5-00032":{"qoeTotal":29931.644998904125,"qoeBitrate":45500,"qoeRebuffer":0,"qoeLatency":14927.4,"qoeBitrateSwitch":500,"qoePlaybackSpeed":140.95500109587434},"chunk-stream5-00033":{"qoeTotal":32015.444998904128,"qoeBitrate":48500,"qoeRebuffer":0,"qoeLatency":15843.6,"qoeBitrateSwitch":500,"qoePlaybackSpeed":140.95500109587434},"chunk-stream5-00034":{"qoeTotal":34099.844998904126,"qoeBitrate":51500,"qoeRebuffer":0,"qoeLatency":16759.2,"qoeBitrateSwitch":500,"qoePlaybackSpeed":140.95500109587434},"chunk-stream5-00035":{"qoeTotal":36174.64499890412,"qoeBitrate":54500,"qoeRebuffer":0,"qoeLatency":17684.4,"qoeBitrateSwitch":500,"qoePlaybackSpeed":140.95500109587434},"chunk-stream5-00036":{"qoeTotal":38250.04499890412,"qoeBitrate":57500,"qoeRebuffer":0,"qoeLatency":18609,"qoeBitrateSwitch":500,"qoePlaybackSpeed":140.95500109587434},"chunk-stream5-00037":{"qoeTotal":40323.64499890412,"qoeBitrate":60500,"qoeRebuffer":0,"qoeLatency":19535.4,"qoeBitrateSwitch":500,"qoePlaybackSpeed":140.95500109587434},"chunk-stream5-00038":{"qoeTotal":42399.04499890412,"qoeBitrate":63500,"qoeRebuffer":0,"qoeLatency":20460,"qoeBitrateSwitch":500,"qoePlaybackSpeed":140.95500109587434},"chunk-stream5-00039":{"qoeTotal":44472.64499890412,"qoeBitrate":66500,"qoeRebuffer":0,"qoeLatency":21386.4,"qoeBitrateSwitch":500,"qoePlaybackSpeed":140.95500109587434},"chunk-stream5-00040":{"qoeTotal":46557.04499890412,"qoeBitrate":69500,"qoeRebuffer":0,"qoeLatency":22302,"qoeBitrateSwitch":500,"qoePlaybackSpeed":140.95500109587434},"chunk-stream5-00041":{"qoeTotal":48632.444998904124,"qoeBitrate":72500,"qoeRebuffer":0,"qoeLatency":23226.6,"qoeBitrateSwitch":500,"qoePlaybackSpeed":140.95500109587434},"chunk-stream5-00042":{"qoeTotal":50708.444998904124,"qoeBitrate":75500,"qoeRebuffer":0,"qoeLatency":24150.6,"qoeBitrateSwitch":500,"qoePlaybackSpeed":140.95500109587434},"chunk-stream5-00043":{"qoeTotal":52783.844998904126,"qoeBitrate":78500,"qoeRebuffer":0,"qoeLatency":25075.199999999997,"qoeBitrateSwitch":500,"qoePlaybackSpeed":140.95500109587434},"chunk-stream5-00044":{"qoeTotal":54868.24499890413,"qoeBitrate":81500,"qoeRebuffer":0,"qoeLatency":25990.799999999996,"qoeBitrateSwitch":500,"qoePlaybackSpeed":140.95500109587434},"chunk-stream5-00045":{"qoeTotal":56952.64499890413,"qoeBitrate":84500,"qoeRebuffer":0,"qoeLatency":26906.399999999994,"qoeBitrateSwitch":500,"qoePlaybackSpeed":140.95500109587434},"chunk-stream5-00046":{"qoeTotal":59028.04499890413,"qoeBitrate":87500,"qoeRebuffer":0,"qoeLatency":27830.999999999993,"qoeBitrateSwitch":500,"qoePlaybackSpeed":140.95500109587434},"chunk-stream5-00047":{"qoeTotal":61104.04499890413,"qoeBitrate":90500,"qoeRebuffer":0,"qoeLatency":28754.999999999993,"qoeBitrateSwitch":500,"qoePlaybackSpeed":140.95500109587434},"chunk-stream5-00048":{"qoeTotal":63188.44499890413,"qoeBitrate":93500,"qoeRebuffer":0,"qoeLatency":29670.59999999999,"qoeBitrateSwitch":500,"qoePlaybackSpeed":140.95500109587434},"chunk-stream5-00049":{"qoeTotal":65272.84499890413,"qoeBitrate":96500,"qoeRebuffer":0,"qoeLatency":30586.19999999999,"qoeBitrateSwitch":500,"qoePlaybackSpeed":140.95500109587434},"chunk-stream5-00050":{"qoeTotal":67337.33154486517,"qoeBitrate":99500,"qoeRebuffer":0,"qoeLatency":31514.39999999999,"qoeBitrateSwitch":500,"qoePlaybackSpeed":148.26845513484025},"chunk-stream5-00051":{"qoeTotal":69409.0180908262,"qoeBitrate":102500,"qoeRebuffer":0,"qoeLatency":32435.39999999999,"qoeBitrateSwitch":500,"qoePlaybackSpeed":155.58190917380617},"chunk-stream5-00052":{"qoeTotal":71491.0180908262,"qoeBitrate":105500,"qoeRebuffer":0,"qoeLatency":33353.399999999994,"qoeBitrateSwitch":500,"qoePlaybackSpeed":155.58190917380617},"chunk-stream5-00053":{"qoeTotal":73573.6180908262,"qoeBitrate":108500,"qoeRebuffer":0,"qoeLatency":34270.799999999996,"qoeBitrateSwitch":500,"qoePlaybackSpeed":155.58190917380617},"chunk-stream5-00054":{"qoeTotal":75648.12650938495,"qoeBitrate":111500,"qoeRebuffer":0,"qoeLatency":35191.799999999996,"qoeBitrateSwitch":500,"qoePlaybackSpeed":160.0734906150561},"chunk-stream5-00055":{"qoeTotal":77731.32650938493,"qoeBitrate":114500,"qoeRebuffer":0,"qoeLatency":36108.6,"qoeBitrateSwitch":500,"qoePlaybackSpeed":160.0734906150561},"chunk-stream5-00056":{"qoeTotal":79814.52650938494,"qoeBitrate":117500,"qoeRebuffer":0,"qoeLatency":37025.4,"qoeBitrateSwitch":500,"qoePlaybackSpeed":160.0734906150561},"chunk-stream5-00057":{"qoeTotal":81898.32650938493,"qoeBitrate":120500,"qoeRebuffer":0,"qoeLatency":37941.6,"qoeBitrateSwitch":500,"qoePlaybackSpeed":160.0734906150561},"chunk-stream5-00058":{"qoeTotal":83982.12650938495,"qoeBitrate":123500,"qoeRebuffer":0,"qoeLatency":38857.799999999996,"qoeBitrateSwitch":500,"qoePlaybackSpeed":160.0734906150561},"chunk-stream5-00059":{"qoeTotal":86065.32650938493,"qoeBitrate":126500,"qoeRebuffer":0,"qoeLatency":39774.6,"qoeBitrateSwitch":500,"qoePlaybackSpeed":160.0734906150561},"chunk-stream5-00060":{"qoeTotal":88135.32650938493,"qoeBitrate":129500,"qoeRebuffer":0,"qoeLatency":40704.6,"qoeBitrateSwitch":500,"qoePlaybackSpeed":160.0734906150561},"chunk-stream5-00061":{"qoeTotal":90209.52650938494,"qoeBitrate":132500,"qoeRebuffer":0,"qoeLatency":41630.4,"qoeBitrateSwitch":500,"qoePlaybackSpeed":160.0734906150561},"chunk-stream5-00062":{"qoeTotal":92293.32650938493,"qoeBitrate":135500,"qoeRebuffer":0,"qoeLatency":42546.6,"qoeBitrateSwitch":500,"qoePlaybackSpeed":160.0734906150561},