{"init-stream2":{"qoeTotal":500,"qoeBitrate":500,"qoeRebuffer":0,"qoeLatency":0,"qoeBitrateSwitch":0,"qoePlaybackSpeed":0},"chunk-stream2-00002":{"qoeTotal":934.713793712567,"qoeBitrate":1000,"qoeRebuffer":0,"qoeLatency":7.52,"qoeBitrateSwitch":0,"qoePlaybackSpeed":57.76620628743301},"chunk-stream2-00003":{"qoeTotal":1367.8975874251341,"qoeBitrate":1500,"qoeRebuffer":0,"qoeLatency":16.57,"qoeBitrateSwitch":0,"qoePlaybackSpeed":115.53241257486602},"chunk-stream2-00004":{"qoeTotal":1809.7952785925552,"qoeBitrate":2000,"qoeRebuffer":0,"qoeLatency":27.590000000000003,"qoeBitrateSwitch":0,"qoePlaybackSpeed":162.61472140744485},"chunk-stream2-00005":{"qoeTotal":2255.177406380614,"qoeBitrate":2500,"qoeRebuffer":0,"qoeLatency":39.230000000000004,"qoeBitrateSwitch":0,"qoePlaybackSpeed":205.59259361938632},"chunk-stream2-00006":{"qoeTotal":2713.6413142376177,"qoeBitrate":3000,"qoeRebuffer":0,"qoeLatency":52.22,"qoeBitrateSwitch":0,"qoePlaybackSpeed":234.13868576238252},"chunk-stream2-00007":{"qoeTotal":3179.978866588901,"qoeBitrate":3500,"qoeRebuffer":0,"qoeLatency":66.1,"qoeBitrateSwitch":0,"qoePlaybackSpeed":253.9211334110994},"chunk-stream2-00008":{"qoeTotal":3660.8216255480306,"qoeBitrate":4000,"qoeRebuffer":0,"qoeLatency":80.58,"qoeBitrateSwitch":0,"qoePlaybackSpeed":258.5983744519695},"chunk-stream2-00009":{"qoeTotal":4146.27162554803,"qoeBitrate":4500,"qoeRebuffer":0,"qoeLatency":95.13,"qoeBitrateSwitch":0,"qoePlaybackSpeed":258.5983744519695},"chunk-stream2-00010":{"qoeTotal":4621.649291300662,"qoeBitrate":5000,"qoeRebuffer":0,"qoeLatency":109.83,"qoeBitrateSwitch":0,"qoePlaybackSpeed":268.5207086993379},"init-stream3":{"qoeTotal":5706.959291300662,"qoeBitrate":6250,"qoeRebuffer":0,"qoeLatency":124.52,"qoeBitrateSwitch":150,"qoePlaybackSpeed":268.5207086993379},"chunk-stream3-00011":{"qoeTotal":6041.968832274748,"qoeBitrate":7500,"qoeRebuffer":0,"qoeLatency":1026.92,"qoeBitrateSwitch":150,"qoePlaybackSpeed":281.1111677252523},"chunk-stream3-00012":{"qoeTotal":6345.513110646156,"qoeBitrate":8750,"qoeRebuffer":0,"qoeLatency":1954.52,"qoeBitrateSwitch":150,"qoePlaybackSpeed":299.96688935384356},"chunk-stream3-00013":{"qoeTotal":6617.923120418565,"qoeBitrate":10000,"qoeRebuffer":0,"qoeLatency":2916.3199999999997,"qoeBitrateSwitch":150,"qoePlaybackSpeed":315.7568795814352},"chunk-stream3-00014":{"qoeTotal":6844.894072150017,"qoeBitrate":11250,"qoeRebuffer":0,"qoeLatency":3914.12,"qoeBitrateSwitch":150,"qoePlaybackSpeed":340.9859278499834},"chunk-stream3-00015":{"qoeTotal":7032.942965112627,"qoeBitrate":12500,"qoeRebuffer":0,"qoeLatency":4954.52,"qoeBitrateSwitch":150,"qoePlaybackSpeed":362.5370348873731},"chunk-stream3-00016":{"qoeTotal":7174.1273272526405,"qoeBitrate":13750,"qoeRebuffer":0,"qoeLatency":6044.120000000001,"qoeBitrateSwitch":150,"qoePlaybackSpeed":381.7526727473584},"chunk-stream3-00017":{"qoeTotal":7283.511689392656,"qoeBitrate":15000,"qoeRebuffer":0,"qoeLatency":7165.52,"qoeBitrateSwitch":150,"qoePlaybackSpeed":400.9683106073437},"chunk-stream3-00018":{"qoeTotal":7347.7344112801375,"qoeBitrate":16250,"qoeRebuffer":0,"qoeLatency":8332.52,"qoeBitrateSwitch":150,"qoePlaybackSpeed":419.7455887198622},"chunk-stream3-00019":{"qoeTotal":7368.340812162939,"qoeBitrate":17500,"qoeRebuffer":0,"qoeLatency":9536.720000000001,"qoeBitrateSwitch":150,"qoePlaybackSpeed":444.9391878370599},"chunk-stream3-00020":{"qoeTotal":7345.022095340317,"qoeBitrate":18750,"qoeRebuffer":0,"qoeLatency":10787.720000000001,"qoeBitrateSwitch":150,"qoePlaybackSpeed":467.25790465968197},"chunk-stream3-00021":{"qoeTotal":7274.3400721927665,"qoeBitrate":20000,"qoeRebuffer":0,"qoeLatency":12087.320000000002,"qoeBitrateSwitch":150,"qoePlaybackSpeed":488.33992780723196},"chunk-stream3-00022":{"qoeTotal":7150.968786126361,"qoeBitrate":21250,"qoeRebuffer":0,"qoeLatency":13434.320000000002,"qoeBitrateSwitch":150,"qoePlaybackSpeed":514.7112138736377},"chunk-stream3-00023":{"qoeTotal":6971.395250692254,"qoeBitrate":22500,"qoeRebuffer":0,"qoeLatency":14837.12,"qoeBitrateSwitch":150,"qoePlaybackSpeed":541.4847493077447},"chunk-stream3-00024":{"qoeTotal":6743.822907628129,"qoeBitrate":23750,"qoeRebuffer":0,"qoeLatency":16284.320000000002,"qoeBitrateSwitch":150,"qoePlaybackSpeed":571.8570923718697},"chunk-stream3-00025":{"qoeTotal":6467.3035423568035,"qoeBitrate":25000,"qoeRebuffer":0,"qoeLatency":17785.52,"qoeBitrateSwitch":150,"qoePlaybackSpeed":597.176457643196},"chunk-stream3-00026":{"qoeTotal":6138.048701770641,"qoeBitrate":26250,"qoeRebuffer":0,"qoeLatency":19342.52,"qoeBitrateSwitch":150,"qoePlaybackSpeed":619.4312982293588},"chunk-stream3-00027":{"qoeTotal":5753.831524889639,"qoeBitrate":27500,"qoeRebuffer":0,"qoeLatency":20948.12,"qoeBitrateSwitch":150,"qoePlaybackSpeed":648.048475110362},"chunk-stream3-00028":{"qoeTotal":5315.432119047269,"qoeBitrate":28750,"qoeRebuffer":0,"qoeLatency":22611.32,"qoeBitrateSwitch":150,"qoePlaybackSpeed":673.2478809527307},"chunk-stream3-00029":{"qoeTotal":4810.053281994922,"qoeBitrate":30000,"qoeRebuffer":0,"qoeLatency":24330.92,"qoeBitrateSwitch":150,"qoePlaybackSpeed":709.0267180050798},"chunk-stream3-00030":{"qoeTotal":4264.046682624302,"qoeBitrate":31250,"qoeRebuffer":0,"qoeLatency":26103.32,"qoeBitrateSwitch":150,"qoePlaybackSpeed":732.6333173756981},"chunk-stream3-00031":{"qoeTotal":3667.9602949776054,"qoeBitrate":32500,"qoeRebuffer":0,"qoeLatency":27928.52,"qoeBitrateSwitch":150,"qoePlaybackSpeed":753.519705022394},"chunk-stream3-00032":{"qoeTotal":3027.829625347743,"qoeBitrate":33750,"qoeRebuffer":0,"qoeLatency":29795.72,"qoeBitrateSwitch":150,"qoePlaybackSpeed":776.4503746522561},"chunk-stream3-00033":{"qoeTotal":2309.3476324772873,"qoeBitrate":35000,"qoeRebuffer":0,"qoeLatency":31727.72,"qoeBitrateSwitch":150,"qoePlaybackSpeed":812.9323675227115},"chunk-stream2-00034":{"qoeTotal":686.6568751570519,"qoeBitrate":35500,"qoeRebuffer":0,"qoeLatency":33681.32,"qoeBitrateSwitch":300,"qoePlaybackSpeed":832.0231248429484},"chunk-stream2-00035":{"qoeTotal":-782.5249489610511,"qoeBitrate":36000,"qoeRebuffer":0,"qoeLatency":35590.52,"qoeBitrateSwitch":300,"qoePlaybackSpeed":892.0049489610543},"chunk-stream2-00036":{"qoeTotal":-2203.706773079154,"qoeBitrate":36500,"qoeRebuffer":0,"qoeLatency":37451.719999999994,"qoeBitrateSwitch":300,"qoePlaybackSpeed":951.9867730791602},"chunk-stream2-00037":{"qoeTotal":-3575.0885971972616,"qoeBitrate":37000,"qoeRebuffer":0,"qoeLatency":39263.119999999995,"qoeBitrateSwitch":300,"qoePlaybackSpeed":1011.9685971972661},"chunk-stream2-00038":{"qoeTotal":-4805.470421315369,"qoeBitrate":37500,"qoeRebuffer":0,"qoeLatency":40933.52,"qoeBitrateSwitch":300,"qoePlaybackSpeed":1071.950421315372},"chunk-stream2-00039":{"qoeTotal":-5979.339198937188,"qoeBitrate":38000,"qoeRebuffer":0,"qoeLatency":42603.92,"qoeBitrateSwitch":300,"qoePlaybackSpeed":1075.4191989371893},"chunk-stream3-00040":{"qoeTotal":-6511.207397711566,"qoeBitrate":39250,"qoeRebuffer":0,"qoeLatency":44230.52,"qoeBitrateSwitch":450,"qoePlaybackSpeed":1080.687397711569},"chunk-stream3-00041":{"qoeTotal":-6881.406285591078,"qoeBitrate":40500,"qoeRebuffer":0,"qoeLatency":45833.719999999994,"qoeBitrateSwitch":450,"qoePlaybackSpeed":1097.6862855910845},"chunk-stream3-00042":{"qoeTotal":-7237.814281617493,"qoeBitrate":41750,"qoeRebuffer":0,"qoeLatency":47419.52,"qoeBitrateSwitch":450,"qoePlaybackSpeed":1118.2942816174968},"chunk-stream3-00043":{"qoeTotal":-7633.846614328086,"qoeBitrate":43000,"qoeRebuffer":0,"qoeLatency":49005.92,"qoeBitrateSwitch":450,"qoePlaybackSpeed":1177.9266143280877},"chunk-stream3-00044":{"qoeTotal":-7897.435353553501,"qoeBitrate":44250,"qoeRebuffer":0,"qoeLatency":50516.72,"qoeBitrateSwitch":450,"qoePlaybackSpeed":1180.7153535534999},"chunk-stream3-00045":{"qoeTotal":-8182.324279130122,"qoeBitrate":45500,"qoeRebuffer":0,"qoeLatency":52049.72,"qoeBitrateSwitch":450,"qoePlaybackSpeed":1182.6042791301204},"chunk-stream3-00046":{"qoeTotal":-8478.303992045348,"qoeBitrate":46750,"qoeRebuffer":0,"qoeLatency":53594.72,"qoeBitrateSwitch":450,