{"chunk-stream2-00018":{"qoeTotal":-469.44695021889146,"qoeBitrate":500,"qoeRebuffer":0,"qoeLatency":935.4,"qoeBitrateSwitch":0,"qoePlaybackSpeed":34.04695021889148},"init-stream1":{"qoeTotal":-1544.2939004377831,"qoeBitrate":800,"qoeRebuffer":0,"qoeLatency":1876.2,"qoeBitrateSwitch":400,"qoePlaybackSpeed":68.09390043778296},"chunk-stream1-00019":{"qoeTotal":-2222.1408506566745,"qoeBitrate":1100,"qoeRebuffer":0,"qoeLatency":2820,"qoeBitrateSwitch":400,"qoePlaybackSpeed":102.14085065667444},"init-stream5":{"qoeTotal":-5559.42057278178,"qoeBitrate":4100,"qoeRebuffer":0,"qoeLatency":3748.2,"qoeBitrateSwitch":5800,"qoePlaybackSpeed":111.22057278178035},"chunk-stream5-00020":{"qoeTotal":-3530.6566081775677,"qoeBitrate":7100,"qoeRebuffer":0,"qoeLatency":4704.6,"qoeBitrateSwitch":5800,"qoePlaybackSpeed":126.05660817756748},"chunk-stream5-00021":{"qoeTotal":-1498.5871536393724,"qoeBitrate":10100,"qoeRebuffer":0,"qoeLatency":5660.400000000001,"qoeBitrateSwitch":5800,"qoePlaybackSpeed":138.18715363937184},"chunk-stream5-00022":{"qoeTotal":544.8823008988227,"qoeBitrate":13100,"qoeRebuffer":0,"qoeLatency":6604.800000000001,"qoeBitrateSwitch":5800,"qoePlaybackSpeed":150.3176991011762},"chunk-stream5-00023":{"qoeTotal":2606.673486547359,"qoeBitrate":16100,"qoeRebuffer":0,"qoeLatency":7535.4000000000015,"qoeBitrateSwitch":5800,"qoePlaybackSpeed":157.92651345263943},"chunk-stream5-00024":{"qoeTotal":4691.073486547359,"qoeBitrate":19100,"qoeRebuffer":0,"qoeLatency":8451.000000000002,"qoeBitrateSwitch":5800,"qoePlaybackSpeed":157.92651345263943},"chunk-stream5-00025":{"qoeTotal":6767.673486547359,"qoeBitrate":22100,"qoeRebuffer":0,"qoeLatency":9374.400000000001,"qoeBitrateSwitch":5800,"qoePlaybackSpeed":157.92651345263943},"chunk-stream5-00026":{"qoeTotal":8852.073486547359,"qoeBitrate":25100,"qoeRebuffer":0,"qoeLatency":10290.000000000002,"qoeBitrateSwitch":5800,"qoePlaybackSpeed":157.92651345263943},"chunk-stream5-00027":{"qoeTotal":10936.473486547358,"qoeBitrate":28100,"qoeRebuffer":0,"qoeLatency":11205.600000000002,"qoeBitrateSwitch":5800,"qoePlaybackSpeed":157.92651345263943},"chunk-stream5-00028":{"qoeTotal":13020.873486547358,"qoeBitrate":31100,"qoeRebuffer":0,"qoeLatency":12121.200000000003,"qoeBitrateSwitch":5800,"qoePlaybackSpeed":157.92651345263943},"chunk-stream5-00029":{"qoeTotal":15105.273486547358,"qoeBitrate":34100,"qoeRebuffer":0,"qoeLatency":13036.800000000003,"qoeBitrateSwitch":5800,"qoePlaybackSpeed":157.92651345263943},"chunk-stream5-00030":{"qoeTotal":17189.67348654736,"qoeBitrate":37100,"qoeRebuffer":0,"qoeLatency":13952.400000000003,"qoeBitrateSwitch":5800,"qoePlaybackSpeed":157.92651345263943},"chunk-stream5-00031":{"qoeTotal":19274.073486547357,"qoeBitrate":40100,"qoeRebuffer":0,"qoeLatency":14868.000000000004,"qoeBitrateSwitch":5800,"qoePlaybackSpeed":157.92651345263943},"chunk-stream5-00032":{"qoeTotal":21326.953477032548,"qoeBitrate":43100,"qoeRebuffer":0,"qoeLatency":15802.200000000004,"qoeBitrateSwitch":5800,"qoePlaybackSpeed":170.84652296744872},"init-stream3":{"qoeTotal":18093.915090469618,"qoeBitrate":44350,"qoeRebuffer":0,"qoeLatency":16776.000000000004,"qoeBitrateSwitch":9300,"qoePlaybackSpeed":180.08490953037824},"chunk-stream3-00033":{"qoeTotal":18334.258729670728,"qoeBitrate":45600,"qoeRebuffer":0,"qoeLatency":17749.200000000004,"qoeBitrateSwitch":9300,"qoePlaybackSpeed":216.54127032926687},"init-stream2":{"qoeTotal":16361.27717493122,"qoeBitrate":46100,"qoeRebuffer":0,"qoeLatency":18719.400000000005,"qoeBitrateSwitch":10800,"qoePlaybackSpeed":219.32282506877584},"chunk-stream2-00034":{"qoeTotal":15880.038788368289,"qoeBitrate":46600,"qoeRebuffer":0,"qoeLatency":19691.400000000005,"qoeBitrateSwitch":10800,"qoePlaybackSpeed":228.56121163170536},"chunk-stream3-00035":{"qoeTotal":14642.604108660349,"qoeBitrate":47850,"qoeRebuffer":0,"qoeLatency":20660.400000000005,"qoeBitrateSwitch":12300,"qoePlaybackSpeed":246.99589133964585},"init-stream4":{"qoeTotal":14157.56942895241,"qoeBitrate":49850,"qoeRebuffer":0,"qoeLatency":21627.000000000004,"qoeBitrateSwitch":13800,"qoePlaybackSpeed":265.43057104758634},"chunk-stream4-00036":{"qoeTotal":15190.392652016199,"qoeBitrate":51850,"qoeRebuffer":0,"qoeLatency":22579.200000000004,"qoeBitrateSwitch":13800,"qoePlaybackSpeed":280.4073479837979},"chunk-stream4-00037":{"qoeTotal":16238.518310789563,"qoeBitrate":53850,"qoeRebuffer":0,"qoeLatency":23518.800000000003,"qoeBitrateSwitch":13800,"qoePlaybackSpeed":292.68168921043355},"chunk-stream4-00038":{"qoeTotal":17300.638588664457,"qoeBitrate":55850,"qoeRebuffer":0,"qoeLatency":24447.600000000002,"qoeBitrateSwitch":13800,"qoePlaybackSpeed":301.76141133553944},"chunk-stream5-00039":{"qoeTotal":17376.510036347576,"qoeBitrate":58850,"qoeRebuffer":0,"qoeLatency":25365.600000000002,"qoeBitrateSwitch":15800,"qoePlaybackSpeed":307.8899636524205},"chunk-stream5-00040":{"qoeTotal":19462.110036347574,"qoeBitrate":61850,"qoeRebuffer":0,"qoeLatency":26280.000000000004,"qoeBitrateSwitch":15800,"qoePlaybackSpeed":307.8899636524205},"chunk-stream5-00041":{"qoeTotal":21547.710036347573,"qoeBitrate":64850,"qoeRebuffer":0,"qoeLatency":27194.400000000005,"qoeBitrateSwitch":15800,"qoePlaybackSpeed":307.8899636524205},"chunk-stream5-00042":{"qoeTotal":23633.31003634757,"qoeBitrate":67850,"qoeRebuffer":0,"qoeLatency":28108.800000000007,"qoeBitrateSwitch":15800,"qoePlaybackSpeed":307.8899636524205},"chunk-stream5-00043":{"qoeTotal":25718.31003634757,"qoeBitrate":70850,"qoeRebuffer":0,"qoeLatency":29023.800000000007,"qoeBitrateSwitch":15800,"qoePlaybackSpeed":307.8899636524205},"chunk-stream5-00044":{"qoeTotal":27803.91003634757,"qoeBitrate":73850,"qoeRebuffer":0,"qoeLatency":29938.200000000008,"qoeBitrateSwitch":15800,"qoePlaybackSpeed":307.8899636524205},"chunk-stream5-00045":{"qoeTotal":29888.91003634757,"qoeBitrate":76850,"qoeRebuffer":0,"qoeLatency":30853.200000000008,"qoeBitrateSwitch":15800,"qoePlaybackSpeed":307.8899636524205},"chunk-stream5-00046":{"qoeTotal":31967.91003634757,"qoeBitrate":79850,"qoeRebuffer":0,"qoeLatency":31774.200000000008,"qoeBitrateSwitch":15800,"qoePlaybackSpeed":307.8899636524205},"chunk-stream5-00047":{"qoeTotal":34046.910036347566,"qoeBitrate":82850,"qoeRebuffer":0,"qoeLatency":32695.200000000008,"qoeBitrateSwitch":15800,"qoePlaybackSpeed":307.8899636524205},"chunk-stream5-00048":{"qoeTotal":36124.11003634757,"qoeBitrate":85850,"qoeRebuffer":0,"qoeLatency":33618.00000000001,"qoeBitrateSwitch":15800,"qoePlaybackSpeed":307.8899636524205},"chunk-stream5-00049":{"qoeTotal":38209.71003634757,"qoeBitrate":88850,"qoeRebuffer":0,"qoeLatency":34532.40000000001,"qoeBitrateSwitch":15800,"qoePlaybackSpeed":307.8899636524205},"chunk-stream5-00050":{"qoeTotal":40295.31003634757,"qoeBitrate":91850,"qoeRebuffer":0,"qoeLatency":35446.80000000001,"qoeBitrateSwitch":15800,"qoePlaybackSpeed":307.8899636524205},"chunk-stream5-00051":{"qoeTotal":42380.31003634757,"qoeBitrate":94850,"qoeRebuffer":0,"qoeLatency":36361.80000000001,"qoeBitrateSwitch":15800,"qoePlaybackSpeed":307.8899636524205},"chunk-stream5-00052":{"qoeTotal":44453.910036347566,"qoeBitrate":97850,"qoeRebuffer":0,"qoeLatency":37288.20000000001,"qoeBitrateSwitch":15800,"qoePlaybackSpeed":307.8899636524205},"chunk-stream5-00053":{"qoeTotal":46532.31003634757,"qoeBitrate":100850,"qoeRebuffer":0,"qoeLatency":38209.80000000001,"qoeBitrateSwitch":15800,"qoePlaybackSpeed":307.8899636524205},"chunk-stream5-00054":{"qoeTotal":48617.31003634757,"qoeBitrate":103850,"qoeRebuffer":0,"qoeLatency":39124.80000000001,"qoeBitrateSwitch":15800,"qoePlaybackSpeed":307.8899636524205},"chunk-stream5-00055":{"qoeTotal":50702.910036347566,"qoeBitrate":106850,"qoeRebuffer":0,"qoeLatency":40039.20000000001,"qoeBitrateSwitch":15800,"qoePlaybackSpeed":307.8899636524205},"chunk-stream5-00056":{"qoeTotal":52787.910036347566,"qoeBitrate":109850,"qoeRebuffer":0,"qoeLatency":40954.20000000001,"qoeBitrateSwitch":15800,"qoePlaybackSpeed":307.8899636524205},"chunk-stream5-00057":{"qoeTotal":54872.910036347566,"qoeBitrate":112850,