{"chunk-stream2-00018":{"qoeTotal":-604.4008143396294,"qoeBitrate":500,"qoeRebuffer":0,"qoeLatency":1054.2,"qoeBitrateSwitch":0,"qoePlaybackSpeed":50.200814339629375},"chunk-stream2-00019":{"qoeTotal":-1209.1799546121542,"qoeBitrate":1000,"qoeRebuffer":0,"qoeLatency":2128.8,"qoeBitrateSwitch":0,"qoePlaybackSpeed":80.37995461215395},"chunk-stream2-00020":{"qoeTotal":-1832.113987604089,"qoeBitrate":1500,"qoeRebuffer":0,"qoeLatency":3212.4000000000005,"qoeBitrateSwitch":0,"qoePlaybackSpeed":119.71398760408859},"chunk-stream2-00021":{"qoeTotal":-2421.011650305388,"qoeBitrate":2000,"qoeRebuffer":0,"qoeLatency":4267.200000000001,"qoeBitrateSwitch":0,"qoePlaybackSpeed":153.81165030538682},"chunk-stream2-00022":{"qoeTotal":-2979.13451574171,"qoeBitrate":2500,"qoeRebuffer":0,"qoeLatency":5296.200000000001,"qoeBitrateSwitch":0,"qoePlaybackSpeed":182.93451574170908},"chunk-stream2-00023":{"qoeTotal":-3507.3051447637117,"qoeBitrate":3000,"qoeRebuffer":0,"qoeLatency":6298.200000000001,"qoeBitrateSwitch":0,"qoePlaybackSpeed":209.10514476371105},"chunk-stream2-00024":{"qoeTotal":-4009.220593097006,"qoeBitrate":3500,"qoeRebuffer":0,"qoeLatency":7279.800000000001,"qoeBitrateSwitch":0,"qoePlaybackSpeed":229.42059309700457},"chunk-stream2-00025":{"qoeTotal":-4478.582294233725,"qoeBitrate":4000,"qoeRebuffer":0,"qoeLatency":8235.6,"qoeBitrateSwitch":0,"qoePlaybackSpeed":242.98229423372484},"chunk-stream2-00026":{"qoeTotal":-4927.3573716456585,"qoeBitrate":4500,"qoeRebuffer":0,"qoeLatency":9173.4,"qoeBitrateSwitch":0,"qoePlaybackSpeed":253.95737164565847},"chunk-stream2-00027":{"qoeTotal":-5358.530879858525,"qoeBitrate":5000,"qoeRebuffer":0,"qoeLatency":10098,"qoeBitrateSwitch":0,"qoePlaybackSpeed":260.53087985852426},"chunk-stream2-00028":{"qoeTotal":-5775.930879858524,"qoeBitrate":5500,"qoeRebuffer":0,"qoeLatency":11015.4,"qoeBitrateSwitch":0,"qoePlaybackSpeed":260.53087985852426},"chunk-stream2-00029":{"qoeTotal":-6195.730879858524,"qoeBitrate":6000,"qoeRebuffer":0,"qoeLatency":11935.199999999999,"qoeBitrateSwitch":0,"qoePlaybackSpeed":260.53087985852426},"chunk-stream2-00030":{"qoeTotal":-6615.530879858523,"qoeBitrate":6500,"qoeRebuffer":0,"qoeLatency":12854.999999999998,"qoeBitrateSwitch":0,"qoePlaybackSpeed":260.53087985852426},"chunk-stream2-00031":{"qoeTotal":-7035.330879858522,"qoeBitrate":7000,"qoeRebuffer":0,"qoeLatency":13774.799999999997,"qoeBitrateSwitch":0,"qoePlaybackSpeed":260.53087985852426},"chunk-stream2-00032":{"qoeTotal":-7455.130879858521,"qoeBitrate":7500,"qoeRebuffer":0,"qoeLatency":14694.599999999997,"qoeBitrateSwitch":0,"qoePlaybackSpeed":260.53087985852426},"chunk-stream2-00033":{"qoeTotal":-7875.530879858521,"qoeBitrate":8000,"qoeRebuffer":0,"qoeLatency":15614.999999999996,"qoeBitrateSwitch":0,"qoePlaybackSpeed":260.53087985852426},"chunk-stream2-00034":{"qoeTotal":-8295.33087985852,"qoeBitrate":8500,"qoeRebuffer":0,"qoeLatency":16534.799999999996,"qoeBitrateSwitch":0,"qoePlaybackSpeed":260.53087985852426},"chunk-stream2-00035":{"qoeTotal":-8715.13087985852,"qoeBitrate":9000,"qoeRebuffer":0,"qoeLatency":17454.599999999995,"qoeBitrateSwitch":0,"qoePlaybackSpeed":260.53087985852426},"chunk-stream2-00036":{"qoeTotal":-9132.530879858521,"qoeBitrate":9500,"qoeRebuffer":0,"qoeLatency":18371.999999999996,"qoeBitrateSwitch":0,"qoePlaybackSpeed":260.53087985852426},"chunk-stream2-00037":{"qoeTotal":-9552.33087985852,"qoeBitrate":10000,"qoeRebuffer":0,"qoeLatency":19291.799999999996,"qoeBitrateSwitch":0,"qoePlaybackSpeed":260.53087985852426},"chunk-stream2-00038":{"qoeTotal":-9969.730879858522,"qoeBitrate":10500,"qoeRebuffer":0,"qoeLatency":20209.199999999997,"qoeBitrateSwitch":0,"qoePlaybackSpeed":260.53087985852426},"chunk-stream2-00039":{"qoeTotal":-10389.530879858521,"qoeBitrate":11000,"qoeRebuffer":0,"qoeLatency":21128.999999999996,"qoeBitrateSwitch":0,"qoePlaybackSpeed":260.53087985852426},"chunk-stream2-00040":{"qoeTotal":-10806.930879858523,"qoeBitrate":11500,"qoeRebuffer":0,"qoeLatency":22046.399999999998,"qoeBitrateSwitch":0,"qoePlaybackSpeed":260.53087985852426},"chunk-stream2-00041":{"qoeTotal":-11226.730879858522,"qoeBitrate":12000,"qoeRebuffer":0,"qoeLatency":22966.199999999997,"qoeBitrateSwitch":0,"qoePlaybackSpeed":260.53087985852426},"chunk-stream2-00042":{"qoeTotal":-11646.530879858521,"qoeBitrate":12500,"qoeRebuffer":0,"qoeLatency":23885.999999999996,"qoeBitrateSwitch":0,"qoePlaybackSpeed":260.53087985852426},"chunk-stream2-00043":{"qoeTotal":-12066.33087985852,"qoeBitrate":13000,"qoeRebuffer":0,"qoeLatency":24805.799999999996,"qoeBitrateSwitch":0,"qoePlaybackSpeed":260.53087985852426},"chunk-stream2-00044":{"qoeTotal":-12486.13087985852,"qoeBitrate":13500,"qoeRebuffer":0,"qoeLatency":25725.599999999995,"qoeBitrateSwitch":0,"qoePlaybackSpeed":260.53087985852426},"chunk-stream2-00045":{"qoeTotal":-12905.930879858519,"qoeBitrate":14000,"qoeRebuffer":0,"qoeLatency":26645.399999999994,"qoeBitrateSwitch":0,"qoePlaybackSpeed":260.53087985852426},"chunk-stream2-00046":{"qoeTotal":-13326.33087985852,"qoeBitrate":14500,"qoeRebuffer":0,"qoeLatency":27565.799999999996,"qoeBitrateSwitch":0,"qoePlaybackSpeed":260.53087985852426},"chunk-stream2-00047":{"qoeTotal":-13743.730879858522,"qoeBitrate":15000,"qoeRebuffer":0,"qoeLatency":28483.199999999997,"qoeBitrateSwitch":0,"qoePlaybackSpeed":260.53087985852426},"chunk-stream2-00048":{"qoeTotal":-14161.130879858523,"qoeBitrate":15500,"qoeRebuffer":0,"qoeLatency":29400.6,"qoeBitrateSwitch":0,"qoePlaybackSpeed":260.53087985852426},"chunk-stream2-00049":{"qoeTotal":-14581.530879858525,"qoeBitrate":16000,"qoeRebuffer":0,"qoeLatency":30321,"qoeBitrateSwitch":0,"qoePlaybackSpeed":260.53087985852426},"chunk-stream2-00050":{"qoeTotal":-15001.930879858526,"qoeBitrate":16500,"qoeRebuffer":0,"qoeLatency":31241.4,"qoeBitrateSwitch":0,"qoePlaybackSpeed":260.53087985852426},"chunk-stream2-00051":{"qoeTotal":-15422.330879858528,"qoeBitrate":17000,"qoeRebuffer":0,"qoeLatency":32161.800000000003,"qoeBitrateSwitch":0,"qoePlaybackSpeed":260.53087985852426},"chunk-stream2-00052":{"qoeTotal":-15839.730879858529,"qoeBitrate":17500,"qoeRebuffer":0,"qoeLatency":33079.200000000004,"qoeBitrateSwitch":0,"qoePlaybackSpeed":260.53087985852426},"chunk-stream2-00053":{"qoeTotal":-16260.13087985853,"qoeBitrate":18000,"qoeRebuffer":0,"qoeLatency":33999.600000000006,"qoeBitrateSwitch":0,"qoePlaybackSpeed":260.53087985852426},"chunk-stream2-00054":{"qoeTotal":-16679.930879858533,"qoeBitrate":18500,"qoeRebuffer":0,"qoeLatency":34919.40000000001,"qoeBitrateSwitch":0,"qoePlaybackSpeed":260.53087985852426},"chunk-stream2-00055":{"qoeTotal":-17101.530879858532,"qoeBitrate":19000,"qoeRebuffer":0,"qoeLatency":35841.00000000001,"qoeBitrateSwitch":0,"qoePlaybackSpeed":260.53087985852426},"chunk-stream2-00056":{"qoeTotal":-17518.930879858533,"qoeBitrate":19500,"qoeRebuffer":0,"qoeLatency":36758.40000000001,"qoeBitrateSwitch":0,"qoePlaybackSpeed":260.53087985852426},"chunk-stream2-00057":{"qoeTotal":-17939.330879858535,"qoeBitrate":20000,"qoeRebuffer":0,"qoeLatency":37678.80000000001,"qoeBitrateSwitch":0,"qoePlaybackSpeed":260.53087985852426},"chunk-stream2-00058":{"qoeTotal":-18356.730879858536,"qoeBitrate":20500,"qoeRebuffer":0,"qoeLatency":38596.20000000001,"qoeBitrateSwitch":0,"qoePlaybackSpeed":260.53087985852426},"chunk-stream2-00059":{"qoeTotal":-18776.53087985854,"qoeBitrate":21000,"qoeRebuffer":0,"qoeLatency":39516.000000000015,"qoeBitrateSwitch":0,"qoePlaybackSpeed":260.53087985852426},"chunk-stream2-00060":{"qoeTotal":-19196.93087985854,"qoeBitrate":21500,"qoeRebuffer":0,"qoeLatency":40436.400000000016,"qoeBitrateSwitch":0,"qoePlaybackSpeed":260.53087985852426},"chunk-stream2-00061":{"qoeTotal":-19614.330879858542,"qoeBitrate":22000,"qoeRebuffer":0,"qoeLatency":41353.80000000002,"qoeBitrateSwitch":0,"qoePlaybackSpeed":260.53087985852426},"chunk-stream2-00062":{"qoeTotal":-20034.730879858544,"qoeBitrate":22500,"qoeRebuffer":0,"qoeLatency":42274.20000000002,"qoeBitrateSwitch":0,"qoePlaybackSpeed":260.53087985852426},