{"chunk-stream2-00018":{"qoeTotal":-652.8871484792427,"qoeBitrate":500,"qoeRebuffer":0,"qoeLatency":1107.6000000000001,"qoeBitrateSwitch":0,"qoePlaybackSpeed":45.28714847924255},"init-stream0":{"qoeTotal":-1792.3742969584853,"qoeBitrate":600,"qoeRebuffer":0,"qoeLatency":2221.8,"qoeBitrateSwitch":80,"qoePlaybackSpeed":90.5742969584851},"chunk-stream0-00019":{"qoeTotal":-4413.661444865524,"qoeBitrate":700,"qoeRebuffer":1548.5999994277954,"qoeLatency":3349.2000000000003,"qoeBitrateSwitch":80,"qoePlaybackSpeed":135.86144543772767},"init-stream1":{"qoeTotal":-5149.169628192636,"qoeBitrate":1000,"qoeRebuffer":1548.5999994277954,"qoeLatency":4323.6,"qoeBitrateSwitch":120,"qoePlaybackSpeed":156.96962876484054},"chunk-stream1-00020":{"qoeTotal":-5981.3542714152645,"qoeBitrate":1300,"qoeRebuffer":1548.5999994277954,"qoeLatency":5453.400000000001,"qoeBitrateSwitch":120,"qoePlaybackSpeed":159.35427198746834},"chunk-stream1-00021":{"qoeTotal":-6835.8090371449025,"qoeBitrate":1600,"qoeRebuffer":1548.5999994277954,"qoeLatency":6563.400000000001,"qoeBitrateSwitch":120,"qoePlaybackSpeed":203.80903771710692},"init-stream2":{"qoeTotal":-7292.009037144902,"qoeBitrate":2100,"qoeRebuffer":1548.5999994277954,"qoeLatency":7479.6,"qoeBitrateSwitch":160,"qoePlaybackSpeed":203.80903771710692},"chunk-stream2-00022":{"qoeTotal":-7881.40635560441,"qoeBitrate":2600,"qoeRebuffer":1548.5999994277954,"qoeLatency":8533.800000000001,"qoeBitrateSwitch":160,"qoePlaybackSpeed":239.00635617661388},"chunk-stream2-00023":{"qoeTotal":-8424.800092056063,"qoeBitrate":3100,"qoeRebuffer":1548.5999994277954,"qoeLatency":9545.400000000001,"qoeBitrateSwitch":160,"qoePlaybackSpeed":270.80009262826565},"chunk-stream2-00024":{"qoeTotal":-8922.708275383175,"qoeBitrate":3600,"qoeRebuffer":1548.5999994277954,"qoeLatency":10522.2,"qoeBitrateSwitch":160,"qoePlaybackSpeed":291.9082759553785},"chunk-stream1-00025":{"qoeTotal":-9638.744310778962,"qoeBitrate":3900,"qoeRebuffer":1548.5999994277954,"qoeLatency":11483.400000000001,"qoeBitrateSwitch":200,"qoePlaybackSpeed":306.7443113511656},"chunk-stream1-00026":{"qoeTotal":-10293.3537276429,"qoeBitrate":4200,"qoeRebuffer":1548.5999994277954,"qoeLatency":12426.600000000002,"qoeBitrateSwitch":200,"qoePlaybackSpeed":318.1537282151017},"chunk-stream1-00027":{"qoeTotal":-10934.55212566029,"qoeBitrate":4500,"qoeRebuffer":1548.5999994277954,"qoeLatency":13359.600000000002,"qoeBitrateSwitch":200,"qoePlaybackSpeed":326.35212623249146},"chunk-stream1-00028":{"qoeTotal":-11566.15052367768,"qoeBitrate":4800,"qoeRebuffer":1548.5999994277954,"qoeLatency":14283.000000000002,"qoeBitrateSwitch":200,"qoePlaybackSpeed":334.5505242498812},"chunk-stream1-00029":{"qoeTotal":-12182.950523677679,"qoeBitrate":5100,"qoeRebuffer":1548.5999994277954,"qoeLatency":15199.800000000001,"qoeBitrateSwitch":200,"qoePlaybackSpeed":334.5505242498812},"chunk-stream1-00030":{"qoeTotal":-12799.15052367768,"qoeBitrate":5400,"qoeRebuffer":1548.5999994277954,"qoeLatency":16116.000000000002,"qoeBitrateSwitch":200,"qoePlaybackSpeed":334.5505242498812},"chunk-stream1-00031":{"qoeTotal":-13417.75052367768,"qoeBitrate":5700,"qoeRebuffer":1548.5999994277954,"qoeLatency":17034.600000000002,"qoeBitrateSwitch":200,"qoePlaybackSpeed":334.5505242498812},"chunk-stream1-00032":{"qoeTotal":-14036.350523677678,"qoeBitrate":6000,"qoeRebuffer":1548.5999994277954,"qoeLatency":17953.2,"qoeBitrateSwitch":200,"qoePlaybackSpeed":334.5505242498812},"chunk-stream1-00033":{"qoeTotal":-14655.550523677679,"qoeBitrate":6300,"qoeRebuffer":1548.5999994277954,"qoeLatency":18872.4,"qoeBitrateSwitch":200,"qoePlaybackSpeed":334.5505242498812},"chunk-stream1-00034":{"qoeTotal":-15274.150523677677,"qoeBitrate":6600,"qoeRebuffer":1548.5999994277954,"qoeLatency":19791,"qoeBitrateSwitch":200,"qoePlaybackSpeed":334.5505242498812},"chunk-stream1-00035":{"qoeTotal":-15893.950523677677,"qoeBitrate":6900,"qoeRebuffer":1548.5999994277954,"qoeLatency":20710.8,"qoeBitrateSwitch":200,"qoePlaybackSpeed":334.5505242498812},"chunk-stream1-00036":{"qoeTotal":-16510.150523677676,"qoeBitrate":7200,"qoeRebuffer":1548.5999994277954,"qoeLatency":21627,"qoeBitrateSwitch":200,"qoePlaybackSpeed":334.5505242498812},"chunk-stream1-00037":{"qoeTotal":-17129.350523677676,"qoeBitrate":7500,"qoeRebuffer":1548.5999994277954,"qoeLatency":22546.2,"qoeBitrateSwitch":200,"qoePlaybackSpeed":334.5505242498812},"chunk-stream1-00038":{"qoeTotal":-17747.950523677675,"qoeBitrate":7800,"qoeRebuffer":1548.5999994277954,"qoeLatency":23464.8,"qoeBitrateSwitch":200,"qoePlaybackSpeed":334.5505242498812},"chunk-stream1-00039":{"qoeTotal":-18367.150523677676,"qoeBitrate":8100,"qoeRebuffer":1548.5999994277954,"qoeLatency":24384,"qoeBitrateSwitch":200,"qoePlaybackSpeed":334.5505242498812},"chunk-stream2-00040":{"qoeTotal":-18826.950523677675,"qoeBitrate":8600,"qoeRebuffer":1548.5999994277954,"qoeLatency":25303.8,"qoeBitrateSwitch":240,"qoePlaybackSpeed":334.5505242498812},"chunk-stream2-00041":{"qoeTotal":-19246.750523677674,"qoeBitrate":9100,"qoeRebuffer":1548.5999994277954,"qoeLatency":26223.6,"qoeBitrateSwitch":240,"qoePlaybackSpeed":334.5505242498812},"init-stream3":{"qoeTotal":-19062.950523677675,"qoeBitrate":10350,"qoeRebuffer":1548.5999994277954,"qoeLatency":27139.8,"qoeBitrateSwitch":390,"qoePlaybackSpeed":334.5505242498812}}