{"chunk-stream2-00019":{"qoeTotal":-772.1413470524925,"qoeBitrate":500,"qoeRebuffer":0,"qoeLatency":1224.6,"qoeBitrateSwitch":0,"qoePlaybackSpeed":47.54134705249265},"init-stream0":{"qoeTotal":-2394.8176187672248,"qoeBitrate":600,"qoeRebuffer":0,"qoeLatency":2836.2,"qoeBitrateSwitch":80,"qoePlaybackSpeed":78.61761876722488},"chunk-stream0-00020":{"qoeTotal":-3871.7589649614106,"qoeBitrate":700,"qoeRebuffer":230.3999991416931,"qoeLatency":4135.2,"qoeBitrateSwitch":80,"qoePlaybackSpeed":126.15896581971754},"chunk-stream0-00021":{"qoeTotal":-6651.350238127637,"qoeBitrate":800,"qoeRebuffer":1791.5999994277954,"qoeLatency":5446.799999999999,"qoeBitrateSwitch":80,"qoePlaybackSpeed":132.95023869984163},"chunk-stream0-00022":{"qoeTotal":-7902.440039681092,"qoeBitrate":900,"qoeRebuffer":1791.5999994277954,"qoeLatency":6741.599999999999,"qoeBitrateSwitch":80,"qoePlaybackSpeed":189.2400402532965},"init-stream3":{"qoeTotal":-8738.826574127988,"qoeBitrate":2150,"qoeRebuffer":1791.5999994277954,"qoeLatency":8538,"qoeBitrateSwitch":310,"qoePlaybackSpeed":249.22657470019325},"chunk-stream3-00023":{"qoeTotal":-19120.716583124,"qoeBitrate":3400,"qoeRebuffer":11485.200004577637,"qoeLatency":10428,"qoeBitrateSwitch":310,"qoePlaybackSpeed":297.5165785463656},"chunk-stream0-00024":{"qoeTotal":-21769.206586684075,"qoeBitrate":3500,"qoeRebuffer":11976.000004291534,"qoeLatency":12407.4,"qoeBitrateSwitch":540,"qoePlaybackSpeed":345.80658239253796},"chunk-stream0-00025":{"qoeTotal":-25180.98641851745,"qoeBitrate":3600,"qoeRebuffer":13489.800004005432,"qoeLatency":14398.199999999999,"qoeBitrateSwitch":540,"qoePlaybackSpeed":352.9864145120195},"chunk-stream0-00026":{"qoeTotal":-27099.972952964345,"qoeBitrate":3700,"qoeRebuffer":13489.800004005432,"qoeLatency":16357.199999999999,"qoeBitrateSwitch":540,"qoePlaybackSpeed":412.9729489589163},"init-stream1":{"qoeTotal":-28701.75007769522,"qoeBitrate":4000,"qoeRebuffer":13489.800004005432,"qoeLatency":18159,"qoeBitrateSwitch":580,"qoePlaybackSpeed":472.950073689786},"chunk-stream1-00027":{"qoeTotal":-30314.536612142114,"qoeBitrate":4300,"qoeRebuffer":13489.800004005432,"qoeLatency":20011.8,"qoeBitrateSwitch":580,"qoePlaybackSpeed":532.9366081366827},"chunk-stream0-00028":{"qoeTotal":-32117.52314658901,"qoeBitrate":4400,"qoeRebuffer":13489.800004005432,"qoeLatency":21814.8,"qoeBitrateSwitch":620,"qoePlaybackSpeed":592.9231425835794},"chunk-stream3-00029":{"qoeTotal":-43065.96866904028,"qoeBitrate":5650,"qoeRebuffer":22976.40000486374,"qoeLatency":24249,"qoeBitrateSwitch":850,"qoePlaybackSpeed":640.5686641765426},"chunk-stream0-00030":{"qoeTotal":-46174.9218707296,"qoeBitrate":5750,"qoeRebuffer":23375.40000486374,"qoeLatency":26784.6,"qoeBitrateSwitch":1080,"qoePlaybackSpeed":684.9218658658646},"chunk-stream0-00031":{"qoeTotal":-50180.26457029618,"qoeBitrate":5850,"qoeRebuffer":24930.000005722046,"qoeLatency":29328.6,"qoeBitrateSwitch":1080,"qoePlaybackSpeed":691.6645645741362},"chunk-stream0-00032":{"qoeTotal":-52656.66443694299,"qoeBitrate":5950,"qoeRebuffer":24930.000005722046,"qoeLatency":31845,"qoeBitrateSwitch":1080,"qoePlaybackSpeed":751.6644312209439},"chunk-stream0-00033":{"qoeTotal":-55088.064303589796,"qoeBitrate":6050,"qoeRebuffer":24930.000005722046,"qoeLatency":34316.4,"qoeBitrateSwitch":1080,"qoePlaybackSpeed":811.6642978677517},"chunk-stream0-00034":{"qoeTotal":-57481.6641702366,"qoeBitrate":6150,"qoeRebuffer":24930.000005722046,"qoeLatency":36750,"qoeBitrateSwitch":1080,"qoePlaybackSpeed":871.6641645145594},"init-stream2":{"qoeTotal":-59205.460731107196,"qoeBitrate":6650,"qoeRebuffer":24930.000005722046,"qoeLatency":38833.8,"qoeBitrateSwitch":1160,"qoePlaybackSpeed":931.6607253851456},"chunk-stream2-00035":{"qoeTotal":-61017.26059775401,"qoeBitrate":7150,"qoeRebuffer":24930.000005722046,"qoeLatency":41085.600000000006,"qoeBitrateSwitch":1160,"qoePlaybackSpeed":991.6605920319533},"chunk-stream0-00036":{"qoeTotal":-63265.86046440081,"qoeBitrate":7250,"qoeRebuffer":24930.000005722046,"qoeLatency":43294.200000000004,"qoeBitrateSwitch":1240,"qoePlaybackSpeed":1051.660458678761},"chunk-stream0-00037":{"qoeTotal":-65394.26033104762,"qoeBitrate":7350,"qoeRebuffer":24930.000005722046,"qoeLatency":45462.600000000006,"qoeBitrateSwitch":1240,"qoePlaybackSpeed":1111.6603253255687},"chunk-stream1-00038":{"qoeTotal":-67258.86019769443,"qoeBitrate":7650,"qoeRebuffer":24930.000005722046,"qoeLatency":47527.200000000004,"qoeBitrateSwitch":1280,"qoePlaybackSpeed":1171.6601919723764},"chunk-stream2-00039":{"qoeTotal":-68917.56526471472,"qoeBitrate":8150,"qoeRebuffer":24930.000005722046,"qoeLatency":49608.00000000001,"qoeBitrateSwitch":1320,"qoePlaybackSpeed":1209.5652589926733},"chunk-stream0-00040":{"qoeTotal":-71023.92867872839,"qoeBitrate":8250,"qoeRebuffer":24930.000005722046,"qoeLatency":51719.40000000001,"qoeBitrateSwitch":1400,"qoePlaybackSpeed":1224.5286730063372},"chunk-stream0-00041":{"qoeTotal":-73064.12379843005,"qoeBitrate":8350,"qoeRebuffer":24930.000005722046,"qoeLatency":53799.600000000006,"qoeBitrateSwitch":1400,"qoePlaybackSpeed":1284.5237927080043},"chunk-stream0-00042":{"qoeTotal":-75068.31891813171,"qoeBitrate":8450,"qoeRebuffer":24930.000005722046,"qoeLatency":55843.8,"qoeBitrateSwitch":1400,"qoePlaybackSpeed":1344.5189124096714},"chunk-stream0-00043":{"qoeTotal":-77035.91403783338,"qoeBitrate":8550,"qoeRebuffer":24930.000005722046,"qoeLatency":57851.4,"qoeBitrateSwitch":1400,"qoePlaybackSpeed":1404.5140321113386},"chunk-stream1-00044":{"qoeTotal":-78746.30915753506,"qoeBitrate":8850,"qoeRebuffer":24930.000005722046,"qoeLatency":59761.8,"qoeBitrateSwitch":1440,"qoePlaybackSpeed":1464.5091518130057},"chunk-stream2-00045":{"qoeTotal":-80122.73620652646,"qoeBitrate":9350,"qoeRebuffer":24930.000005722046,"qoeLatency":61580.4,"qoeBitrateSwitch":1480,"qoePlaybackSpeed":1482.3362008044207},"chunk-stream0-00046":{"qoeTotal":-81956.0770162145,"qoeBitrate":9450,"qoeRebuffer":24930.000005722046,"qoeLatency":63413.4,"qoeBitrateSwitch":1560,"qoePlaybackSpeed":1502.6770104924688},"chunk-stream0-00047":{"qoeTotal":-83723.82762190046,"qoeBitrate":9550,"qoeRebuffer":24930.000005722046,"qoeLatency":65221.200000000004,"qoeBitrateSwitch":1560,"qoePlaybackSpeed":1562.6276161784},"chunk-stream1-00048":{"qoeTotal":-85237.97822758638,"qoeBitrate":9850,"qoeRebuffer":24930.000005722046,"qoeLatency":66935.40000000001,"qoeBitrateSwitch":1600,"qoePlaybackSpeed":1622.5782218643315},"chunk-stream2-00049":{"qoeTotal":-88030.46122136834,"qoeBitrate":10350,"qoeRebuffer":26437.800005435944,"qoeLatency":68632.8,"qoeBitrateSwitch":1640,"qoePlaybackSpeed":1669.8612159323939},"chunk-stream0-00050":{"qoeTotal":-89831.9442154364,"qoeBitrate":10450,"qoeRebuffer":26437.800005435944,"qoeLatency":70407,"qoeBitrateSwitch":1720,"qoePlaybackSpeed":1717.1442100004563},"chunk-stream0-00051":{"qoeTotal":-93121.27091048547,"qoeBitrate":10550,"qoeRebuffer":27982.20000600815,"qoeLatency":72192,"qoeBitrateSwitch":1720,"qoePlaybackSpeed":1777.0709044773241},"chunk-stream0-00052":{"qoeTotal":-94831.39760496233,"qoeBitrate":10650,"qoeRebuffer":27982.20000600815,"qoeLatency":73942.2,"qoeBitrateSwitch":1720,"qoePlaybackSpeed":1836.997598954192},"chunk-stream1-00053":{"qoeTotal":-96295.7242994392,"qoeBitrate":10950,"qoeRebuffer":27982.20000600815,"qoeLatency":75606.59999999999,"qoeBitrateSwitch":1760,"qoePlaybackSpeed":1896.9242934310598},"chunk-stream2-00054":{"qoeTotal":-97428.8468399267,"qoeBitrate":11450,"qoeRebuffer":27982.20000600815,"qoeLatency":77184.59999999999,"qoeBitrateSwitch":1800,"qoePlaybackSpeed":1912.0468339185654},"init-stream5":{"qoeTotal":-119035.86181557825,"qoeBitrate":14450,"qoeRebuffer":43913.40000772476,"qoeLatency":85312.2,"qoeBitrateSwitch":2300,"qoePlaybackSpeed":1960.2618078534813},"chunk-stream5-00055":{"qoeTotal":-175240.861815006,"qoeBitrate":17450,"qoeRebuffer":96396.00000715256,"qoeLatency":92034.59999999999,"qoeBitrateSwitch":2300,"qoePlaybackSpeed":1960.2618078534813},"chunk-stream0-00056":{"qoeTotal":-185780.8833834898,"qoeBitrate":17550,