{"chunk-stream2-00018":{"qoeTotal":-479.06771339796256,"qoeBitrate":500,"qoeRebuffer":0,"qoeLatency":942.6,"qoeBitrateSwitch":0,"qoePlaybackSpeed":36.467713397962555},"init-stream3":{"qoeTotal":-1715.3354267959253,"qoeBitrate":1750,"qoeRebuffer":0,"qoeLatency":1892.4,"qoeBitrateSwitch":1500,"qoePlaybackSpeed":72.93542679592511},"chunk-stream3-00019":{"qoeTotal":-1462.4031401938876,"qoeBitrate":3000,"qoeRebuffer":0,"qoeLatency":2853,"qoeBitrateSwitch":1500,"qoePlaybackSpeed":109.40314019388767},"chunk-stream3-00020":{"qoeTotal":-1197.7312289540657,"qoeBitrate":4250,"qoeRebuffer":0,"qoeLatency":3821.4,"qoeBitrateSwitch":1500,"qoePlaybackSpeed":126.33122895406572},"init-stream4":{"qoeTotal":-1680.059317714244,"qoeBitrate":6250,"qoeRebuffer":0,"qoeLatency":4786.8,"qoeBitrateSwitch":3000,"qoePlaybackSpeed":143.2593177142438},"chunk-stream4-00021":{"qoeTotal":-655.1874064744219,"qoeBitrate":8250,"qoeRebuffer":0,"qoeLatency":5745,"qoeBitrateSwitch":3000,"qoePlaybackSpeed":160.18740647442186},"chunk-stream4-00022":{"qoeTotal":390.49260153109,"qoeBitrate":10250,"qoeRebuffer":0,"qoeLatency":6688.2,"qoeBitrateSwitch":3000,"qoePlaybackSpeed":171.3073984689102},"chunk-stream4-00023":{"qoeTotal":1456.7709346657357,"qoeBitrate":12250,"qoeRebuffer":0,"qoeLatency":7615.2,"qoeBitrateSwitch":3000,"qoePlaybackSpeed":178.0290653342646},"chunk-stream4-00024":{"qoeTotal":2533.249267800381,"qoeBitrate":14250,"qoeRebuffer":0,"qoeLatency":8532,"qoeBitrateSwitch":3000,"qoePlaybackSpeed":184.750732199619},"chunk-stream4-00025":{"qoeTotal":3612.249267800381,"qoeBitrate":16250,"qoeRebuffer":0,"qoeLatency":9453,"qoeBitrateSwitch":3000,"qoePlaybackSpeed":184.750732199619},"chunk-stream4-00026":{"qoeTotal":4695.449267800382,"qoeBitrate":18250,"qoeRebuffer":0,"qoeLatency":10369.8,"qoeBitrateSwitch":3000,"qoePlaybackSpeed":184.750732199619},"chunk-stream4-00027":{"qoeTotal":5778.649267800382,"qoeBitrate":20250,"qoeRebuffer":0,"qoeLatency":11286.599999999999,"qoeBitrateSwitch":3000,"qoePlaybackSpeed":184.750732199619},"chunk-stream4-00028":{"qoeTotal":6862.449267800382,"qoeBitrate":22250,"qoeRebuffer":0,"qoeLatency":12202.8,"qoeBitrateSwitch":3000,"qoePlaybackSpeed":184.750732199619},"chunk-stream4-00029":{"qoeTotal":7946.249267800381,"qoeBitrate":24250,"qoeRebuffer":0,"qoeLatency":13119,"qoeBitrateSwitch":3000,"qoePlaybackSpeed":184.750732199619},"chunk-stream4-00030":{"qoeTotal":9030.049267800381,"qoeBitrate":26250,"qoeRebuffer":0,"qoeLatency":14035.2,"qoeBitrateSwitch":3000,"qoePlaybackSpeed":184.750732199619},"chunk-stream4-00031":{"qoeTotal":10107.249267800382,"qoeBitrate":28250,"qoeRebuffer":0,"qoeLatency":14958,"qoeBitrateSwitch":3000,"qoePlaybackSpeed":184.750732199619},"chunk-stream4-00032":{"qoeTotal":11190.449267800383,"qoeBitrate":30250,"qoeRebuffer":0,"qoeLatency":15874.8,"qoeBitrateSwitch":3000,"qoePlaybackSpeed":184.750732199619},"chunk-stream4-00033":{"qoeTotal":12274.249267800382,"qoeBitrate":32250,"qoeRebuffer":0,"qoeLatency":16791,"qoeBitrateSwitch":3000,"qoePlaybackSpeed":184.750732199619},"chunk-stream4-00034":{"qoeTotal":13357.449267800383,"qoeBitrate":34250,"qoeRebuffer":0,"qoeLatency":17707.8,"qoeBitrateSwitch":3000,"qoePlaybackSpeed":184.750732199619},"chunk-stream4-00035":{"qoeTotal":14441.249267800382,"qoeBitrate":36250,"qoeRebuffer":0,"qoeLatency":18624,"qoeBitrateSwitch":3000,"qoePlaybackSpeed":184.750732199619},"chunk-stream4-00036":{"qoeTotal":15525.049267800381,"qoeBitrate":38250,"qoeRebuffer":0,"qoeLatency":19540.2,"qoeBitrateSwitch":3000,"qoePlaybackSpeed":184.750732199619},"chunk-stream4-00037":{"qoeTotal":16608.24926780038,"qoeBitrate":40250,"qoeRebuffer":0,"qoeLatency":20457,"qoeBitrateSwitch":3000,"qoePlaybackSpeed":184.750732199619},"chunk-stream4-00038":{"qoeTotal":17683.64926780038,"qoeBitrate":42250,"qoeRebuffer":0,"qoeLatency":21381.6,"qoeBitrateSwitch":3000,"qoePlaybackSpeed":184.750732199619},"chunk-stream4-00039":{"qoeTotal":18767.44926780038,"qoeBitrate":44250,"qoeRebuffer":0,"qoeLatency":22297.8,"qoeBitrateSwitch":3000,"qoePlaybackSpeed":184.750732199619},"chunk-stream4-00040":{"qoeTotal":19850.64926780038,"qoeBitrate":46250,"qoeRebuffer":0,"qoeLatency":23214.6,"qoeBitrateSwitch":3000,"qoePlaybackSpeed":184.750732199619},"chunk-stream4-00041":{"qoeTotal":20927.24926780038,"qoeBitrate":48250,"qoeRebuffer":0,"qoeLatency":24138,"qoeBitrateSwitch":3000,"qoePlaybackSpeed":184.750732199619},"chunk-stream4-00042":{"qoeTotal":22010.44926780038,"qoeBitrate":50250,"qoeRebuffer":0,"qoeLatency":25054.8,"qoeBitrateSwitch":3000,"qoePlaybackSpeed":184.750732199619},"chunk-stream4-00043":{"qoeTotal":23093.64926780038,"qoeBitrate":52250,"qoeRebuffer":0,"qoeLatency":25971.6,"qoeBitrateSwitch":3000,"qoePlaybackSpeed":184.750732199619},"chunk-stream4-00044":{"qoeTotal":24177.44926780038,"qoeBitrate":54250,"qoeRebuffer":0,"qoeLatency":26887.8,"qoeBitrateSwitch":3000,"qoePlaybackSpeed":184.750732199619},"chunk-stream4-00045":{"qoeTotal":25261.24926780038,"qoeBitrate":56250,"qoeRebuffer":0,"qoeLatency":27804,"qoeBitrateSwitch":3000,"qoePlaybackSpeed":184.750732199619},"chunk-stream4-00046":{"qoeTotal":26344.44926780038,"qoeBitrate":58250,"qoeRebuffer":0,"qoeLatency":28720.8,"qoeBitrateSwitch":3000,"qoePlaybackSpeed":184.750732199619},"chunk-stream4-00047":{"qoeTotal":27428.24926780038,"qoeBitrate":60250,"qoeRebuffer":0,"qoeLatency":29637,"qoeBitrateSwitch":3000,"qoePlaybackSpeed":184.750732199619},"chunk-stream4-00048":{"qoeTotal":28506.04926780038,"qoeBitrate":62250,"qoeRebuffer":0,"qoeLatency":30559.2,"qoeBitrateSwitch":3000,"qoePlaybackSpeed":184.750732199619},"chunk-stream4-00049":{"qoeTotal":29582.649267800378,"qoeBitrate":64250,"qoeRebuffer":0,"qoeLatency":31482.600000000002,"qoeBitrateSwitch":3000,"qoePlaybackSpeed":184.750732199619},"chunk-stream4-00050":{"qoeTotal":30665.84926780038,"qoeBitrate":66250,"qoeRebuffer":0,"qoeLatency":32399.4,"qoeBitrateSwitch":3000,"qoePlaybackSpeed":184.750732199619},"chunk-stream4-00051":{"qoeTotal":31749.049267800376,"qoeBitrate":68250,"qoeRebuffer":0,"qoeLatency":33316.200000000004,"qoeBitrateSwitch":3000,"qoePlaybackSpeed":184.750732199619},"chunk-stream4-00052":{"qoeTotal":32826.84926780038,"qoeBitrate":70250,"qoeRebuffer":0,"qoeLatency":34238.4,"qoeBitrateSwitch":3000,"qoePlaybackSpeed":184.750732199619},"chunk-stream4-00053":{"qoeTotal":33910.04926780038,"qoeBitrate":72250,"qoeRebuffer":0,"qoeLatency":35155.200000000004,"qoeBitrateSwitch":3000,"qoePlaybackSpeed":184.750732199619},"chunk-stream4-00054":{"qoeTotal":34987.24926780038,"qoeBitrate":74250,"qoeRebuffer":0,"qoeLatency":36078.00000000001,"qoeBitrateSwitch":3000,"qoePlaybackSpeed":184.750732199619},"chunk-stream4-00055":{"qoeTotal":36071.04926780038,"qoeBitrate":76250,"qoeRebuffer":0,"qoeLatency":36994.200000000004,"qoeBitrateSwitch":3000,"qoePlaybackSpeed":184.750732199619},"chunk-stream4-00056":{"qoeTotal":37154.24926780038,"qoeBitrate":78250,"qoeRebuffer":0,"qoeLatency":37911.00000000001,"qoeBitrateSwitch":3000,"qoePlaybackSpeed":184.750732199619},"chunk-stream4-00057":{"qoeTotal":38237.44926780037,"qoeBitrate":80250,"qoeRebuffer":0,"qoeLatency":38827.80000000001,"qoeBitrateSwitch":3000,"qoePlaybackSpeed":184.750732199619},"chunk-stream4-00058":{"qoeTotal":39321.24926780038,"qoeBitrate":82250,"qoeRebuffer":0,"qoeLatency":39744.00000000001,"qoeBitrateSwitch":3000,"qoePlaybackSpeed":184.750732199619},"chunk-stream4-00059":{"qoeTotal":40400.849267800375,"qoeBitrate":84250,"qoeRebuffer":0,"qoeLatency":40664.40000000001,"qoeBitrateSwitch":3000,"qoePlaybackSpeed":184.750732199619},"chunk-stream4-00060":{"qoeTotal":41484.64926780038,"qoeBitrate":86250,"qoeRebuffer":0,"qoeLatency":41580.600000000006,"qoeBitrateSwitch":3000,"qoePlaybackSpeed":184.750732199619},"chunk-stream4-00061":{"qoeTotal":42563.64926780038,"qoeBitrate":88250,"qoeRebuffer":0,"qoeLatency":42501.600000000006,"qoeBitrateSwitch":3000,"qoePlaybackSpeed":184.750732199619},"chunk-stream4-00062":{"qoeTotal":43643.24926780038,"qoeBitrate":90250,"qoeRebuffer":0,"qoeLatency":43422.00000000001,