{"chunk-stream2-00018":{"qoeTotal":-485.3234861703783,"qoeBitrate":500,"qoeRebuffer":0,"qoeLatency":946.8000000000001,"qoeBitrateSwitch":0,"qoePlaybackSpeed":38.52348617037826},"init-stream0":{"qoeTotal":-1454.2469723407569,"qoeBitrate":600,"qoeRebuffer":0,"qoeLatency":1897.2000000000003,"qoeBitrateSwitch":80,"qoePlaybackSpeed":77.04697234075653},"chunk-stream0-00019":{"qoeTotal":-2345.5704585111353,"qoeBitrate":700,"qoeRebuffer":0,"qoeLatency":2850.0000000000005,"qoeBitrateSwitch":80,"qoePlaybackSpeed":115.57045851113479},"chunk-stream0-00020":{"qoeTotal":-3238.6939446815136,"qoeBitrate":800,"qoeRebuffer":0,"qoeLatency":3804.6000000000004,"qoeBitrateSwitch":80,"qoePlaybackSpeed":154.09394468151305},"chunk-stream0-00021":{"qoeTotal":-4130.9836075908615,"qoeBitrate":900,"qoeRebuffer":0,"qoeLatency":4779,"qoeBitrateSwitch":80,"qoePlaybackSpeed":171.98360759086185},"init-stream5":{"qoeTotal":-2683.7376390137897,"qoeBitrate":3900,"qoeRebuffer":0,"qoeLatency":5737.2,"qoeBitrateSwitch":660,"qoePlaybackSpeed":186.53763901378997},"chunk-stream5-00022":{"qoeTotal":-642.3801582272843,"qoeBitrate":6900,"qoeRebuffer":0,"qoeLatency":6684,"qoeBitrateSwitch":660,"qoePlaybackSpeed":198.3801582272842},"chunk-stream5-00023":{"qoeTotal":1416.4472138265985,"qoeBitrate":9900,"qoeRebuffer":0,"qoeLatency":7615.8,"qoeBitrateSwitch":660,"qoePlaybackSpeed":207.7527861734013},"chunk-stream5-00024":{"qoeTotal":3490.815680796622,"qoeBitrate":12900,"qoeRebuffer":0,"qoeLatency":8535.6,"qoeBitrateSwitch":660,"qoePlaybackSpeed":213.58431920337742},"chunk-stream5-00025":{"qoeTotal":5575.8156807966225,"qoeBitrate":15900,"qoeRebuffer":0,"qoeLatency":9450.6,"qoeBitrateSwitch":660,"qoePlaybackSpeed":213.58431920337742},"chunk-stream5-00026":{"qoeTotal":7661.415680796623,"qoeBitrate":18900,"qoeRebuffer":0,"qoeLatency":10365,"qoeBitrateSwitch":660,"qoePlaybackSpeed":213.58431920337742},"chunk-stream5-00027":{"qoeTotal":9747.015680796623,"qoeBitrate":21900,"qoeRebuffer":0,"qoeLatency":11279.4,"qoeBitrateSwitch":660,"qoePlaybackSpeed":213.58431920337742},"chunk-stream5-00028":{"qoeTotal":11832.615680796624,"qoeBitrate":24900,"qoeRebuffer":0,"qoeLatency":12193.8,"qoeBitrateSwitch":660,"qoePlaybackSpeed":213.58431920337742},"chunk-stream5-00029":{"qoeTotal":13918.215680796624,"qoeBitrate":27900,"qoeRebuffer":0,"qoeLatency":13108.199999999999,"qoeBitrateSwitch":660,"qoePlaybackSpeed":213.58431920337742},"chunk-stream5-00030":{"qoeTotal":15995.415680796625,"qoeBitrate":30900,"qoeRebuffer":0,"qoeLatency":14030.999999999998,"qoeBitrateSwitch":660,"qoePlaybackSpeed":213.58431920337742},"chunk-stream5-00031":{"qoeTotal":18069.015680796623,"qoeBitrate":33900,"qoeRebuffer":0,"qoeLatency":14957.399999999998,"qoeBitrateSwitch":660,"qoePlaybackSpeed":213.58431920337742},"chunk-stream5-00032":{"qoeTotal":20154.615680796625,"qoeBitrate":36900,"qoeRebuffer":0,"qoeLatency":15871.799999999997,"qoeBitrateSwitch":660,"qoePlaybackSpeed":213.58431920337742},"chunk-stream5-00033":{"qoeTotal":22240.215680796624,"qoeBitrate":39900,"qoeRebuffer":0,"qoeLatency":16786.199999999997,"qoeBitrateSwitch":660,"qoePlaybackSpeed":213.58431920337742},"chunk-stream5-00034":{"qoeTotal":24325.815680796622,"qoeBitrate":42900,"qoeRebuffer":0,"qoeLatency":17700.6,"qoeBitrateSwitch":660,"qoePlaybackSpeed":213.58431920337742},"chunk-stream5-00035":{"qoeTotal":26411.41568079662,"qoeBitrate":45900,"qoeRebuffer":0,"qoeLatency":18615,"qoeBitrateSwitch":660,"qoePlaybackSpeed":213.58431920337742},"chunk-stream5-00036":{"qoeTotal":28497.01568079662,"qoeBitrate":48900,"qoeRebuffer":0,"qoeLatency":19529.4,"qoeBitrateSwitch":660,"qoePlaybackSpeed":213.58431920337742},"chunk-stream5-00037":{"qoeTotal":30582.615680796618,"qoeBitrate":51900,"qoeRebuffer":0,"qoeLatency":20443.800000000003,"qoeBitrateSwitch":660,"qoePlaybackSpeed":213.58431920337742},"chunk-stream5-00038":{"qoeTotal":32656.815680796615,"qoeBitrate":54900,"qoeRebuffer":0,"qoeLatency":21369.600000000002,"qoeBitrateSwitch":660,"qoePlaybackSpeed":213.58431920337742},"chunk-stream5-00039":{"qoeTotal":34742.41568079662,"qoeBitrate":57900,"qoeRebuffer":0,"qoeLatency":22284.000000000004,"qoeBitrateSwitch":660,"qoePlaybackSpeed":213.58431920337742},"chunk-stream5-00040":{"qoeTotal":36827.41568079662,"qoeBitrate":60900,"qoeRebuffer":0,"qoeLatency":23199.000000000004,"qoeBitrateSwitch":660,"qoePlaybackSpeed":213.58431920337742},"chunk-stream5-00041":{"qoeTotal":38912.41568079662,"qoeBitrate":63900,"qoeRebuffer":0,"qoeLatency":24114.000000000004,"qoeBitrateSwitch":660,"qoePlaybackSpeed":213.58431920337742},"init-stream4":{"qoeTotal":39798.01568079661,"qoeBitrate":65900,"qoeRebuffer":0,"qoeLatency":25028.400000000005,"qoeBitrateSwitch":860,"qoePlaybackSpeed":213.58431920337742},"chunk-stream4-00042":{"qoeTotal":40877.61568079662,"qoeBitrate":67900,"qoeRebuffer":0,"qoeLatency":25948.800000000007,"qoeBitrateSwitch":860,"qoePlaybackSpeed":213.58431920337742},"chunk-stream4-00043":{"qoeTotal":41956.61568079662,"qoeBitrate":69900,"qoeRebuffer":0,"qoeLatency":26869.800000000007,"qoeBitrateSwitch":860,"qoePlaybackSpeed":213.58431920337742},"chunk-stream4-00044":{"qoeTotal":43042.21568079661,"qoeBitrate":71900,"qoeRebuffer":0,"qoeLatency":27784.200000000008,"qoeBitrateSwitch":860,"qoePlaybackSpeed":213.58431920337742},"chunk-stream4-00045":{"qoeTotal":44127.21568079661,"qoeBitrate":73900,"qoeRebuffer":0,"qoeLatency":28699.200000000008,"qoeBitrateSwitch":860,"qoePlaybackSpeed":213.58431920337742},"chunk-stream4-00046":{"qoeTotal":45206.21568079661,"qoeBitrate":75900,"qoeRebuffer":0,"qoeLatency":29620.200000000008,"qoeBitrateSwitch":860,"qoePlaybackSpeed":213.58431920337742},"chunk-stream4-00047":{"qoeTotal":46286.415680796614,"qoeBitrate":77900,"qoeRebuffer":0,"qoeLatency":30540.000000000007,"qoeBitrateSwitch":860,"qoePlaybackSpeed":213.58431920337742},"chunk-stream4-00048":{"qoeTotal":47372.01568079661,"qoeBitrate":79900,"qoeRebuffer":0,"qoeLatency":31454.40000000001,"qoeBitrateSwitch":860,"qoePlaybackSpeed":213.58431920337742},"chunk-stream4-00049":{"qoeTotal":48449.21568079661,"qoeBitrate":81900,"qoeRebuffer":0,"qoeLatency":32377.200000000008,"qoeBitrateSwitch":860,"qoePlaybackSpeed":213.58431920337742},"chunk-stream4-00050":{"qoeTotal":49534.21568079661,"qoeBitrate":83900,"qoeRebuffer":0,"qoeLatency":33292.20000000001,"qoeBitrateSwitch":860,"qoePlaybackSpeed":213.58431920337742},"chunk-stream4-00051":{"qoeTotal":50619.81568079661,"qoeBitrate":85900,"qoeRebuffer":0,"qoeLatency":34206.60000000001,"qoeBitrateSwitch":860,"qoePlaybackSpeed":213.58431920337742},"chunk-stream4-00052":{"qoeTotal":51700.015680796605,"qoeBitrate":87900,"qoeRebuffer":0,"qoeLatency":35126.400000000016,"qoeBitrateSwitch":860,"qoePlaybackSpeed":213.58431920337742},"chunk-stream4-00053":{"qoeTotal":52785.6156807966,"qoeBitrate":89900,"qoeRebuffer":0,"qoeLatency":36040.80000000002,"qoeBitrateSwitch":860,"qoePlaybackSpeed":213.58431920337742}}