{"chunk-stream2-00018":{"qoeTotal":-580.5724506882009,"qoeBitrate":500,"qoeRebuffer":0,"qoeLatency":1031.4,"qoeBitrateSwitch":0,"qoePlaybackSpeed":49.172450688200755},"init-stream4":{"qoeTotal":-2794.4485882270196,"qoeBitrate":2500,"qoeRebuffer":0,"qoeLatency":4921.8,"qoeBitrateSwitch":300,"qoePlaybackSpeed":72.64858822701925},"chunk-stream4-00019":{"qoeTotal":-3651.2814115192123,"qoeBitrate":4500,"qoeRebuffer":1567.7999999821186,"qoeLatency":6174.6,"qoeBitrateSwitch":300,"qoePlaybackSpeed":108.88141153709343},"init-stream3":{"qoeTotal":-5959.281411426847,"qoeBitrate":5750,"qoeRebuffer":1567.7999999821186,"qoeLatency":9522.6,"qoeBitrateSwitch":450,"qoePlaybackSpeed":168.88141144472755},"chunk-stream3-00020":{"qoeTotal":-7625.57712347904,"qoeBitrate":7000,"qoeRebuffer":3095.399999946356,"qoeLatency":10878,"qoeBitrateSwitch":450,"qoePlaybackSpeed":202.177123532684},"chunk-stream3-00021":{"qoeTotal":-7818.941547553428,"qoeBitrate":8250,"qoeRebuffer":3095.399999946356,"qoeLatency":12292.8,"qoeBitrateSwitch":450,"qoePlaybackSpeed":230.74154760707285},"chunk-stream3-00022":{"qoeTotal":-8085.294148043306,"qoeBitrate":9500,"qoeRebuffer":3095.399999946356,"qoeLatency":13768.8,"qoeBitrateSwitch":450,"qoePlaybackSpeed":271.0941480969514},"chunk-stream3-00023":{"qoeTotal":-8402.305694856084,"qoeBitrate":10750,"qoeRebuffer":3095.399999946356,"qoeLatency":15309.599999999999,"qoeBitrateSwitch":450,"qoePlaybackSpeed":297.30569490972937},"chunk-stream3-00024":{"qoeTotal":-8785.29396102409,"qoeBitrate":12000,"qoeRebuffer":3095.399999946356,"qoeLatency":16907.399999999998,"qoeBitrateSwitch":450,"qoePlaybackSpeed":332.49396107773566},"chunk-stream3-00025":{"qoeTotal":-10884.119087075693,"qoeBitrate":13250,"qoeRebuffer":4679.399999946356,"qoeLatency":18628.8,"qoeBitrateSwitch":450,"qoePlaybackSpeed":375.91908712933815},"chunk-stream3-00026":{"qoeTotal":-13054.78812055798,"qoeBitrate":14500,"qoeRebuffer":6189.599999964237,"qoeLatency":20495.399999999998,"qoeBitrateSwitch":450,"qoePlaybackSpeed":419.7881205937445},"chunk-stream3-00027":{"qoeTotal":-15328.16373953655,"qoeBitrate":15750,"qoeRebuffer":7706.999999910593,"qoeLatency":22461.6,"qoeBitrateSwitch":450,"qoePlaybackSpeed":459.56373962595865},"chunk-stream3-00028":{"qoeTotal":-17678.347218558054,"qoeBitrate":17000,"qoeRebuffer":9247.799999892712,"qoeLatency":24485.399999999998,"qoeBitrateSwitch":450,"qoePlaybackSpeed":495.1472186653452},"chunk-stream3-00029":{"qoeTotal":-20099.394170194322,"qoeBitrate":18250,"qoeRebuffer":10758.599999964237,"qoeLatency":26610.6,"qoeBitrateSwitch":450,"qoePlaybackSpeed":530.1941702300858},"chunk-stream3-00030":{"qoeTotal":-21095.54520775641,"qoeBitrate":19500,"qoeRebuffer":10758.599999964237,"qoeLatency":28812,"qoeBitrateSwitch":450,"qoePlaybackSpeed":574.9452077921745},"chunk-stream3-00031":{"qoeTotal":-23767.379565588286,"qoeBitrate":20750,"qoeRebuffer":12345.599999964237,"qoeLatency":31105.2,"qoeBitrateSwitch":450,"qoePlaybackSpeed":616.5795656240487},"chunk-stream3-00032":{"qoeTotal":-26534.858652525963,"qoeBitrate":22000,"qoeRebuffer":13874.399999946356,"qoeLatency":33552,"qoeBitrateSwitch":450,"qoePlaybackSpeed":658.4586525796061},"chunk-stream3-00033":{"qoeTotal":-30179.942726978094,"qoeBitrate":23250,"qoeRebuffer":16105.799999982119,"qoeLatency":36173.4,"qoeBitrateSwitch":450,"qoePlaybackSpeed":700.7427269959745},"chunk-stream3-00034":{"qoeTotal":-34798.3890069516,"qoeBitrate":24500,"qoeRebuffer":19189.199999928474,"qoeLatency":38913,"qoeBitrateSwitch":450,"qoePlaybackSpeed":746.1890070231208},"chunk-stream3-00035":{"qoeTotal":-40846.18900698736,"qoeBitrate":25750,"qoeRebuffer":23475.599999964237,"qoeLatency":41924.4,"qoeBitrateSwitch":450,"qoePlaybackSpeed":746.1890070231208},"init-stream2":{"qoeTotal":-43783.68066080988,"qoeBitrate":26250,"qoeRebuffer":23475.599999964237,"qoeLatency":45163.8,"qoeBitrateSwitch":600,"qoePlaybackSpeed":794.2806608456385},"chunk-stream2-00036":{"qoeTotal":-47539.48066073835,"qoeBitrate":26750,"qoeRebuffer":24676.79999989271,"qoeLatency":48218.4,"qoeBitrateSwitch":600,"qoePlaybackSpeed":794.2806608456385},"chunk-stream3-00037":{"qoeTotal":-51167.40696259553,"qoeBitrate":28000,"qoeRebuffer":26201.399999946356,"qoeLatency":51380.4,"qoeBitrateSwitch":750,"qoePlaybackSpeed":835.6069626491743},"chunk-stream3-00038":{"qoeTotal":-54830.32493263524,"qoeBitrate":29250,"qoeRebuffer":27746.399999946356,"qoeLatency":54712.200000000004,"qoeBitrateSwitch":750,"qoePlaybackSpeed":871.7249326888749},"chunk-stream2-00039":{"qoeTotal":-57843.75513817257,"qoeBitrate":29750,"qoeRebuffer":27746.399999946356,"qoeLatency":58072.200000000004,"qoeBitrateSwitch":900,"qoePlaybackSpeed":875.1551382262081},"chunk-stream3-00040":{"qoeTotal":-60169.97677277167,"qoeBitrate":31000,"qoeRebuffer":27746.399999946356,"qoeLatency":61467.600000000006,"qoeBitrateSwitch":1050,"qoePlaybackSpeed":905.9767728253038},"chunk-stream3-00041":{"qoeTotal":-62397.97960362103,"qoeBitrate":32250,"qoeRebuffer":27746.399999946356,"qoeLatency":64916.40000000001,"qoeBitrateSwitch":1050,"qoePlaybackSpeed":935.1796036746687},"chunk-stream3-00042":{"qoeTotal":-64614.39890264449,"qoeBitrate":33500,"qoeRebuffer":27746.399999946356,"qoeLatency":68382.6,"qoeBitrateSwitch":1050,"qoePlaybackSpeed":935.3989026981292},"chunk-stream3-00043":{"qoeTotal":-66837.87339899762,"qoeBitrate":34750,"qoeRebuffer":27746.399999946356,"qoeLatency":71851.8,"qoeBitrateSwitch":1050,"qoePlaybackSpeed":939.6733990512652},"chunk-stream3-00044":{"qoeTotal":-69021.90634453722,"qoeBitrate":36000,"qoeRebuffer":27746.399999946356,"qoeLatency":75280.8,"qoeBitrateSwitch":1050,"qoePlaybackSpeed":944.7063445908599},"chunk-stream3-00045":{"qoeTotal":-71184.05764160068,"qoeBitrate":37250,"qoeRebuffer":27746.399999946356,"qoeLatency":78672.6,"qoeBitrateSwitch":1050,"qoePlaybackSpeed":965.0576416543137},"chunk-stream3-00046":{"qoeTotal":-73382.6748818906,"qoeBitrate":38500,"qoeRebuffer":27746.399999946356,"qoeLatency":82104.6,"qoeBitrateSwitch":1050,"qoePlaybackSpeed":981.674881944246},"chunk-stream3-00047":{"qoeTotal":-75624.22155611917,"qoeBitrate":39750,"qoeRebuffer":27746.399999946356,"qoeLatency":85579.8,"qoeBitrateSwitch":1050,"qoePlaybackSpeed":998.021556172811},"chunk-stream3-00048":{"qoeTotal":-77904.02480848989,"qoeBitrate":41000,"qoeRebuffer":27746.399999946356,"qoeLatency":89090.40000000001,"qoeBitrateSwitch":1050,"qoePlaybackSpeed":1017.2248085435307},"chunk-stream3-00049":{"qoeTotal":-80259.34734951527,"qoeBitrate":42250,"qoeRebuffer":27746.399999946356,"qoeLatency":92663.40000000001,"qoeBitrateSwitch":1050,"qoePlaybackSpeed":1049.5473495689037},"chunk-stream3-00050":{"qoeTotal":-84369.25081874427,"qoeBitrate":43500,"qoeRebuffer":29321.399999946356,"qoeLatency":96405.00000000001,"qoeBitrateSwitch":1050,"qoePlaybackSpeed":1092.8508187978975},"chunk-stream3-00051":{"qoeTotal":-88556.0871845542,"qoeBitrate":44750,"qoeRebuffer":30891,"qoeLatency":100234.80000000002,"qoeBitrateSwitch":1050,"qoePlaybackSpeed":1130.2871845541783},"chunk-stream3-00052":{"qoeTotal":-91211.34148929354,"qoeBitrate":46000,"qoeRebuffer":30891,"qoeLatency":104106.60000000002,"qoeBitrateSwitch":1050,"qoePlaybackSpeed":1163.7414892935244},"chunk-stream3-00053":{"qoeTotal":-93874.61762683236,"qoeBitrate":47250,"qoeRebuffer":30891,"qoeLatency":107996.40000000002,"qoeBitrateSwitch":1050,"qoePlaybackSpeed":1187.2176268323428},"chunk-stream4-00054":{"qoeTotal":-95940.73811377591,"qoeBitrate":49250,"qoeRebuffer":30891,"qoeLatency":111912.00000000003,"qoeBitrateSwitch":1200,"qoePlaybackSpeed":1187.738113775885},"chunk-stream4-00055":{"qoeTotal":-98210.33811377591,"qoeBitrate":51250,"qoeRebuffer":30891,"qoeLatency":116181.60000000003,"qoeBitrateSwitch":1200,"qoePlaybackSpeed":1187.738113775885},"chunk-stream4-00056":{"qoeTotal":-113002.92152981093,"qoeBitrate":53250,"qoeRebuffer":42605.399999946356,"qoeLatency":121222.80000000003,"qoeBitrateSwitch":1200,"qoePlaybackSpeed":1224.7215298645438},"chunk-stream4-00057":{"qoeTotal":-119573.32900081915,"qoeBitrate":55250,