{"chunk-stream2-00018":{"qoeTotal":-753.9906768112206,"qoeBitrate":500,"qoeRebuffer":0,"qoeLatency":1209,"qoeBitrateSwitch":0,"qoePlaybackSpeed":44.990676811220666},"chunk-stream2-00019":{"qoeTotal":-3180.207254890646,"qoeBitrate":1000,"qoeRebuffer":1519.2000000178812,"qoeLatency":2574,"qoeBitrateSwitch":0,"qoePlaybackSpeed":87.0072548727643},"chunk-stream2-00020":{"qoeTotal":-5645.834178136214,"qoeBitrate":1500,"qoeRebuffer":3025.800000071525,"qoeLatency":3995.4,"qoeBitrateSwitch":0,"qoePlaybackSpeed":124.63417806468915},"chunk-stream2-00021":{"qoeTotal":-8283.708530644819,"qoeBitrate":2000,"qoeRebuffer":4593.600000053644,"qoeLatency":5532,"qoeBitrateSwitch":0,"qoePlaybackSpeed":158.1085305911746},"chunk-stream2-00022":{"qoeTotal":-10985.472574113806,"qoeBitrate":2500,"qoeRebuffer":6178.800000071526,"qoeLatency":7110.6,"qoeBitrateSwitch":0,"qoePlaybackSpeed":196.0725740422812},"chunk-stream2-00023":{"qoeTotal":-13793.076224817962,"qoeBitrate":3000,"qoeRebuffer":7746.600000053644,"qoeLatency":8811,"qoeBitrateSwitch":0,"qoePlaybackSpeed":235.47622476431764},"chunk-stream2-00024":{"qoeTotal":-16694.049880892966,"qoeBitrate":3500,"qoeRebuffer":9320.400000035763,"qoeLatency":10602.6,"qoeBitrateSwitch":0,"qoePlaybackSpeed":271.0498808572061},"chunk-stream2-00025":{"qoeTotal":-19656.250138639913,"qoeBitrate":4000,"qoeRebuffer":10836,"qoeLatency":12510.6,"qoeBitrateSwitch":0,"qoePlaybackSpeed":309.65013863991516},"chunk-stream2-00026":{"qoeTotal":-22715.594851204096,"qoeBitrate":4500,"qoeRebuffer":12370.200000017881,"qoeLatency":14495.4,"qoeBitrateSwitch":0,"qoePlaybackSpeed":349.99485118621413},"chunk-stream2-00027":{"qoeTotal":-25919.235652003976,"qoeBitrate":5000,"qoeRebuffer":13958.399999946356,"qoeLatency":16572.6,"qoeBitrateSwitch":0,"qoePlaybackSpeed":388.2356520576213},"chunk-stream2-00028":{"qoeTotal":-29186.10186083991,"qoeBitrate":5500,"qoeRebuffer":15495.599999964237,"qoeLatency":18760.199999999997,"qoeBitrateSwitch":0,"qoePlaybackSpeed":430.3018608756768},"chunk-stream2-00029":{"qoeTotal":-32553.727841129457,"qoeBitrate":6000,"qoeRebuffer":17048.999999910593,"qoeLatency":21035.999999999996,"qoeBitrateSwitch":0,"qoePlaybackSpeed":468.7278412188692},"chunk-stream2-00030":{"qoeTotal":-35938.21812244963,"qoeBitrate":6500,"qoeRebuffer":18548.399999946356,"qoeLatency":23383.199999999997,"qoeBitrateSwitch":0,"qoePlaybackSpeed":506.6181225032797},"chunk-stream2-00031":{"qoeTotal":-39463.14173974328,"qoeBitrate":7000,"qoeRebuffer":20096.999999910593,"qoeLatency":25825.199999999997,"qoeBitrateSwitch":0,"qoePlaybackSpeed":540.941739832691},"chunk-stream2-00032":{"qoeTotal":-41517.39395934141,"qoeBitrate":7500,"qoeRebuffer":20096.999999910593,"qoeLatency":28346.999999999996,"qoeBitrateSwitch":0,"qoePlaybackSpeed":573.3939594308199},"chunk-stream2-00033":{"qoeTotal":-45204.225756562766,"qoeBitrate":8000,"qoeRebuffer":21634.79999989271,"qoeLatency":30950.999999999996,"qoeBitrateSwitch":0,"qoePlaybackSpeed":618.4257566700514},"chunk-stream2-00034":{"qoeTotal":-51026.57318094838,"qoeBitrate":8500,"qoeRebuffer":25203.599999964237,"qoeLatency":33664.2,"qoeBitrateSwitch":0,"qoePlaybackSpeed":658.7731809841449},"chunk-stream2-00035":{"qoeTotal":-54848.77075445927,"qoeBitrate":9000,"qoeRebuffer":26712,"qoeLatency":36437.399999999994,"qoeBitrateSwitch":0,"qoePlaybackSpeed":699.3707544592745},"chunk-stream2-00036":{"qoeTotal":-58824.872336170665,"qoeBitrate":9500,"qoeRebuffer":28277.400000035763,"qoeLatency":39310.799999999996,"qoeBitrateSwitch":0,"qoePlaybackSpeed":736.6723361349104},"chunk-stream2-00037":{"qoeTotal":-62801.623514252984,"qoeBitrate":10000,"qoeRebuffer":29779.20000001788,"qoeLatency":42247.799999999996,"qoeBitrateSwitch":0,"qoePlaybackSpeed":774.623514235104},"chunk-stream2-00038":{"qoeTotal":-66945.74864544449,"qoeBitrate":10500,"qoeRebuffer":31336.20000001788,"qoeLatency":45293.399999999994,"qoeBitrateSwitch":0,"qoePlaybackSpeed":816.1486454266087},"chunk-stream2-00039":{"qoeTotal":-71242.5317555823,"qoeBitrate":11000,"qoeRebuffer":32926.20000001788,"qoeLatency":48458.399999999994,"qoeBitrateSwitch":0,"qoePlaybackSpeed":857.9317555644254},"chunk-stream2-00040":{"qoeTotal":-75562.0683383275,"qoeBitrate":11500,"qoeRebuffer":34441.800000071526,"qoeLatency":51721.799999999996,"qoeBitrateSwitch":0,"qoePlaybackSpeed":898.468338255996},"chunk-stream2-00041":{"qoeTotal":-79993.70782002033,"qoeBitrate":12000,"qoeRebuffer":35977.800000071526,"qoeLatency":55075.2,"qoeBitrateSwitch":0,"qoePlaybackSpeed":940.7078199488056},"chunk-stream2-00042":{"qoeTotal":-82942.99276197144,"qoeBitrate":12500,"qoeRebuffer":35977.800000071526,"qoeLatency":58493.399999999994,"qoeBitrateSwitch":0,"qoePlaybackSpeed":971.7927618999224},"chunk-stream2-00043":{"qoeTotal":-85922.88316607218,"qoeBitrate":13000,"qoeRebuffer":35977.800000071526,"qoeLatency":61948.799999999996,"qoeBitrateSwitch":0,"qoePlaybackSpeed":996.283166000658},"chunk-stream2-00044":{"qoeTotal":-88947.54794050031,"qoeBitrate":13500,"qoeRebuffer":35977.800000071526,"qoeLatency":65450.399999999994,"qoeBitrateSwitch":0,"qoePlaybackSpeed":1019.347940428788},"chunk-stream2-00045":{"qoeTotal":-92027.15531811163,"qoeBitrate":14000,"qoeRebuffer":35977.800000071526,"qoeLatency":68995.79999999999,"qoeBitrateSwitch":0,"qoePlaybackSpeed":1053.5553180401232},"chunk-stream2-00046":{"qoeTotal":-95150.50457356303,"qoeBitrate":14500,"qoeRebuffer":35977.800000071526,"qoeLatency":72592.79999999999,"qoeBitrateSwitch":0,"qoePlaybackSpeed":1079.9045734915107},"chunk-stream2-00047":{"qoeTotal":-98336.24141524293,"qoeBitrate":15000,"qoeRebuffer":35977.800000071526,"qoeLatency":76234.79999999999,"qoeBitrateSwitch":0,"qoePlaybackSpeed":1123.641415171417},"chunk-stream2-00048":{"qoeTotal":-101538.63293188297,"qoeBitrate":15500,"qoeRebuffer":35977.800000071526,"qoeLatency":79910.99999999999,"qoeBitrateSwitch":0,"qoePlaybackSpeed":1149.8329318114622},"chunk-stream2-00049":{"qoeTotal":-104806.83749346995,"qoeBitrate":16000,"qoeRebuffer":35977.800000071526,"qoeLatency":83645.99999999999,"qoeBitrateSwitch":0,"qoePlaybackSpeed":1183.0374933984458},"chunk-stream2-00050":{"qoeTotal":-109696.51427994277,"qoeBitrate":16500,"qoeRebuffer":37504.800000071526,"qoeLatency":87464.99999999999,"qoeBitrateSwitch":0,"qoePlaybackSpeed":1226.7142798712568},"chunk-stream2-00051":{"qoeTotal":-114775.97925105959,"qoeBitrate":17000,"qoeRebuffer":39082.20000010729,"qoeLatency":91428.59999999999,"qoeBitrateSwitch":0,"qoePlaybackSpeed":1265.1792509523102},"chunk-stream2-00052":{"qoeTotal":-118324.27761169667,"qoeBitrate":17500,"qoeRebuffer":39082.20000010729,"qoeLatency":95439.59999999999,"qoeBitrateSwitch":0,"qoePlaybackSpeed":1302.4776115893958},"chunk-stream2-00053":{"qoeTotal":-121895.1373663604,"qoeBitrate":18000,"qoeRebuffer":39082.20000010729,"qoeLatency":99489.59999999999,"qoeBitrateSwitch":0,"qoePlaybackSpeed":1323.3373662531171},"chunk-stream2-00054":{"qoeTotal":-125453.40784924562,"qoeBitrate":18500,"qoeRebuffer":39082.20000010729,"qoeLatency":103535.99999999999,"qoeBitrateSwitch":0,"qoePlaybackSpeed":1335.2078491383436},"chunk-stream2-00055":{"qoeTotal":-129183.84039534924,"qoeBitrate":19000,"qoeRebuffer":39082.20000010729,"qoeLatency":107735.99999999999,"qoeBitrateSwitch":0,"qoePlaybackSpeed":1365.640395241957},"chunk-stream2-00056":{"qoeTotal":-139556.67131270573,"qoeBitrate":19500,"qoeRebuffer":45352.200000196695,"qoeLatency":112302.59999999999,"qoeBitrateSwitch":0,"qoePlaybackSpeed":1401.8713125090528},"chunk-stream2-00057":{"qoeTotal":-145348.73425542214,"qoeBitrate":20000,"qoeRebuffer":46924.80000016093,"qoeLatency":116979.59999999999,"qoeBitrateSwitch":0,"qoePlaybackSpeed":1444.3342552612296},"chunk-stream2-00058":{"qoeTotal":-151161.68444949135,"qoeBitrate":20500,"qoeRebuffer":48429.000000178814,"qoeLatency":121748.99999999999,"qoeBitrateSwitch":0,"qoePlaybackSpeed":1483.684449312542},"chunk-stream2-00059":{"qoeTotal":-155550.51565532017,"qoeBitrate":21000,"qoeRebuffer":48429.000000178814,"qoeLatency":126593.39999999998,"qoeBitrateSwitch":0,