{"switchHistory":[{"start":8.6585,"end":8.858211,"quality":{"mediaType":"video","bitrate":1000000,"width":640,"height":360,"scanType":null,"qualityIndex":2}},{"start":8.858211,"end":68.7227,"quality":{"mediaType":"video","bitrate":1000000,"width":640,"height":360,"scanType":null,"qualityIndex":2}}],"switchRequests":[],"stallDurationMs":4.699999928474426,"numStalls":2,"averageLatency":1.528921800947867,"averageBufferLength":1.4180379146919435,"averageBitrate":1000000.0000000001,"numSwitches":2,"averageBitrateVariations":0,"averagePlaybackRate":1.0020340293681795,"averagePlaybackRateNonOne":1.0192450470989283}