{"switchHistory":[{"start":8.689,"end":8.885361,"quality":{"mediaType":"video","bitrate":1000000,"width":640,"height":360,"scanType":null,"qualityIndex":2}},{"start":8.885361,"end":68.708807,"quality":{"mediaType":"video","bitrate":1000000,"width":640,"height":360,"scanType":null,"qualityIndex":2}}],"switchRequests":[],"stallDurationMs":253.40000009536743,"numStalls":1,"averageLatency":1.5357440758293832,"averageBufferLength":1.3975710900473932,"averageBitrate":1000000.0000000001,"numSwitches":2,"averageBitrateVariations":0,"averagePlaybackRate":1.0029259791152674,"averagePlaybackRateNonOne":1.032717766470716}