{"switchHistory":[{"start":8.6945,"end":8.888162,"quality":{"mediaType":"video","bitrate":1000000,"width":640,"height":360,"scanType":null,"qualityIndex":2}},{"start":8.888162,"end":68.762792,"quality":{"mediaType":"video","bitrate":1000000,"width":640,"height":360,"scanType":null,"qualityIndex":2}}],"switchRequests":[],"stallDurationMs":260.10000002384186,"numStalls":5,"averageLatency":1.5278507109004724,"averageBufferLength":1.3877251184834118,"averageBitrate":1000000.0000000001,"numSwitches":2,"averageBitrateVariations":0,"averagePlaybackRate":1.0004667920184354,"averagePlaybackRateNonOne":1.0035884636417225}