{"switchHistory":[{"start":8.665,"end":8.867251,"quality":{"mediaType":"video","bitrate":1000000,"width":640,"height":360,"scanType":null,"qualityIndex":2}},{"start":8.867251,"end":68.735491,"quality":{"mediaType":"video","bitrate":1000000,"width":640,"height":360,"scanType":null,"qualityIndex":2}}],"switchRequests":[],"stallDurationMs":10.700000047683716,"numStalls":4,"averageLatency":1.5006208530805676,"averageBufferLength":1.375497630331754,"averageBitrate":999999.9999999999,"numSwitches":2,"averageBitrateVariations":0,"averagePlaybackRate":1.0007883633290076,"averagePlaybackRateNonOne":1.0057040405569375}