{"chunk-stream2-00018":{"qoeTotal":-536.2989674779006,"qoeBitrate":500,"qoeRebuffer":0,"qoeLatency":988.8,"qoeBitrateSwitch":0,"qoePlaybackSpeed":47.49896747790072},"init-stream5":{"qoeTotal":-843.0989562544862,"qoeBitrate":3500,"qoeRebuffer":0,"qoeLatency":3735.6000000000004,"qoeBitrateSwitch":500,"qoePlaybackSpeed":107.49895625448586},"chunk-stream5-00019":{"qoeTotal":-603.8439342220455,"qoeBitrate":6500,"qoeRebuffer":1561.2000000178814,"qoeLatency":4891.200000000001,"qoeBitrateSwitch":500,"qoePlaybackSpeed":151.44393420416338},"init-stream4":{"qoeTotal":-5664.284155641007,"qoeBitrate":8500,"qoeRebuffer":1561.2000000178814,"qoeLatency":11736,"qoeBitrateSwitch":700,"qoePlaybackSpeed":167.08415562312547},"chunk-stream4-00020":{"qoeTotal":-6581.5742401615935,"qoeBitrate":10500,"qoeRebuffer":3126,"qoeLatency":13048.2,"qoeBitrateSwitch":700,"qoePlaybackSpeed":207.37424016159244},"chunk-stream4-00021":{"qoeTotal":-7546.357787925233,"qoeBitrate":12500,"qoeRebuffer":4679.399999946356,"qoeLatency":14424.6,"qoeBitrateSwitch":700,"qoePlaybackSpeed":242.35778797887724},"chunk-stream4-00022":{"qoeTotal":-8546.570360275864,"qoeBitrate":14500,"qoeRebuffer":6191.999999910593,"qoeLatency":15883.800000000001,"qoeBitrateSwitch":700,"qoePlaybackSpeed":270.77036036526925},"chunk-stream4-00023":{"qoeTotal":-8101.605950856612,"qoeBitrate":16500,"qoeRebuffer":6191.999999910593,"qoeLatency":17405.4,"qoeBitrateSwitch":700,"qoePlaybackSpeed":304.2059509460175},"chunk-stream4-00024":{"qoeTotal":-7727.355493770667,"qoeBitrate":18500,"qoeRebuffer":6191.999999910593,"qoeLatency":18990.600000000002,"qoeBitrateSwitch":700,"qoePlaybackSpeed":344.7554938600718},"chunk-stream4-00025":{"qoeTotal":-7405.636632881333,"qoeBitrate":20500,"qoeRebuffer":6191.999999910593,"qoeLatency":20640.600000000002,"qoeBitrateSwitch":700,"qoePlaybackSpeed":373.0366329707379},"chunk-stream4-00026":{"qoeTotal":-7160.376390833262,"qoeBitrate":22500,"qoeRebuffer":6191.999999910593,"qoeLatency":22359.000000000004,"qoeBitrateSwitch":700,"qoePlaybackSpeed":409.37639092266517},"chunk-stream4-00027":{"qoeTotal":-8591.000218701523,"qoeBitrate":24500,"qoeRebuffer":7773.59999987483,"qoeLatency":24175.800000000003,"qoeBitrateSwitch":700,"qoePlaybackSpeed":441.6002188266909},"chunk-stream4-00028":{"qoeTotal":-10051.978815788993,"qoeBitrate":26500,"qoeRebuffer":9293.999999821186,"qoeLatency":26081.4,"qoeBitrateSwitch":700,"qoePlaybackSpeed":476.57881596780476},"chunk-stream4-00029":{"qoeTotal":-11615.060848421215,"qoeBitrate":28500,"qoeRebuffer":10850.999999821186,"qoeLatency":28054.800000000003,"qoeBitrateSwitch":700,"qoePlaybackSpeed":509.2608486000263},"chunk-stream4-00030":{"qoeTotal":-13215.22217448657,"qoeBitrate":30500,"qoeRebuffer":12363.59999987483,"qoeLatency":30115.800000000003,"qoeBitrateSwitch":700,"qoePlaybackSpeed":535.8221746117354},"chunk-stream4-00031":{"qoeTotal":-13354.840348327763,"qoeBitrate":32500,"qoeRebuffer":12363.59999987483,"qoeLatency":32224.200000000004,"qoeBitrateSwitch":700,"qoePlaybackSpeed":567.0403484529288},"chunk-stream4-00032":{"qoeTotal":-13557.210898419624,"qoeBitrate":34500,"qoeRebuffer":12363.59999987483,"qoeLatency":34395.600000000006,"qoeBitrateSwitch":700,"qoePlaybackSpeed":598.0108985447887},"chunk-stream4-00033":{"qoeTotal":-13839.390823001739,"qoeBitrate":36500,"qoeRebuffer":12363.59999987483,"qoeLatency":36640.200000000004,"qoeBitrateSwitch":700,"qoePlaybackSpeed":635.5908231269033},"chunk-stream4-00034":{"qoeTotal":-14168.053456220767,"qoeBitrate":38500,"qoeRebuffer":12363.59999987483,"qoeLatency":38941.8,"qoeBitrateSwitch":700,"qoePlaybackSpeed":662.6534563459343},"chunk-stream4-00035":{"qoeTotal":-14537.089123447797,"qoeBitrate":40500,"qoeRebuffer":12363.59999987483,"qoeLatency":41290.8,"qoeBitrateSwitch":700,"qoePlaybackSpeed":682.6891235729645},"chunk-stream4-00036":{"qoeTotal":-14946.989715083344,"qoeBitrate":42500,"qoeRebuffer":12363.59999987483,"qoeLatency":43681.8,"qoeBitrateSwitch":700,"qoePlaybackSpeed":701.5897152085114},"chunk-stream4-00037":{"qoeTotal":-15403.33313013304,"qoeBitrate":44500,"qoeRebuffer":12363.59999987483,"qoeLatency":46113,"qoeBitrateSwitch":700,"qoePlaybackSpeed":726.7331302582091},"chunk-stream4-00038":{"qoeTotal":-15910.593249836986,"qoeBitrate":46500,"qoeRebuffer":12363.59999987483,"qoeLatency":48594.6,"qoeBitrateSwitch":700,"qoePlaybackSpeed":752.3932499621574},"chunk-stream4-00039":{"qoeTotal":-16460.365165330946,"qoeBitrate":48500,"qoeRebuffer":12363.59999987483,"qoeLatency":51111.6,"qoeBitrateSwitch":700,"qoePlaybackSpeed":785.1651654561177},"chunk-stream4-00040":{"qoeTotal":-17048.083415028093,"qoeBitrate":50500,"qoeRebuffer":12363.59999987483,"qoeLatency":53684.4,"qoeBitrateSwitch":700,"qoePlaybackSpeed":800.083415153262},"chunk-stream4-00041":{"qoeTotal":-17678.42371508886,"qoeBitrate":52500,"qoeRebuffer":12363.59999987483,"qoeLatency":56296.200000000004,"qoeBitrateSwitch":700,"qoePlaybackSpeed":818.6237152140228},"chunk-stream4-00042":{"qoeTotal":-18331.564015149615,"qoeBitrate":54500,"qoeRebuffer":12363.59999987483,"qoeLatency":58930.8,"qoeBitrateSwitch":700,"qoePlaybackSpeed":837.1640152747837},"chunk-stream4-00043":{"qoeTotal":-19012.963951206,"qoeBitrate":56500,"qoeRebuffer":12363.59999987483,"qoeLatency":61552.200000000004,"qoeBitrateSwitch":700,"qoePlaybackSpeed":897.1639513311629},"chunk-stream4-00044":{"qoeTotal":-19590.122681746332,"qoeBitrate":58500,"qoeRebuffer":12363.59999987483,"qoeLatency":64120.8,"qoeBitrateSwitch":700,"qoePlaybackSpeed":905.722681871499},"chunk-stream4-00045":{"qoeTotal":-20209.113520434083,"qoeBitrate":60500,"qoeRebuffer":12363.59999987483,"qoeLatency":66730.2,"qoeBitrateSwitch":700,"qoePlaybackSpeed":915.3135205592534},"chunk-stream4-00046":{"qoeTotal":-20838.200621816384,"qoeBitrate":62500,"qoeRebuffer":12363.59999987483,"qoeLatency":69354,"qoeBitrateSwitch":700,"qoePlaybackSpeed":920.6006219415549},"chunk-stream4-00047":{"qoeTotal":-21512.74283248044,"qoeBitrate":64500,"qoeRebuffer":12363.59999987483,"qoeLatency":71998.2,"qoeBitrateSwitch":700,"qoePlaybackSpeed":950.9428326056119},"chunk-stream4-00048":{"qoeTotal":-22180.34275554231,"qoeBitrate":66500,"qoeRebuffer":12363.59999987483,"qoeLatency":74605.8,"qoeBitrateSwitch":700,"qoePlaybackSpeed":1010.9427556674767},"chunk-stream4-00049":{"qoeTotal":-22795.24278469685,"qoeBitrate":68500,"qoeRebuffer":12363.59999987483,"qoeLatency":77189.40000000001,"qoeBitrateSwitch":700,"qoePlaybackSpeed":1042.2427848220107},"chunk-stream4-00050":{"qoeTotal":-23516.898736815296,"qoeBitrate":70500,"qoeRebuffer":12363.59999987483,"qoeLatency":79866.00000000001,"qoeBitrateSwitch":700,"qoePlaybackSpeed":1087.2987369404493},"chunk-stream4-00051":{"qoeTotal":-25929.354688933727,"qoeBitrate":72500,"qoeRebuffer":13917.59999987483,"qoeLatency":82679.40000000001,"qoeBitrateSwitch":700,"qoePlaybackSpeed":1132.354689058888},"init-stream3":{"qoeTotal":-31656.491382769233,"qoeBitrate":73750,"qoeRebuffer":13917.59999987483,"qoeLatency":89473.20000000001,"qoeBitrateSwitch":850,"qoePlaybackSpeed":1165.6913828943914},"chunk-stream3-00052":{"qoeTotal":-33282.818334125775,"qoeBitrate":75000,"qoeRebuffer":13917.59999987483,"qoeLatency":92314.80000000002,"qoeBitrateSwitch":850,"qoePlaybackSpeed":1200.418334250925},"chunk-stream4-00053":{"qoeTotal":-34329.61832290236,"qoeBitrate":77000,"qoeRebuffer":13917.59999987483,"qoeLatency":95151.60000000002,"qoeBitrateSwitch":1000,"qoePlaybackSpeed":1260.41832302751},"chunk-stream4-00054":{"qoeTotal":-35145.41831167895,"qoeBitrate":79000,"qoeRebuffer":13917.59999987483,"qoeLatency":97907.40000000002,"qoeBitrateSwitch":1000,"qoePlaybackSpeed":1320.418311804095},"chunk-stream5-00055":{"qoeTotal":-36934.81831169683,"qoeBitrate":82000,"qoeRebuffer":15490.799999892712,"qoeLatency":100923.60000000002,"qoeBitrateSwitch":1200,"qoePlaybackSpeed":1320.418311804095},"chunk-stream5-00056":{"qoeTotal":-47105.3546527844,"qoeBitrate":85000,"qoeRebuffer":24952.199999928474,"qoeLatency":104602.80000000002,"qoeBitrateSwitch":1200,