{"chunk-stream2-00018":{"qoeTotal":-579.5765345633101,"qoeBitrate":500,"qoeRebuffer":0,"qoeLatency":1029,"qoeBitrateSwitch":0,"qoePlaybackSpeed":50.576534563310126},"init-stream0":{"qoeTotal":-1646.9530691266204,"qoeBitrate":600,"qoeRebuffer":0,"qoeLatency":2065.8,"qoeBitrateSwitch":80,"qoePlaybackSpeed":101.15306912662025},"chunk-stream0-00019":{"qoeTotal":-2630.5147115168165,"qoeBitrate":700,"qoeRebuffer":0,"qoeLatency":3110.4000000000005,"qoeBitrateSwitch":80,"qoePlaybackSpeed":140.11471151681576},"chunk-stream0-00020":{"qoeTotal":-5090.677810666608,"qoeBitrate":800,"qoeRebuffer":1482,"qoeLatency":4155.6,"qoeBitrateSwitch":80,"qoePlaybackSpeed":173.07781066660715},"init-stream2":{"qoeTotal":-5594.199477531962,"qoeBitrate":1300,"qoeRebuffer":1482,"qoeLatency":5072.400000000001,"qoeBitrateSwitch":160,"qoePlaybackSpeed":179.79947753196154},"chunk-stream2-00021":{"qoeTotal":-6142.396189467944,"qoeBitrate":1800,"qoeRebuffer":1482,"qoeLatency":6092.400000000001,"qoeBitrateSwitch":160,"qoePlaybackSpeed":207.99618946794376},"chunk-stream2-00022":{"qoeTotal":-6667.958781046805,"qoeBitrate":2300,"qoeRebuffer":1482,"qoeLatency":7094.400000000001,"qoeBitrateSwitch":160,"qoePlaybackSpeed":231.55878104680383},"init-stream3":{"qoeTotal":-6483.558781046805,"qoeBitrate":3550,"qoeRebuffer":1482,"qoeLatency":8010.000000000001,"qoeBitrateSwitch":310,"qoePlaybackSpeed":231.55878104680383},"chunk-stream3-00023":{"qoeTotal":-6212.748712655333,"qoeBitrate":4800,"qoeRebuffer":1482,"qoeLatency":8972.400000000001,"qoeBitrateSwitch":310,"qoePlaybackSpeed":248.34871265533192},"chunk-stream3-00024":{"qoeTotal":-5905.721340601451,"qoeBitrate":6050,"qoeRebuffer":1482,"qoeLatency":9906.000000000002,"qoeBitrateSwitch":310,"qoePlaybackSpeed":257.721340601449},"chunk-stream3-00025":{"qoeTotal":-5585.243007466805,"qoeBitrate":7300,"qoeRebuffer":1482,"qoeLatency":10828.800000000001,"qoeBitrateSwitch":310,"qoePlaybackSpeed":264.4430074668034},"chunk-stream2-00026":{"qoeTotal":-6150.843007466805,"qoeBitrate":7800,"qoeRebuffer":1482,"qoeLatency":11744.400000000001,"qoeBitrateSwitch":460,"qoePlaybackSpeed":264.4430074668034},"chunk-stream2-00027":{"qoeTotal":-6570.043007466806,"qoeBitrate":8300,"qoeRebuffer":1482,"qoeLatency":12663.600000000002,"qoeBitrateSwitch":460,"qoePlaybackSpeed":264.4430074668034},"chunk-stream2-00028":{"qoeTotal":-6988.643007466806,"qoeBitrate":8800,"qoeRebuffer":1482,"qoeLatency":13582.200000000003,"qoeBitrateSwitch":460,"qoePlaybackSpeed":264.4430074668034},"chunk-stream2-00029":{"qoeTotal":-7407.243007466806,"qoeBitrate":9300,"qoeRebuffer":1482,"qoeLatency":14500.800000000003,"qoeBitrateSwitch":460,"qoePlaybackSpeed":264.4430074668034},"chunk-stream2-00030":{"qoeTotal":-7825.843007466807,"qoeBitrate":9800,"qoeRebuffer":1482,"qoeLatency":15419.400000000003,"qoeBitrateSwitch":460,"qoePlaybackSpeed":264.4430074668034},"chunk-stream2-00031":{"qoeTotal":-8245.643007466806,"qoeBitrate":10300,"qoeRebuffer":1482,"qoeLatency":16339.200000000003,"qoeBitrateSwitch":460,"qoePlaybackSpeed":264.4430074668034},"chunk-stream2-00032":{"qoeTotal":-8664.843007466805,"qoeBitrate":10800,"qoeRebuffer":1482,"qoeLatency":17258.4,"qoeBitrateSwitch":460,"qoePlaybackSpeed":264.4430074668034},"chunk-stream2-00033":{"qoeTotal":-9084.043007466806,"qoeBitrate":11300,"qoeRebuffer":1482,"qoeLatency":18177.600000000002,"qoeBitrateSwitch":460,"qoePlaybackSpeed":264.4430074668034},"chunk-stream2-00034":{"qoeTotal":-9499.643007466804,"qoeBitrate":11800,"qoeRebuffer":1482,"qoeLatency":19093.2,"qoeBitrateSwitch":460,"qoePlaybackSpeed":264.4430074668034},"chunk-stream2-00035":{"qoeTotal":-9918.243007466803,"qoeBitrate":12300,"qoeRebuffer":1482,"qoeLatency":20011.8,"qoeBitrateSwitch":460,"qoePlaybackSpeed":264.4430074668034},"chunk-stream3-00036":{"qoeTotal":-9733.843007466801,"qoeBitrate":13550,"qoeRebuffer":1482,"qoeLatency":20927.399999999998,"qoeBitrateSwitch":610,"qoePlaybackSpeed":264.4430074668034},"init-stream4":{"qoeTotal":-8799.4430074668,"qoeBitrate":15550,"qoeRebuffer":1482,"qoeLatency":21842.999999999996,"qoeBitrateSwitch":760,"qoePlaybackSpeed":264.4430074668034},"chunk-stream4-00037":{"qoeTotal":-7722.243007466799,"qoeBitrate":17550,"qoeRebuffer":1482,"qoeLatency":22765.799999999996,"qoeBitrateSwitch":760,"qoePlaybackSpeed":264.4430074668034}}