{"chunk-stream2-00018":{"qoeTotal":-751.0013950510613,"qoeBitrate":500,"qoeRebuffer":0,"qoeLatency":1200.6,"qoeBitrateSwitch":0,"qoePlaybackSpeed":50.40139505106141},"chunk-stream2-00019":{"qoeTotal":-4628.470536839385,"qoeBitrate":1000,"qoeRebuffer":3027.600000053644,"qoeLatency":2513.4,"qoeBitrateSwitch":0,"qoePlaybackSpeed":87.47053678574173},"chunk-stream2-00020":{"qoeTotal":-5544.108852544516,"qoeBitrate":1500,"qoeRebuffer":3027.600000053644,"qoeLatency":3889.8,"qoeBitrateSwitch":0,"qoePlaybackSpeed":126.7088524908716},"chunk-stream2-00021":{"qoeTotal":-6513.563577956473,"qoeBitrate":2000,"qoeRebuffer":3027.600000053644,"qoeLatency":5319,"qoeBitrateSwitch":0,"qoePlaybackSpeed":166.96357790282838},"chunk-stream2-00022":{"qoeTotal":-7514.291724994814,"qoeBitrate":2500,"qoeRebuffer":3027.600000053644,"qoeLatency":6801,"qoeBitrateSwitch":0,"qoePlaybackSpeed":185.69172494116953},"chunk-stream2-00023":{"qoeTotal":-8571.556635640323,"qoeBitrate":3000,"qoeRebuffer":3027.600000053644,"qoeLatency":8332.8,"qoeBitrateSwitch":0,"qoePlaybackSpeed":211.1566355866797},"chunk-stream2-00024":{"qoeTotal":-9685.87455607651,"qoeBitrate":3500,"qoeRebuffer":3027.600000053644,"qoeLatency":9913.8,"qoeBitrateSwitch":0,"qoePlaybackSpeed":244.4745560228652},"chunk-stream2-00025":{"qoeTotal":-10848.847725157402,"qoeBitrate":4000,"qoeRebuffer":3027.600000053644,"qoeLatency":11554.8,"qoeBitrateSwitch":0,"qoePlaybackSpeed":266.4477251037587},"chunk-stream2-00026":{"qoeTotal":-12094.232738791705,"qoeBitrate":4500,"qoeRebuffer":3027.600000053644,"qoeLatency":13255.8,"qoeBitrateSwitch":0,"qoePlaybackSpeed":310.8327387380618},"chunk-stream2-00027":{"qoeTotal":-13397.128102057337,"qoeBitrate":5000,"qoeRebuffer":3027.600000053644,"qoeLatency":15019.199999999999,"qoeBitrateSwitch":0,"qoePlaybackSpeed":350.328102003694},"chunk-stream2-00028":{"qoeTotal":-16318.170128820202,"qoeBitrate":5500,"qoeRebuffer":4540.800000071526,"qoeLatency":16889.399999999998,"qoeBitrateSwitch":0,"qoePlaybackSpeed":387.9701287486787},"chunk-stream2-00029":{"qoeTotal":-19353.401642451634,"qoeBitrate":6000,"qoeRebuffer":6074.40000012517,"qoeLatency":18853.199999999997,"qoeBitrateSwitch":0,"qoePlaybackSpeed":425.80164232646644},"chunk-stream2-00030":{"qoeTotal":-22510.09423302866,"qoeBitrate":6500,"qoeRebuffer":7656.600000143051,"qoeLatency":20888.999999999996,"qoeBitrateSwitch":0,"qoePlaybackSpeed":464.4942328856109},"chunk-stream2-00031":{"qoeTotal":-25730.095159468678,"qoeBitrate":7000,"qoeRebuffer":9196.800000160933,"qoeLatency":23026.199999999997,"qoeBitrateSwitch":0,"qoePlaybackSpeed":507.0951593077489},"chunk-stream2-00032":{"qoeTotal":-29087.458573787953,"qoeBitrate":7500,"qoeRebuffer":10767.000000178814,"qoeLatency":25273.199999999997,"qoeBitrateSwitch":0,"qoePlaybackSpeed":547.2585736091416},"chunk-stream2-00033":{"qoeTotal":-32484.66695654766,"qoeBitrate":8000,"qoeRebuffer":12268.800000160933,"qoeLatency":27625.799999999996,"qoeBitrateSwitch":0,"qoePlaybackSpeed":590.0669563867312},"chunk-stream2-00034":{"qoeTotal":-35957.882152550905,"qoeBitrate":8500,"qoeRebuffer":13783.200000196695,"qoeLatency":30044.999999999996,"qoeBitrateSwitch":0,"qoePlaybackSpeed":629.6821523542079},"chunk-stream2-00035":{"qoeTotal":-39569.12911447889,"qoeBitrate":9000,"qoeRebuffer":15360.000000178814,"qoeLatency":32541.599999999995,"qoeBitrateSwitch":0,"qoePlaybackSpeed":667.5291143000896},"chunk-stream2-00036":{"qoeTotal":-41675.7949576591,"qoeBitrate":9500,"qoeRebuffer":15360.000000178814,"qoeLatency":35108.399999999994,"qoeBitrateSwitch":0,"qoePlaybackSpeed":707.3949574802912},"chunk-stream2-00037":{"qoeTotal":-43857.616112482,"qoeBitrate":10000,"qoeRebuffer":15360.000000178814,"qoeLatency":37745.99999999999,"qoeBitrateSwitch":0,"qoePlaybackSpeed":751.6161123031943},"chunk-stream2-00038":{"qoeTotal":-46100.663838553315,"qoeBitrate":10500,"qoeRebuffer":15360.000000178814,"qoeLatency":40456.19999999999,"qoeBitrateSwitch":0,"qoePlaybackSpeed":784.4638383745079},"chunk-stream2-00039":{"qoeTotal":-48421.92542811196,"qoeBitrate":11000,"qoeRebuffer":15360.000000178814,"qoeLatency":43239.59999999999,"qoeBitrateSwitch":0,"qoePlaybackSpeed":822.3254279331499},"chunk-stream2-00040":{"qoeTotal":-50818.736336912436,"qoeBitrate":11500,"qoeRebuffer":15360.000000178814,"qoeLatency":46089.59999999999,"qoeBitrateSwitch":0,"qoePlaybackSpeed":869.1363367336323},"chunk-stream2-00041":{"qoeTotal":-53290.33288572334,"qoeBitrate":12000,"qoeRebuffer":15360.000000178814,"qoeLatency":49019.399999999994,"qoeBitrateSwitch":0,"qoePlaybackSpeed":910.9328855445344},"chunk-stream2-00042":{"qoeTotal":-55817.501979222594,"qoeBitrate":12500,"qoeRebuffer":15360.000000178814,"qoeLatency":52003.799999999996,"qoeBitrateSwitch":0,"qoePlaybackSpeed":953.7019790437827},"chunk-stream2-00043":{"qoeTotal":-58333.53331931887,"qoeBitrate":13000,"qoeRebuffer":15360.000000178814,"qoeLatency":55008.6,"qoeBitrateSwitch":0,"qoePlaybackSpeed":964.9333191400565},"chunk-stream2-00044":{"qoeTotal":-60782.14293838061,"qoeBitrate":13500,"qoeRebuffer":15360.000000178814,"qoeLatency":57951.6,"qoeBitrateSwitch":0,"qoePlaybackSpeed":970.5429382017968},"chunk-stream2-00045":{"qoeTotal":-63251.65192307892,"qoeBitrate":14000,"qoeRebuffer":15360.000000178814,"qoeLatency":60905.4,"qoeBitrateSwitch":0,"qoePlaybackSpeed":986.2519229001028},"chunk-stream2-00046":{"qoeTotal":-65687.4921235377,"qoeBitrate":14500,"qoeRebuffer":15360.000000178814,"qoeLatency":63820.200000000004,"qoeBitrateSwitch":0,"qoePlaybackSpeed":1007.2921233588723},"chunk-stream2-00047":{"qoeTotal":-68169.492118156,"qoeBitrate":15000,"qoeRebuffer":15360.000000178814,"qoeLatency":66742.20000000001,"qoeBitrateSwitch":0,"qoePlaybackSpeed":1067.2921179771834},"chunk-stream2-00048":{"qoeTotal":-70523.19858743552,"qoeBitrate":15500,"qoeRebuffer":15360.000000178814,"qoeLatency":69591.00000000001,"qoeBitrateSwitch":0,"qoePlaybackSpeed":1072.1985872566945},"chunk-stream2-00049":{"qoeTotal":-72877.14270674485,"qoeBitrate":16000,"qoeRebuffer":15360.000000178814,"qoeLatency":72416.40000000001,"qoeBitrateSwitch":0,"qoePlaybackSpeed":1100.742706566026},"chunk-stream2-00050":{"qoeTotal":-75268.94247911812,"qoeBitrate":16500,"qoeRebuffer":15360.000000178814,"qoeLatency":75282.00000000001,"qoeBitrateSwitch":0,"qoePlaybackSpeed":1126.9424789392983},"chunk-stream2-00051":{"qoeTotal":-77709.68310131093,"qoeBitrate":17000,"qoeRebuffer":15360.000000178814,"qoeLatency":78192.00000000001,"qoeBitrateSwitch":0,"qoePlaybackSpeed":1157.683101132101},"chunk-stream2-00052":{"qoeTotal":-80147.43206285386,"qoeBitrate":17500,"qoeRebuffer":15360.000000178814,"qoeLatency":81117.00000000001,"qoeBitrateSwitch":0,"qoePlaybackSpeed":1170.4320626750289},"chunk-stream2-00053":{"qoeTotal":-82520.51810888233,"qoeBitrate":18000,"qoeRebuffer":15360.000000178814,"qoeLatency":83988.60000000002,"qoeBitrateSwitch":0,"qoePlaybackSpeed":1171.918108703496},"chunk-stream2-00054":{"qoeTotal":-84825.46319388581,"qoeBitrate":18500,"qoeRebuffer":15360.000000178814,"qoeLatency":86793.00000000001,"qoeBitrateSwitch":0,"qoePlaybackSpeed":1172.4631937069776},"chunk-stream2-00055":{"qoeTotal":-87123.68292710691,"qoeBitrate":19000,"qoeRebuffer":15360.000000178814,"qoeLatency":89566.80000000002,"qoeBitrateSwitch":0,"qoePlaybackSpeed":1196.8829269280898},"chunk-stream2-00056":{"qoeTotal":-92835.12088789402,"qoeBitrate":19500,"qoeRebuffer":18501.60000014305,"qoeLatency":92602.80000000002,"qoeBitrateSwitch":0,"qoePlaybackSpeed":1230.7208877509518},"chunk-stream2-00057":{"qoeTotal":-95455.576843058,"qoeBitrate":20000,"qoeRebuffer":18501.60000014305,"qoeLatency":95691.60000000002,"qoeBitrateSwitch":0,"qoePlaybackSpeed":1262.376842914934},"chunk-stream2-00058":{"qoeTotal":-98107.85560548023,"qoeBitrate":20500,"qoeRebuffer":18501.60000014305,"qoeLatency":98828.40000000002,"qoeBitrateSwitch":0,"qoePlaybackSpeed":1277.855605337157},"chunk-stream2-00059":{"qoeTotal":-100793.10868069288,"qoeBitrate":21000,"qoeRebuffer":18501.60000014305,"qoeLatency":101988.60000000002,"qoeBitrateSwitch":0,