{"chunk-stream2-00018":{"qoeTotal":-482.7536984850101,"qoeBitrate":500,"qoeRebuffer":0,"qoeLatency":945.6,"qoeBitrateSwitch":0,"qoePlaybackSpeed":37.15369848501009},"init-stream5":{"qoeTotal":1029.09260302998,"qoeBitrate":3500,"qoeRebuffer":0,"qoeLatency":1896.6,"qoeBitrateSwitch":500,"qoePlaybackSpeed":74.30739697002018},"chunk-stream5-00019":{"qoeTotal":3031.2138462828843,"qoeBitrate":6500,"qoeRebuffer":0,"qoeLatency":2877,"qoeBitrateSwitch":500,"qoePlaybackSpeed":91.78615371711562},"chunk-stream5-00020":{"qoeTotal":5054.935089535788,"qoeBitrate":9500,"qoeRebuffer":0,"qoeLatency":3835.8,"qoeBitrateSwitch":500,"qoePlaybackSpeed":109.26491046421107},"chunk-stream5-00021":{"qoeTotal":7092.063746959766,"qoeBitrate":12500,"qoeRebuffer":0,"qoeLatency":4784.400000000001,"qoeBitrateSwitch":500,"qoePlaybackSpeed":123.53625304023387},"chunk-stream5-00022":{"qoeTotal":9140.309823044152,"qoeBitrate":15500,"qoeRebuffer":0,"qoeLatency":5724.6,"qoeBitrateSwitch":500,"qoePlaybackSpeed":135.09017695584845},"chunk-stream5-00023":{"qoeTotal":11205.092089551574,"qoeBitrate":18500,"qoeRebuffer":0,"qoeLatency":6652.8,"qoeBitrateSwitch":500,"qoePlaybackSpeed":142.1079104484278},"chunk-stream5-00024":{"qoeTotal":13269.274356058993,"qoeBitrate":21500,"qoeRebuffer":0,"qoeLatency":7581.6,"qoeBitrateSwitch":500,"qoePlaybackSpeed":149.12564394100713},"chunk-stream5-00025":{"qoeTotal":15351.874356058994,"qoeBitrate":24500,"qoeRebuffer":0,"qoeLatency":8499,"qoeBitrateSwitch":500,"qoePlaybackSpeed":149.12564394100713},"chunk-stream5-00026":{"qoeTotal":17435.074356058994,"qoeBitrate":27500,"qoeRebuffer":0,"qoeLatency":9415.8,"qoeBitrateSwitch":500,"qoePlaybackSpeed":149.12564394100713},"chunk-stream5-00027":{"qoeTotal":19506.274356058995,"qoeBitrate":30500,"qoeRebuffer":0,"qoeLatency":10344.599999999999,"qoeBitrateSwitch":500,"qoePlaybackSpeed":149.12564394100713},"chunk-stream5-00028":{"qoeTotal":21589.474356058996,"qoeBitrate":33500,"qoeRebuffer":0,"qoeLatency":11261.399999999998,"qoeBitrateSwitch":500,"qoePlaybackSpeed":149.12564394100713},"chunk-stream5-00029":{"qoeTotal":23660.074356058998,"qoeBitrate":36500,"qoeRebuffer":0,"qoeLatency":12190.799999999997,"qoeBitrateSwitch":500,"qoePlaybackSpeed":149.12564394100713},"chunk-stream5-00030":{"qoeTotal":25743.274356058995,"qoeBitrate":39500,"qoeRebuffer":0,"qoeLatency":13107.599999999997,"qoeBitrateSwitch":500,"qoePlaybackSpeed":149.12564394100713},"chunk-stream5-00031":{"qoeTotal":27818.074356058998,"qoeBitrate":42500,"qoeRebuffer":0,"qoeLatency":14032.799999999997,"qoeBitrateSwitch":500,"qoePlaybackSpeed":149.12564394100713},"chunk-stream5-00032":{"qoeTotal":29901.274356058995,"qoeBitrate":45500,"qoeRebuffer":0,"qoeLatency":14949.599999999997,"qoeBitrateSwitch":500,"qoePlaybackSpeed":149.12564394100713},"chunk-stream5-00033":{"qoeTotal":31983.874356058997,"qoeBitrate":48500,"qoeRebuffer":0,"qoeLatency":15866.999999999996,"qoeBitrateSwitch":500,"qoePlaybackSpeed":149.12564394100713},"chunk-stream5-00034":{"qoeTotal":34067.074356059,"qoeBitrate":51500,"qoeRebuffer":0,"qoeLatency":16783.799999999996,"qoeBitrateSwitch":500,"qoePlaybackSpeed":149.12564394100713},"chunk-stream5-00035":{"qoeTotal":36150.274356059,"qoeBitrate":54500,"qoeRebuffer":0,"qoeLatency":17700.599999999995,"qoeBitrateSwitch":500,"qoePlaybackSpeed":149.12564394100713},"chunk-stream5-00036":{"qoeTotal":38232.874356058994,"qoeBitrate":57500,"qoeRebuffer":0,"qoeLatency":18617.999999999996,"qoeBitrateSwitch":500,"qoePlaybackSpeed":149.12564394100713},"chunk-stream5-00037":{"qoeTotal":39933.274356059,"qoeBitrate":60500,"qoeRebuffer":0,"qoeLatency":19917.599999999995,"qoeBitrateSwitch":500,"qoePlaybackSpeed":149.12564394100713},"chunk-stream5-00038":{"qoeTotal":36896.91622602036,"qoeBitrate":63500,"qoeRebuffer":4714.199999570847,"qoeLatency":21224.999999999996,"qoeBitrateSwitch":500,"qoePlaybackSpeed":163.883774408792},"chunk-stream5-00039":{"qoeTotal":38532.62642446691,"qoeBitrate":66500,"qoeRebuffer":4714.199999570847,"qoeLatency":22532.999999999996,"qoeBitrateSwitch":500,"qoePlaybackSpeed":220.17357596224687},"chunk-stream5-00040":{"qoeTotal":40215.73662291346,"qoeBitrate":69500,"qoeRebuffer":4714.199999570847,"qoeLatency":23793.599999999995,"qoeBitrateSwitch":500,"qoePlaybackSpeed":276.4633775157018},"chunk-stream5-00041":{"qoeTotal":41940.424777127155,"qoeBitrate":72500,"qoeRebuffer":4714.199999570847,"qoeLatency":25015.199999999993,"qoeBitrateSwitch":500,"qoePlaybackSpeed":330.1752233020015},"chunk-stream5-00042":{"qoeTotal":43690.312931340864,"qoeBitrate":75500,"qoeRebuffer":4714.199999570847,"qoeLatency":26211.599999999995,"qoeBitrateSwitch":500,"qoePlaybackSpeed":383.8870690883012},"chunk-stream5-00043":{"qoeTotal":45488.75725133049,"qoeBitrate":78500,"qoeRebuffer":4714.199999570847,"qoeLatency":27362.999999999996,"qoeBitrateSwitch":500,"qoePlaybackSpeed":434.0427490986593},"chunk-stream5-00044":{"qoeTotal":47365.30889331803,"qoeBitrate":81500,"qoeRebuffer":4714.199999570847,"qoeLatency":28447.199999999997,"qoeBitrateSwitch":500,"qoePlaybackSpeed":473.29110711112264},"chunk-stream5-00045":{"qoeTotal":49303.76699985134,"qoeBitrate":84500,"qoeRebuffer":4714.199999570847,"qoeLatency":29476.199999999997,"qoeBitrateSwitch":500,"qoePlaybackSpeed":505.83300057782066},"chunk-stream5-00046":{"qoeTotal":51283.8985296941,"qoeBitrate":87500,"qoeRebuffer":4714.199999570847,"qoeLatency":30473.399999999998,"qoeBitrateSwitch":500,"qoePlaybackSpeed":528.5014707350552},"chunk-stream5-00047":{"qoeTotal":53309.10058709865,"qoeBitrate":90500,"qoeRebuffer":4714.199999570847,"qoeLatency":31432.8,"qoeBitrateSwitch":500,"qoePlaybackSpeed":543.8994133304992},"chunk-stream5-00048":{"qoeTotal":55348.82624587201,"qoeBitrate":93500,"qoeRebuffer":4714.199999570847,"qoeLatency":32380.8,"qoeBitrateSwitch":500,"qoePlaybackSpeed":556.1737545571349},"chunk-stream5-00049":{"qoeTotal":57415.73365244468,"qoeBitrate":96500,"qoeRebuffer":4714.199999570847,"qoeLatency":33305.4,"qoeBitrateSwitch":500,"qoePlaybackSpeed":564.6663479844739},"chunk-stream5-00050":{"qoeTotal":59498.93365244468,"qoeBitrate":99500,"qoeRebuffer":4714.199999570847,"qoeLatency":34222.200000000004,"qoeBitrateSwitch":500,"qoePlaybackSpeed":564.6663479844739},"chunk-stream5-00051":{"qoeTotal":61582.133652444674,"qoeBitrate":102500,"qoeRebuffer":4714.199999570847,"qoeLatency":35139.00000000001,"qoeBitrateSwitch":500,"qoePlaybackSpeed":564.6663479844739},"chunk-stream5-00052":{"qoeTotal":63665.33365244467,"qoeBitrate":105500,"qoeRebuffer":4714.199999570847,"qoeLatency":36055.80000000001,"qoeBitrateSwitch":500,"qoePlaybackSpeed":564.6663479844739},"chunk-stream5-00053":{"qoeTotal":65748.53365244468,"qoeBitrate":108500,"qoeRebuffer":4714.199999570847,"qoeLatency":36972.60000000001,"qoeBitrateSwitch":500,"qoePlaybackSpeed":564.6663479844739},"chunk-stream5-00054":{"qoeTotal":67824.53365244468,"qoeBitrate":111500,"qoeRebuffer":4714.199999570847,"qoeLatency":37896.60000000001,"qoeBitrateSwitch":500,"qoePlaybackSpeed":564.6663479844739},"chunk-stream5-00055":{"qoeTotal":69907.73365244466,"qoeBitrate":114500,"qoeRebuffer":4714.199999570847,"qoeLatency":38813.400000000016,"qoeBitrateSwitch":500,"qoePlaybackSpeed":564.6663479844739},"chunk-stream5-00056":{"qoeTotal":71990.93365244467,"qoeBitrate":117500,"qoeRebuffer":4714.199999570847,"qoeLatency":39730.20000000002,"qoeBitrateSwitch":500,"qoePlaybackSpeed":564.6663479844739},"chunk-stream5-00057":{"qoeTotal":74074.73365244466,"qoeBitrate":120500,"qoeRebuffer":4714.199999570847,"qoeLatency":40646.400000000016,"qoeBitrateSwitch":500,"qoePlaybackSpeed":564.6663479844739},"chunk-stream5-00058":{"qoeTotal":76158.53365244468,"qoeBitrate":123500,"qoeRebuffer":4714.199999570847,"qoeLatency":41562.60000000001,"qoeBitrateSwitch":500,"qoePlaybackSpeed":564.6663479844739},"chunk-stream5-00059":{"qoeTotal":78233.33365244466,"qoeBitrate":126500,"qoeRebuffer":4714.199999570847,"qoeLatency":42487.80000000001,"qoeBitrateSwitch":500,"qoePlaybackSpeed":564.6663479844739},