{"chunk-stream2-00018":{"qoeTotal":-534.585973502963,"qoeBitrate":500,"qoeRebuffer":0,"qoeLatency":987.5999999999999,"qoeBitrateSwitch":0,"qoePlaybackSpeed":46.98597350296308},"init-stream5":{"qoeTotal":927.2280529940741,"qoeBitrate":3500,"qoeRebuffer":0,"qoeLatency":1978.7999999999997,"qoeBitrateSwitch":500,"qoePlaybackSpeed":93.97194700592615},"chunk-stream5-00019":{"qoeTotal":1220.292169447646,"qoeBitrate":6500,"qoeRebuffer":1528.2000000178812,"qoeLatency":3114,"qoeBitrateSwitch":500,"qoePlaybackSpeed":137.50783053447253},"init-stream4":{"qoeTotal":1842.1562859190994,"qoeBitrate":8500,"qoeRebuffer":1528.2000000178812,"qoeLatency":4248.6,"qoeBitrateSwitch":700,"qoePlaybackSpeed":181.0437140630189},"chunk-stream4-00020":{"qoeTotal":980.0334212501406,"qoeBitrate":10500,"qoeRebuffer":3074.4000000357623,"qoeLatency":5523,"qoeBitrateSwitch":700,"qoePlaybackSpeed":222.56657871409666},"chunk-stream4-00021":{"qoeTotal":1607.9817166618514,"qoeBitrate":12500,"qoeRebuffer":3074.4000000357623,"qoeLatency":6864.6,"qoeBitrateSwitch":700,"qoePlaybackSpeed":253.0182833023856},"chunk-stream4-00022":{"qoeTotal":2166.0776279737147,"qoeBitrate":14500,"qoeRebuffer":3074.4000000357623,"qoeLatency":8260.800000000001,"qoeBitrateSwitch":700,"qoePlaybackSpeed":298.72237199052165},"chunk-stream4-00023":{"qoeTotal":2711.2068221836576,"qoeBitrate":16500,"qoeRebuffer":3074.4000000357623,"qoeLatency":9697.2,"qoeBitrateSwitch":700,"qoePlaybackSpeed":317.193177780579},"chunk-stream4-00024":{"qoeTotal":3209.628367858867,"qoeBitrate":18500,"qoeRebuffer":3074.4000000357623,"qoeLatency":11182.2,"qoeBitrateSwitch":700,"qoePlaybackSpeed":333.7716321053697},"chunk-stream4-00025":{"qoeTotal":3666.9193450712496,"qoeBitrate":20500,"qoeRebuffer":3074.4000000357623,"qoeLatency":12702.6,"qoeBitrateSwitch":700,"qoePlaybackSpeed":356.0806548929871},"chunk-stream4-00026":{"qoeTotal":4071.382989805555,"qoeBitrate":22500,"qoeRebuffer":3074.4000000357623,"qoeLatency":14271.6,"qoeBitrateSwitch":700,"qoePlaybackSpeed":382.61701015868186},"chunk-stream4-00027":{"qoeTotal":4419.016613381945,"qoeBitrate":24500,"qoeRebuffer":3074.4000000357623,"qoeLatency":15886.2,"qoeBitrateSwitch":700,"qoePlaybackSpeed":420.3833865822914},"chunk-stream4-00028":{"qoeTotal":4712.223990761888,"qoeBitrate":26500,"qoeRebuffer":3074.4000000357623,"qoeLatency":17556,"qoeBitrateSwitch":700,"qoePlaybackSpeed":457.37600920234945},"chunk-stream4-00029":{"qoeTotal":4959.276127590352,"qoeBitrate":28500,"qoeRebuffer":3074.4000000357623,"qoeLatency":19283.4,"qoeBitrateSwitch":700,"qoePlaybackSpeed":482.92387237388317},"chunk-stream4-00030":{"qoeTotal":5140.051982706692,"qoeBitrate":30500,"qoeRebuffer":3074.4000000357623,"qoeLatency":21066,"qoeBitrateSwitch":700,"qoePlaybackSpeed":519.5480172575453},"chunk-stream4-00031":{"qoeTotal":5277.63861835984,"qoeBitrate":32500,"qoeRebuffer":3074.4000000357623,"qoeLatency":22903.2,"qoeBitrateSwitch":700,"qoePlaybackSpeed":544.7613816043971},"chunk-stream4-00032":{"qoeTotal":5341.2752944949725,"qoeBitrate":34500,"qoeRebuffer":3074.4000000357623,"qoeLatency":24801.600000000002,"qoeBitrateSwitch":700,"qoePlaybackSpeed":582.7247054692626},"chunk-stream4-00033":{"qoeTotal":5353.52684129801,"qoeBitrate":36500,"qoeRebuffer":3074.4000000357623,"qoeLatency":26750.4,"qoeBitrateSwitch":700,"qoePlaybackSpeed":621.6731586662254},"chunk-stream4-00034":{"qoeTotal":5332.179137025583,"qoeBitrate":38500,"qoeRebuffer":3074.4000000357623,"qoeLatency":28748.4,"qoeBitrateSwitch":700,"qoePlaybackSpeed":645.0208629386528},"chunk-stream4-00035":{"qoeTotal":5232.394020053223,"qoeBitrate":40500,"qoeRebuffer":3074.4000000357623,"qoeLatency":30813,"qoeBitrateSwitch":700,"qoePlaybackSpeed":680.205979911014},"chunk-stream4-00036":{"qoeTotal":-16289.693658835628,"qoeBitrate":42500,"qoeRebuffer":22752.000000089407,"qoeLatency":34609.2,"qoeBitrateSwitch":700,"qoePlaybackSpeed":728.4936587462229},"init-stream3":{"qoeTotal":-19037.181337670834,"qoeBitrate":43750,"qoeRebuffer":22752.000000089407,"qoeLatency":38408.399999999994,"qoeBitrateSwitch":850,"qoePlaybackSpeed":776.7813375814318},"chunk-stream3-00037":{"qoeTotal":-35763.46901645239,"qoeBitrate":45000,"qoeRebuffer":35837.40000003576,"qoeLatency":43250.99999999999,"qoeBitrateSwitch":850,"qoePlaybackSpeed":825.0690164166407},"chunk-stream3-00038":{"qoeTotal":-53465.356695323375,"qoeBitrate":46250,"qoeRebuffer":48916.800000071526,"qoeLatency":49075.2,"qoeBitrateSwitch":850,"qoePlaybackSpeed":873.3566952518496},"init-stream1":{"qoeTotal":-60004.00452464043,"qoeBitrate":46550,"qoeRebuffer":48916.800000071526,"qoeLatency":55678.2,"qoeBitrateSwitch":1040,"qoePlaybackSpeed":919.0045245689122},"chunk-stream1-00039":{"qoeTotal":-67900.89220349354,"qoeBitrate":46850,"qoeRebuffer":51042.00000008941,"qoeLatency":61701.6,"qoeBitrateSwitch":1040,"qoePlaybackSpeed":967.2922034041211},"chunk-stream1-00040":{"qoeTotal":-73710.50623943024,"qoeBitrate":47150,"qoeRebuffer":51042.00000008941,"qoeLatency":67774.8,"qoeBitrateSwitch":1040,"qoePlaybackSpeed":1003.7062393408291},"init-stream2":{"qoeTotal":-84046.30623941236,"qoeBitrate":47650,"qoeRebuffer":53644.800000071526,"qoeLatency":75967.8,"qoeBitrateSwitch":1080,"qoePlaybackSpeed":1003.7062393408291},"chunk-stream2-00041":{"qoeTotal":-92500.94885875807,"qoeBitrate":48150,"qoeRebuffer":56312.40000012517,"qoeLatency":82209.6,"qoeBitrateSwitch":1080,"qoePlaybackSpeed":1048.948858632896},"chunk-stream2-00042":{"qoeTotal":-99972.53056687134,"qoeBitrate":48650,"qoeRebuffer":57853.20000010729,"qoeLatency":88596.6,"qoeBitrateSwitch":1080,"qoePlaybackSpeed":1092.7305667640505},"chunk-stream2-00043":{"qoeTotal":-107627.52594019004,"qoeBitrate":49150,"qoeRebuffer":59393.40000012517,"qoeLatency":95167.20000000001,"qoeBitrateSwitch":1080,"qoePlaybackSpeed":1136.9259400648552},"chunk-stream2-00044":{"qoeTotal":-115469.35395022073,"qoeBitrate":49650,"qoeRebuffer":60905.40000012517,"qoeLatency":101953.80000000002,"qoeBitrateSwitch":1080,"qoePlaybackSpeed":1180.1539500955391},"chunk-stream2-00045":{"qoeTotal":-123604.80704626028,"qoeBitrate":50150,"qoeRebuffer":62478.00000008941,"qoeLatency":108974.40000000002,"qoeBitrateSwitch":1080,"qoePlaybackSpeed":1222.4070461708438},"chunk-stream2-00046":{"qoeTotal":-131909.59010346493,"qoeBitrate":50650,"qoeRebuffer":63994.800000071526,"qoeLatency":116219.40000000002,"qoeBitrateSwitch":1080,"qoePlaybackSpeed":1265.39010339339},"chunk-stream2-00047":{"qoeTotal":-140466.5448192684,"qoeBitrate":51150,"qoeRebuffer":65556.0000000894,"qoeLatency":123678.00000000003,"qoeBitrateSwitch":1080,"qoePlaybackSpeed":1302.5448191789753},"chunk-stream2-00048":{"qoeTotal":-150779.78917914728,"qoeBitrate":51650,"qoeRebuffer":68677.20000010729,"qoeLatency":131331.00000000003,"qoeBitrateSwitch":1080,"qoePlaybackSpeed":1341.5891790399671},"chunk-stream2-00049":{"qoeTotal":-161443.3315733792,"qoeBitrate":52150,"qoeRebuffer":71861.40000012517,"qoeLatency":139266.60000000003,"qoeBitrateSwitch":1080,"qoePlaybackSpeed":1385.3315732539902},"chunk-stream2-00074":{"qoeTotal":-169736.9315733792,"qoeBitrate":52650,"qoeRebuffer":71861.40000012517,"qoeLatency":148060.20000000004,"qoeBitrateSwitch":1080,"qoePlaybackSpeed":1385.3315732539902},"chunk-stream2-00075":{"qoeTotal":-179156.97665823335,"qoeBitrate":53150,"qoeRebuffer":80013.60000005364,"qoeLatency":149781.60000000003,"qoeBitrateSwitch":1080,"qoePlaybackSpeed":1431.7766581796873},"chunk-stream2-00076":{"qoeTotal":-185442.70621223174,"qoeBitrate":53650,"qoeRebuffer":84741.60000005364,"qoeLatency":151797.00000000003,"qoeBitrateSwitch":1080,"qoePlaybackSpeed":1474.1062121780708},"chunk-stream1-00077":{"qoeTotal":-188940.1088165148,"qoeBitrate":53950,"qoeRebuffer":86300.40000003576,"qoeLatency":153951.60000000003,"qoeBitrateSwitch":1120,"qoePlaybackSpeed":1518.1088164790067},"chunk-stream1-00078":{"qoeTotal":-190902.95373021843,"qoeBitrate":54250,"qoeRebuffer":86300.40000003576,"qoeLatency":156170.40000000002,"qoeBitrateSwitch":1120,"qoePlaybackSpeed":1562.1537301826404},