{"chunk-stream2-00018":{"qoeTotal":-476.1519610230202,"qoeBitrate":500,"qoeRebuffer":0,"qoeLatency":942.6,"qoeBitrateSwitch":0,"qoePlaybackSpeed":33.55196102302016},"init-stream3":{"qoeTotal":-1641.7519610230202,"qoeBitrate":1750,"qoeRebuffer":0,"qoeLatency":1858.2,"qoeBitrateSwitch":1500,"qoePlaybackSpeed":33.55196102302016},"chunk-stream3-00019":{"qoeTotal":-1380.5039220460403,"qoeBitrate":3000,"qoeRebuffer":0,"qoeLatency":2813.4,"qoeBitrateSwitch":1500,"qoePlaybackSpeed":67.10392204604032},"chunk-stream3-00020":{"qoeTotal":-1131.8558830690604,"qoeBitrate":4250,"qoeRebuffer":0,"qoeLatency":3781.2,"qoeBitrateSwitch":1500,"qoePlaybackSpeed":100.65588306906048},"init-stream4":{"qoeTotal":-1555.2293912819262,"qoeBitrate":6250,"qoeRebuffer":0,"qoeLatency":4698,"qoeBitrateSwitch":3000,"qoePlaybackSpeed":107.22939128192625},"chunk-stream4-00021":{"qoeTotal":-527.5863644835812,"qoeBitrate":8250,"qoeRebuffer":0,"qoeLatency":5654.4,"qoeBitrateSwitch":3000,"qoePlaybackSpeed":123.18636448358151},"chunk-stream4-00022":{"qoeTotal":519.7287834293791,"qoeBitrate":10250,"qoeRebuffer":0,"qoeLatency":6596.4,"qoeBitrateSwitch":3000,"qoePlaybackSpeed":133.87121657062133},"chunk-stream4-00023":{"qoeTotal":1582.6439313423396,"qoeBitrate":12250,"qoeRebuffer":0,"qoeLatency":7522.799999999999,"qoeBitrateSwitch":3000,"qoePlaybackSpeed":144.55606865766114},"chunk-stream4-00024":{"qoeTotal":2660.4704231294736,"qoeBitrate":14250,"qoeRebuffer":0,"qoeLatency":8438.4,"qoeBitrateSwitch":3000,"qoePlaybackSpeed":151.12957687052693},"chunk-stream4-00025":{"qoeTotal":3744.8704231294732,"qoeBitrate":16250,"qoeRebuffer":0,"qoeLatency":9354,"qoeBitrateSwitch":3000,"qoePlaybackSpeed":151.12957687052693},"chunk-stream4-00026":{"qoeTotal":4829.270423129473,"qoeBitrate":18250,"qoeRebuffer":0,"qoeLatency":10269.6,"qoeBitrateSwitch":3000,"qoePlaybackSpeed":151.12957687052693},"chunk-stream4-00027":{"qoeTotal":5914.270423129473,"qoeBitrate":20250,"qoeRebuffer":0,"qoeLatency":11184.6,"qoeBitrateSwitch":3000,"qoePlaybackSpeed":151.12957687052693},"chunk-stream4-00028":{"qoeTotal":6998.6704231294725,"qoeBitrate":22250,"qoeRebuffer":0,"qoeLatency":12100.2,"qoeBitrateSwitch":3000,"qoePlaybackSpeed":151.12957687052693},"chunk-stream4-00029":{"qoeTotal":8083.070423129472,"qoeBitrate":24250,"qoeRebuffer":0,"qoeLatency":13015.800000000001,"qoeBitrateSwitch":3000,"qoePlaybackSpeed":151.12957687052693},"chunk-stream4-00030":{"qoeTotal":9167.47042312947,"qoeBitrate":26250,"qoeRebuffer":0,"qoeLatency":13931.400000000001,"qoeBitrateSwitch":3000,"qoePlaybackSpeed":151.12957687052693},"chunk-stream4-00031":{"qoeTotal":10252.47042312947,"qoeBitrate":28250,"qoeRebuffer":0,"qoeLatency":14846.400000000001,"qoeBitrateSwitch":3000,"qoePlaybackSpeed":151.12957687052693},"chunk-stream4-00032":{"qoeTotal":11336.87042312947,"qoeBitrate":30250,"qoeRebuffer":0,"qoeLatency":15762.000000000002,"qoeBitrateSwitch":3000,"qoePlaybackSpeed":151.12957687052693},"chunk-stream4-00033":{"qoeTotal":12421.870423129472,"qoeBitrate":32250,"qoeRebuffer":0,"qoeLatency":16677,"qoeBitrateSwitch":3000,"qoePlaybackSpeed":151.12957687052693},"chunk-stream4-00034":{"qoeTotal":13506.270423129474,"qoeBitrate":34250,"qoeRebuffer":0,"qoeLatency":17592.6,"qoeBitrateSwitch":3000,"qoePlaybackSpeed":151.12957687052693},"chunk-stream4-00035":{"qoeTotal":14587.070423129473,"qoeBitrate":36250,"qoeRebuffer":0,"qoeLatency":18511.8,"qoeBitrateSwitch":3000,"qoePlaybackSpeed":151.12957687052693},"chunk-stream4-00036":{"qoeTotal":15671.470423129475,"qoeBitrate":38250,"qoeRebuffer":0,"qoeLatency":19427.399999999998,"qoeBitrateSwitch":3000,"qoePlaybackSpeed":151.12957687052693},"chunk-stream3-00037":{"qoeTotal":14465.798665082642,"qoeBitrate":39500,"qoeRebuffer":0,"qoeLatency":20365.199999999997,"qoeBitrateSwitch":4500,"qoePlaybackSpeed":169.0013349173596},"chunk-stream3-00038":{"qoeTotal":14700.579457960066,"qoeBitrate":40750,"qoeRebuffer":0,"qoeLatency":21337.199999999997,"qoeBitrateSwitch":4500,"qoePlaybackSpeed":212.22054203993767},"chunk-stream3-00039":{"qoeTotal":14922.160250837487,"qoeBitrate":42000,"qoeRebuffer":0,"qoeLatency":22322.399999999998,"qoeBitrateSwitch":4500,"qoePlaybackSpeed":255.43974916251574},"chunk-stream3-00040":{"qoeTotal":15166.189660891292,"qoeBitrate":43250,"qoeRebuffer":0,"qoeLatency":23306.999999999996,"qoeBitrateSwitch":4500,"qoePlaybackSpeed":276.81033910871105},"chunk-stream3-00041":{"qoeTotal":15426.419070945096,"qoeBitrate":44500,"qoeRebuffer":0,"qoeLatency":24275.399999999998,"qoeBitrateSwitch":4500,"qoePlaybackSpeed":298.18092905490636},"chunk-stream3-00042":{"qoeTotal":15717.827987255516,"qoeBitrate":45750,"qoeRebuffer":0,"qoeLatency":25220.999999999996,"qoeBitrateSwitch":4500,"qoePlaybackSpeed":311.1720127444881},"chunk-stream3-00043":{"qoeTotal":16027.888442637613,"qoeBitrate":47000,"qoeRebuffer":0,"qoeLatency":26150.399999999998,"qoeBitrateSwitch":4500,"qoePlaybackSpeed":321.71155736238944},"chunk-stream3-00044":{"qoeTotal":16353.914934424745,"qoeBitrate":48250,"qoeRebuffer":0,"qoeLatency":27067.8,"qoeBitrateSwitch":4500,"qoePlaybackSpeed":328.2850655752552},"chunk-stream4-00045":{"qoeTotal":15931.714934424745,"qoeBitrate":50250,"qoeRebuffer":0,"qoeLatency":27990,"qoeBitrateSwitch":6000,"qoePlaybackSpeed":328.2850655752552},"chunk-stream4-00046":{"qoeTotal":17016.114934424746,"qoeBitrate":52250,"qoeRebuffer":0,"qoeLatency":28905.6,"qoeBitrateSwitch":6000,"qoePlaybackSpeed":328.2850655752552},"chunk-stream4-00047":{"qoeTotal":18100.514934424747,"qoeBitrate":54250,"qoeRebuffer":0,"qoeLatency":29821.199999999997,"qoeBitrateSwitch":6000,"qoePlaybackSpeed":328.2850655752552},"chunk-stream4-00048":{"qoeTotal":19184.91493442475,"qoeBitrate":56250,"qoeRebuffer":0,"qoeLatency":30736.799999999996,"qoeBitrateSwitch":6000,"qoePlaybackSpeed":328.2850655752552},"chunk-stream4-00049":{"qoeTotal":20269.31493442475,"qoeBitrate":58250,"qoeRebuffer":0,"qoeLatency":31652.399999999994,"qoeBitrateSwitch":6000,"qoePlaybackSpeed":328.2850655752552},"chunk-stream4-00050":{"qoeTotal":21353.714934424752,"qoeBitrate":60250,"qoeRebuffer":0,"qoeLatency":32567.999999999993,"qoeBitrateSwitch":6000,"qoePlaybackSpeed":328.2850655752552},"chunk-stream4-00051":{"qoeTotal":22438.114934424753,"qoeBitrate":62250,"qoeRebuffer":0,"qoeLatency":33483.59999999999,"qoeBitrateSwitch":6000,"qoePlaybackSpeed":328.2850655752552},"chunk-stream4-00052":{"qoeTotal":23522.514934424755,"qoeBitrate":64250,"qoeRebuffer":0,"qoeLatency":34399.19999999999,"qoeBitrateSwitch":6000,"qoePlaybackSpeed":328.2850655752552},"chunk-stream4-00053":{"qoeTotal":24606.914934424756,"qoeBitrate":66250,"qoeRebuffer":0,"qoeLatency":35314.79999999999,"qoeBitrateSwitch":6000,"qoePlaybackSpeed":328.2850655752552},"chunk-stream4-00054":{"qoeTotal":25691.314934424758,"qoeBitrate":68250,"qoeRebuffer":0,"qoeLatency":36230.39999999999,"qoeBitrateSwitch":6000,"qoePlaybackSpeed":328.2850655752552},"chunk-stream4-00055":{"qoeTotal":26775.71493442476,"qoeBitrate":70250,"qoeRebuffer":0,"qoeLatency":37145.999999999985,"qoeBitrateSwitch":6000,"qoePlaybackSpeed":328.2850655752552},"chunk-stream4-00056":{"qoeTotal":27860.11493442476,"qoeBitrate":72250,"qoeRebuffer":0,"qoeLatency":38061.599999999984,"qoeBitrateSwitch":6000,"qoePlaybackSpeed":328.2850655752552},"chunk-stream4-00057":{"qoeTotal":28944.514934424762,"qoeBitrate":74250,"qoeRebuffer":0,"qoeLatency":38977.19999999998,"qoeBitrateSwitch":6000,"qoePlaybackSpeed":328.2850655752552},"chunk-stream4-00058":{"qoeTotal":30021.71493442476,"qoeBitrate":76250,"qoeRebuffer":0,"qoeLatency":39899.999999999985,"qoeBitrateSwitch":6000,"qoePlaybackSpeed":328.2850655752552},"chunk-stream4-00059":{"qoeTotal":31106.11493442476,"qoeBitrate":78250,"qoeRebuffer":0,"qoeLatency":40815.599999999984,"qoeBitrateSwitch":6000,"qoePlaybackSpeed":328.2850655752552},"chunk-stream4-00060":{"qoeTotal":32190.514934424762,"qoeBitrate":80250,"qoeRebuffer":0,"qoeLatency":41731.19999999998,"qoeBitrateSwitch":6000,"qoePlaybackSpeed":328.2850655752552},