{"chunk-stream2-00018":{"qoeTotal":-544.0697261298399,"qoeBitrate":500,"qoeRebuffer":0,"qoeLatency":995.4,"qoeBitrateSwitch":0,"qoePlaybackSpeed":48.66972612983991},"init-stream3":{"qoeTotal":-502.07335886263706,"qoeBitrate":1750,"qoeRebuffer":0,"qoeLatency":2022.6,"qoeBitrateSwitch":150,"qoePlaybackSpeed":79.47335886263713},"chunk-stream3-00019":{"qoeTotal":-323.96448994304683,"qoeBitrate":3000,"qoeRebuffer":0,"qoeLatency":3078,"qoeBitrateSwitch":150,"qoePlaybackSpeed":95.96448994304684},"chunk-stream3-00020":{"qoeTotal":-193.51319962788915,"qoeBitrate":4250,"qoeRebuffer":0,"qoeLatency":4159.8,"qoeBitrateSwitch":150,"qoePlaybackSpeed":133.71319962788897},"chunk-stream3-00021":{"qoeTotal":-43.888338243976136,"qoeBitrate":5500,"qoeRebuffer":0,"qoeLatency":5224.200000000001,"qoeBitrateSwitch":150,"qoePlaybackSpeed":169.6883382439754},"chunk-stream3-00022":{"qoeTotal":148.98783896724558,"qoeBitrate":6750,"qoeRebuffer":0,"qoeLatency":6263.400000000001,"qoeBitrateSwitch":150,"qoePlaybackSpeed":187.61216103275387},"chunk-stream3-00023":{"qoeTotal":368.3243324189825,"qoeBitrate":8000,"qoeRebuffer":0,"qoeLatency":7284.000000000001,"qoeBitrateSwitch":150,"qoePlaybackSpeed":197.6756675810166},"chunk-stream3-00024":{"qoeTotal":595.9822650994906,"qoeBitrate":9250,"qoeRebuffer":0,"qoeLatency":8282.400000000001,"qoeBitrateSwitch":150,"qoePlaybackSpeed":221.6177349005079},"chunk-stream3-00025":{"qoeTotal":859.0408786547349,"qoeBitrate":10500,"qoeRebuffer":0,"qoeLatency":9252.000000000002,"qoeBitrateSwitch":150,"qoePlaybackSpeed":238.95912134526327},"chunk-stream3-00026":{"qoeTotal":1143.1069046193365,"qoeBitrate":11750,"qoeRebuffer":0,"qoeLatency":10204.800000000001,"qoeBitrateSwitch":150,"qoePlaybackSpeed":252.0930953806623},"chunk-stream3-00027":{"qoeTotal":1444.767360001436,"qoeBitrate":13000,"qoeRebuffer":0,"qoeLatency":11142.6,"qoeBitrateSwitch":150,"qoePlaybackSpeed":262.63263999856366},"chunk-stream3-00028":{"qoeTotal":1765.6976174496085,"qoeBitrate":14250,"qoeRebuffer":0,"qoeLatency":12064.800000000001,"qoeBitrateSwitch":150,"qoePlaybackSpeed":269.50238255039034},"chunk-stream3-00029":{"qoeTotal":2095.8976174496092,"qoeBitrate":15500,"qoeRebuffer":0,"qoeLatency":12984.6,"qoeBitrateSwitch":150,"qoePlaybackSpeed":269.50238255039034},"chunk-stream3-00030":{"qoeTotal":2424.8976174496092,"qoeBitrate":16750,"qoeRebuffer":0,"qoeLatency":13905.6,"qoeBitrateSwitch":150,"qoePlaybackSpeed":269.50238255039034},"chunk-stream3-00031":{"qoeTotal":2759.297617449609,"qoeBitrate":18000,"qoeRebuffer":0,"qoeLatency":14821.2,"qoeBitrateSwitch":150,"qoePlaybackSpeed":269.50238255039034},"chunk-stream3-00032":{"qoeTotal":3088.8976174496092,"qoeBitrate":19250,"qoeRebuffer":0,"qoeLatency":15741.6,"qoeBitrateSwitch":150,"qoePlaybackSpeed":269.50238255039034},"chunk-stream3-00033":{"qoeTotal":3423.297617449609,"qoeBitrate":20500,"qoeRebuffer":0,"qoeLatency":16657.2,"qoeBitrateSwitch":150,"qoePlaybackSpeed":269.50238255039034},"chunk-stream3-00034":{"qoeTotal":3752.8976174496074,"qoeBitrate":21750,"qoeRebuffer":0,"qoeLatency":17577.600000000002,"qoeBitrateSwitch":150,"qoePlaybackSpeed":269.50238255039034},"chunk-stream3-00035":{"qoeTotal":4087.297617449609,"qoeBitrate":23000,"qoeRebuffer":0,"qoeLatency":18493.2,"qoeBitrateSwitch":150,"qoePlaybackSpeed":269.50238255039034},"chunk-stream3-00036":{"qoeTotal":4416.897617449607,"qoeBitrate":24250,"qoeRebuffer":0,"qoeLatency":19413.600000000002,"qoeBitrateSwitch":150,"qoePlaybackSpeed":269.50238255039034},"init-stream2":{"qoeTotal":3498.7319091451905,"qoeBitrate":24750,"qoeRebuffer":0,"qoeLatency":20650.800000000003,"qoeBitrateSwitch":300,"qoePlaybackSpeed":300.4680908548068},"chunk-stream2-00037":{"qoeTotal":3083.131909145192,"qoeBitrate":25250,"qoeRebuffer":0,"qoeLatency":21566.4,"qoeBitrateSwitch":300,"qoePlaybackSpeed":300.4680908548068},"chunk-stream2-00038":{"qoeTotal":2667.5319091451934,"qoeBitrate":25750,"qoeRebuffer":0,"qoeLatency":22482,"qoeBitrateSwitch":300,"qoePlaybackSpeed":300.4680908548068},"chunk-stream2-00039":{"qoeTotal":2248.3319091451926,"qoeBitrate":26250,"qoeRebuffer":0,"qoeLatency":23401.2,"qoeBitrateSwitch":300,"qoePlaybackSpeed":300.4680908548068},"chunk-stream2-00040":{"qoeTotal":1829.7319091451939,"qoeBitrate":26750,"qoeRebuffer":0,"qoeLatency":24319.8,"qoeBitrateSwitch":300,"qoePlaybackSpeed":300.4680908548068},"chunk-stream2-00041":{"qoeTotal":1410.5319091451931,"qoeBitrate":27250,"qoeRebuffer":0,"qoeLatency":25239,"qoeBitrateSwitch":300,"qoePlaybackSpeed":300.4680908548068},"chunk-stream2-00042":{"qoeTotal":991.9319091451946,"qoeBitrate":27750,"qoeRebuffer":0,"qoeLatency":26157.6,"qoeBitrateSwitch":300,"qoePlaybackSpeed":300.4680908548068},"chunk-stream3-00043":{"qoeTotal":1170.9319091451946,"qoeBitrate":29000,"qoeRebuffer":0,"qoeLatency":27078.6,"qoeBitrateSwitch":450,"qoePlaybackSpeed":300.4680908548068},"chunk-stream3-00044":{"qoeTotal":1499.9319091451946,"qoeBitrate":30250,"qoeRebuffer":0,"qoeLatency":27999.6,"qoeBitrateSwitch":450,"qoePlaybackSpeed":300.4680908548068},"chunk-stream3-00045":{"qoeTotal":1829.5319091451931,"qoeBitrate":31500,"qoeRebuffer":0,"qoeLatency":28920,"qoeBitrateSwitch":450,"qoePlaybackSpeed":300.4680908548068},"chunk-stream3-00046":{"qoeTotal":2159.731909145194,"qoeBitrate":32750,"qoeRebuffer":0,"qoeLatency":29839.8,"qoeBitrateSwitch":450,"qoePlaybackSpeed":300.4680908548068},"chunk-stream3-00047":{"qoeTotal":2494.1319091451956,"qoeBitrate":34000,"qoeRebuffer":0,"qoeLatency":30755.399999999998,"qoeBitrateSwitch":450,"qoePlaybackSpeed":300.4680908548068},"chunk-stream3-00048":{"qoeTotal":2823.731909145194,"qoeBitrate":35250,"qoeRebuffer":0,"qoeLatency":31675.8,"qoeBitrateSwitch":450,"qoePlaybackSpeed":300.4680908548068},"chunk-stream3-00049":{"qoeTotal":3152.731909145194,"qoeBitrate":36500,"qoeRebuffer":0,"qoeLatency":32596.8,"qoeBitrateSwitch":450,"qoePlaybackSpeed":300.4680908548068},"chunk-stream3-00050":{"qoeTotal":3480.5319091451934,"qoeBitrate":37750,"qoeRebuffer":0,"qoeLatency":33519,"qoeBitrateSwitch":450,"qoePlaybackSpeed":300.4680908548068},"chunk-stream3-00051":{"qoeTotal":3808.931909145195,"qoeBitrate":39000,"qoeRebuffer":0,"qoeLatency":34440.6,"qoeBitrateSwitch":450,"qoePlaybackSpeed":300.4680908548068},"chunk-stream3-00052":{"qoeTotal":4138.531909145193,"qoeBitrate":40250,"qoeRebuffer":0,"qoeLatency":35361,"qoeBitrateSwitch":450,"qoePlaybackSpeed":300.4680908548068},"chunk-stream3-00053":{"qoeTotal":4468.73190914519,"qoeBitrate":41500,"qoeRebuffer":0,"qoeLatency":36280.8,"qoeBitrateSwitch":450,"qoePlaybackSpeed":300.4680908548068},"chunk-stream3-00054":{"qoeTotal":4798.931909145187,"qoeBitrate":42750,"qoeRebuffer":0,"qoeLatency":37200.600000000006,"qoeBitrateSwitch":450,"qoePlaybackSpeed":300.4680908548068},"init-stream4":{"qoeTotal":5733.331909145189,"qoeBitrate":44750,"qoeRebuffer":0,"qoeLatency":38116.200000000004,"qoeBitrateSwitch":600,"qoePlaybackSpeed":300.4680908548068},"chunk-stream4-00055":{"qoeTotal":6817.73190914519,"qoeBitrate":46750,"qoeRebuffer":0,"qoeLatency":39031.8,"qoeBitrateSwitch":600,"qoePlaybackSpeed":300.4680908548068},"chunk-stream4-00056":{"qoeTotal":7855.880533786464,"qoeBitrate":48750,"qoeRebuffer":0,"qoeLatency":39972,"qoeBitrateSwitch":600,"qoePlaybackSpeed":322.1194662135357},"chunk-stream4-00057":{"qoeTotal":7253.330611104972,"qoeBitrate":50750,"qoeRebuffer":1537.2000002861023,"qoeLatency":41001.6,"qoeBitrateSwitch":600,"qoePlaybackSpeed":357.86938860892695},"chunk-stream3-00058":{"qoeTotal":5630.444033536369,"qoeBitrate":52000,"qoeRebuffer":3111,"qoeLatency":42113.4,"qoeBitrateSwitch":750,"qoePlaybackSpeed":395.15596646362945},"chunk-stream3-00059":{"qoeTotal":4152.227109720209,"qoeBitrate":53250,"qoeRebuffer":4632.599999427795,"qoeLatency":43288.200000000004,"qoeBitrateSwitch":750,"qoePlaybackSpeed":426.97289085199077},"chunk-stream3-00060":{"qoeTotal":4135.261401415793,"qoeBitrate":54500,"qoeRebuffer":4632.599999427795,"qoeLatency":44524.200000000004,"qoeBitrateSwitch":750,"qoePlaybackSpeed":457.93859915640724},