{"chunk-stream2-00018":{"qoeTotal":-613.6724155384802,"qoeBitrate":500,"qoeRebuffer":0,"qoeLatency":1072.8,"qoeBitrateSwitch":0,"qoePlaybackSpeed":40.87241553848027},"chunk-stream2-00019":{"qoeTotal":-2834.8599639956756,"qoeBitrate":1000,"qoeRebuffer":1589.3999991416931,"qoeLatency":2187,"qoeBitrateSwitch":0,"qoePlaybackSpeed":58.459964853982484},"chunk-stream2-00020":{"qoeTotal":-3501.178913232592,"qoeBitrate":1500,"qoeRebuffer":1589.3999991416931,"qoeLatency":3309,"qoeBitrateSwitch":0,"qoePlaybackSpeed":102.77891409089919},"chunk-stream2-00021":{"qoeTotal":-4120.066258054336,"qoeBitrate":2000,"qoeRebuffer":1589.3999991416931,"qoeLatency":4389.6,"qoeBitrateSwitch":0,"qoePlaybackSpeed":141.06625891264213},"chunk-stream2-00022":{"qoeTotal":-4692.043659941558,"qoeBitrate":2500,"qoeRebuffer":1589.3999991416931,"qoeLatency":5430,"qoeBitrateSwitch":0,"qoePlaybackSpeed":172.64366079986473},"chunk-stream2-00023":{"qoeTotal":-5222.01428896356,"qoeBitrate":3000,"qoeRebuffer":1589.3999991416931,"qoeLatency":6433.8,"qoeBitrateSwitch":0,"qoePlaybackSpeed":198.8142898218667},"chunk-stream2-00024":{"qoeTotal":-5717.446352567398,"qoeBitrate":3500,"qoeRebuffer":1589.3999991416931,"qoeLatency":7407.6,"qoeBitrateSwitch":0,"qoePlaybackSpeed":220.4463534257045},"chunk-stream2-00025":{"qoeTotal":-6186.741472311621,"qoeBitrate":4000,"qoeRebuffer":1589.3999991416931,"qoeLatency":8362.2,"qoeBitrateSwitch":0,"qoePlaybackSpeed":235.14147316992708},"chunk-stream2-00026":{"qoeTotal":-6635.783991525116,"qoeBitrate":4500,"qoeRebuffer":1589.3999991416931,"qoeLatency":9299.400000000001,"qoeBitrateSwitch":0,"qoePlaybackSpeed":246.9839923834213},"chunk-stream2-00027":{"qoeTotal":-7071.435140120971,"qoeBitrate":5000,"qoeRebuffer":1589.3999991416931,"qoeLatency":10227.000000000002,"qoeBitrateSwitch":0,"qoePlaybackSpeed":255.0351409792758},"chunk-stream2-00028":{"qoeTotal":-7488.83514012097,"qoeBitrate":5500,"qoeRebuffer":1589.3999991416931,"qoeLatency":11144.400000000001,"qoeBitrateSwitch":0,"qoePlaybackSpeed":255.0351409792758},"chunk-stream2-00029":{"qoeTotal":-7906.23514012097,"qoeBitrate":6000,"qoeRebuffer":1589.3999991416931,"qoeLatency":12061.800000000001,"qoeBitrateSwitch":0,"qoePlaybackSpeed":255.0351409792758},"chunk-stream2-00030":{"qoeTotal":-8326.63514012097,"qoeBitrate":6500,"qoeRebuffer":1589.3999991416931,"qoeLatency":12982.2,"qoeBitrateSwitch":0,"qoePlaybackSpeed":255.0351409792758},"chunk-stream2-00031":{"qoeTotal":-8747.03514012097,"qoeBitrate":7000,"qoeRebuffer":1589.3999991416931,"qoeLatency":13902.6,"qoeBitrateSwitch":0,"qoePlaybackSpeed":255.0351409792758},"chunk-stream2-00032":{"qoeTotal":-9167.43514012097,"qoeBitrate":7500,"qoeRebuffer":1589.3999991416931,"qoeLatency":14823,"qoeBitrateSwitch":0,"qoePlaybackSpeed":255.0351409792758},"chunk-stream2-00033":{"qoeTotal":-9590.235140120969,"qoeBitrate":8000,"qoeRebuffer":1589.3999991416931,"qoeLatency":15745.8,"qoeBitrateSwitch":0,"qoePlaybackSpeed":255.0351409792758},"chunk-stream2-00034":{"qoeTotal":-10010.63514012097,"qoeBitrate":8500,"qoeRebuffer":1589.3999991416931,"qoeLatency":16666.2,"qoeBitrateSwitch":0,"qoePlaybackSpeed":255.0351409792758},"chunk-stream2-00035":{"qoeTotal":-10431.035140120972,"qoeBitrate":9000,"qoeRebuffer":1589.3999991416931,"qoeLatency":17586.600000000002,"qoeBitrateSwitch":0,"qoePlaybackSpeed":255.0351409792758},"chunk-stream2-00036":{"qoeTotal":-10852.035140120972,"qoeBitrate":9500,"qoeRebuffer":1589.3999991416931,"qoeLatency":18507.600000000002,"qoeBitrateSwitch":0,"qoePlaybackSpeed":255.0351409792758},"chunk-stream2-00037":{"qoeTotal":-11272.435140120973,"qoeBitrate":10000,"qoeRebuffer":1589.3999991416931,"qoeLatency":19428.000000000004,"qoeBitrateSwitch":0,"qoePlaybackSpeed":255.0351409792758},"chunk-stream2-00038":{"qoeTotal":-11692.835140120975,"qoeBitrate":10500,"qoeRebuffer":1589.3999991416931,"qoeLatency":20348.400000000005,"qoeBitrateSwitch":0,"qoePlaybackSpeed":255.0351409792758},"chunk-stream2-00039":{"qoeTotal":-12113.235140120976,"qoeBitrate":11000,"qoeRebuffer":1589.3999991416931,"qoeLatency":21268.800000000007,"qoeBitrateSwitch":0,"qoePlaybackSpeed":255.0351409792758},"chunk-stream2-00040":{"qoeTotal":-12533.635140120978,"qoeBitrate":11500,"qoeRebuffer":1589.3999991416931,"qoeLatency":22189.200000000008,"qoeBitrateSwitch":0,"qoePlaybackSpeed":255.0351409792758},"chunk-stream2-00041":{"qoeTotal":-12954.03514012098,"qoeBitrate":12000,"qoeRebuffer":1589.3999991416931,"qoeLatency":23109.60000000001,"qoeBitrateSwitch":0,"qoePlaybackSpeed":255.0351409792758},"chunk-stream2-00042":{"qoeTotal":-13374.43514012098,"qoeBitrate":12500,"qoeRebuffer":1589.3999991416931,"qoeLatency":24030.00000000001,"qoeBitrateSwitch":0,"qoePlaybackSpeed":255.0351409792758},"chunk-stream2-00043":{"qoeTotal":-13791.835140120982,"qoeBitrate":13000,"qoeRebuffer":1589.3999991416931,"qoeLatency":24947.400000000012,"qoeBitrateSwitch":0,"qoePlaybackSpeed":255.0351409792758},"chunk-stream2-00044":{"qoeTotal":-14212.235140120983,"qoeBitrate":13500,"qoeRebuffer":1589.3999991416931,"qoeLatency":25867.800000000014,"qoeBitrateSwitch":0,"qoePlaybackSpeed":255.0351409792758},"chunk-stream2-00045":{"qoeTotal":-14632.635140120985,"qoeBitrate":14000,"qoeRebuffer":1589.3999991416931,"qoeLatency":26788.200000000015,"qoeBitrateSwitch":0,"qoePlaybackSpeed":255.0351409792758},"chunk-stream2-00046":{"qoeTotal":-15053.035140120986,"qoeBitrate":14500,"qoeRebuffer":1589.3999991416931,"qoeLatency":27708.600000000017,"qoeBitrateSwitch":0,"qoePlaybackSpeed":255.0351409792758},"chunk-stream2-00047":{"qoeTotal":-15474.035140120986,"qoeBitrate":15000,"qoeRebuffer":1589.3999991416931,"qoeLatency":28629.600000000017,"qoeBitrateSwitch":0,"qoePlaybackSpeed":255.0351409792758},"chunk-stream2-00048":{"qoeTotal":-15894.435140120988,"qoeBitrate":15500,"qoeRebuffer":1589.3999991416931,"qoeLatency":29550.00000000002,"qoeBitrateSwitch":0,"qoePlaybackSpeed":255.0351409792758},"chunk-stream2-00049":{"qoeTotal":-16315.435140120988,"qoeBitrate":16000,"qoeRebuffer":1589.3999991416931,"qoeLatency":30471.00000000002,"qoeBitrateSwitch":0,"qoePlaybackSpeed":255.0351409792758},"chunk-stream2-00050":{"qoeTotal":-16735.235140120985,"qoeBitrate":16500,"qoeRebuffer":1589.3999991416931,"qoeLatency":31390.800000000017,"qoeBitrateSwitch":0,"qoePlaybackSpeed":255.0351409792758},"init-stream3":{"qoeTotal":-16552.635140120987,"qoeBitrate":17750,"qoeRebuffer":1589.3999991416931,"qoeLatency":32308.20000000002,"qoeBitrateSwitch":150,"qoePlaybackSpeed":255.0351409792758},"chunk-stream3-00051":{"qoeTotal":-16226.03514012099,"qoeBitrate":19000,"qoeRebuffer":1589.3999991416931,"qoeLatency":33231.60000000002,"qoeBitrateSwitch":150,"qoePlaybackSpeed":255.0351409792758},"chunk-stream3-00052":{"qoeTotal":-15897.03514012099,"qoeBitrate":20250,"qoeRebuffer":1589.3999991416931,"qoeLatency":34152.60000000002,"qoeBitrateSwitch":150,"qoePlaybackSpeed":255.0351409792758},"chunk-stream3-00053":{"qoeTotal":-15568.635140120989,"qoeBitrate":21500,"qoeRebuffer":1589.3999991416931,"qoeLatency":35074.20000000002,"qoeBitrateSwitch":150,"qoePlaybackSpeed":255.0351409792758},"chunk-stream3-00054":{"qoeTotal":-15242.03514012099,"qoeBitrate":22750,"qoeRebuffer":1589.3999991416931,"qoeLatency":35997.60000000002,"qoeBitrateSwitch":150,"qoePlaybackSpeed":255.0351409792758},"chunk-stream3-00055":{"qoeTotal":-14909.435140120991,"qoeBitrate":24000,"qoeRebuffer":1589.3999991416931,"qoeLatency":36915.00000000002,"qoeBitrateSwitch":150,"qoePlaybackSpeed":255.0351409792758},"chunk-stream3-00056":{"qoeTotal":-14587.03514012099,"qoeBitrate":25250,"qoeRebuffer":1589.3999991416931,"qoeLatency":37842.60000000002,"qoeBitrateSwitch":150,"qoePlaybackSpeed":255.0351409792758},"chunk-stream3-00057":{"qoeTotal":-14267.783253228212,"qoeBitrate":26500,"qoeRebuffer":1589.3999991416931,"qoeLatency":38769.60000000002,"qoeBitrateSwitch":150,"qoePlaybackSpeed":258.7832540864982},"chunk-stream3-00058":{"qoeTotal":-13985.076047413233,"qoeBitrate":27750,"qoeRebuffer":1589.3999991416931,"qoeLatency":39718.80000000002,