{"chunk-stream2-00018":{"qoeTotal":-614.0339801613296,"qoeBitrate":500,"qoeRebuffer":0,"qoeLatency":1073.3999999999999,"qoeBitrateSwitch":0,"qoePlaybackSpeed":40.633980161329795},"chunk-stream2-00019":{"qoeTotal":-2816.4116936343316,"qoeBitrate":1000,"qoeRebuffer":1570.2000002861023,"qoeLatency":2191.2,"qoeBitrateSwitch":0,"qoePlaybackSpeed":55.01169334822959},"chunk-stream2-00020":{"qoeTotal":-3453.989406821231,"qoeBitrate":1500,"qoeRebuffer":1570.2000002861023,"qoeLatency":3314.3999999999996,"qoeBitrateSwitch":0,"qoePlaybackSpeed":69.3894065351294},"chunk-stream2-00021":{"qoeTotal":-4112.440070488608,"qoeBitrate":2000,"qoeRebuffer":1570.2000002861023,"qoeLatency":4428.599999999999,"qoeBitrateSwitch":0,"qoePlaybackSpeed":113.64007020250656},"chunk-stream2-00022":{"qoeTotal":-4736.99827916087,"qoeBitrate":2500,"qoeRebuffer":1570.2000002861023,"qoeLatency":5513.4,"qoeBitrateSwitch":0,"qoePlaybackSpeed":153.3982788747682},"chunk-stream2-00023":{"qoeTotal":-5337.490288724131,"qoeBitrate":3000,"qoeRebuffer":1570.2000002861023,"qoeLatency":6576.599999999999,"qoeBitrateSwitch":0,"qoePlaybackSpeed":190.69028843802886},"chunk-stream2-00024":{"qoeTotal":-5896.968934698004,"qoeBitrate":3500,"qoeRebuffer":1570.2000002861023,"qoeLatency":7605.599999999999,"qoeBitrateSwitch":0,"qoePlaybackSpeed":221.16893441190263},"chunk-stream2-00025":{"qoeTotal":-6407.213786632547,"qoeBitrate":4000,"qoeRebuffer":1570.2000002861023,"qoeLatency":8595,"qoeBitrateSwitch":0,"qoePlaybackSpeed":242.0137863464452},"chunk-stream2-00026":{"qoeTotal":-6885.47983778744,"qoeBitrate":4500,"qoeRebuffer":1570.2000002861023,"qoeLatency":9556.2,"qoeBitrateSwitch":0,"qoePlaybackSpeed":259.0798375013377},"chunk-stream2-00027":{"qoeTotal":-7338.289254651377,"qoeBitrate":5000,"qoeRebuffer":1570.2000002861023,"qoeLatency":10497.6,"qoeBitrateSwitch":0,"qoePlaybackSpeed":270.4892543652738},"chunk-stream2-00028":{"qoeTotal":-7773.49806900284,"qoeBitrate":5500,"qoeRebuffer":1570.2000002861023,"qoeLatency":11425.2,"qoeBitrateSwitch":0,"qoePlaybackSpeed":278.098068716737},"chunk-stream2-00029":{"qoeTotal":-8193.29806900284,"qoeBitrate":6000,"qoeRebuffer":1570.2000002861023,"qoeLatency":12345,"qoeBitrateSwitch":0,"qoePlaybackSpeed":278.098068716737},"chunk-stream2-00030":{"qoeTotal":-8613.09806900284,"qoeBitrate":6500,"qoeRebuffer":1570.2000002861023,"qoeLatency":13264.8,"qoeBitrateSwitch":0,"qoePlaybackSpeed":278.098068716737},"chunk-stream2-00031":{"qoeTotal":-9032.898069002838,"qoeBitrate":7000,"qoeRebuffer":1570.2000002861023,"qoeLatency":14184.599999999999,"qoeBitrateSwitch":0,"qoePlaybackSpeed":278.098068716737},"init-stream3":{"qoeTotal":-17585.09806957504,"qoeBitrate":8250,"qoeRebuffer":3117.600000858307,"qoeLatency":22289.399999999998,"qoeBitrateSwitch":150,"qoePlaybackSpeed":278.098068716737},"chunk-stream3-00032":{"qoeTotal":-17251.89806957504,"qoeBitrate":9500,"qoeRebuffer":3117.600000858307,"qoeLatency":23206.199999999997,"qoeBitrateSwitch":150,"qoePlaybackSpeed":278.098068716737},"chunk-stream3-00033":{"qoeTotal":-16923.49806957504,"qoeBitrate":10750,"qoeRebuffer":3117.600000858307,"qoeLatency":24127.799999999996,"qoeBitrateSwitch":150,"qoePlaybackSpeed":278.098068716737},"chunk-stream3-00034":{"qoeTotal":-16593.89806957504,"qoeBitrate":12000,"qoeRebuffer":3117.600000858307,"qoeLatency":25048.199999999997,"qoeBitrateSwitch":150,"qoePlaybackSpeed":278.098068716737},"chunk-stream3-00035":{"qoeTotal":-16266.098069575042,"qoeBitrate":13250,"qoeRebuffer":3117.600000858307,"qoeLatency":25970.399999999998,"qoeBitrateSwitch":150,"qoePlaybackSpeed":278.098068716737},"chunk-stream3-00036":{"qoeTotal":-15940.098069575042,"qoeBitrate":14500,"qoeRebuffer":3117.600000858307,"qoeLatency":26894.399999999998,"qoeBitrateSwitch":150,"qoePlaybackSpeed":278.098068716737},"chunk-stream3-00037":{"qoeTotal":-15612.298069575043,"qoeBitrate":15750,"qoeRebuffer":3117.600000858307,"qoeLatency":27816.6,"qoeBitrateSwitch":150,"qoePlaybackSpeed":278.098068716737},"chunk-stream3-00038":{"qoeTotal":-15285.098069575042,"qoeBitrate":17000,"qoeRebuffer":3117.600000858307,"qoeLatency":28739.399999999998,"qoeBitrateSwitch":150,"qoePlaybackSpeed":278.098068716737},"chunk-stream3-00039":{"qoeTotal":-14965.815190804917,"qoeBitrate":18250,"qoeRebuffer":3117.600000858307,"qoeLatency":29664.6,"qoeBitrateSwitch":150,"qoePlaybackSpeed":283.6151899466116},"chunk-stream3-00040":{"qoeTotal":-14721.97055378661,"qoeBitrate":19500,"qoeRebuffer":3117.600000858307,"qoeLatency":30637.199999999997,"qoeBitrateSwitch":150,"qoePlaybackSpeed":317.1705529283066},"chunk-stream3-00041":{"qoeTotal":-17776.15851601142,"qoeBitrate":20750,"qoeRebuffer":6205.200001716614,"qoeLatency":31809.6,"qoeBitrateSwitch":150,"qoePlaybackSpeed":361.3585142948074},"chunk-stream3-00042":{"qoeTotal":-19385.91889460768,"qoeBitrate":22000,"qoeRebuffer":7730.400002002716,"qoeLatency":33100.799999999996,"qoeBitrateSwitch":150,"qoePlaybackSpeed":404.7188926049665},"chunk-stream3-00043":{"qoeTotal":-21087.353933854418,"qoeBitrate":23250,"qoeRebuffer":9270.000001430511,"qoeLatency":34469.99999999999,"qoeBitrateSwitch":150,"qoePlaybackSpeed":447.35393242391484},"chunk-stream3-00044":{"qoeTotal":-22987.037686265558,"qoeBitrate":24500,"qoeRebuffer":10855.200001716614,"qoeLatency":35990.99999999999,"qoeBitrateSwitch":150,"qoePlaybackSpeed":490.83768454895096},"chunk-stream3-00045":{"qoeTotal":-26789.50674561968,"qoeBitrate":25750,"qoeRebuffer":14038.80000114441,"qoeLatency":37812.59999999999,"qoeBitrateSwitch":150,"qoePlaybackSpeed":538.1067444752819},"chunk-stream3-00046":{"qoeTotal":-31082.68108718319,"qoeBitrate":27000,"qoeRebuffer":17412.600000858307,"qoeLatency":39938.399999999994,"qoeBitrateSwitch":150,"qoePlaybackSpeed":581.681086324891},"chunk-stream3-00047":{"qoeTotal":-40001.08619126747,"qoeBitrate":28250,"qoeRebuffer":24774.599999427795,"qoeLatency":42697.799999999996,"qoeBitrateSwitch":150,"qoePlaybackSpeed":628.6861918396829},"chunk-stream3-00048":{"qoeTotal":-47501.33001922922,"qoeBitrate":29500,"qoeRebuffer":30236.399999141693,"qoeLatency":45944.399999999994,"qoeBitrateSwitch":150,"qoePlaybackSpeed":670.5300200875386},"chunk-stream3-00049":{"qoeTotal":-54382.91924421862,"qoeBitrate":30750,"qoeRebuffer":34763.400000572205,"qoeLatency":49500.59999999999,"qoeBitrateSwitch":150,"qoePlaybackSpeed":718.9192436464208},"chunk-stream3-00050":{"qoeTotal":-62485.508468349704,"qoeBitrate":32000,"qoeRebuffer":40093.80000114441,"qoeLatency":53474.399999999994,"qoeBitrateSwitch":150,"qoePlaybackSpeed":767.308467205303},"chunk-stream3-00051":{"qoeTotal":-69236.75643281711,"qoeBitrate":33250,"qoeRebuffer":43851.00000143051,"qoeLatency":57676.799999999996,"qoeBitrateSwitch":150,"qoePlaybackSpeed":808.9564313866156},"chunk-stream3-00052":{"qoeTotal":-72277.26668575883,"qoeBitrate":34500,"qoeRebuffer":43851.00000143051,"qoeLatency":61938.6,"qoeBitrateSwitch":150,"qoePlaybackSpeed":837.6666843283181},"chunk-stream3-00053":{"qoeTotal":-75359.67474106008,"qoeBitrate":35750,"qoeRebuffer":43851.00000143051,"qoeLatency":66240,"qoeBitrateSwitch":150,"qoePlaybackSpeed":868.6747396295622},"chunk-stream3-00054":{"qoeTotal":-78468.41003482626,"qoeBitrate":37000,"qoeRebuffer":43851.00000143051,"qoeLatency":70562.4,"qoeBitrateSwitch":150,"qoePlaybackSpeed":905.0100333957469},"chunk-stream3-00055":{"qoeTotal":-81740.28771870342,"qoeBitrate":38250,"qoeRebuffer":43851.00000143051,"qoeLatency":75060.59999999999,"qoeBitrateSwitch":150,"qoePlaybackSpeed":928.6877172729199},"chunk-stream3-00056":{"qoeTotal":-91773.64216836411,"qoeBitrate":39500,"qoeRebuffer":50136.00000143051,"qoeLatency":80020.79999999999,"qoeBitrateSwitch":150,"qoePlaybackSpeed":966.8421669336068},"chunk-stream3-00057":{"qoeTotal":-97358.09731969656,"qoeBitrate":40750,"qoeRebuffer":51721.200001716614,"qoeLatency":85228.19999999998,"qoeBitrateSwitch":150,"qoePlaybackSpeed":1008.6973179799738},"chunk-stream3-00058":{"qoeTotal":-104773.7593395641,"qoeBitrate":42000,"qoeRebuffer":54844.200001716614,"qoeLatency":90731.39999999998,