{"chunk-stream2-00018":{"qoeTotal":-555.7487595876656,"qoeBitrate":500,"qoeRebuffer":0,"qoeLatency":1006.8,"qoeBitrateSwitch":0,"qoePlaybackSpeed":48.94875958766563},"chunk-stream2-00019":{"qoeTotal":-1107.4107603177754,"qoeBitrate":1000,"qoeRebuffer":0,"qoeLatency":2029.8,"qoeBitrateSwitch":0,"qoePlaybackSpeed":77.61076031777547},"chunk-stream2-00020":{"qoeTotal":-1645.2727610478853,"qoeBitrate":1500,"qoeRebuffer":0,"qoeLatency":3039,"qoeBitrateSwitch":0,"qoePlaybackSpeed":106.27276104788533},"chunk-stream2-00021":{"qoeTotal":-2164.740818144762,"qoeBitrate":2000,"qoeRebuffer":0,"qoeLatency":4034.4,"qoeBitrateSwitch":0,"qoePlaybackSpeed":130.3408181447621},"chunk-stream2-00022":{"qoeTotal":-2664.4568493549805,"qoeBitrate":2500,"qoeRebuffer":0,"qoeLatency":5014.2,"qoeBitrateSwitch":0,"qoePlaybackSpeed":150.25684935498052},"chunk-stream2-00023":{"qoeTotal":-3142.492231273717,"qoeBitrate":3000,"qoeRebuffer":0,"qoeLatency":5976,"qoeBitrateSwitch":0,"qoePlaybackSpeed":166.49223127371732},"init-stream3":{"qoeTotal":-10431.456733357514,"qoeBitrate":4250,"qoeRebuffer":0,"qoeLatency":14316,"qoeBitrateSwitch":150,"qoePlaybackSpeed":215.45673335751493},"chunk-stream3-00024":{"qoeTotal":-10136.086763589135,"qoeBitrate":5500,"qoeRebuffer":0,"qoeLatency":15259.8,"qoeBitrateSwitch":150,"qoePlaybackSpeed":226.2867635891369},"chunk-stream3-00025":{"qoeTotal":-9823.400217628103,"qoeBitrate":6750,"qoeRebuffer":0,"qoeLatency":16189.8,"qoeBitrateSwitch":150,"qoePlaybackSpeed":233.60021762810283},"chunk-stream3-00026":{"qoeTotal":-9489.000217628101,"qoeBitrate":8000,"qoeRebuffer":0,"qoeLatency":17105.399999999998,"qoeBitrateSwitch":150,"qoePlaybackSpeed":233.60021762810283},"chunk-stream3-00027":{"qoeTotal":-9160.000217628101,"qoeBitrate":9250,"qoeRebuffer":0,"qoeLatency":18026.399999999998,"qoeBitrateSwitch":150,"qoePlaybackSpeed":233.60021762810283},"chunk-stream3-00028":{"qoeTotal":-8831.000217628101,"qoeBitrate":10500,"qoeRebuffer":0,"qoeLatency":18947.399999999998,"qoeBitrateSwitch":150,"qoePlaybackSpeed":233.60021762810283},"chunk-stream3-00029":{"qoeTotal":-8496.6002176281,"qoeBitrate":11750,"qoeRebuffer":0,"qoeLatency":19862.999999999996,"qoeBitrateSwitch":150,"qoePlaybackSpeed":233.60021762810283},"chunk-stream3-00030":{"qoeTotal":-8161.600217628099,"qoeBitrate":13000,"qoeRebuffer":0,"qoeLatency":20777.999999999996,"qoeBitrateSwitch":150,"qoePlaybackSpeed":233.60021762810283},"chunk-stream3-00031":{"qoeTotal":-7827.200217628098,"qoeBitrate":14250,"qoeRebuffer":0,"qoeLatency":21693.599999999995,"qoeBitrateSwitch":150,"qoePlaybackSpeed":233.60021762810283},"chunk-stream3-00032":{"qoeTotal":-7492.200217628098,"qoeBitrate":15500,"qoeRebuffer":0,"qoeLatency":22608.599999999995,"qoeBitrateSwitch":150,"qoePlaybackSpeed":233.60021762810283},"chunk-stream3-00033":{"qoeTotal":-7163.800217628096,"qoeBitrate":16750,"qoeRebuffer":0,"qoeLatency":23530.199999999993,"qoeBitrateSwitch":150,"qoePlaybackSpeed":233.60021762810283},"chunk-stream3-00034":{"qoeTotal":-6833.600217628095,"qoeBitrate":18000,"qoeRebuffer":0,"qoeLatency":24449.999999999993,"qoeBitrateSwitch":150,"qoePlaybackSpeed":233.60021762810283},"chunk-stream3-00035":{"qoeTotal":-6499.200217628094,"qoeBitrate":19250,"qoeRebuffer":0,"qoeLatency":25365.59999999999,"qoeBitrateSwitch":150,"qoePlaybackSpeed":233.60021762810283},"chunk-stream3-00036":{"qoeTotal":-6169.000217628093,"qoeBitrate":20500,"qoeRebuffer":0,"qoeLatency":26285.39999999999,"qoeBitrateSwitch":150,"qoePlaybackSpeed":233.60021762810283},"chunk-stream3-00037":{"qoeTotal":-5840.600217628092,"qoeBitrate":21750,"qoeRebuffer":0,"qoeLatency":27206.99999999999,"qoeBitrateSwitch":150,"qoePlaybackSpeed":233.60021762810283},"chunk-stream3-00038":{"qoeTotal":-5505.600217628092,"qoeBitrate":23000,"qoeRebuffer":0,"qoeLatency":28121.99999999999,"qoeBitrateSwitch":150,"qoePlaybackSpeed":233.60021762810283},"chunk-stream3-00039":{"qoeTotal":-5176.000217628093,"qoeBitrate":24250,"qoeRebuffer":0,"qoeLatency":29042.39999999999,"qoeBitrateSwitch":150,"qoePlaybackSpeed":233.60021762810283},"chunk-stream3-00040":{"qoeTotal":-4847.600217628092,"qoeBitrate":25500,"qoeRebuffer":0,"qoeLatency":29963.99999999999,"qoeBitrateSwitch":150,"qoePlaybackSpeed":233.60021762810283},"chunk-stream3-00041":{"qoeTotal":-4519.20021762809,"qoeBitrate":26750,"qoeRebuffer":0,"qoeLatency":30885.599999999988,"qoeBitrateSwitch":150,"qoePlaybackSpeed":233.60021762810283},"chunk-stream3-00042":{"qoeTotal":-4189.600217628092,"qoeBitrate":28000,"qoeRebuffer":0,"qoeLatency":31805.99999999999,"qoeBitrateSwitch":150,"qoePlaybackSpeed":233.60021762810283},"chunk-stream3-00043":{"qoeTotal":-3860.000217628093,"qoeBitrate":29250,"qoeRebuffer":0,"qoeLatency":32726.39999999999,"qoeBitrateSwitch":150,"qoePlaybackSpeed":233.60021762810283},"chunk-stream3-00044":{"qoeTotal":-3531.000217628097,"qoeBitrate":30500,"qoeRebuffer":0,"qoeLatency":33647.399999999994,"qoeBitrateSwitch":150,"qoePlaybackSpeed":233.60021762810283},"chunk-stream3-00045":{"qoeTotal":-3202.000217628097,"qoeBitrate":31750,"qoeRebuffer":0,"qoeLatency":34568.399999999994,"qoeBitrateSwitch":150,"qoePlaybackSpeed":233.60021762810283},"chunk-stream3-00046":{"qoeTotal":-2872.4002176280983,"qoeBitrate":33000,"qoeRebuffer":0,"qoeLatency":35488.799999999996,"qoeBitrateSwitch":150,"qoePlaybackSpeed":233.60021762810283},"chunk-stream3-00047":{"qoeTotal":-2542.8002176280997,"qoeBitrate":34250,"qoeRebuffer":0,"qoeLatency":36409.2,"qoeBitrateSwitch":150,"qoePlaybackSpeed":233.60021762810283},"chunk-stream3-00048":{"qoeTotal":-2213.200217628101,"qoeBitrate":35500,"qoeRebuffer":0,"qoeLatency":37329.6,"qoeBitrateSwitch":150,"qoePlaybackSpeed":233.60021762810283},"chunk-stream3-00049":{"qoeTotal":-1884.8002176281,"qoeBitrate":36750,"qoeRebuffer":0,"qoeLatency":38251.2,"qoeBitrateSwitch":150,"qoePlaybackSpeed":233.60021762810283},"chunk-stream3-00050":{"qoeTotal":-1549.8002176281,"qoeBitrate":38000,"qoeRebuffer":0,"qoeLatency":39166.2,"qoeBitrateSwitch":150,"qoePlaybackSpeed":233.60021762810283},"chunk-stream3-00051":{"qoeTotal":-1220.8002176281,"qoeBitrate":39250,"qoeRebuffer":0,"qoeLatency":40087.2,"qoeBitrateSwitch":150,"qoePlaybackSpeed":233.60021762810283},"chunk-stream3-00052":{"qoeTotal":-886.4002176280985,"qoeBitrate":40500,"qoeRebuffer":0,"qoeLatency":41002.799999999996,"qoeBitrateSwitch":150,"qoePlaybackSpeed":233.60021762810283},"chunk-stream3-00053":{"qoeTotal":-555.6002176280956,"qoeBitrate":41750,"qoeRebuffer":0,"qoeLatency":41921.99999999999,"qoeBitrateSwitch":150,"qoePlaybackSpeed":233.60021762810283},"chunk-stream3-00054":{"qoeTotal":-225.40021762809846,"qoeBitrate":43000,"qoeRebuffer":0,"qoeLatency":42841.799999999996,"qoeBitrateSwitch":150,"qoePlaybackSpeed":233.60021762810283},"chunk-stream3-00055":{"qoeTotal":100.59978237190154,"qoeBitrate":44250,"qoeRebuffer":0,"qoeLatency":43765.799999999996,"qoeBitrateSwitch":150,"qoePlaybackSpeed":233.60021762810283},"chunk-stream3-00056":{"qoeTotal":426.59978237190154,"qoeBitrate":45500,"qoeRebuffer":0,"qoeLatency":44689.799999999996,"qoeBitrateSwitch":150,"qoePlaybackSpeed":233.60021762810283},"chunk-stream3-00057":{"qoeTotal":755.5997823719015,"qoeBitrate":46750,"qoeRebuffer":0,"qoeLatency":45610.799999999996,"qoeBitrateSwitch":150,"qoePlaybackSpeed":233.60021762810283},"chunk-stream3-00058":{"qoeTotal":1089.999782371903,"qoeBitrate":48000,"qoeRebuffer":0,"qoeLatency":46526.399999999994,"qoeBitrateSwitch":150,"qoePlaybackSpeed":233.60021762810283},"chunk-stream3-00059":{"qoeTotal":1418.999782371903,"qoeBitrate":49250,"qoeRebuffer":0,"qoeLatency":47447.399999999994,"qoeBitrateSwitch":150,"qoePlaybackSpeed":233.60021762810283},"chunk-stream3-00060":{"qoeTotal":1753.999782371903,"qoeBitrate":50500,"qoeRebuffer":0,"qoeLatency":48362.399999999994,"qoeBitrateSwitch":150,"qoePlaybackSpeed":233.60021762810283},"chunk-stream3-00061":{"qoeTotal":2082.999782371903,"qoeBitrate":51750,"qoeRebuffer":0,"qoeLatency":49283.399999999994,"qoeBitrateSwitch":150,"qoePlaybackSpeed":233.60021762810283},