{"chunk-stream2-00018":{"qoeTotal":-531.4694918655495,"qoeBitrate":500,"qoeRebuffer":0,"qoeLatency":984.6,"qoeBitrateSwitch":0,"qoePlaybackSpeed":46.869491865549406},"init-stream3":{"qoeTotal":-6669.270283173887,"qoeBitrate":1750,"qoeRebuffer":0,"qoeLatency":8203.8,"qoeBitrateSwitch":150,"qoePlaybackSpeed":65.47028317388788},"chunk-stream3-00019":{"qoeTotal":-6488.968249933511,"qoeBitrate":3000,"qoeRebuffer":0,"qoeLatency":9237,"qoeBitrateSwitch":150,"qoePlaybackSpeed":101.96824993351092},"init-stream4":{"qoeTotal":-10314.36824993351,"qoeBitrate":5000,"qoeRebuffer":0,"qoeLatency":14852.4,"qoeBitrateSwitch":300,"qoePlaybackSpeed":161.9682499335109},"chunk-stream4-00020":{"qoeTotal":-9393.248771524915,"qoeBitrate":7000,"qoeRebuffer":0,"qoeLatency":15920.4,"qoeBitrateSwitch":300,"qoePlaybackSpeed":172.84877152491643},"chunk-stream4-00021":{"qoeTotal":-8526.127429915434,"qoeBitrate":9000,"qoeRebuffer":0,"qoeLatency":17021.4,"qoeBitrateSwitch":300,"qoePlaybackSpeed":204.7274299154319},"chunk-stream4-00022":{"qoeTotal":-7691.405885450248,"qoeBitrate":11000,"qoeRebuffer":0,"qoeLatency":18158.4,"qoeBitrateSwitch":300,"qoePlaybackSpeed":233.005885450247},"chunk-stream4-00023":{"qoeTotal":-6900.0651863243465,"qoeBitrate":13000,"qoeRebuffer":0,"qoeLatency":19345.2,"qoeBitrateSwitch":300,"qoePlaybackSpeed":254.86518632434615},"chunk-stream4-00024":{"qoeTotal":-6171.442208109174,"qoeBitrate":15000,"qoeRebuffer":0,"qoeLatency":20574.600000000002,"qoeBitrateSwitch":300,"qoePlaybackSpeed":296.8422081091718},"chunk-stream4-00025":{"qoeTotal":-5483.254402223787,"qoeBitrate":17000,"qoeRebuffer":0,"qoeLatency":21856.800000000003,"qoeBitrateSwitch":300,"qoePlaybackSpeed":326.45440222378426},"chunk-stream4-00026":{"qoeTotal":-4857.510749347234,"qoeBitrate":19000,"qoeRebuffer":0,"qoeLatency":23188.800000000003,"qoeBitrateSwitch":300,"qoePlaybackSpeed":368.7107493472314},"chunk-stream4-00027":{"qoeTotal":-4251.959420442467,"qoeBitrate":21000,"qoeRebuffer":0,"qoeLatency":24559.200000000004,"qoeBitrateSwitch":300,"qoePlaybackSpeed":392.7594204424624},"chunk-stream4-00028":{"qoeTotal":-3708.1771128650803,"qoeBitrate":23000,"qoeRebuffer":0,"qoeLatency":25986.600000000006,"qoeBitrateSwitch":300,"qoePlaybackSpeed":421.5771128650746},"chunk-stream4-00029":{"qoeTotal":-3234.418475516666,"qoeBitrate":25000,"qoeRebuffer":0,"qoeLatency":27471.000000000007,"qoeBitrateSwitch":300,"qoePlaybackSpeed":463.41847551665876},"chunk-stream4-00030":{"qoeTotal":-2812.5388398405594,"qoeBitrate":27000,"qoeRebuffer":0,"qoeLatency":29012.40000000001,"qoeBitrateSwitch":300,"qoePlaybackSpeed":500.1388398405507},"chunk-stream4-00031":{"qoeTotal":-2426.0318710075508,"qoeBitrate":29000,"qoeRebuffer":0,"qoeLatency":30602.40000000001,"qoeBitrateSwitch":300,"qoePlaybackSpeed":523.6318710075421},"chunk-stream3-00032":{"qoeTotal":-2993.718423613863,"qoeBitrate":30250,"qoeRebuffer":0,"qoeLatency":32210.40000000001,"qoeBitrateSwitch":450,"qoePlaybackSpeed":583.318423613854},"chunk-stream3-00033":{"qoeTotal":-3304.763394150615,"qoeBitrate":31500,"qoeRebuffer":0,"qoeLatency":33763.80000000001,"qoeBitrateSwitch":450,"qoePlaybackSpeed":590.963394150605},"chunk-stream3-00034":{"qoeTotal":-3660.467626649966,"qoeBitrate":32750,"qoeRebuffer":0,"qoeLatency":35310.00000000001,"qoeBitrateSwitch":450,"qoePlaybackSpeed":650.4676266499587},"chunk-stream3-00035":{"qoeTotal":-3957.9718591493197,"qoeBitrate":34000,"qoeRebuffer":0,"qoeLatency":36798.00000000001,"qoeBitrateSwitch":450,"qoePlaybackSpeed":709.9718591493123},"chunk-stream3-00036":{"qoeTotal":-4193.67609164867,"qoeBitrate":35250,"qoeRebuffer":0,"qoeLatency":38224.200000000004,"qoeBitrateSwitch":450,"qoePlaybackSpeed":769.4760916486659},"chunk-stream3-00037":{"qoeTotal":-4328.431057424127,"qoeBitrate":36500,"qoeRebuffer":0,"qoeLatency":39595.8,"qoeBitrateSwitch":450,"qoePlaybackSpeed":782.631057424124},"chunk-stream3-00038":{"qoeTotal":-7021.63105747777,"qoeBitrate":37750,"qoeRebuffer":2397.600000053644,"qoeLatency":41141.4,"qoeBitrateSwitch":450,"qoePlaybackSpeed":782.631057424124},"chunk-stream3-00039":{"qoeTotal":-20953.59705390598,"qoeBitrate":39000,"qoeRebuffer":15028.200000107288,"qoeLatency":43644.6,"qoeBitrateSwitch":450,"qoePlaybackSpeed":830.7970537986939},"chunk-stream3-00040":{"qoeTotal":-32787.363050280546,"qoeBitrate":40250,"qoeRebuffer":24712.20000010729,"qoeLatency":46996.2,"qoeBitrateSwitch":450,"qoePlaybackSpeed":878.9630501732638},"init-stream2":{"qoeTotal":-38167.363050280546,"qoeBitrate":40750,"qoeRebuffer":24712.20000010729,"qoeLatency":52666.2,"qoeBitrateSwitch":600,"qoePlaybackSpeed":938.9630501732638},"chunk-stream2-00041":{"qoeTotal":-42659.009986124955,"qoeBitrate":41250,"qoeRebuffer":26287.800000071526,"qoeLatency":56039.399999999994,"qoeBitrateSwitch":600,"qoePlaybackSpeed":981.8099860534345},"chunk-stream2-00042":{"qoeTotal":-45590.40998599839,"qoeBitrate":41750,"qoeRebuffer":26287.800000071526,"qoeLatency":59410.799999999996,"qoeBitrateSwitch":600,"qoePlaybackSpeed":1041.8099859268693},"chunk-stream2-00043":{"qoeTotal":-48501.409985871825,"qoeBitrate":42250,"qoeRebuffer":26287.800000071526,"qoeLatency":62761.799999999996,"qoeBitrateSwitch":600,"qoePlaybackSpeed":1101.809985800304},"chunk-stream4-00042":{"qoeTotal":-50142.209985745256,"qoeBitrate":44250,"qoeRebuffer":26287.800000071526,"qoeLatency":66042.59999999999,"qoeBitrateSwitch":900,"qoePlaybackSpeed":1161.8099856737388},"chunk-stream4-00043":{"qoeTotal":-51452.64447992004,"qoeBitrate":46250,"qoeRebuffer":26287.800000071526,"qoeLatency":69323.99999999999,"qoeBitrateSwitch":900,"qoePlaybackSpeed":1190.84447984853},"chunk-stream4-00044":{"qoeTotal":-52810.91053049009,"qoeBitrate":48250,"qoeRebuffer":26287.800000071526,"qoeLatency":72647.99999999999,"qoeBitrateSwitch":900,"qoePlaybackSpeed":1225.1105304185767},"chunk-stream4-00045":{"qoeTotal":-54163.61827651687,"qoeBitrate":50250,"qoeRebuffer":26287.800000071526,"qoeLatency":75989.39999999998,"qoeBitrateSwitch":900,"qoePlaybackSpeed":1236.4182764453647},"chunk-stream4-00046":{"qoeTotal":-55532.21566297224,"qoeBitrate":52250,"qoeRebuffer":26287.800000071526,"qoeLatency":79342.79999999997,"qoeBitrateSwitch":900,"qoePlaybackSpeed":1251.6156629007382},"chunk-stream4-00047":{"qoeTotal":-56922.92148613409,"qoeBitrate":54250,"qoeRebuffer":26287.800000071526,"qoeLatency":82718.39999999998,"qoeBitrateSwitch":900,"qoePlaybackSpeed":1266.721486062581},"chunk-stream4-00048":{"qoeTotal":-58333.68919805652,"qoeBitrate":56250,"qoeRebuffer":26287.800000071526,"qoeLatency":86089.79999999997,"qoeBitrateSwitch":900,"qoePlaybackSpeed":1306.0891979850173},"chunk-stream4-00049":{"qoeTotal":-59765.56775939711,"qoeBitrate":58250,"qoeRebuffer":26287.800000071526,"qoeLatency":89500.19999999997,"qoeBitrateSwitch":900,"qoePlaybackSpeed":1327.5677593256205},"chunk-stream4-00050":{"qoeTotal":-61288.01261739693,"qoeBitrate":60250,"qoeRebuffer":26287.800000071526,"qoeLatency":92987.99999999997,"qoeBitrateSwitch":900,"qoePlaybackSpeed":1362.2126173254387},"chunk-stream4-00051":{"qoeTotal":-82599.21261730752,"qoeBitrate":62250,"qoeRebuffer":44467.79999998212,"qoeLatency":98119.19999999997,"qoeBitrateSwitch":900,"qoePlaybackSpeed":1362.2126173254387},"chunk-stream3-00052":{"qoeTotal":-92957.86122054693,"qoeBitrate":63500,"qoeRebuffer":50210.399999946356,"qoeLatency":103786.79999999997,"qoeBitrateSwitch":1050,"qoePlaybackSpeed":1410.6612206005902},"chunk-stream2-00053":{"qoeTotal":-98297.78634824463,"qoeBitrate":64000,"qoeRebuffer":50210.399999946356,"qoeLatency":109469.39999999998,"qoeBitrateSwitch":1200,"qoePlaybackSpeed":1417.9863482982878},"chunk-stream3-00054":{"qoeTotal":-102937.38634824463,"qoeBitrate":65250,"qoeRebuffer":50210.399999946356,"qoeLatency":115148.99999999999,"qoeBitrateSwitch":1350,"qoePlaybackSpeed":1477.9863482982878},"chunk-stream2-00055":{"qoeTotal":-108271.78634824463,"qoeBitrate":65750,"qoeRebuffer":50210.399999946356,"qoeLatency":120773.39999999998,"qoeBitrateSwitch":1500,"qoePlaybackSpeed":1537.9863482982878},