{"chunk-stream2-00019":{"qoeTotal":-475.73576086611433,"qoeBitrate":500,"qoeRebuffer":0,"qoeLatency":934.8000000000001,"qoeBitrateSwitch":0,"qoePlaybackSpeed":40.93576086611428},"init-stream0":{"qoeTotal":-1411.8702558045647,"qoeBitrate":600,"qoeRebuffer":0,"qoeLatency":1856.4,"qoeBitrateSwitch":80,"qoePlaybackSpeed":75.4702558045647},"chunk-stream0-00020":{"qoeTotal":-1366.676016670679,"qoeBitrate":700,"qoeRebuffer":0,"qoeLatency":1870.27,"qoeBitrateSwitch":80,"qoePlaybackSpeed":116.40601667067898},"chunk-stream0-00021":{"qoeTotal":-1321.4917775367933,"qoeBitrate":800,"qoeRebuffer":0,"qoeLatency":1884.15,"qoeBitrateSwitch":80,"qoePlaybackSpeed":157.34177753679324},"chunk-stream0-00022":{"qoeTotal":-1247.5900694360353,"qoeBitrate":900,"qoeRebuffer":0,"qoeLatency":1898.5500000000002,"qoeBitrateSwitch":80,"qoePlaybackSpeed":169.04006943603517},"chunk-stream0-00023":{"qoeTotal":-1170.2512180318897,"qoeBitrate":1000,"qoeRebuffer":0,"qoeLatency":1913.16,"qoeBitrateSwitch":80,"qoePlaybackSpeed":177.0912180318897},"chunk-stream0-00024":{"qoeTotal":-1084.9912180318897,"qoeBitrate":1100,"qoeRebuffer":0,"qoeLatency":1927.9,"qoeBitrateSwitch":80,"qoePlaybackSpeed":177.0912180318897},"init-stream4":{"qoeTotal":-381.1912180318896,"qoeBitrate":3100,"qoeRebuffer":0,"qoeLatency":2844.1,"qoeBitrateSwitch":460,"qoePlaybackSpeed":177.0912180318897},"chunk-stream4-00025":{"qoeTotal":1603.9687819681103,"qoeBitrate":5100,"qoeRebuffer":0,"qoeLatency":2858.94,"qoeBitrateSwitch":460,"qoePlaybackSpeed":177.0912180318897},"init-stream5":{"qoeTotal":3487.7687819681105,"qoeBitrate":8100,"qoeRebuffer":0,"qoeLatency":3775.14,"qoeBitrateSwitch":660,"qoePlaybackSpeed":177.0912180318897},"chunk-stream5-00026":{"qoeTotal":6472.8887819681095,"qoeBitrate":11100,"qoeRebuffer":0,"qoeLatency":3790.02,"qoeBitrateSwitch":660,"qoePlaybackSpeed":177.0912180318897},"chunk-stream5-00027":{"qoeTotal":9458.17878196811,"qoeBitrate":14100,"qoeRebuffer":0,"qoeLatency":3804.73,"qoeBitrateSwitch":660,"qoePlaybackSpeed":177.0912180318897},"chunk-stream5-00028":{"qoeTotal":12443.46878196811,"qoeBitrate":17100,"qoeRebuffer":0,"qoeLatency":3819.44,"qoeBitrateSwitch":660,"qoePlaybackSpeed":177.0912180318897},"chunk-stream5-00029":{"qoeTotal":15428.75878196811,"qoeBitrate":20100,"qoeRebuffer":0,"qoeLatency":3834.15,"qoeBitrateSwitch":660,"qoePlaybackSpeed":177.0912180318897},"chunk-stream5-00030":{"qoeTotal":18414.04878196811,"qoeBitrate":23100,"qoeRebuffer":0,"qoeLatency":3848.86,"qoeBitrateSwitch":660,"qoePlaybackSpeed":177.0912180318897},"chunk-stream5-00031":{"qoeTotal":21399.338781968112,"qoeBitrate":26100,"qoeRebuffer":0,"qoeLatency":3863.57,"qoeBitrateSwitch":660,"qoePlaybackSpeed":177.0912180318897},"chunk-stream5-00032":{"qoeTotal":24384.628781968113,"qoeBitrate":29100,"qoeRebuffer":0,"qoeLatency":3878.28,"qoeBitrateSwitch":660,"qoePlaybackSpeed":177.0912180318897},"chunk-stream5-00033":{"qoeTotal":27369.91878196811,"qoeBitrate":32100,"qoeRebuffer":0,"qoeLatency":3892.9900000000002,"qoeBitrateSwitch":660,"qoePlaybackSpeed":177.0912180318897},"chunk-stream5-00034":{"qoeTotal":30355.198781968113,"qoeBitrate":35100,"qoeRebuffer":0,"qoeLatency":3907.71,"qoeBitrateSwitch":660,"qoePlaybackSpeed":177.0912180318897},"chunk-stream5-00035":{"qoeTotal":33340.33878196811,"qoeBitrate":38100,"qoeRebuffer":0,"qoeLatency":3922.57,"qoeBitrateSwitch":660,"qoePlaybackSpeed":177.0912180318897},"chunk-stream5-00036":{"qoeTotal":35388.40428702966,"qoeBitrate":41100,"qoeRebuffer":0,"qoeLatency":4839.97,"qoeBitrateSwitch":660,"qoePlaybackSpeed":211.62571297034012},"chunk-stream0-00037":{"qoeTotal":33932.64412326237,"qoeBitrate":41200,"qoeRebuffer":0,"qoeLatency":5772.97,"qoeBitrateSwitch":1240,"qoePlaybackSpeed":254.3858767376319},"chunk-stream0-00038":{"qoeTotal":33093.09857638966,"qoeBitrate":41300,"qoeRebuffer":0,"qoeLatency":6704.17,"qoeBitrateSwitch":1240,"qoePlaybackSpeed":262.7314236103394},"chunk-stream0-00039":{"qoeTotal":32255.953029516953,"qoeBitrate":41400,"qoeRebuffer":0,"qoeLatency":7632.97,"qoeBitrateSwitch":1240,"qoePlaybackSpeed":271.07697048304686},"chunk-stream0-00040":{"qoeTotal":31429.26527662403,"qoeBitrate":41500,"qoeRebuffer":0,"qoeLatency":8554.57,"qoeBitrateSwitch":1240,"qoePlaybackSpeed":276.164723375969},"chunk-stream0-00041":{"qoeTotal":30610.665276624033,"qoeBitrate":41600,"qoeRebuffer":0,"qoeLatency":9473.17,"qoeBitrateSwitch":1240,"qoePlaybackSpeed":276.164723375969},"init-stream1":{"qoeTotal":29954.46527662403,"qoeBitrate":41900,"qoeRebuffer":0,"qoeLatency":10389.37,"qoeBitrateSwitch":1280,"qoePlaybackSpeed":276.164723375969},"chunk-stream1-00042":{"qoeTotal":29335.86527662403,"qoeBitrate":42200,"qoeRebuffer":0,"qoeLatency":11307.970000000001,"qoeBitrateSwitch":1280,"qoePlaybackSpeed":276.164723375969},"chunk-stream1-00043":{"qoeTotal":28717.26527662403,"qoeBitrate":42500,"qoeRebuffer":0,"qoeLatency":12226.570000000002,"qoeBitrateSwitch":1280,"qoePlaybackSpeed":276.164723375969},"init-stream2":{"qoeTotal":28261.065276624027,"qoeBitrate":43000,"qoeRebuffer":0,"qoeLatency":13142.770000000002,"qoeBitrateSwitch":1320,"qoePlaybackSpeed":276.164723375969},"chunk-stream2-00044":{"qoeTotal":27844.86527662403,"qoeBitrate":43500,"qoeRebuffer":0,"qoeLatency":14058.970000000003,"qoeBitrateSwitch":1320,"qoePlaybackSpeed":276.164723375969},"chunk-stream2-00045":{"qoeTotal":27428.665276624026,"qoeBitrate":44000,"qoeRebuffer":0,"qoeLatency":14975.170000000004,"qoeBitrateSwitch":1320,"qoePlaybackSpeed":276.164723375969},"init-stream3":{"qoeTotal":27612.46527662403,"qoeBitrate":45250,"qoeRebuffer":0,"qoeLatency":15891.370000000004,"qoeBitrateSwitch":1470,"qoePlaybackSpeed":276.164723375969},"chunk-stream3-00046":{"qoeTotal":27946.265276624028,"qoeBitrate":46500,"qoeRebuffer":0,"qoeLatency":16807.570000000003,"qoeBitrateSwitch":1470,"qoePlaybackSpeed":276.164723375969},"chunk-stream4-00047":{"qoeTotal":28874.065276624027,"qoeBitrate":48500,"qoeRebuffer":0,"qoeLatency":17729.770000000004,"qoeBitrateSwitch":1620,"qoePlaybackSpeed":276.164723375969},"chunk-stream4-00048":{"qoeTotal":29957.865276624027,"qoeBitrate":50500,"qoeRebuffer":0,"qoeLatency":18645.970000000005,"qoeBitrateSwitch":1620,"qoePlaybackSpeed":276.164723375969},"chunk-stream4-00049":{"qoeTotal":31041.065276624027,"qoeBitrate":52500,"qoeRebuffer":0,"qoeLatency":19562.770000000004,"qoeBitrateSwitch":1620,"qoePlaybackSpeed":276.164723375969},"chunk-stream5-00050":{"qoeTotal":32924.86527662403,"qoeBitrate":55500,"qoeRebuffer":0,"qoeLatency":20478.970000000005,"qoeBitrateSwitch":1820,"qoePlaybackSpeed":276.164723375969},"chunk-stream5-00051":{"qoeTotal":35008.66527662402,"qoeBitrate":58500,"qoeRebuffer":0,"qoeLatency":21395.170000000006,"qoeBitrateSwitch":1820,"qoePlaybackSpeed":276.164723375969},"chunk-stream5-00052":{"qoeTotal":37092.46527662402,"qoeBitrate":61500,"qoeRebuffer":0,"qoeLatency":22311.370000000006,"qoeBitrateSwitch":1820,"qoePlaybackSpeed":276.164723375969},"chunk-stream5-00053":{"qoeTotal":39176.26527662402,"qoeBitrate":64500,"qoeRebuffer":0,"qoeLatency":23227.570000000007,"qoeBitrateSwitch":1820,"qoePlaybackSpeed":276.164723375969},"chunk-stream5-00054":{"qoeTotal":41252.26527662402,"qoeBitrate":67500,"qoeRebuffer":0,"qoeLatency":24151.570000000007,"qoeBitrateSwitch":1820,"qoePlaybackSpeed":276.164723375969},"chunk-stream5-00055":{"qoeTotal":43322.86527662402,"qoeBitrate":70500,"qoeRebuffer":0,"qoeLatency":25080.97000000001,"qoeBitrateSwitch":1820,"qoePlaybackSpeed":276.164723375969},"chunk-stream5-00056":{"qoeTotal":45406.065276624024,"qoeBitrate":73500,"qoeRebuffer":0,"qoeLatency":25997.770000000008,"qoeBitrateSwitch":1820,"qoePlaybackSpeed":276.164723375969},"chunk-stream5-00057":{"qoeTotal":47489.86527662402,"qoeBitrate":76500,"qoeRebuffer":0,"qoeLatency":26913.97000000001,"qoeBitrateSwitch":1820,"qoePlaybackSpeed":276.164723375969},"chunk-stream5-00058":{"qoeTotal":49573.665276624015,"qoeBitrate":79500,"qoeRebuffer":0,"qoeLatency":27830.17000000001,"qoeBitrateSwitch":1820,"qoePlaybackSpeed":276.164723375969},