{"chunk-stream2-00018":{"qoeTotal":-967.645456568224,"qoeBitrate":500,"qoeRebuffer":0,"qoeLatency":1417.2,"qoeBitrateSwitch":0,"qoePlaybackSpeed":50.445456568223904},"init-stream0":{"qoeTotal":-2419.4909131364484,"qoeBitrate":600,"qoeRebuffer":0,"qoeLatency":2838.6000000000004,"qoeBitrateSwitch":80,"qoePlaybackSpeed":100.89091313644781},"chunk-stream0-00019":{"qoeTotal":-4369.736369990775,"qoeBitrate":700,"qoeRebuffer":502.2000002861023,"qoeLatency":4336.200000000001,"qoeBitrateSwitch":80,"qoePlaybackSpeed":151.3363697046717},"chunk-stream0-00020":{"qoeTotal":-7302.388910723772,"qoeBitrate":800,"qoeRebuffer":2008.2000002861023,"qoeLatency":5847.6,"qoeBitrateSwitch":80,"qoePlaybackSpeed":166.58891043766945},"chunk-stream0-00021":{"qoeTotal":-8747.276048059972,"qoeBitrate":900,"qoeRebuffer":2008.2000002861023,"qoeLatency":7333.200000000001,"qoeBitrateSwitch":80,"qoePlaybackSpeed":225.8760477738686},"chunk-stream0-00022":{"qoeTotal":-10147.763185396172,"qoeBitrate":1000,"qoeRebuffer":2008.2000002861023,"qoeLatency":8774.400000000001,"qoeBitrateSwitch":80,"qoePlaybackSpeed":285.1631851100678},"chunk-stream0-00023":{"qoeTotal":-11507.450322732371,"qoeBitrate":1100,"qoeRebuffer":2008.2000002861023,"qoeLatency":10174.800000000001,"qoeBitrateSwitch":80,"qoePlaybackSpeed":344.45032244626697},"chunk-stream0-00024":{"qoeTotal":-12823.33746006857,"qoeBitrate":1200,"qoeRebuffer":2008.2000002861023,"qoeLatency":11531.400000000001,"qoeBitrateSwitch":80,"qoePlaybackSpeed":403.73745978246615},"chunk-stream0-00025":{"qoeTotal":-14096.37042697477,"qoeBitrate":1300,"qoeRebuffer":2008.2000002861023,"qoeLatency":12847.800000000001,"qoeBitrateSwitch":80,"qoePlaybackSpeed":460.37042668866644},"chunk-stream0-00026":{"qoeTotal":-15296.20339388097,"qoeBitrate":1400,"qoeRebuffer":2008.2000002861023,"qoeLatency":14091.000000000002,"qoeBitrateSwitch":80,"qoePlaybackSpeed":517.0033935948667},"chunk-stream0-00027":{"qoeTotal":-16403.982644420234,"qoeBitrate":1500,"qoeRebuffer":2008.2000002861023,"qoeLatency":15248.400000000001,"qoeBitrateSwitch":80,"qoePlaybackSpeed":567.3826441341292},"chunk-stream0-00028":{"qoeTotal":-17472.949228819805,"qoeBitrate":1600,"qoeRebuffer":2008.2000002861023,"qoeLatency":16370.400000000001,"qoeBitrateSwitch":80,"qoePlaybackSpeed":614.3492285337027},"chunk-stream0-00029":{"qoeTotal":-18463.213846490926,"qoeBitrate":1700,"qoeRebuffer":2008.2000002861023,"qoeLatency":17422.2,"qoeBitrateSwitch":80,"qoePlaybackSpeed":652.8138462048234},"chunk-stream0-00030":{"qoeTotal":-19422.59354868189,"qoeBitrate":1800,"qoeRebuffer":2008.2000002861023,"qoeLatency":18448.2,"qoeBitrateSwitch":80,"qoePlaybackSpeed":686.1935483957875},"chunk-stream0-00031":{"qoeTotal":-20334.553568212166,"qoeBitrate":1900,"qoeRebuffer":2008.2000002861023,"qoeLatency":19434.600000000002,"qoeBitrateSwitch":80,"qoePlaybackSpeed":711.7535679260612},"chunk-stream0-00032":{"qoeTotal":-21207.64983913346,"qoeBitrate":2000,"qoeRebuffer":2008.2000002861023,"qoeLatency":20391.600000000002,"qoeBitrateSwitch":80,"qoePlaybackSpeed":727.8498388473573},"chunk-stream0-00033":{"qoeTotal":-22056.589383751365,"qoeBitrate":2100,"qoeRebuffer":2008.2000002861023,"qoeLatency":21330.000000000004,"qoeBitrateSwitch":80,"qoePlaybackSpeed":738.3893834652587},"chunk-stream0-00034":{"qoeTotal":-22888.2146521295,"qoeBitrate":2200,"qoeRebuffer":2008.2000002861023,"qoeLatency":22255.200000000004,"qoeBitrateSwitch":80,"qoePlaybackSpeed":744.8146518433929},"chunk-stream0-00035":{"qoeTotal":-23706.8146521295,"qoeBitrate":2300,"qoeRebuffer":2008.2000002861023,"qoeLatency":23173.800000000003,"qoeBitrateSwitch":80,"qoePlaybackSpeed":744.8146518433929},"chunk-stream0-00036":{"qoeTotal":-24525.414652129497,"qoeBitrate":2400,"qoeRebuffer":2008.2000002861023,"qoeLatency":24092.4,"qoeBitrateSwitch":80,"qoePlaybackSpeed":744.8146518433929},"chunk-stream0-00037":{"qoeTotal":-25344.014652129496,"qoeBitrate":2500,"qoeRebuffer":2008.2000002861023,"qoeLatency":25011,"qoeBitrateSwitch":80,"qoePlaybackSpeed":744.8146518433929},"chunk-stream0-00038":{"qoeTotal":-26162.614652129494,"qoeBitrate":2600,"qoeRebuffer":2008.2000002861023,"qoeLatency":25929.6,"qoeBitrateSwitch":80,"qoePlaybackSpeed":744.8146518433929},"chunk-stream0-00039":{"qoeTotal":-26979.414652129493,"qoeBitrate":2700,"qoeRebuffer":2008.2000002861023,"qoeLatency":26846.399999999998,"qoeBitrateSwitch":80,"qoePlaybackSpeed":744.8146518433929},"chunk-stream0-00040":{"qoeTotal":-27798.614652129494,"qoeBitrate":2800,"qoeRebuffer":2008.2000002861023,"qoeLatency":27765.6,"qoeBitrateSwitch":80,"qoePlaybackSpeed":744.8146518433929},"init-stream1":{"qoeTotal":-29751.6023072489,"qoeBitrate":3100,"qoeRebuffer":2008.2000002861023,"qoeLatency":29933.399999999998,"qoeBitrateSwitch":120,"qoePlaybackSpeed":790.0023069627998},"chunk-stream1-00041":{"qoeTotal":-30368.4023072489,"qoeBitrate":3400,"qoeRebuffer":2008.2000002861023,"qoeLatency":30850.199999999997,"qoeBitrateSwitch":120,"qoePlaybackSpeed":790.0023069627998},"chunk-stream1-00042":{"qoeTotal":-30985.2023072489,"qoeBitrate":3700,"qoeRebuffer":2008.2000002861023,"qoeLatency":31766.999999999996,"qoeBitrateSwitch":120,"qoePlaybackSpeed":790.0023069627998},"chunk-stream1-00043":{"qoeTotal":-31603.802307248898,"qoeBitrate":4000,"qoeRebuffer":2008.2000002861023,"qoeLatency":32685.599999999995,"qoeBitrateSwitch":120,"qoePlaybackSpeed":790.0023069627998},"chunk-stream1-00044":{"qoeTotal":-32223.0023072489,"qoeBitrate":4300,"qoeRebuffer":2008.2000002861023,"qoeLatency":33604.799999999996,"qoeBitrateSwitch":120,"qoePlaybackSpeed":790.0023069627998},"chunk-stream1-00045":{"qoeTotal":-32839.8023072489,"qoeBitrate":4600,"qoeRebuffer":2008.2000002861023,"qoeLatency":34521.6,"qoeBitrateSwitch":120,"qoePlaybackSpeed":790.0023069627998},"chunk-stream1-00046":{"qoeTotal":-33457.2023072489,"qoeBitrate":4900,"qoeRebuffer":2008.2000002861023,"qoeLatency":35439,"qoeBitrateSwitch":120,"qoePlaybackSpeed":790.0023069627998},"chunk-stream1-00047":{"qoeTotal":-34074.002307248906,"qoeBitrate":5200,"qoeRebuffer":2008.2000002861023,"qoeLatency":36355.8,"qoeBitrateSwitch":120,"qoePlaybackSpeed":790.0023069627998},"chunk-stream1-00048":{"qoeTotal":-34690.80230724891,"qoeBitrate":5500,"qoeRebuffer":2008.2000002861023,"qoeLatency":37272.600000000006,"qoeBitrateSwitch":120,"qoePlaybackSpeed":790.0023069627998},"chunk-stream1-00049":{"qoeTotal":-35307.60230724891,"qoeBitrate":5800,"qoeRebuffer":2008.2000002861023,"qoeLatency":38189.40000000001,"qoeBitrateSwitch":120,"qoePlaybackSpeed":790.0023069627998},"chunk-stream1-00050":{"qoeTotal":-35926.80230724891,"qoeBitrate":6100,"qoeRebuffer":2008.2000002861023,"qoeLatency":39108.600000000006,"qoeBitrateSwitch":120,"qoePlaybackSpeed":790.0023069627998},"chunk-stream1-00051":{"qoeTotal":-36545.40230724891,"qoeBitrate":6400,"qoeRebuffer":2008.2000002861023,"qoeLatency":40027.200000000004,"qoeBitrateSwitch":120,"qoePlaybackSpeed":790.0023069627998},"chunk-stream1-00052":{"qoeTotal":-37162.20230724891,"qoeBitrate":6700,"qoeRebuffer":2008.2000002861023,"qoeLatency":40944.00000000001,"qoeBitrateSwitch":120,"qoePlaybackSpeed":790.0023069627998},"chunk-stream1-00053":{"qoeTotal":-37780.80230724891,"qoeBitrate":7000,"qoeRebuffer":2008.2000002861023,"qoeLatency":41862.600000000006,"qoeBitrateSwitch":120,"qoePlaybackSpeed":790.0023069627998},"init-stream2":{"qoeTotal":-40671.20230721354,"qoeBitrate":7500,"qoeRebuffer":2008.2000002861023,"qoeLatency":45153.00000000001,"qoeBitrateSwitch":160,"qoePlaybackSpeed":850.0023069274336},"chunk-stream2-00054":{"qoeTotal":-41090.40230721354,"qoeBitrate":8000,"qoeRebuffer":2008.2000002861023,"qoeLatency":46072.200000000004,"qoeBitrateSwitch":160,"qoePlaybackSpeed":850.0023069274336},"chunk-stream2-00055":{"qoeTotal":-41513.20230721354,"qoeBitrate":8500,"qoeRebuffer":2008.2000002861023,"qoeLatency":46995.00000000001,"qoeBitrateSwitch":160,"qoePlaybackSpeed":850.0023069274336},"chunk-stream2-00056":{"qoeTotal":-41950.71300821313,"qoeBitrate":9000,"qoeRebuffer":2008.2000002861023,