{"chunk-stream2-00018":{"qoeTotal":-480.2628745319681,"qoeBitrate":500,"qoeRebuffer":0,"qoeLatency":945,"qoeBitrateSwitch":0,"qoePlaybackSpeed":35.26287453196812},"init-stream3":{"qoeTotal":-1715.3257490639362,"qoeBitrate":1750,"qoeRebuffer":0,"qoeLatency":1894.8,"qoeBitrateSwitch":1500,"qoePlaybackSpeed":70.52574906393625},"chunk-stream3-00019":{"qoeTotal":-1460.5886235959047,"qoeBitrate":3000,"qoeRebuffer":0,"qoeLatency":2854.8,"qoeBitrateSwitch":1500,"qoePlaybackSpeed":105.78862359590437},"init-stream4":{"qoeTotal":-1961.8514981278727,"qoeBitrate":5000,"qoeRebuffer":0,"qoeLatency":3820.8,"qoeBitrateSwitch":3000,"qoePlaybackSpeed":141.0514981278725}}