{"chunk-stream2-00018":{"qoeTotal":-932.2,"qoeBitrate":500,"qoeRebuffer":0,"qoeLatency":1432.2,"qoeBitrateSwitch":0,"qoePlaybackSpeed":0},"chunk-stream2-00019":{"qoeTotal":-5785.929688006797,"qoeBitrate":1000,"qoeRebuffer":3592.799999982118,"qoeLatency":3146.4,"qoeBitrateSwitch":0,"qoePlaybackSpeed":46.72968802467867},"init-stream1":{"qoeTotal":-13311.103362181919,"qoeBitrate":1300,"qoeRebuffer":3592.799999982118,"qoeLatency":10887.6,"qoeBitrateSwitch":40,"qoePlaybackSpeed":90.70336219979897},"chunk-stream1-00020":{"qoeTotal":-18065.812566931007,"qoeBitrate":1600,"qoeRebuffer":6691.2000000178805,"qoeLatency":12810.6,"qoeBitrateSwitch":40,"qoePlaybackSpeed":124.0125669131262},"init-stream2":{"qoeTotal":-29028.472077274222,"qoeBitrate":2100,"qoeRebuffer":9856.799999982119,"qoeLatency":21024.6,"qoeBitrateSwitch":80,"qoePlaybackSpeed":167.07207729210643},"chunk-stream2-00021":{"qoeTotal":-32261.260851034596,"qoeBitrate":2600,"qoeRebuffer":11401.799999982119,"qoeLatency":23167.8,"qoeBitrateSwitch":80,"qoePlaybackSpeed":211.66085105247902},"chunk-stream2-00022":{"qoeTotal":-37356.179723111105,"qoeBitrate":3100,"qoeRebuffer":14502.600000053644,"qoeLatency":25619.4,"qoeBitrateSwitch":80,"qoePlaybackSpeed":254.17972305746187},"chunk-stream2-00023":{"qoeTotal":-42745.737080134,"qoeBitrate":3600,"qoeRebuffer":17605.800000071526,"qoeLatency":28362,"qoeBitrateSwitch":80,"qoePlaybackSpeed":297.93708006247687},"chunk-stream2-00024":{"qoeTotal":-48424.75803862243,"qoeBitrate":4100,"qoeRebuffer":20705.400000035763,"qoeLatency":31395,"qoeBitrateSwitch":80,"qoePlaybackSpeed":344.35803858666276},"chunk-stream2-00025":{"qoeTotal":-54376.926356403346,"qoeBitrate":4600,"qoeRebuffer":23813.400000035763,"qoeLatency":34692.6,"qoeBitrateSwitch":80,"qoePlaybackSpeed":390.92635636758394},"chunk-stream2-00026":{"qoeTotal":-61785.88523888988,"qoeBitrate":5100,"qoeRebuffer":28068.600000053644,"qoeLatency":38302.799999999996,"qoeBitrateSwitch":80,"qoePlaybackSpeed":434.4852388362444},"chunk-stream2-00027":{"qoeTotal":-69449.55794606781,"qoeBitrate":5600,"qoeRebuffer":32311.199999928474,"qoeLatency":42176.99999999999,"qoeBitrateSwitch":80,"qoePlaybackSpeed":481.357946139334},"chunk-stream2-00028":{"qoeTotal":-76310.57961270293,"qoeBitrate":6100,"qoeRebuffer":35457.59999996424,"qoeLatency":46344.59999999999,"qoeBitrateSwitch":80,"qoePlaybackSpeed":528.379612738704},"chunk-stream2-00029":{"qoeTotal":-83491.25932687779,"qoeBitrate":6600,"qoeRebuffer":38609.399999946356,"qoeLatency":50828.99999999999,"qoeBitrateSwitch":80,"qoePlaybackSpeed":572.8593269314254},"chunk-stream2-00030":{"qoeTotal":-92159.91285795326,"qoeBitrate":7100,"qoeRebuffer":42967.20000001788,"qoeLatency":55596.59999999999,"qoeBitrateSwitch":80,"qoePlaybackSpeed":616.1128579353826},"chunk-stream2-00031":{"qoeTotal":-99889.30255081334,"qoeBitrate":7600,"qoeRebuffer":46116.600000053644,"qoeLatency":60629.399999999994,"qoeBitrateSwitch":80,"qoePlaybackSpeed":663.3025507597031},"chunk-stream2-00032":{"qoeTotal":-109657.37097098988,"qoeBitrate":8100,"qoeRebuffer":50979.60000014305,"qoeLatency":65988.59999999999,"qoeBitrateSwitch":80,"qoePlaybackSpeed":709.1709708468478},"chunk-stream1-00033":{"qoeTotal":-116577.87766536947,"qoeBitrate":8400,"qoeRebuffer":52555.80000016093,"qoeLatency":71547.59999999999,"qoeBitrateSwitch":120,"qoePlaybackSpeed":754.4776652085442},"chunk-stream1-00034":{"qoeTotal":-121921.23714766846,"qoeBitrate":8700,"qoeRebuffer":52555.80000016093,"qoeLatency":77162.99999999999,"qoeBitrateSwitch":120,"qoePlaybackSpeed":782.4371475075528},"chunk-stream1-00035":{"qoeTotal":-127311.64538782404,"qoeBitrate":9000,"qoeRebuffer":52555.80000016093,"qoeLatency":82826.39999999998,"qoeBitrateSwitch":120,"qoePlaybackSpeed":809.445387663137},"chunk-stream2-00036":{"qoeTotal":-134811.5351241526,"qoeBitrate":9500,"qoeRebuffer":54669.60000014305,"qoeLatency":88630.19999999998,"qoeBitrateSwitch":160,"qoePlaybackSpeed":851.7351240095683},"chunk-stream2-00037":{"qoeTotal":-144303.9542742629,"qoeBitrate":10000,"qoeRebuffer":58579.200000196695,"qoeLatency":94667.99999999999,"qoeBitrateSwitch":160,"qoePlaybackSpeed":896.7542740662307},"chunk-stream2-00038":{"qoeTotal":-153939.12352975112,"qoeBitrate":10500,"qoeRebuffer":62377.80000016093,"qoeLatency":100957.19999999998,"qoeBitrateSwitch":160,"qoePlaybackSpeed":944.1235295902059},"chunk-stream2-00039":{"qoeTotal":-165484.76750680237,"qoeBitrate":11000,"qoeRebuffer":67828.80000016093,"qoeLatency":107506.79999999999,"qoeBitrateSwitch":160,"qoePlaybackSpeed":989.1675066414386},"chunk-stream2-00040":{"qoeTotal":-176109.20514976626,"qoeBitrate":11500,"qoeRebuffer":72118.20000010729,"qoeLatency":114295.19999999998,"qoeBitrateSwitch":160,"qoePlaybackSpeed":1035.8051496589896},"chunk-stream2-00041":{"qoeTotal":-186855.60514976626,"qoeBitrate":12000,"qoeRebuffer":76312.20000010729,"qoeLatency":121347.59999999998,"qoeBitrateSwitch":160,"qoePlaybackSpeed":1035.8051496589896},"chunk-stream2-00042":{"qoeTotal":-196669.32913045795,"qoeBitrate":12500,"qoeRebuffer":79356.0000000894,"qoeLatency":128576.39999999998,"qoeBitrateSwitch":160,"qoePlaybackSpeed":1076.9291303685752},"chunk-stream2-00043":{"qoeTotal":-205101.29291789964,"qoeBitrate":13000,"qoeRebuffer":80880.0000000894,"qoeLatency":135942.59999999998,"qoeBitrateSwitch":160,"qoePlaybackSpeed":1118.6929178102669},"chunk-stream2-00044":{"qoeTotal":-213686.54538735785,"qoeBitrate":13500,"qoeRebuffer":82403.40000003576,"qoeLatency":143463.59999999998,"qoeBitrateSwitch":160,"qoePlaybackSpeed":1159.5453873221027},"chunk-stream2-00045":{"qoeTotal":-222472.016320205,"qoeBitrate":14000,"qoeRebuffer":83922.59999996424,"qoeLatency":151186.19999999998,"qoeBitrateSwitch":160,"qoePlaybackSpeed":1203.2163202407899},"chunk-stream2-00046":{"qoeTotal":-231523.65419913453,"qoeBitrate":14500,"qoeRebuffer":85508.9999999106,"qoeLatency":159114.59999999998,"qoeBitrateSwitch":160,"qoePlaybackSpeed":1240.0541992239491},"chunk-stream2-00047":{"qoeTotal":-240728.71958945907,"qoeBitrate":15000,"qoeRebuffer":87056.9999999106,"qoeLatency":167228.99999999997,"qoeBitrateSwitch":160,"qoePlaybackSpeed":1282.7195895485},"chunk-stream2-00071":{"qoeTotal":-248802.1849797836,"qoeBitrate":15500,"qoeRebuffer":87056.9999999106,"qoeLatency":175759.79999999996,"qoeBitrateSwitch":160,"qoePlaybackSpeed":1325.3849798730507},"chunk-stream2-00072":{"qoeTotal":-255756.39139465117,"qoeBitrate":16000,"qoeRebuffer":92760.59999987483,"qoeLatency":177476.99999999997,"qoeBitrateSwitch":160,"qoePlaybackSpeed":1358.7913947763675},"chunk-stream2-00073":{"qoeTotal":-258719.27725744105,"qoeBitrate":16500,"qoeRebuffer":94261.19999983907,"qoeLatency":179397.59999999998,"qoeBitrateSwitch":160,"qoePlaybackSpeed":1400.4772576020002},"chunk-stream2-00074":{"qoeTotal":-261981.43129166617,"qoeBitrate":17000,"qoeRebuffer":95815.7999998033,"qoeLatency":181564.19999999998,"qoeBitrateSwitch":160,"qoePlaybackSpeed":1441.431291862882},"chunk-stream1-00075":{"qoeTotal":-265648.00010516547,"qoeBitrate":17300,"qoeRebuffer":97408.19999983907,"qoeLatency":183854.4,"qoeBitrateSwitch":200,"qoePlaybackSpeed":1485.40010532636},"chunk-stream2-00076":{"qoeTotal":-270845.0299713156,"qoeBitrate":17800,"qoeRebuffer":100513.19999983907,"qoeLatency":186361.19999999998,"qoeBitrateSwitch":240,"qoePlaybackSpeed":1530.6299714765466},"chunk-stream2-00077":{"qoeTotal":-276317.2518167618,"qoeBitrate":18300,"qoeRebuffer":103676.9999999106,"qoeLatency":189124.8,"qoeBitrateSwitch":240,"qoePlaybackSpeed":1575.451816851186},"chunk-stream2-00078":{"qoeTotal":-281961.4678832433,"qoeBitrate":18800,"qoeRebuffer":106770.59999996424,"qoeLatency":192127.8,"qoeBitrateSwitch":240,"qoePlaybackSpeed":1623.0678832790575},"chunk-stream2-00079":{"qoeTotal":-288625.3503163042,"qoeBitrate":19300,"qoeRebuffer":110642.39999994636,"qoeLatency":195374.4,"qoeBitrateSwitch":240,"qoePlaybackSpeed":1668.5503163577937},"chunk-stream2-00080":{"qoeTotal":-295105.7272597283,"qoeBitrate":19800,"qoeRebuffer":114036.59999996424,"qoeLatency":198913.8,