{"chunk-stream2-00018":{"qoeTotal":-681.044634961953,"qoeBitrate":500,"qoeRebuffer":0,"qoeLatency":1133.4,"qoeBitrateSwitch":0,"qoePlaybackSpeed":47.64463496195286},"chunk-stream2-00019":{"qoeTotal":-4508.4797850920395,"qoeBitrate":1000,"qoeRebuffer":3100.2000000178814,"qoeLatency":2326.2,"qoeBitrateSwitch":0,"qoePlaybackSpeed":82.07978507415865},"chunk-stream2-00020":{"qoeTotal":-5272.878617457299,"qoeBitrate":1500,"qoeRebuffer":3100.2000000178814,"qoeLatency":3565.2,"qoeBitrateSwitch":0,"qoePlaybackSpeed":107.4786174394174},"chunk-stream2-00021":{"qoeTotal":-6092.798632997227,"qoeBitrate":2000,"qoeRebuffer":3100.2000000178814,"qoeLatency":4848,"qoeBitrateSwitch":0,"qoePlaybackSpeed":144.59863297934612},"chunk-stream2-00022":{"qoeTotal":-6943.438531527555,"qoeBitrate":2500,"qoeRebuffer":3100.2000000178814,"qoeLatency":6165,"qoeBitrateSwitch":0,"qoePlaybackSpeed":178.2385315096734},"chunk-stream2-00023":{"qoeTotal":-7801.404277520133,"qoeBitrate":3000,"qoeRebuffer":3100.2000000178814,"qoeLatency":7500.6,"qoeBitrateSwitch":0,"qoePlaybackSpeed":200.60427750225188},"chunk-stream2-00024":{"qoeTotal":-8688.917117209394,"qoeBitrate":3500,"qoeRebuffer":3100.2000000178814,"qoeLatency":8857.800000000001,"qoeBitrateSwitch":0,"qoePlaybackSpeed":230.91711719151223},"chunk-stream2-00025":{"qoeTotal":-9629.310894239241,"qoeBitrate":4000,"qoeRebuffer":3100.2000000178814,"qoeLatency":10260.6,"qoeBitrateSwitch":0,"qoePlaybackSpeed":268.5108942213585},"chunk-stream2-00026":{"qoeTotal":-14037.088338142414,"qoeBitrate":4500,"qoeRebuffer":6244.200000017881,"qoeLatency":11977.2,"qoeBitrateSwitch":0,"qoePlaybackSpeed":315.6883381245314},"chunk-stream2-00027":{"qoeTotal":-18756.67878202236,"qoeBitrate":5000,"qoeRebuffer":9383.400000035763,"qoeLatency":14010,"qoeBitrateSwitch":0,"qoePlaybackSpeed":363.2787819865981},"chunk-stream2-00028":{"qoeTotal":-22036.568796657928,"qoeBitrate":5500,"qoeRebuffer":10915.799999982119,"qoeLatency":16219.8,"qoeBitrateSwitch":0,"qoePlaybackSpeed":400.96879667581044},"chunk-stream2-00029":{"qoeTotal":-25459.744734392934,"qoeBitrate":6000,"qoeRebuffer":12430.799999982119,"qoeLatency":18586.8,"qoeBitrateSwitch":0,"qoePlaybackSpeed":442.14473441081486},"chunk-stream2-00030":{"qoeTotal":-29040.990141156697,"qoeBitrate":6500,"qoeRebuffer":13943.400000035763,"qoeLatency":21118.8,"qoeBitrateSwitch":0,"qoePlaybackSpeed":478.79014112093387},"chunk-stream2-00031":{"qoeTotal":-32779.60799003658,"qoeBitrate":7000,"qoeRebuffer":15445.200000017881,"qoeLatency":23809.8,"qoeBitrateSwitch":0,"qoePlaybackSpeed":524.6079900187026},"chunk-stream2-00032":{"qoeTotal":-36762.163559264634,"qoeBitrate":7500,"qoeRebuffer":17035.20000001788,"qoeLatency":26663.4,"qoeBitrateSwitch":0,"qoePlaybackSpeed":563.5635592467526},"chunk-stream2-00033":{"qoeTotal":-40952.25026683243,"qoeBitrate":8000,"qoeRebuffer":18623.400000035763,"qoeLatency":29719.800000000003,"qoeBitrateSwitch":0,"qoePlaybackSpeed":609.0502667966634},"chunk-stream2-00034":{"qoeTotal":-47474.89328560678,"qoeBitrate":8500,"qoeRebuffer":22421.40000012517,"qoeLatency":32908.200000000004,"qoeBitrateSwitch":0,"qoePlaybackSpeed":645.2932854816},"chunk-stream2-00035":{"qoeTotal":-51864.3696357695,"qoeBitrate":9000,"qoeRebuffer":23982.000000178814,"qoeLatency":36195.00000000001,"qoeBitrateSwitch":0,"qoePlaybackSpeed":687.3696355906784},"chunk-stream2-00036":{"qoeTotal":-56853.139336640386,"qoeBitrate":9500,"qoeRebuffer":26040.60000014305,"qoeLatency":39583.80000000001,"qoeBitrateSwitch":0,"qoePlaybackSpeed":728.7393364973226},"chunk-stream2-00037":{"qoeTotal":-61435.343298003776,"qoeBitrate":10000,"qoeRebuffer":27568.200000196695,"qoeLatency":43092.60000000001,"qoeBitrateSwitch":0,"qoePlaybackSpeed":774.5432978070656},"chunk-stream2-00038":{"qoeTotal":-66124.34391059774,"qoeBitrate":10500,"qoeRebuffer":29104.800000160933,"qoeLatency":46704.60000000001,"qoeBitrateSwitch":0,"qoePlaybackSpeed":814.9439104368014},"chunk-stream2-00039":{"qoeTotal":-70931.97042183262,"qoeBitrate":11000,"qoeRebuffer":30676.200000196695,"qoeLatency":50402.400000000016,"qoeBitrateSwitch":0,"qoePlaybackSpeed":853.3704216359026},"chunk-stream2-00040":{"qoeTotal":-74231.87423617889,"qoeBitrate":11500,"qoeRebuffer":30676.200000196695,"qoeLatency":54168.60000000001,"qoeBitrateSwitch":0,"qoePlaybackSpeed":887.0742359821922},"chunk-stream2-00041":{"qoeTotal":-77607.6439310677,"qoeBitrate":12000,"qoeRebuffer":30676.200000196695,"qoeLatency":57999.000000000015,"qoeBitrateSwitch":0,"qoePlaybackSpeed":932.4439308709791},"chunk-stream2-00042":{"qoeTotal":-80992.3439857841,"qoeBitrate":12500,"qoeRebuffer":30676.200000196695,"qoeLatency":61869.000000000015,"qoeBitrateSwitch":0,"qoePlaybackSpeed":947.1439855873872},"chunk-stream2-00043":{"qoeTotal":-84401.96576634141,"qoeBitrate":13000,"qoeRebuffer":30676.200000196695,"qoeLatency":65757.60000000002,"qoeBitrateSwitch":0,"qoePlaybackSpeed":968.1657661446907},"chunk-stream2-00044":{"qoeTotal":-87806.76576633877,"qoeBitrate":13500,"qoeRebuffer":30676.200000196695,"qoeLatency":69602.40000000002,"qoeBitrateSwitch":0,"qoePlaybackSpeed":1028.1657661420506},"chunk-stream2-00045":{"qoeTotal":-91105.83232077057,"qoeBitrate":14000,"qoeRebuffer":30676.200000196695,"qoeLatency":73392.00000000003,"qoeBitrateSwitch":0,"qoePlaybackSpeed":1037.6323205738381},"chunk-stream2-00046":{"qoeTotal":-94473.4323207671,"qoeBitrate":14500,"qoeRebuffer":30676.200000196695,"qoeLatency":77199.60000000003,"qoeBitrateSwitch":0,"qoePlaybackSpeed":1097.6323205703625},"chunk-stream2-00047":{"qoeTotal":-97761.50488768658,"qoeBitrate":15000,"qoeRebuffer":30676.200000196695,"qoeLatency":80974.20000000004,"qoeBitrateSwitch":0,"qoePlaybackSpeed":1111.1048874898422},"chunk-stream2-00048":{"qoeTotal":-101094.05195793143,"qoeBitrate":15500,"qoeRebuffer":30676.200000196695,"qoeLatency":84770.40000000004,"qoeBitrateSwitch":0,"qoePlaybackSpeed":1147.451957734696},"chunk-stream2-00049":{"qoeTotal":-104425.4293884338,"qoeBitrate":16000,"qoeRebuffer":30676.200000196695,"qoeLatency":88575.60000000003,"qoeBitrateSwitch":0,"qoePlaybackSpeed":1173.629388237068},"chunk-stream2-00050":{"qoeTotal":-107841.02690460392,"qoeBitrate":16500,"qoeRebuffer":30676.200000196695,"qoeLatency":92455.20000000004,"qoeBitrateSwitch":0,"qoePlaybackSpeed":1209.6269044071762},"chunk-stream2-00051":{"qoeTotal":-111325.20421445102,"qoeBitrate":17000,"qoeRebuffer":30676.200000196695,"qoeLatency":96404.40000000004,"qoeBitrateSwitch":0,"qoePlaybackSpeed":1244.6042142542901},"chunk-stream2-00052":{"qoeTotal":-114842.28383677582,"qoeBitrate":17500,"qoeRebuffer":30676.200000196695,"qoeLatency":100393.20000000004,"qoeBitrateSwitch":0,"qoePlaybackSpeed":1272.8838365790875},"chunk-stream2-00053":{"qoeTotal":-118399.98421484037,"qoeBitrate":18000,"qoeRebuffer":30676.200000196695,"qoeLatency":104411.40000000004,"qoeBitrateSwitch":0,"qoePlaybackSpeed":1312.384214643639},"chunk-stream2-00054":{"qoeTotal":-121935.26385860474,"qoeBitrate":18500,"qoeRebuffer":30676.200000196695,"qoeLatency":108441.00000000004,"qoeBitrateSwitch":0,"qoePlaybackSpeed":1318.063858407997},"chunk-stream2-00055":{"qoeTotal":-125672.62743019684,"qoeBitrate":19000,"qoeRebuffer":30676.200000196695,"qoeLatency":112639.80000000005,"qoeBitrateSwitch":0,"qoePlaybackSpeed":1356.627430000099},"chunk-stream2-00056":{"qoeTotal":-136693.16364280906,"qoeBitrate":19500,"qoeRebuffer":37473.60000014305,"qoeLatency":117324.00000000004,"qoeBitrateSwitch":0,"qoePlaybackSpeed":1395.5636426659516},"chunk-stream2-00057":{"qoeTotal":-142653.349401912,"qoeBitrate":20000,"qoeRebuffer":39036.00000008941,"qoeLatency":122175.60000000005,"qoeBitrateSwitch":0,"qoePlaybackSpeed":1441.7494018225752},"chunk-stream2-00058":{"qoeTotal":-148695.60421627545,"qoeBitrate":20500,"qoeRebuffer":40592.40000012517,"qoeLatency":127122.60000000005,"qoeBitrateSwitch":0,"qoePlaybackSpeed":1480.6042161502328},"chunk-stream2-00059":{"qoeTotal":-153244.9853227726,"qoeBitrate":21000,"qoeRebuffer":40592.40000012517,"qoeLatency":132137.40000000005,"qoeBitrateSwitch":0,