{"init-stream2":{"qoeTotal":496.38,"qoeBitrate":500,"qoeRebuffer":0,"qoeLatency":3.62,"qoeBitrateSwitch":0,"qoePlaybackSpeed":0},"chunk-stream2-04786":{"qoeTotal":350.81932826274925,"qoeBitrate":1000,"qoeRebuffer":580,"qoeLatency":9.89,"qoeBitrateSwitch":0,"qoePlaybackSpeed":59.290671737250754},"chunk-stream2-04787":{"qoeTotal":-267.3313434268178,"qoeBitrate":1500,"qoeRebuffer":1630.7999999523163,"qoeLatency":17.950000000000003,"qoeBitrateSwitch":0,"qoePlaybackSpeed":118.58134347450151},"chunk-stream2-04788":{"qoeTotal":168.06778569279993,"qoeBitrate":2000,"qoeRebuffer":1630.7999999523163,"qoeLatency":27.650000000000002,"qoeBitrateSwitch":0,"qoePlaybackSpeed":173.4822143548838},"chunk-stream2-04789":{"qoeTotal":614.3751759938888,"qoeBitrate":2500,"qoeRebuffer":1630.7999999523163,"qoeLatency":39.49,"qoeBitrateSwitch":0,"qoePlaybackSpeed":215.3348240537949},"chunk-stream2-04790":{"qoeTotal":1069.255608646439,"qoeBitrate":3000,"qoeRebuffer":1630.7999999523163,"qoeLatency":52.28,"qoeBitrateSwitch":0,"qoePlaybackSpeed":247.66439140124476},"chunk-stream2-04791":{"qoeTotal":1532.5004471565524,"qoeBitrate":3500,"qoeRebuffer":1630.7999999523163,"qoeLatency":66.11,"qoeBitrateSwitch":0,"qoePlaybackSpeed":270.5895528911315},"chunk-stream2-04792":{"qoeTotal":2005.1589569908713,"qoeBitrate":4000,"qoeRebuffer":1630.7999999523163,"qoeLatency":80.89,"qoeBitrateSwitch":0,"qoePlaybackSpeed":283.1510430568126},"chunk-stream2-04793":{"qoeTotal":-559.6410429733662,"qoeBitrate":4500,"qoeRebuffer":4084.3999999165535,"qoeLatency":692.09,"qoeBitrateSwitch":0,"qoePlaybackSpeed":283.1510430568126},"chunk-stream2-04794":{"qoeTotal":-964.0410429733661,"qoeBitrate":5000,"qoeRebuffer":4352.3999999165535,"qoeLatency":1328.49,"qoeBitrateSwitch":0,"qoePlaybackSpeed":283.1510430568126},"chunk-stream2-04795":{"qoeTotal":-2172.117751035352,"qoeBitrate":5500,"qoeRebuffer":5423.599999904633,"qoeLatency":1952.0900000000001,"qoeBitrateSwitch":0,"qoePlaybackSpeed":296.4277511307193},"chunk-stream2-04796":{"qoeTotal":-2339.3177510353516,"qoeBitrate":6000,"qoeRebuffer":5423.599999904633,"qoeLatency":2619.29,"qoeBitrateSwitch":0,"qoePlaybackSpeed":296.4277511307193},"chunk-stream2-04797":{"qoeTotal":-4590.711545421516,"qoeBitrate":6500,"qoeRebuffer":7484.399999856949,"qoeLatency":3285.69,"qoeBitrateSwitch":0,"qoePlaybackSpeed":320.6215455645674},"chunk-stream2-04798":{"qoeTotal":-6810.442324120057,"qoeBitrate":7000,"qoeRebuffer":9398.399999916553,"qoeLatency":4045.29,"qoeBitrateSwitch":0,"qoePlaybackSpeed":366.75232420350335},"chunk-stream2-04799":{"qoeTotal":-8022.9731027947555,"qoeBitrate":7500,"qoeRebuffer":10262.799999952316,"qoeLatency":4847.29,"qoeBitrateSwitch":0,"qoePlaybackSpeed":412.8831028424393},"chunk-stream2-04800":{"qoeTotal":-9913.484261606138,"qoeBitrate":8000,"qoeRebuffer":11789.199999988079,"qoeLatency":5660.889999999999,"qoeBitrateSwitch":0,"qoePlaybackSpeed":463.39426161805847},"chunk-stream2-04801":{"qoeTotal":-12965.195420477123,"qoeBitrate":8500,"qoeRebuffer":14431.600000083447,"qoeLatency":6519.69,"qoeBitrateSwitch":0,"qoePlaybackSpeed":513.9054203936777},"chunk-stream2-04802":{"qoeTotal":-16039.051062772072,"qoeBitrate":9000,"qoeRebuffer":17054.00000011921,"qoeLatency":7415.69,"qoeBitrateSwitch":0,"qoePlaybackSpeed":569.3610626528645},"chunk-stream2-04803":{"qoeTotal":-18919.3067049955,"qoeBitrate":9500,"qoeRebuffer":19449.600000083447,"qoeLatency":8344.89,"qoeBitrateSwitch":0,"qoePlaybackSpeed":624.8167049120513},"chunk-stream2-04804":{"qoeTotal":-21598.76234723084,"qoeBitrate":10000,"qoeRebuffer":21626.000000059605,"qoeLatency":9292.49,"qoeBitrateSwitch":0,"qoePlaybackSpeed":680.272347171238},"chunk-stream2-04805":{"qoeTotal":-23776.217989430424,"qoeBitrate":10500,"qoeRebuffer":23270,"qoeLatency":10270.49,"qoeBitrateSwitch":0,"qoePlaybackSpeed":735.7279894304248},"chunk-stream2-04806":{"qoeTotal":-25936.47363170153,"qoeBitrate":11000,"qoeRebuffer":24928.80000001192,"qoeLatency":11216.49,"qoeBitrateSwitch":0,"qoePlaybackSpeed":791.1836316896116},"chunk-stream2-04807":{"qoeTotal":-27373.52927391304,"qoeBitrate":11500,"qoeRebuffer":25861.599999964237,"qoeLatency":12165.289999999999,"qoeBitrateSwitch":0,"qoePlaybackSpeed":846.6392739487984},"chunk-stream2-04808":{"qoeTotal":-30338.984916124537,"qoeBitrate":12000,"qoeRebuffer":28338.399999916553,"qoeLatency":13098.49,"qoeBitrateSwitch":0,"qoePlaybackSpeed":902.0949162079852},"chunk-stream2-04809":{"qoeTotal":-32641.24055841949,"qoeBitrate":12500,"qoeRebuffer":30068.799999952316,"qoeLatency":14114.89,"qoeBitrateSwitch":0,"qoePlaybackSpeed":957.550558467172},"chunk-stream2-04810":{"qoeTotal":-34722.696200726365,"qoeBitrate":13000,"qoeRebuffer":31600,"qoeLatency":15109.689999999999,"qoeBitrateSwitch":0,"qoePlaybackSpeed":1013.0062007263588},"chunk-stream2-04811":{"qoeTotal":-37924.151842925945,"qoeBitrate":13500,"qoeRebuffer":34199.999999940395,"qoeLatency":16155.689999999999,"qoeBitrateSwitch":0,"qoePlaybackSpeed":1068.4618429855457},"chunk-stream2-04812":{"qoeTotal":-40799.320610651936,"qoeBitrate":14000,"qoeRebuffer":36480.39999997616,"qoeLatency":17190.89,"qoeBitrateSwitch":0,"qoePlaybackSpeed":1128.0306106757753},"chunk-stream2-04813":{"qoeTotal":-42862.889378366,"qoeBitrate":14500,"qoeRebuffer":37958,"qoeLatency":18217.29,"qoeBitrateSwitch":0,"qoePlaybackSpeed":1187.5993783660049},"chunk-stream2-04814":{"qoeTotal":-44542.45814602047,"qoeBitrate":15000,"qoeRebuffer":38975.59999996424,"qoeLatency":19319.690000000002,"qoeBitrateSwitch":0,"qoePlaybackSpeed":1247.1681460562345},"chunk-stream2-04815":{"qoeTotal":-48278.82691373454,"qoeBitrate":15500,"qoeRebuffer":41973.19999998808,"qoeLatency":20498.890000000003,"qoeBitrateSwitch":0,"qoePlaybackSpeed":1306.736913746464},"chunk-stream2-04816":{"qoeTotal":-51101.195681424775,"qoeBitrate":16000,"qoeRebuffer":44013.19999998808,"qoeLatency":21721.690000000002,"qoeBitrateSwitch":0,"qoePlaybackSpeed":1366.3056814366937},"chunk-stream2-04817":{"qoeTotal":-53796.36444925806,"qoeBitrate":16500,"qoeRebuffer":45876.80000013113,"qoeLatency":22993.690000000002,"qoeBitrateSwitch":0,"qoePlaybackSpeed":1425.8744491269233},"chunk-stream2-04818":{"qoeTotal":-56913.13321691252,"qoeBitrate":17000,"qoeRebuffer":48134.40000009537,"qoeLatency":24293.29,"qoeBitrateSwitch":0,"qoePlaybackSpeed":1485.443216817153},"chunk-stream2-04819":{"qoeTotal":-60561.10198456699,"qoeBitrate":17500,"qoeRebuffer":50864.000000059605,"qoeLatency":25652.09,"qoeBitrateSwitch":0,"qoePlaybackSpeed":1545.0119845073825},"chunk-stream2-04820":{"qoeTotal":-63919.07075220953,"qoeBitrate":18000,"qoeRebuffer":53282.80000001192,"qoeLatency":27031.69,"qoeBitrateSwitch":0,"qoePlaybackSpeed":1604.5807521976121},"chunk-stream2-04821":{"qoeTotal":-66470.63951987591,"qoeBitrate":18500,"qoeRebuffer":54879.19999998808,"qoeLatency":28427.289999999997,"qoeBitrateSwitch":0,"qoePlaybackSpeed":1664.1495198878417},"chunk-stream2-04822":{"qoeTotal":-69720.20828759,"qoeBitrate":19000,"qoeRebuffer":57140.80000001192,"qoeLatency":29855.69,"qoeBitrateSwitch":0,"qoePlaybackSpeed":1723.7182875780713},"chunk-stream2-04823":{"qoeTotal":-73166.57705524446,"qoeBitrate":19500,"qoeRebuffer":59538.39999997616,"qoeLatency":31344.89,"qoeBitrateSwitch":0,"qoePlaybackSpeed":1783.287055268301},"chunk-stream2-04824":{"qoeTotal":-76371.34582286316,"qoeBitrate":20000,"qoeRebuffer":61667.59999990463,"qoeLatency":32860.89,"qoeBitrateSwitch":0,"qoePlaybackSpeed":1842.8558229585306},"chunk-stream2-04825":{"qoeTotal":-79777.31459056531,"qoeBitrate":20500,"qoeRebuffer":64000.39999991655,"qoeLatency":34374.49,"qoeBitrateSwitch":0,"qoePlaybackSpeed":1902.4245906487602},"chunk-stream2-04826":{"qoeTotal":-82992.08335820786,"qoeBitrate":21000,"qoeRebuffer":66075.19999986887,"qoeLatency":35954.89,"qoeBitrateSwitch":0,"qoePlaybackSpeed":1961.9933583389898},"chunk-stream2-04827":{"qoeTotal":-85132.45212588616,"qoeBitrate":21500,"qoeRebuffer":67076.39999985695,"qoeLatency":37534.49,"qoeBitrateSwitch":0,"qoePlaybackSpeed":2021.5621260292194},