{"chunk-stream2-00018":{"qoeTotal":-479.9814721803413,"qoeBitrate":500,"qoeRebuffer":0,"qoeLatency":943.2,"qoeBitrateSwitch":0,"qoePlaybackSpeed":36.78147218034127},"init-stream5":{"qoeTotal":1036.4370556393174,"qoeBitrate":3500,"qoeRebuffer":0,"qoeLatency":1890,"qoeBitrateSwitch":500,"qoePlaybackSpeed":73.56294436068254},"chunk-stream5-00019":{"qoeTotal":3042.3854746214565,"qoeBitrate":6500,"qoeRebuffer":0,"qoeLatency":2867.4,"qoeBitrateSwitch":500,"qoePlaybackSpeed":90.21452537854358},"chunk-stream5-00020":{"qoeTotal":5070.533893603595,"qoeBitrate":9500,"qoeRebuffer":0,"qoeLatency":3822.6000000000004,"qoeBitrateSwitch":500,"qoePlaybackSpeed":106.86610639640463},"chunk-stream5-00021":{"qoeTotal":7102.372192466874,"qoeBitrate":12500,"qoeRebuffer":0,"qoeLatency":4777.200000000001,"qoeBitrateSwitch":500,"qoePlaybackSpeed":120.42780753312489},"chunk-stream5-00022":{"qoeTotal":9143.99711505494,"qoeBitrate":15500,"qoeRebuffer":0,"qoeLatency":5724.6,"qoeBitrateSwitch":500,"qoePlaybackSpeed":131.4028849450585},"chunk-stream5-00023":{"qoeTotal":11201.875448189587,"qoeBitrate":18500,"qoeRebuffer":0,"qoeLatency":6660,"qoeBitrateSwitch":500,"qoePlaybackSpeed":138.1245518104129},"chunk-stream5-00024":{"qoeTotal":13278.953781324231,"qoeBitrate":21500,"qoeRebuffer":0,"qoeLatency":7576.2,"qoeBitrateSwitch":500,"qoePlaybackSpeed":144.8462186757673},"chunk-stream5-00025":{"qoeTotal":15353.153781324232,"qoeBitrate":24500,"qoeRebuffer":0,"qoeLatency":8502,"qoeBitrateSwitch":500,"qoePlaybackSpeed":144.8462186757673},"chunk-stream5-00026":{"qoeTotal":17427.95378132423,"qoeBitrate":27500,"qoeRebuffer":0,"qoeLatency":9427.2,"qoeBitrateSwitch":500,"qoePlaybackSpeed":144.8462186757673},"chunk-stream5-00027":{"qoeTotal":19503.35378132423,"qoeBitrate":30500,"qoeRebuffer":0,"qoeLatency":10351.800000000001,"qoeBitrateSwitch":500,"qoePlaybackSpeed":144.8462186757673},"chunk-stream5-00028":{"qoeTotal":21587.75378132423,"qoeBitrate":33500,"qoeRebuffer":0,"qoeLatency":11267.400000000001,"qoeBitrateSwitch":500,"qoePlaybackSpeed":144.8462186757673},"chunk-stream5-00029":{"qoeTotal":23662.55378132423,"qoeBitrate":36500,"qoeRebuffer":0,"qoeLatency":12192.600000000002,"qoeBitrateSwitch":500,"qoePlaybackSpeed":144.8462186757673},"chunk-stream5-00030":{"qoeTotal":25733.153781324232,"qoeBitrate":39500,"qoeRebuffer":0,"qoeLatency":13122.000000000002,"qoeBitrateSwitch":500,"qoePlaybackSpeed":144.8462186757673},"chunk-stream5-00031":{"qoeTotal":27808.55378132423,"qoeBitrate":42500,"qoeRebuffer":0,"qoeLatency":14046.600000000002,"qoeBitrateSwitch":500,"qoePlaybackSpeed":144.8462186757673},"chunk-stream5-00032":{"qoeTotal":29892.35378132423,"qoeBitrate":45500,"qoeRebuffer":0,"qoeLatency":14962.800000000003,"qoeBitrateSwitch":500,"qoePlaybackSpeed":144.8462186757673},"chunk-stream5-00033":{"qoeTotal":31966.55378132423,"qoeBitrate":48500,"qoeRebuffer":0,"qoeLatency":15888.600000000002,"qoeBitrateSwitch":500,"qoePlaybackSpeed":144.8462186757673},"chunk-stream5-00034":{"qoeTotal":34043.15378132423,"qoeBitrate":51500,"qoeRebuffer":0,"qoeLatency":16812.000000000004,"qoeBitrateSwitch":500,"qoePlaybackSpeed":144.8462186757673},"chunk-stream5-00035":{"qoeTotal":36119.75378132422,"qoeBitrate":54500,"qoeRebuffer":0,"qoeLatency":17735.400000000005,"qoeBitrateSwitch":500,"qoePlaybackSpeed":144.8462186757673},"chunk-stream5-00036":{"qoeTotal":38195.15378132423,"qoeBitrate":57500,"qoeRebuffer":0,"qoeLatency":18660.000000000004,"qoeBitrateSwitch":500,"qoePlaybackSpeed":144.8462186757673},"chunk-stream5-00037":{"qoeTotal":40278.95378132423,"qoeBitrate":60500,"qoeRebuffer":0,"qoeLatency":19576.200000000004,"qoeBitrateSwitch":500,"qoePlaybackSpeed":144.8462186757673},"chunk-stream5-00038":{"qoeTotal":42362.75378132422,"qoeBitrate":63500,"qoeRebuffer":0,"qoeLatency":20492.400000000005,"qoeBitrateSwitch":500,"qoePlaybackSpeed":144.8462186757673},"chunk-stream5-00039":{"qoeTotal":44436.95378132423,"qoeBitrate":66500,"qoeRebuffer":0,"qoeLatency":21418.200000000004,"qoeBitrateSwitch":500,"qoePlaybackSpeed":144.8462186757673},"chunk-stream5-00040":{"qoeTotal":46521.35378132423,"qoeBitrate":69500,"qoeRebuffer":0,"qoeLatency":22333.800000000003,"qoeBitrateSwitch":500,"qoePlaybackSpeed":144.8462186757673},"chunk-stream5-00041":{"qoeTotal":48593.75378132423,"qoeBitrate":72500,"qoeRebuffer":0,"qoeLatency":23261.4,"qoeBitrateSwitch":500,"qoePlaybackSpeed":144.8462186757673},"chunk-stream5-00042":{"qoeTotal":50668.553781324226,"qoeBitrate":75500,"qoeRebuffer":0,"qoeLatency":24186.600000000002,"qoeBitrateSwitch":500,"qoePlaybackSpeed":144.8462186757673},"chunk-stream5-00043":{"qoeTotal":52752.35378132423,"qoeBitrate":78500,"qoeRebuffer":0,"qoeLatency":25102.800000000003,"qoeBitrateSwitch":500,"qoePlaybackSpeed":144.8462186757673},"chunk-stream5-00044":{"qoeTotal":54836.15378132423,"qoeBitrate":81500,"qoeRebuffer":0,"qoeLatency":26019.000000000004,"qoeBitrateSwitch":500,"qoePlaybackSpeed":144.8462186757673},"chunk-stream5-00045":{"qoeTotal":56919.95378132423,"qoeBitrate":84500,"qoeRebuffer":0,"qoeLatency":26935.200000000004,"qoeBitrateSwitch":500,"qoePlaybackSpeed":144.8462186757673},"chunk-stream5-00046":{"qoeTotal":58996.553781324226,"qoeBitrate":87500,"qoeRebuffer":0,"qoeLatency":27858.600000000006,"qoeBitrateSwitch":500,"qoePlaybackSpeed":144.8462186757673},"chunk-stream5-00047":{"qoeTotal":61073.153781324225,"qoeBitrate":90500,"qoeRebuffer":0,"qoeLatency":28782.000000000007,"qoeBitrateSwitch":500,"qoePlaybackSpeed":144.8462186757673},"chunk-stream5-00048":{"qoeTotal":63149.75378132422,"qoeBitrate":93500,"qoeRebuffer":0,"qoeLatency":29705.40000000001,"qoeBitrateSwitch":500,"qoePlaybackSpeed":144.8462186757673},"chunk-stream5-00049":{"qoeTotal":65233.553781324226,"qoeBitrate":96500,"qoeRebuffer":0,"qoeLatency":30621.60000000001,"qoeBitrateSwitch":500,"qoePlaybackSpeed":144.8462186757673},"chunk-stream5-00050":{"qoeTotal":67317.35378132421,"qoeBitrate":99500,"qoeRebuffer":0,"qoeLatency":31537.80000000001,"qoeBitrateSwitch":500,"qoePlaybackSpeed":144.8462186757673},"chunk-stream5-00051":{"qoeTotal":69391.55378132423,"qoeBitrate":102500,"qoeRebuffer":0,"qoeLatency":32463.60000000001,"qoeBitrateSwitch":500,"qoePlaybackSpeed":144.8462186757673},"chunk-stream5-00052":{"qoeTotal":71475.35378132421,"qoeBitrate":105500,"qoeRebuffer":0,"qoeLatency":33379.80000000001,"qoeBitrateSwitch":500,"qoePlaybackSpeed":144.8462186757673},"chunk-stream5-00053":{"qoeTotal":73559.75378132422,"qoeBitrate":108500,"qoeRebuffer":0,"qoeLatency":34295.40000000001,"qoeBitrateSwitch":500,"qoePlaybackSpeed":144.8462186757673},"chunk-stream5-00054":{"qoeTotal":75635.75378132422,"qoeBitrate":111500,"qoeRebuffer":0,"qoeLatency":35219.40000000001,"qoeBitrateSwitch":500,"qoePlaybackSpeed":144.8462186757673},"chunk-stream5-00055":{"qoeTotal":77720.15378132423,"qoeBitrate":114500,"qoeRebuffer":0,"qoeLatency":36135.00000000001,"qoeBitrateSwitch":500,"qoePlaybackSpeed":144.8462186757673},"chunk-stream5-00056":{"qoeTotal":79803.95378132422,"qoeBitrate":117500,"qoeRebuffer":0,"qoeLatency":37051.200000000004,"qoeBitrateSwitch":500,"qoePlaybackSpeed":144.8462186757673},"chunk-stream5-00057":{"qoeTotal":81887.75378132424,"qoeBitrate":120500,"qoeRebuffer":0,"qoeLatency":37967.4,"qoeBitrateSwitch":500,"qoePlaybackSpeed":144.8462186757673},"chunk-stream5-00058":{"qoeTotal":83971.55378132423,"qoeBitrate":123500,"qoeRebuffer":0,"qoeLatency":38883.6,"qoeBitrateSwitch":500,"qoePlaybackSpeed":144.8462186757673},"chunk-stream5-00059":{"qoeTotal":86045.75378132424,"qoeBitrate":126500,"qoeRebuffer":0,"qoeLatency":39809.4,"qoeBitrateSwitch":500,"qoePlaybackSpeed":144.8462186757673},"chunk-stream5-00060":{"qoeTotal":88121.15378132423,"qoeBitrate":129500,"qoeRebuffer":0,"qoeLatency":40734,"qoeBitrateSwitch":500,"qoePlaybackSpeed":144.8462186757673},"chunk-stream5-00061":{"qoeTotal":90195.95378132424,"qoeBitrate":132500,"qoeRebuffer":0,"qoeLatency":41659.2,"qoeBitrateSwitch":500,"qoePlaybackSpeed":144.8462186757673},"chunk-stream5-00062":{"qoeTotal":92268.95378132424,