{"chunk-stream2-00018":{"qoeTotal":-568.0953513370483,"qoeBitrate":500,"qoeRebuffer":0,"qoeLatency":1019.4000000000001,"qoeBitrateSwitch":0,"qoePlaybackSpeed":48.69535133704828},"init-stream4":{"qoeTotal":-5979.505766274276,"qoeBitrate":2500,"qoeRebuffer":0,"qoeLatency":8127,"qoeBitrateSwitch":300,"qoePlaybackSpeed":52.505766274275196},"chunk-stream4-00019":{"qoeTotal":-6666.8837333802285,"qoeBitrate":4500,"qoeRebuffer":1502.399999946356,"qoeLatency":9274.2,"qoeBitrateSwitch":300,"qoePlaybackSpeed":90.28373343387169},"chunk-stream4-00020":{"qoeTotal":-5926.496836154746,"qoeBitrate":6500,"qoeRebuffer":1502.399999946356,"qoeLatency":10497,"qoeBitrateSwitch":300,"qoePlaybackSpeed":127.09683620839039},"chunk-stream4-00021":{"qoeTotal":-6892.639393432555,"qoeBitrate":8500,"qoeRebuffer":3068.999999910593,"qoeLatency":11859.6,"qoeBitrateSwitch":300,"qoePlaybackSpeed":164.0393935219613},"init-stream3":{"qoeTotal":-12903.500102454405,"qoeBitrate":9750,"qoeRebuffer":3068.999999910593,"qoeLatency":18946.2,"qoeBitrateSwitch":450,"qoePlaybackSpeed":188.30010254381153},"chunk-stream3-00022":{"qoeTotal":-13064.700102454406,"qoeBitrate":11000,"qoeRebuffer":3068.999999910593,"qoeLatency":20357.4,"qoeBitrateSwitch":450,"qoePlaybackSpeed":188.30010254381153},"chunk-stream3-00023":{"qoeTotal":-14867.754141660096,"qoeBitrate":12250,"qoeRebuffer":4639.199999928474,"qoeLatency":21810,"qoeBitrateSwitch":450,"qoePlaybackSpeed":218.55414173162166},"chunk-stream3-00024":{"qoeTotal":-15138.301091671841,"qoeBitrate":13500,"qoeRebuffer":4639.199999928474,"qoeLatency":23299.2,"qoeBitrateSwitch":450,"qoePlaybackSpeed":249.9010917433653},"chunk-stream3-00025":{"qoeTotal":-15434.420766348989,"qoeBitrate":14750,"qoeRebuffer":4639.199999928474,"qoeLatency":24826.8,"qoeBitrateSwitch":450,"qoePlaybackSpeed":268.42076642051427},"chunk-stream3-00026":{"qoeTotal":-15783.727071366215,"qoeBitrate":16000,"qoeRebuffer":4639.199999928474,"qoeLatency":26386.8,"qoeBitrateSwitch":450,"qoePlaybackSpeed":307.72707143774056},"chunk-stream4-00027":{"qoeTotal":-15546.342589904605,"qoeBitrate":18000,"qoeRebuffer":4639.199999928474,"qoeLatency":27982.2,"qoeBitrateSwitch":600,"qoePlaybackSpeed":324.9425899761303},"chunk-stream4-00028":{"qoeTotal":-15201.673377604824,"qoeBitrate":20000,"qoeRebuffer":4639.199999928474,"qoeLatency":29618.4,"qoeBitrateSwitch":600,"qoePlaybackSpeed":344.07337767634743},"chunk-stream4-00029":{"qoeTotal":-14934.752838979803,"qoeBitrate":22000,"qoeRebuffer":4639.199999928474,"qoeLatency":31320,"qoeBitrateSwitch":600,"qoePlaybackSpeed":375.5528390513273},"chunk-stream4-00030":{"qoeTotal":-16289.959878756768,"qoeBitrate":24000,"qoeRebuffer":6181.799999892712,"qoeLatency":33094.2,"qoeBitrateSwitch":600,"qoePlaybackSpeed":413.9598788640588},"chunk-stream4-00031":{"qoeTotal":-17734.618358496566,"qoeBitrate":26000,"qoeRebuffer":7688.399999856949,"qoeLatency":34996.799999999996,"qoeBitrateSwitch":600,"qoePlaybackSpeed":449.4183586396197},"chunk-stream3-00032":{"qoeTotal":-20260.801216523327,"qoeBitrate":27250,"qoeRebuffer":9206.399999856949,"qoeLatency":37067.99999999999,"qoeBitrateSwitch":750,"qoePlaybackSpeed":486.4012166663852},"chunk-stream3-00033":{"qoeTotal":-23670.401216612732,"qoeBitrate":28500,"qoeRebuffer":11594.399999946356,"qoeLatency":39339.59999999999,"qoeBitrateSwitch":750,"qoePlaybackSpeed":486.4012166663852},"chunk-stream3-00034":{"qoeTotal":-29470.724927214,"qoeBitrate":29750,"qoeRebuffer":16165.799999982119,"qoeLatency":41770.79999999999,"qoeBitrateSwitch":750,"qoePlaybackSpeed":534.1249272318915},"chunk-stream3-00035":{"qoeTotal":-32327.59121133133,"qoeBitrate":31000,"qoeRebuffer":17733.600000053644,"qoeLatency":44281.19999999999,"qoeBitrateSwitch":750,"qoePlaybackSpeed":562.7912112776969},"chunk-stream3-00036":{"qoeTotal":-33630.5510305348,"qoeBitrate":32250,"qoeRebuffer":17733.600000053644,"qoeLatency":46822.79999999999,"qoeBitrateSwitch":750,"qoePlaybackSpeed":574.1510304811677},"chunk-stream3-00037":{"qoeTotal":-34943.16991411443,"qoeBitrate":33500,"qoeRebuffer":17733.600000053644,"qoeLatency":49377.59999999999,"qoeBitrateSwitch":750,"qoePlaybackSpeed":581.9699140607944},"chunk-stream4-00038":{"qoeTotal":-35715.784278919804,"qoeBitrate":35500,"qoeRebuffer":17733.600000053644,"qoeLatency":51972.59999999999,"qoeBitrateSwitch":900,"qoePlaybackSpeed":609.5842788661711},"chunk-stream3-00039":{"qoeTotal":-37302.91778083687,"qoeBitrate":36750,"qoeRebuffer":17733.600000053644,"qoeLatency":54629.399999999994,"qoeBitrateSwitch":1050,"qoePlaybackSpeed":639.917780783231},"chunk-stream3-00040":{"qoeTotal":-38806.47346527764,"qoeBitrate":38000,"qoeRebuffer":17733.600000053644,"qoeLatency":57343.2,"qoeBitrateSwitch":1050,"qoePlaybackSpeed":679.6734652239948},"chunk-stream3-00041":{"qoeTotal":-40375.31690933224,"qoeBitrate":39250,"qoeRebuffer":17733.600000053644,"qoeLatency":60126.6,"qoeBitrateSwitch":1050,"qoePlaybackSpeed":715.1169092785988},"chunk-stream3-00042":{"qoeTotal":-41977.410586265876,"qoeBitrate":40500,"qoeRebuffer":17733.600000053644,"qoeLatency":62947.799999999996,"qoeBitrateSwitch":1050,"qoePlaybackSpeed":746.0105862122338},"chunk-stream3-00043":{"qoeTotal":-43621.21057470065,"qoeBitrate":41750,"qoeRebuffer":17733.600000053644,"qoeLatency":65781.59999999999,"qoeBitrateSwitch":1050,"qoePlaybackSpeed":806.0105746470151},"chunk-stream3-00044":{"qoeTotal":-45131.12153093197,"qoeBitrate":43000,"qoeRebuffer":17733.600000053644,"qoeLatency":68539.2,"qoeBitrateSwitch":1050,"qoePlaybackSpeed":808.3215308783286},"chunk-stream3-00045":{"qoeTotal":-46629.92572143087,"qoeBitrate":44250,"qoeRebuffer":17733.600000053644,"qoeLatency":71264.4,"qoeBitrateSwitch":1050,"qoePlaybackSpeed":831.925721377228},"chunk-stream3-00046":{"qoeTotal":-48130.233685259016,"qoeBitrate":45500,"qoeRebuffer":17733.600000053644,"qoeLatency":74004.59999999999,"qoeBitrateSwitch":1050,"qoePlaybackSpeed":842.0336852053805},"chunk-stream3-00047":{"qoeTotal":-49619.792916121616,"qoeBitrate":46750,"qoeRebuffer":17733.600000053644,"qoeLatency":76739.4,"qoeBitrateSwitch":1050,"qoePlaybackSpeed":846.7929160679781},"chunk-stream3-00048":{"qoeTotal":-51103.39288879115,"qoeBitrate":48000,"qoeRebuffer":17733.600000053644,"qoeLatency":79413,"qoeBitrateSwitch":1050,"qoePlaybackSpeed":906.7928887375115},"chunk-stream4-00049":{"qoeTotal":-53159.88543003535,"qoeBitrate":50000,"qoeRebuffer":18829.800000160933,"qoeLatency":82176,"qoeBitrateSwitch":1200,"qoePlaybackSpeed":954.0854298744181},"chunk-stream3-00050":{"qoeTotal":-58274.34143431735,"qoeBitrate":51250,"qoeRebuffer":21978.000000178814,"qoeLatency":85205.4,"qoeBitrateSwitch":1350,"qoePlaybackSpeed":990.9414341385384},"chunk-stream3-00051":{"qoeTotal":-60109.930000517874,"qoeBitrate":52500,"qoeRebuffer":21978.000000178814,"qoeLatency":88276.2,"qoeBitrateSwitch":1350,"qoePlaybackSpeed":1005.7300003390594},"chunk-stream3-00052":{"qoeTotal":-61953.28262855103,"qoeBitrate":53750,"qoeRebuffer":21978.000000178814,"qoeLatency":91362.59999999999,"qoeBitrateSwitch":1350,"qoePlaybackSpeed":1012.6826283722263},"chunk-stream4-00053":{"qoeTotal":-63197.8521961927,"qoeBitrate":55750,"qoeRebuffer":21978.000000178814,"qoeLatency":94451.4,"qoeBitrateSwitch":1500,"qoePlaybackSpeed":1018.4521960138977},"chunk-stream4-00054":{"qoeTotal":-64288.939955125505,"qoeBitrate":57750,"qoeRebuffer":21978.000000178814,"qoeLatency":97512.59999999999,"qoeBitrateSwitch":1500,"qoePlaybackSpeed":1048.3399549466978},"chunk-stream4-00055":{"qoeTotal":-67256.93995517914,"qoeBitrate":59750,"qoeRebuffer":23520.600000232458,"qoeLatency":100937.99999999999,"qoeBitrateSwitch":1500,"qoePlaybackSpeed":1048.3399549466978},"chunk-stream4-00056":{"qoeTotal":-76624.40657703725,"qoeBitrate":61750,"qoeRebuffer":30932.400000214577,"qoeLatency":104852.39999999998,"qoeBitrateSwitch":1500,"qoePlaybackSpeed":1089.606576822701},"chunk-stream4-00057":{"qoeTotal":-82048.98267880284,"qoeBitrate":63750,"qoeRebuffer":34107.60000023246,"qoeLatency":109058.99999999999,"qoeBitrateSwitch":1500,