{"chunk-stream2-00018":{"qoeTotal":-474.95196102302015,"qoeBitrate":500,"qoeRebuffer":0,"qoeLatency":941.4,"qoeBitrateSwitch":0,"qoePlaybackSpeed":33.55196102302016},"init-stream4":{"qoeTotal":294.7968903811254,"qoeBitrate":2500,"qoeRebuffer":0,"qoeLatency":1863.6,"qoeBitrateSwitch":300,"qoePlaybackSpeed":41.603109618874655},"chunk-stream4-00019":{"qoeTotal":1297.6449293581054,"qoeBitrate":4500,"qoeRebuffer":0,"qoeLatency":2827.2,"qoeBitrateSwitch":300,"qoePlaybackSpeed":75.15507064189481},"init-stream5":{"qoeTotal":3180.844929358105,"qoeBitrate":7500,"qoeRebuffer":0,"qoeLatency":3744,"qoeBitrateSwitch":500,"qoePlaybackSpeed":75.15507064189481},"chunk-stream5-00020":{"qoeTotal":5211.306955922018,"qoeBitrate":10500,"qoeRebuffer":0,"qoeLatency":4698,"qoeBitrateSwitch":500,"qoePlaybackSpeed":90.6930440779822},"chunk-stream5-00021":{"qoeTotal":7253.602115710207,"qoeBitrate":13500,"qoeRebuffer":0,"qoeLatency":5643,"qoeBitrateSwitch":500,"qoePlaybackSpeed":103.39788428979344},"chunk-stream5-00022":{"qoeTotal":9304.897275498395,"qoeBitrate":16500,"qoeRebuffer":0,"qoeLatency":6579,"qoeBitrateSwitch":500,"qoePlaybackSpeed":116.10272450160468},"chunk-stream5-00023":{"qoeTotal":11363.24612690254,"qoeBitrate":19500,"qoeRebuffer":0,"qoeLatency":7512.6,"qoeBitrateSwitch":500,"qoePlaybackSpeed":124.15387309745918},"chunk-stream5-00024":{"qoeTotal":13446.446126902541,"qoeBitrate":22500,"qoeRebuffer":0,"qoeLatency":8429.4,"qoeBitrateSwitch":500,"qoePlaybackSpeed":124.15387309745918},"chunk-stream5-00025":{"qoeTotal":15529.646126902542,"qoeBitrate":25500,"qoeRebuffer":0,"qoeLatency":9346.199999999999,"qoeBitrateSwitch":500,"qoePlaybackSpeed":124.15387309745918},"chunk-stream5-00026":{"qoeTotal":17612.84612690254,"qoeBitrate":28500,"qoeRebuffer":0,"qoeLatency":10262.999999999998,"qoeBitrateSwitch":500,"qoePlaybackSpeed":124.15387309745918},"chunk-stream5-00027":{"qoeTotal":19687.046126902544,"qoeBitrate":31500,"qoeRebuffer":0,"qoeLatency":11188.799999999997,"qoeBitrateSwitch":500,"qoePlaybackSpeed":124.15387309745918},"chunk-stream5-00028":{"qoeTotal":21770.24612690254,"qoeBitrate":34500,"qoeRebuffer":0,"qoeLatency":12105.599999999997,"qoeBitrateSwitch":500,"qoePlaybackSpeed":124.15387309745918},"chunk-stream5-00029":{"qoeTotal":23845.046126902544,"qoeBitrate":37500,"qoeRebuffer":0,"qoeLatency":13030.799999999997,"qoeBitrateSwitch":500,"qoePlaybackSpeed":124.15387309745918},"chunk-stream5-00030":{"qoeTotal":25918.646126902542,"qoeBitrate":40500,"qoeRebuffer":0,"qoeLatency":13957.199999999997,"qoeBitrateSwitch":500,"qoePlaybackSpeed":124.15387309745918},"chunk-stream5-00031":{"qoeTotal":28001.846126902543,"qoeBitrate":43500,"qoeRebuffer":0,"qoeLatency":14873.999999999996,"qoeBitrateSwitch":500,"qoePlaybackSpeed":124.15387309745918},"chunk-stream5-00032":{"qoeTotal":30051.61597193283,"qoeBitrate":46500,"qoeRebuffer":0,"qoeLatency":15809.999999999996,"qoeBitrateSwitch":500,"qoePlaybackSpeed":138.38402806717323},"init-stream2":{"qoeTotal":29100.785816963118,"qoeBitrate":47000,"qoeRebuffer":0,"qoeLatency":16746.599999999995,"qoeBitrateSwitch":1000,"qoePlaybackSpeed":152.61418303688728},"chunk-stream2-00033":{"qoeTotal":28647.50096487608,"qoeBitrate":47500,"qoeRebuffer":0,"qoeLatency":17689.199999999993,"qoeBitrateSwitch":1000,"qoePlaybackSpeed":163.2990351239271},"chunk-stream2-00034":{"qoeTotal":28199.616112789037,"qoeBitrate":48000,"qoeRebuffer":0,"qoeLatency":18626.399999999994,"qoeBitrateSwitch":1000,"qoePlaybackSpeed":173.9838872109669},"init-stream3":{"qoeTotal":28351.731260702,"qoeBitrate":49250,"qoeRebuffer":0,"qoeLatency":19563.599999999995,"qoeBitrateSwitch":1150,"qoePlaybackSpeed":184.66873929800673},"chunk-stream3-00035":{"qoeTotal":28663.080112106145,"qoeBitrate":50500,"qoeRebuffer":0,"qoeLatency":20494.199999999993,"qoeBitrateSwitch":1150,"qoePlaybackSpeed":192.71988789386123},"chunk-stream3-00036":{"qoeTotal":28974.42896351029,"qoeBitrate":51750,"qoeRebuffer":0,"qoeLatency":21424.799999999992,"qoeBitrateSwitch":1150,"qoePlaybackSpeed":200.77103648971573},"chunk-stream4-00037":{"qoeTotal":29900.42896351029,"qoeBitrate":53750,"qoeRebuffer":0,"qoeLatency":22348.799999999992,"qoeBitrateSwitch":1300,"qoePlaybackSpeed":200.77103648971573},"chunk-stream4-00038":{"qoeTotal":30973.42896351029,"qoeBitrate":55750,"qoeRebuffer":0,"qoeLatency":23275.799999999992,"qoeBitrateSwitch":1300,"qoePlaybackSpeed":200.77103648971573},"chunk-stream4-00039":{"qoeTotal":32050.02896351029,"qoeBitrate":57750,"qoeRebuffer":0,"qoeLatency":24199.199999999993,"qoeBitrateSwitch":1300,"qoePlaybackSpeed":200.77103648971573},"chunk-stream4-00040":{"qoeTotal":33126.628963510295,"qoeBitrate":59750,"qoeRebuffer":0,"qoeLatency":25122.599999999995,"qoeBitrateSwitch":1300,"qoePlaybackSpeed":200.77103648971573},"chunk-stream4-00041":{"qoeTotal":34202.628963510295,"qoeBitrate":61750,"qoeRebuffer":0,"qoeLatency":26046.599999999995,"qoeBitrateSwitch":1300,"qoePlaybackSpeed":200.77103648971573},"chunk-stream5-00042":{"qoeTotal":36085.82896351029,"qoeBitrate":64750,"qoeRebuffer":0,"qoeLatency":26963.399999999994,"qoeBitrateSwitch":1500,"qoePlaybackSpeed":200.77103648971573},"chunk-stream5-00043":{"qoeTotal":38169.02896351029,"qoeBitrate":67750,"qoeRebuffer":0,"qoeLatency":27880.199999999993,"qoeBitrateSwitch":1500,"qoePlaybackSpeed":200.77103648971573},"chunk-stream5-00044":{"qoeTotal":40243.82896351029,"qoeBitrate":70750,"qoeRebuffer":0,"qoeLatency":28805.399999999994,"qoeBitrateSwitch":1500,"qoePlaybackSpeed":200.77103648971573},"chunk-stream5-00045":{"qoeTotal":42327.02896351029,"qoeBitrate":73750,"qoeRebuffer":0,"qoeLatency":29722.199999999993,"qoeBitrateSwitch":1500,"qoePlaybackSpeed":200.77103648971573},"chunk-stream5-00046":{"qoeTotal":44410.22896351029,"qoeBitrate":76750,"qoeRebuffer":0,"qoeLatency":30638.999999999993,"qoeBitrateSwitch":1500,"qoePlaybackSpeed":200.77103648971573},"chunk-stream5-00047":{"qoeTotal":46493.4289635103,"qoeBitrate":79750,"qoeRebuffer":0,"qoeLatency":31555.799999999992,"qoeBitrateSwitch":1500,"qoePlaybackSpeed":200.77103648971573},"chunk-stream5-00048":{"qoeTotal":48576.628963510295,"qoeBitrate":82750,"qoeRebuffer":0,"qoeLatency":32472.59999999999,"qoeBitrateSwitch":1500,"qoePlaybackSpeed":200.77103648971573},"chunk-stream5-00049":{"qoeTotal":50659.82896351029,"qoeBitrate":85750,"qoeRebuffer":0,"qoeLatency":33389.399999999994,"qoeBitrateSwitch":1500,"qoePlaybackSpeed":200.77103648971573},"chunk-stream5-00050":{"qoeTotal":52731.02896351029,"qoeBitrate":88750,"qoeRebuffer":0,"qoeLatency":34318.2,"qoeBitrateSwitch":1500,"qoePlaybackSpeed":200.77103648971573},"chunk-stream5-00051":{"qoeTotal":54805.228963510286,"qoeBitrate":91750,"qoeRebuffer":0,"qoeLatency":35244,"qoeBitrateSwitch":1500,"qoePlaybackSpeed":200.77103648971573},"chunk-stream5-00052":{"qoeTotal":56881.228963510286,"qoeBitrate":94750,"qoeRebuffer":0,"qoeLatency":36168,"qoeBitrateSwitch":1500,"qoePlaybackSpeed":200.77103648971573},"chunk-stream5-00053":{"qoeTotal":58957.828963510285,"qoeBitrate":97750,"qoeRebuffer":0,"qoeLatency":37091.4,"qoeBitrateSwitch":1500,"qoePlaybackSpeed":200.77103648971573},"chunk-stream5-00054":{"qoeTotal":61034.42896351028,"qoeBitrate":100750,"qoeRebuffer":0,"qoeLatency":38014.8,"qoeBitrateSwitch":1500,"qoePlaybackSpeed":200.77103648971573},"chunk-stream5-00055":{"qoeTotal":63117.62896351028,"qoeBitrate":103750,"qoeRebuffer":0,"qoeLatency":38931.600000000006,"qoeBitrateSwitch":1500,"qoePlaybackSpeed":200.77103648971573},"chunk-stream5-00056":{"qoeTotal":65200.22896351028,"qoeBitrate":106750,"qoeRebuffer":0,"qoeLatency":39849.00000000001,"qoeBitrateSwitch":1500,"qoePlaybackSpeed":200.77103648971573},"chunk-stream5-00057":{"qoeTotal":67282.82896351027,"qoeBitrate":109750,"qoeRebuffer":0,"qoeLatency":40766.40000000001,"qoeBitrateSwitch":1500,"qoePlaybackSpeed":200.77103648971573},"chunk-stream5-00058":{"qoeTotal":69366.02896351027,"qoeBitrate":112750,"qoeRebuffer":0,"qoeLatency":41683.20000000001,"qoeBitrateSwitch":1500,"qoePlaybackSpeed":200.77103648971573},