{"chunk-stream2-00018":{"qoeTotal":-495.4754348999302,"qoeBitrate":500,"qoeRebuffer":0,"qoeLatency":950.4000000000001,"qoeBitrateSwitch":0,"qoePlaybackSpeed":45.07543489993011},"init-stream3":{"qoeTotal":-1746.9508697998604,"qoeBitrate":1750,"qoeRebuffer":0,"qoeLatency":1906.8000000000002,"qoeBitrateSwitch":1500,"qoePlaybackSpeed":90.15086979986022},"chunk-stream3-00019":{"qoeTotal":-1518.8263046997906,"qoeBitrate":3000,"qoeRebuffer":0,"qoeLatency":2883.6000000000004,"qoeBitrateSwitch":1500,"qoePlaybackSpeed":135.22630469979032},"chunk-stream3-00020":{"qoeTotal":-1272.8756979512657,"qoeBitrate":4250,"qoeRebuffer":0,"qoeLatency":3867.6000000000004,"qoeBitrateSwitch":1500,"qoePlaybackSpeed":155.27569795126533},"init-stream4":{"qoeTotal":-1769.725091202741,"qoeBitrate":6250,"qoeRebuffer":0,"qoeLatency":4844.400000000001,"qoeBitrateSwitch":3000,"qoePlaybackSpeed":175.32509120274034},"chunk-stream4-00021":{"qoeTotal":-751.9150228112686,"qoeBitrate":8250,"qoeRebuffer":0,"qoeLatency":5809.8,"qoeBitrateSwitch":3000,"qoePlaybackSpeed":192.11502281126843},"chunk-stream4-00022":{"qoeTotal":279.78102005550363,"qoeBitrate":10250,"qoeRebuffer":0,"qoeLatency":6764.400000000001,"qoeBitrateSwitch":3000,"qoePlaybackSpeed":205.81897994449585},"chunk-stream4-00023":{"qoeTotal":1329.6610280610153,"qoeBitrate":12250,"qoeRebuffer":0,"qoeLatency":7703.400000000001,"qoeBitrateSwitch":3000,"qoePlaybackSpeed":216.9389719389842},"chunk-stream4-00024":{"qoeTotal":2395.968434633676,"qoeBitrate":14250,"qoeRebuffer":0,"qoeLatency":8628.6,"qoeBitrateSwitch":3000,"qoePlaybackSpeed":225.43156536632318},"chunk-stream4-00025":{"qoeTotal":3478.5684346336766,"qoeBitrate":16250,"qoeRebuffer":0,"qoeLatency":9546,"qoeBitrateSwitch":3000,"qoePlaybackSpeed":225.43156536632318},"chunk-stream4-00026":{"qoeTotal":4561.168434633677,"qoeBitrate":18250,"qoeRebuffer":0,"qoeLatency":10463.4,"qoeBitrateSwitch":3000,"qoePlaybackSpeed":225.43156536632318},"chunk-stream4-00027":{"qoeTotal":5643.768434633677,"qoeBitrate":20250,"qoeRebuffer":0,"qoeLatency":11380.8,"qoeBitrateSwitch":3000,"qoePlaybackSpeed":225.43156536632318},"chunk-stream4-00028":{"qoeTotal":6726.368434633678,"qoeBitrate":22250,"qoeRebuffer":0,"qoeLatency":12298.199999999999,"qoeBitrateSwitch":3000,"qoePlaybackSpeed":225.43156536632318},"chunk-stream4-00029":{"qoeTotal":7808.968434633678,"qoeBitrate":24250,"qoeRebuffer":0,"qoeLatency":13215.599999999999,"qoeBitrateSwitch":3000,"qoePlaybackSpeed":225.43156536632318},"chunk-stream4-00030":{"qoeTotal":8892.168434633679,"qoeBitrate":26250,"qoeRebuffer":0,"qoeLatency":14132.399999999998,"qoeBitrateSwitch":3000,"qoePlaybackSpeed":225.43156536632318},"chunk-stream4-00031":{"qoeTotal":9975.36843463368,"qoeBitrate":28250,"qoeRebuffer":0,"qoeLatency":15049.199999999997,"qoeBitrateSwitch":3000,"qoePlaybackSpeed":225.43156536632318},"chunk-stream4-00032":{"qoeTotal":11058.56843463368,"qoeBitrate":30250,"qoeRebuffer":0,"qoeLatency":15965.999999999996,"qoeBitrateSwitch":3000,"qoePlaybackSpeed":225.43156536632318},"chunk-stream4-00033":{"qoeTotal":12141.168434633679,"qoeBitrate":32250,"qoeRebuffer":0,"qoeLatency":16883.399999999998,"qoeBitrateSwitch":3000,"qoePlaybackSpeed":225.43156536632318},"chunk-stream4-00034":{"qoeTotal":13223.768434633677,"qoeBitrate":34250,"qoeRebuffer":0,"qoeLatency":17800.8,"qoeBitrateSwitch":3000,"qoePlaybackSpeed":225.43156536632318},"chunk-stream4-00035":{"qoeTotal":14306.368434633676,"qoeBitrate":36250,"qoeRebuffer":0,"qoeLatency":18718.2,"qoeBitrateSwitch":3000,"qoePlaybackSpeed":225.43156536632318},"chunk-stream4-00036":{"qoeTotal":15388.968434633674,"qoeBitrate":38250,"qoeRebuffer":0,"qoeLatency":19635.600000000002,"qoeBitrateSwitch":3000,"qoePlaybackSpeed":225.43156536632318},"chunk-stream4-00037":{"qoeTotal":16471.568434633675,"qoeBitrate":40250,"qoeRebuffer":0,"qoeLatency":20553.000000000004,"qoeBitrateSwitch":3000,"qoePlaybackSpeed":225.43156536632318},"chunk-stream4-00038":{"qoeTotal":17554.768434633675,"qoeBitrate":42250,"qoeRebuffer":0,"qoeLatency":21469.800000000003,"qoeBitrateSwitch":3000,"qoePlaybackSpeed":225.43156536632318},"chunk-stream4-00039":{"qoeTotal":18628.968434633676,"qoeBitrate":44250,"qoeRebuffer":0,"qoeLatency":22395.600000000002,"qoeBitrateSwitch":3000,"qoePlaybackSpeed":225.43156536632318},"chunk-stream4-00040":{"qoeTotal":19711.568434633675,"qoeBitrate":46250,"qoeRebuffer":0,"qoeLatency":23313.000000000004,"qoeBitrateSwitch":3000,"qoePlaybackSpeed":225.43156536632318},"chunk-stream4-00041":{"qoeTotal":20794.768434633675,"qoeBitrate":48250,"qoeRebuffer":0,"qoeLatency":24229.800000000003,"qoeBitrateSwitch":3000,"qoePlaybackSpeed":225.43156536632318},"chunk-stream4-00042":{"qoeTotal":21877.368434633674,"qoeBitrate":50250,"qoeRebuffer":0,"qoeLatency":25147.200000000004,"qoeBitrateSwitch":3000,"qoePlaybackSpeed":225.43156536632318},"chunk-stream4-00043":{"qoeTotal":22959.968434633673,"qoeBitrate":52250,"qoeRebuffer":0,"qoeLatency":26064.600000000006,"qoeBitrateSwitch":3000,"qoePlaybackSpeed":225.43156536632318},"chunk-stream4-00044":{"qoeTotal":24042.56843463367,"qoeBitrate":54250,"qoeRebuffer":0,"qoeLatency":26982.000000000007,"qoeBitrateSwitch":3000,"qoePlaybackSpeed":225.43156536632318},"chunk-stream4-00045":{"qoeTotal":25125.768434633672,"qoeBitrate":56250,"qoeRebuffer":0,"qoeLatency":27898.800000000007,"qoeBitrateSwitch":3000,"qoePlaybackSpeed":225.43156536632318},"chunk-stream4-00046":{"qoeTotal":26205.36843463367,"qoeBitrate":58250,"qoeRebuffer":0,"qoeLatency":28819.200000000008,"qoeBitrateSwitch":3000,"qoePlaybackSpeed":225.43156536632318},"chunk-stream4-00047":{"qoeTotal":27287.96843463367,"qoeBitrate":60250,"qoeRebuffer":0,"qoeLatency":29736.60000000001,"qoeBitrateSwitch":3000,"qoePlaybackSpeed":225.43156536632318},"chunk-stream4-00048":{"qoeTotal":28370.568434633667,"qoeBitrate":62250,"qoeRebuffer":0,"qoeLatency":30654.00000000001,"qoeBitrateSwitch":3000,"qoePlaybackSpeed":225.43156536632318},"chunk-stream4-00049":{"qoeTotal":29444.168434633666,"qoeBitrate":64250,"qoeRebuffer":0,"qoeLatency":31580.400000000012,"qoeBitrateSwitch":3000,"qoePlaybackSpeed":225.43156536632318},"chunk-stream4-00050":{"qoeTotal":30527.368434633667,"qoeBitrate":66250,"qoeRebuffer":0,"qoeLatency":32497.20000000001,"qoeBitrateSwitch":3000,"qoePlaybackSpeed":225.43156536632318},"chunk-stream4-00051":{"qoeTotal":31610.568434633664,"qoeBitrate":68250,"qoeRebuffer":0,"qoeLatency":33414.000000000015,"qoeBitrateSwitch":3000,"qoePlaybackSpeed":225.43156536632318},"chunk-stream4-00052":{"qoeTotal":32693.168434633662,"qoeBitrate":70250,"qoeRebuffer":0,"qoeLatency":34331.400000000016,"qoeBitrateSwitch":3000,"qoePlaybackSpeed":225.43156536632318},"chunk-stream4-00053":{"qoeTotal":33775.76843463366,"qoeBitrate":72250,"qoeRebuffer":0,"qoeLatency":35248.80000000002,"qoeBitrateSwitch":3000,"qoePlaybackSpeed":225.43156536632318},"chunk-stream4-00054":{"qoeTotal":34849.96843463366,"qoeBitrate":74250,"qoeRebuffer":0,"qoeLatency":36174.60000000002,"qoeBitrateSwitch":3000,"qoePlaybackSpeed":225.43156536632318},"chunk-stream4-00055":{"qoeTotal":35932.56843463366,"qoeBitrate":76250,"qoeRebuffer":0,"qoeLatency":37092.00000000002,"qoeBitrateSwitch":3000,"qoePlaybackSpeed":225.43156536632318},"chunk-stream4-00056":{"qoeTotal":37015.168434633655,"qoeBitrate":78250,"qoeRebuffer":0,"qoeLatency":38009.40000000002,"qoeBitrateSwitch":3000,"qoePlaybackSpeed":225.43156536632318},"chunk-stream4-00057":{"qoeTotal":38098.36843463365,"qoeBitrate":80250,"qoeRebuffer":0,"qoeLatency":38926.200000000026,"qoeBitrateSwitch":3000,"qoePlaybackSpeed":225.43156536632318},"chunk-stream4-00058":{"qoeTotal":39181.56843463365,"qoeBitrate":82250,"qoeRebuffer":0,"qoeLatency":39843.00000000003,"qoeBitrateSwitch":3000,"qoePlaybackSpeed":225.43156536632318},"chunk-stream4-00059":{"qoeTotal":40264.76843463365,"qoeBitrate":84250,"qoeRebuffer":0,"qoeLatency":40759.80000000003,"qoeBitrateSwitch":3000,"qoePlaybackSpeed":225.43156536632318},"chunk-stream4-00060":{"qoeTotal":41347.96843463364,"qoeBitrate":86250,