{"chunk-stream2-00018":{"qoeTotal":-376.6,"qoeBitrate":500,"qoeRebuffer":0,"qoeLatency":876.6,"qoeBitrateSwitch":0,"qoePlaybackSpeed":0},"init-stream5":{"qoeTotal":-3336.58660426368,"qoeBitrate":3500,"qoeRebuffer":0,"qoeLatency":1824.6,"qoeBitrateSwitch":5000,"qoePlaybackSpeed":11.986604263679768},"chunk-stream5-00019":{"qoeTotal":-2887.4105425317657,"qoeBitrate":6500,"qoeRebuffer":1542,"qoeLatency":2813.3999999999996,"qoeBitrateSwitch":5000,"qoePlaybackSpeed":32.010542531766184},"chunk-stream5-00020":{"qoeTotal":-920.2043369656138,"qoeBitrate":9500,"qoeRebuffer":1542,"qoeLatency":3821.9999999999995,"qoeBitrateSwitch":5000,"qoePlaybackSpeed":56.20433696561427},"chunk-stream5-00021":{"qoeTotal":1081.4802147010932,"qoeBitrate":12500,"qoeRebuffer":1542,"qoeLatency":4799.999999999999,"qoeBitrateSwitch":5000,"qoePlaybackSpeed":76.51978529890778},"chunk-stream5-00022":{"qoeTotal":3103.028633683232,"qoeBitrate":15500,"qoeRebuffer":1542,"qoeLatency":5761.799999999999,"qoeBitrateSwitch":5000,"qoePlaybackSpeed":93.17136631676883},"chunk-stream5-00023":{"qoeTotal":5132.924676550005,"qoeBitrate":18500,"qoeRebuffer":1542,"qoeLatency":6718.199999999999,"qoeBitrateSwitch":5000,"qoePlaybackSpeed":106.87532344999623},"chunk-stream5-00024":{"qoeTotal":7176.949599138071,"qoeBitrate":21500,"qoeRebuffer":1542,"qoeLatency":7663.199999999999,"qoeBitrateSwitch":5000,"qoePlaybackSpeed":117.85040086192986},"chunk-stream5-00025":{"qoeTotal":9240.836145099107,"qoeBitrate":24500,"qoeRebuffer":1542,"qoeLatency":8591.999999999998,"qoeBitrateSwitch":5000,"qoePlaybackSpeed":125.16385490089579},"chunk-stream5-00026":{"qoeTotal":11316.12269106014,"qoeBitrate":27500,"qoeRebuffer":1542,"qoeLatency":9509.399999999998,"qoeBitrateSwitch":5000,"qoePlaybackSpeed":132.4773089398617},"chunk-stream5-00027":{"qoeTotal":13400.52269106014,"qoeBitrate":30500,"qoeRebuffer":1542,"qoeLatency":10424.999999999998,"qoeBitrateSwitch":5000,"qoePlaybackSpeed":132.4773089398617},"chunk-stream5-00028":{"qoeTotal":15475.92269106014,"qoeBitrate":33500,"qoeRebuffer":1542,"qoeLatency":11349.599999999999,"qoeBitrateSwitch":5000,"qoePlaybackSpeed":132.4773089398617},"chunk-stream5-00029":{"qoeTotal":17550.72269106014,"qoeBitrate":36500,"qoeRebuffer":1542,"qoeLatency":12274.8,"qoeBitrateSwitch":5000,"qoePlaybackSpeed":132.4773089398617},"chunk-stream5-00030":{"qoeTotal":19634.522691060138,"qoeBitrate":39500,"qoeRebuffer":1542,"qoeLatency":13191,"qoeBitrateSwitch":5000,"qoePlaybackSpeed":132.4773089398617},"chunk-stream5-00031":{"qoeTotal":21664.260226821672,"qoeBitrate":42500,"qoeRebuffer":1542,"qoeLatency":14139.6,"qoeBitrateSwitch":5000,"qoePlaybackSpeed":154.13977317832843},"chunk-stream5-00032":{"qoeTotal":23595.84912091963,"qoeBitrate":45500,"qoeRebuffer":1542,"qoeLatency":15172.2,"qoeBitrateSwitch":5000,"qoePlaybackSpeed":189.95087908037},"chunk-stream5-00033":{"qoeTotal":22140.080302545717,"qoeBitrate":48500,"qoeRebuffer":4615.200000286102,"qoeLatency":16509.600000000002,"qoeBitrateSwitch":5000,"qoePlaybackSpeed":235.1196971681789},"init-stream4":{"qoeTotal":20756.31148445791,"qoeBitrate":50500,"qoeRebuffer":4615.200000286102,"qoeLatency":17848.2,"qoeBitrateSwitch":7000,"qoePlaybackSpeed":280.2885152559878},"chunk-stream4-00034":{"qoeTotal":19715.16347593974,"qoeBitrate":52500,"qoeRebuffer":6148.800001144409,"qoeLatency":19314,"qoeBitrateSwitch":7000,"qoePlaybackSpeed":322.0365229158508},"chunk-stream4-00035":{"qoeTotal":20160.912169762596,"qoeBitrate":54500,"qoeRebuffer":6148.800001144409,"qoeLatency":20839.8,"qoeBitrateSwitch":7000,"qoePlaybackSpeed":350.4878290929966},"chunk-stream4-00036":{"qoeTotal":20553.266768048907,"qoeBitrate":56500,"qoeRebuffer":6148.800001144409,"qoeLatency":22402.2,"qoeBitrateSwitch":7000,"qoePlaybackSpeed":395.73323080668456},"chunk-stream4-00037":{"qoeTotal":20924.621366335217,"qoeBitrate":58500,"qoeRebuffer":6148.800001144409,"qoeLatency":23985.600000000002,"qoeBitrateSwitch":7000,"qoePlaybackSpeed":440.9786325203725},"chunk-stream4-00038":{"qoeTotal":21294.802088276312,"qoeBitrate":60500,"qoeRebuffer":6148.800001144409,"qoeLatency":25555.800000000003,"qoeBitrateSwitch":7000,"qoePlaybackSpeed":500.5979105792743},"chunk-stream4-00039":{"qoeTotal":21691.98281021741,"qoeBitrate":62500,"qoeRebuffer":6148.800001144409,"qoeLatency":27099.000000000004,"qoeBitrateSwitch":7000,"qoePlaybackSpeed":560.217188638176},"chunk-stream4-00040":{"qoeTotal":22116.76353215851,"qoeBitrate":64500,"qoeRebuffer":6148.800001144409,"qoeLatency":28614.600000000002,"qoeBitrateSwitch":7000,"qoePlaybackSpeed":619.8364666970778},"chunk-stream4-00041":{"qoeTotal":22638.74425409961,"qoeBitrate":66500,"qoeRebuffer":6148.800001144409,"qoeLatency":30033.000000000004,"qoeBitrateSwitch":7000,"qoePlaybackSpeed":679.4557447559795},"chunk-stream4-00042":{"qoeTotal":23199.724976040703,"qoeBitrate":68500,"qoeRebuffer":6148.800001144409,"qoeLatency":31412.400000000005,"qoeBitrateSwitch":7000,"qoePlaybackSpeed":739.0750228148812},"chunk-stream4-00043":{"qoeTotal":23859.11453310144,"qoeBitrate":70500,"qoeRebuffer":6148.800001144409,"qoeLatency":32697.000000000004,"qoeBitrateSwitch":7000,"qoePlaybackSpeed":795.0854657541443},"chunk-stream4-00044":{"qoeTotal":24566.504090162176,"qoeBitrate":72500,"qoeRebuffer":6148.800001144409,"qoeLatency":33933.600000000006,"qoeBitrateSwitch":7000,"qoePlaybackSpeed":851.0959086934073},"chunk-stream4-00045":{"qoeTotal":25342.209693098932,"qoeBitrate":74500,"qoeRebuffer":6148.800001144409,"qoeLatency":35106.00000000001,"qoeBitrateSwitch":7000,"qoePlaybackSpeed":902.9903057566518},"chunk-stream4-00046":{"qoeTotal":26172.58853043604,"qoeBitrate":76500,"qoeRebuffer":6148.800001144409,"qoeLatency":36229.80000000001,"qoeBitrateSwitch":7000,"qoePlaybackSpeed":948.8114684195394},"chunk-stream4-00047":{"qoeTotal":27084.213391819954,"qoeBitrate":78500,"qoeRebuffer":6148.800001144409,"qoeLatency":37282.20000000001,"qoeBitrateSwitch":7000,"qoePlaybackSpeed":984.7866070356258},"chunk-stream4-00048":{"qoeTotal":28044.759039118027,"qoeBitrate":80500,"qoeRebuffer":6148.800001144409,"qoeLatency":38295.000000000015,"qoeBitrateSwitch":7000,"qoePlaybackSpeed":1011.4409597375487},"chunk-stream4-00049":{"qoeTotal":29040.19659106334,"qoeBitrate":82500,"qoeRebuffer":6148.800001144409,"qoeLatency":39277.80000000002,"qoeBitrateSwitch":7000,"qoePlaybackSpeed":1033.2034077922317},"chunk-stream4-00050":{"qoeTotal":30075.842559640412,"qoeBitrate":84500,"qoeRebuffer":6148.800001144409,"qoeLatency":40227.60000000002,"qoeBitrateSwitch":7000,"qoePlaybackSpeed":1047.7574392151598},"chunk-stream5-00051":{"qoeTotal":30134.50945762301,"qoeBitrate":87500,"qoeRebuffer":6148.800001144409,"qoeLatency":41160.00000000002,"qoeBitrateSwitch":9000,"qoePlaybackSpeed":1056.6905412325589},"chunk-stream5-00052":{"qoeTotal":32206.48418924488,"qoeBitrate":90500,"qoeRebuffer":6148.800001144409,"qoeLatency":42081.60000000002,"qoeBitrateSwitch":9000,"qoePlaybackSpeed":1063.115809610693},"chunk-stream5-00053":{"qoeTotal":34292.68418924487,"qoeBitrate":93500,"qoeRebuffer":6148.800001144409,"qoeLatency":42995.40000000002,"qoeBitrateSwitch":9000,"qoePlaybackSpeed":1063.115809610693},"chunk-stream5-00054":{"qoeTotal":36378.88418924487,"qoeBitrate":96500,"qoeRebuffer":6148.800001144409,"qoeLatency":43909.200000000026,"qoeBitrateSwitch":9000,"qoePlaybackSpeed":1063.115809610693},"chunk-stream5-00055":{"qoeTotal":38465.084189244866,"qoeBitrate":99500,"qoeRebuffer":6148.800001144409,"qoeLatency":44823.00000000003,"qoeBitrateSwitch":9000,"qoePlaybackSpeed":1063.115809610693},"chunk-stream5-00056":{"qoeTotal":40551.28418924486,"qoeBitrate":102500,"qoeRebuffer":6148.800001144409,"qoeLatency":45736.80000000003,"qoeBitrateSwitch":9000,"qoePlaybackSpeed":1063.115809610693},"chunk-stream5-00057":{"qoeTotal":42628.48418924486,"qoeBitrate":105500,"qoeRebuffer":6148.800001144409,"qoeLatency":46659.600000000035,"qoeBitrateSwitch":9000,"qoePlaybackSpeed":1063.115809610693},"chunk-stream5-00058":{"qoeTotal":44714.68418924486,"qoeBitrate":108500,