{"chunk-stream2-00018":{"qoeTotal":-666.2863996371077,"qoeBitrate":500,"qoeRebuffer":0,"qoeLatency":1118.4,"qoeBitrateSwitch":0,"qoePlaybackSpeed":47.88639963710766},"chunk-stream2-00019":{"qoeTotal":-2904.666921929387,"qoeBitrate":1000,"qoeRebuffer":1573.7999997138977,"qoeLatency":2269.8,"qoeBitrateSwitch":0,"qoePlaybackSpeed":61.0669222154892},"chunk-stream2-00020":{"qoeTotal":-3566.122882528746,"qoeBitrate":1500,"qoeRebuffer":1573.7999997138977,"qoeLatency":3424.8,"qoeBitrateSwitch":0,"qoePlaybackSpeed":67.52288281484778},"chunk-stream2-00021":{"qoeTotal":-4260.033931500226,"qoeBitrate":2000,"qoeRebuffer":1573.7999997138977,"qoeLatency":4571.4,"qoeBitrateSwitch":0,"qoePlaybackSpeed":114.833931786328},"chunk-stream2-00022":{"qoeTotal":-4922.144980471706,"qoeBitrate":2500,"qoeRebuffer":1573.7999997138977,"qoeLatency":5686.2,"qoeBitrateSwitch":0,"qoePlaybackSpeed":162.1449807578082},"chunk-stream2-00023":{"qoeTotal":-5555.102560540646,"qoeBitrate":3000,"qoeRebuffer":1573.7999997138977,"qoeLatency":6776.4,"qoeBitrateSwitch":0,"qoePlaybackSpeed":204.90256082674867},"chunk-stream2-00024":{"qoeTotal":-6146.398115924532,"qoeBitrate":3500,"qoeRebuffer":1573.7999997138977,"qoeLatency":7832.4,"qoeBitrateSwitch":0,"qoePlaybackSpeed":240.19811621063502},"init-stream3":{"qoeTotal":-11080.598116210635,"qoeBitrate":4750,"qoeRebuffer":6075,"qoeLatency":9365.4,"qoeBitrateSwitch":150,"qoePlaybackSpeed":240.19811621063502},"chunk-stream3-00025":{"qoeTotal":-10825.112736671044,"qoeBitrate":6000,"qoeRebuffer":6075,"qoeLatency":10340.4,"qoeBitrateSwitch":150,"qoePlaybackSpeed":259.7127366710449},"chunk-stream3-00026":{"qoeTotal":-10533.052281288945,"qoeBitrate":7250,"qoeRebuffer":6075,"qoeLatency":11287.8,"qoeBitrateSwitch":150,"qoePlaybackSpeed":270.2522812889463},"chunk-stream3-00027":{"qoeTotal":-10227.702151286052,"qoeBitrate":8500,"qoeRebuffer":6075,"qoeLatency":12221.4,"qoeBitrateSwitch":150,"qoePlaybackSpeed":281.3021512860522},"chunk-stream3-00028":{"qoeTotal":-9915.711404572186,"qoeBitrate":9750,"qoeRebuffer":6075,"qoeLatency":13156.8,"qoeBitrateSwitch":150,"qoePlaybackSpeed":283.91140457218626},"chunk-stream3-00029":{"qoeTotal":-9635.231162469101,"qoeBitrate":11000,"qoeRebuffer":6075,"qoeLatency":14103.599999999999,"qoeBitrateSwitch":150,"qoePlaybackSpeed":306.6311624691023},"chunk-stream3-00030":{"qoeTotal":-9336.570707087001,"qoeBitrate":12250,"qoeRebuffer":6075,"qoeLatency":15044.399999999998,"qoeBitrateSwitch":150,"qoePlaybackSpeed":317.1707070870037},"chunk-stream3-00031":{"qoeTotal":-9025.310251704903,"qoeBitrate":13500,"qoeRebuffer":6075,"qoeLatency":15972.599999999999,"qoeBitrateSwitch":150,"qoePlaybackSpeed":327.71025170490503},"chunk-stream3-00032":{"qoeTotal":-8702.579994256732,"qoeBitrate":14750,"qoeRebuffer":6075,"qoeLatency":16893,"qoeBitrateSwitch":150,"qoePlaybackSpeed":334.5799942567317},"chunk-stream3-00033":{"qoeTotal":-8367.579994256732,"qoeBitrate":16000,"qoeRebuffer":6075,"qoeLatency":17808,"qoeBitrateSwitch":150,"qoePlaybackSpeed":334.5799942567317},"chunk-stream3-00034":{"qoeTotal":-8032.579994256732,"qoeBitrate":17250,"qoeRebuffer":6075,"qoeLatency":18723,"qoeBitrateSwitch":150,"qoePlaybackSpeed":334.5799942567317},"init-stream4":{"qoeTotal":-8449.979801196796,"qoeBitrate":19250,"qoeRebuffer":6075,"qoeLatency":20930.4,"qoeBitrateSwitch":300,"qoePlaybackSpeed":394.5798011967953},"chunk-stream4-00035":{"qoeTotal":-7372.179801196798,"qoeBitrate":21250,"qoeRebuffer":6075,"qoeLatency":21852.600000000002,"qoeBitrateSwitch":300,"qoePlaybackSpeed":394.5798011967953},"chunk-stream4-00036":{"qoeTotal":-6294.979801196797,"qoeBitrate":23250,"qoeRebuffer":6075,"qoeLatency":22775.4,"qoeBitrateSwitch":300,"qoePlaybackSpeed":394.5798011967953},"chunk-stream4-00037":{"qoeTotal":-5220.779801196796,"qoeBitrate":25250,"qoeRebuffer":6075,"qoeLatency":23701.2,"qoeBitrateSwitch":300,"qoePlaybackSpeed":394.5798011967953},"chunk-stream4-00038":{"qoeTotal":-4144.779801196796,"qoeBitrate":27250,"qoeRebuffer":6075,"qoeLatency":24625.2,"qoeBitrateSwitch":300,"qoePlaybackSpeed":394.5798011967953},"chunk-stream4-00039":{"qoeTotal":-3068.1798011967976,"qoeBitrate":29250,"qoeRebuffer":6075,"qoeLatency":25548.600000000002,"qoeBitrateSwitch":300,"qoePlaybackSpeed":394.5798011967953},"chunk-stream4-00040":{"qoeTotal":-1991.579801196799,"qoeBitrate":31250,"qoeRebuffer":6075,"qoeLatency":26472.000000000004,"qoeBitrateSwitch":300,"qoePlaybackSpeed":394.5798011967953},"chunk-stream4-00041":{"qoeTotal":-906.5798011967989,"qoeBitrate":33250,"qoeRebuffer":6075,"qoeLatency":27387.000000000004,"qoeBitrateSwitch":300,"qoePlaybackSpeed":394.5798011967953},"chunk-stream4-00042":{"qoeTotal":-9.183056718231455,"qoeBitrate":35250,"qoeRebuffer":6075,"qoeLatency":28444.200000000004,"qoeBitrateSwitch":300,"qoePlaybackSpeed":439.9830567182271},"chunk-stream4-00043":{"qoeTotal":-3534.7754020743,"qoeBitrate":37250,"qoeRebuffer":10214.999998569489,"qoeLatency":29790.600000000006,"qoeBitrateSwitch":300,"qoePlaybackSpeed":479.1754035048056},"chunk-stream4-00044":{"qoeTotal":-4654.175794721869,"qoeBitrate":39250,"qoeRebuffer":11763.599999427795,"qoeLatency":31316.400000000005,"qoeBitrateSwitch":300,"qoePlaybackSpeed":524.175795294069},"chunk-stream4-00045":{"qoeTotal":-13528.575794149665,"qoeBitrate":41250,"qoeRebuffer":20482.19999885559,"qoeLatency":33472.200000000004,"qoeBitrateSwitch":300,"qoePlaybackSpeed":524.175795294069},"chunk-stream4-00046":{"qoeTotal":-20867.434829695565,"qoeBitrate":43250,"qoeRebuffer":27072.599997997284,"qoeLatency":36172.8,"qoeBitrateSwitch":300,"qoePlaybackSpeed":572.0348316982776},"chunk-stream4-00047":{"qoeTotal":-24850.8773041252,"qoeBitrate":45250,"qoeRebuffer":30158.999997138977,"qoeLatency":39026.4,"qoeBitrateSwitch":300,"qoePlaybackSpeed":615.4773069862216},"chunk-stream4-00048":{"qoeTotal":-29257.441087696512,"qoeBitrate":47250,"qoeRebuffer":33299.39999628067,"qoeLatency":42247.200000000004,"qoeBitrateSwitch":300,"qoePlaybackSpeed":660.8410914158372},"chunk-stream4-00049":{"qoeTotal":-37382.487909464166,"qoeBitrate":49250,"qoeRebuffer":39590.999995708466,"qoeLatency":46034.4,"qoeBitrateSwitch":300,"qoePlaybackSpeed":707.0879137557022},"chunk-stream4-00050":{"qoeTotal":-42639.03545649123,"qoeBitrate":51250,"qoeRebuffer":42715.19999599457,"qoeLatency":50123.4,"qoeBitrateSwitch":300,"qoePlaybackSpeed":750.4354604966582},"chunk-stream4-00051":{"qoeTotal":-46450.01201993323,"qoeBitrate":53250,"qoeRebuffer":44249.99999713898,"qoeLatency":54357.6,"qoeBitrateSwitch":300,"qoePlaybackSpeed":792.4120227942512},"chunk-stream4-00052":{"qoeTotal":-50394.47920469858,"qoeBitrate":55250,"qoeRebuffer":45784.799998283386,"qoeLatency":58727.4,"qoeBitrateSwitch":300,"qoePlaybackSpeed":832.279206415192},"chunk-stream4-00053":{"qoeTotal":-54441.5070723436,"qoeBitrate":57250,"qoeRebuffer":47321.99999856949,"qoeLatency":63201,"qoeBitrateSwitch":300,"qoePlaybackSpeed":868.5070737741142},"chunk-stream4-00054":{"qoeTotal":-58746.05914255831,"qoeBitrate":59250,"qoeRebuffer":48882.599997997284,"qoeLatency":67901.4,"qoeBitrateSwitch":300,"qoePlaybackSpeed":912.0591445610362},"chunk-stream4-00055":{"qoeTotal":-65125.05914170001,"qoeBitrate":61250,"qoeRebuffer":51992.99999713898,"qoeLatency":73170,"qoeBitrateSwitch":300,"qoePlaybackSpeed":912.0591445610362},"chunk-stream4-00056":{"qoeTotal":-76646.0955644449,"qoeBitrate":63250,"qoeRebuffer":59732.99999713898,"qoeLatency":78916.8,"qoeBitrateSwitch":300,"qoePlaybackSpeed":946.2955673059228},"chunk-stream4-00057":{"qoeTotal":-82169.39627868871,"qoeBitrate":65250,"qoeRebuffer":61257.59999656677,"qoeLatency":84872.40000000001,"qoeBitrateSwitch":300,"qoePlaybackSpeed":989.3962821219374},"chunk-stream4-00058":{"qoeTotal":-87882.46174345192,"qoeBitrate":67250,"qoeRebuffer":62836.799996852875,"qoeLatency":90963.6,"qoeBitrateSwitch":300,"qoePlaybackSpeed":1032.0617465990426},"chunk-stream4-00059":{"qoeTotal":-93744.28588824258,"qoeBitrate":69250,"qoeRebuffer":64418.99999713898,"qoeLatency":97201.20000000001,"qoeBitrateSwitch":300,