{"chunk-stream2-00018":{"qoeTotal":-619.7499480252496,"qoeBitrate":500,"qoeRebuffer":0,"qoeLatency":1078.8,"qoeBitrateSwitch":0,"qoePlaybackSpeed":40.94994802524967},"chunk-stream2-00019":{"qoeTotal":-2794.3207201129403,"qoeBitrate":1000,"qoeRebuffer":1541.4000005722048,"qoeLatency":2194.8,"qoeBitrateSwitch":0,"qoePlaybackSpeed":58.12071954073547},"chunk-stream2-00020":{"qoeTotal":-3463.2430178553923,"qoeBitrate":1500,"qoeRebuffer":1541.4000005722048,"qoeLatency":3319.2000000000003,"qoeBitrateSwitch":0,"qoePlaybackSpeed":102.64301728318713},"chunk-stream2-00021":{"qoeTotal":-4099.452384226337,"qoeBitrate":2000,"qoeRebuffer":1541.4000005722048,"qoeLatency":4415.400000000001,"qoeBitrateSwitch":0,"qoePlaybackSpeed":142.65238365413197},"chunk-stream2-00022":{"qoeTotal":-4697.8192705501715,"qoeBitrate":2500,"qoeRebuffer":1541.4000005722048,"qoeLatency":5476.200000000001,"qoeBitrateSwitch":0,"qoePlaybackSpeed":180.21926997796638},"chunk-stream2-00023":{"qoeTotal":-5260.519938441547,"qoeBitrate":3000,"qoeRebuffer":1541.4000005722048,"qoeLatency":6508.200000000001,"qoeBitrateSwitch":0,"qoePlaybackSpeed":210.919937869342},"chunk-stream2-00024":{"qoeTotal":-5788.557048771083,"qoeBitrate":3500,"qoeRebuffer":1541.4000005722048,"qoeLatency":7510.800000000001,"qoeBitrateSwitch":0,"qoePlaybackSpeed":236.3570481988772},"chunk-stream2-00025":{"qoeTotal":-6278.360866254411,"qoeBitrate":4000,"qoeRebuffer":1541.4000005722048,"qoeLatency":8483.400000000001,"qoeBitrateSwitch":0,"qoePlaybackSpeed":253.56086568220542},"chunk-stream2-00026":{"qoeTotal":-6742.573638135582,"qoeBitrate":4500,"qoeRebuffer":1541.4000005722048,"qoeLatency":9433.2,"qoeBitrateSwitch":0,"qoePlaybackSpeed":267.9736375633762},"chunk-stream2-00027":{"qoeTotal":-7183.929993151945,"qoeBitrate":5000,"qoeRebuffer":1541.4000005722048,"qoeLatency":10366.800000000001,"qoeBitrateSwitch":0,"qoePlaybackSpeed":275.7299925797397},"chunk-stream2-00028":{"qoeTotal":-7616.886348168309,"qoeBitrate":5500,"qoeRebuffer":1541.4000005722048,"qoeLatency":11292.000000000002,"qoeBitrateSwitch":0,"qoePlaybackSpeed":283.4863475961032},"chunk-stream2-00029":{"qoeTotal":-8036.08634816831,"qoeBitrate":6000,"qoeRebuffer":1541.4000005722048,"qoeLatency":12211.200000000003,"qoeBitrateSwitch":0,"qoePlaybackSpeed":283.4863475961032},"chunk-stream2-00030":{"qoeTotal":-8455.28634816831,"qoeBitrate":6500,"qoeRebuffer":1541.4000005722048,"qoeLatency":13130.400000000003,"qoeBitrateSwitch":0,"qoePlaybackSpeed":283.4863475961032},"chunk-stream2-00031":{"qoeTotal":-8874.486348168311,"qoeBitrate":7000,"qoeRebuffer":1541.4000005722048,"qoeLatency":14049.600000000004,"qoeBitrateSwitch":0,"qoePlaybackSpeed":283.4863475961032},"chunk-stream2-00032":{"qoeTotal":-9294.28634816831,"qoeBitrate":7500,"qoeRebuffer":1541.4000005722048,"qoeLatency":14969.400000000003,"qoeBitrateSwitch":0,"qoePlaybackSpeed":283.4863475961032},"chunk-stream2-00033":{"qoeTotal":-9714.08634816831,"qoeBitrate":8000,"qoeRebuffer":1541.4000005722048,"qoeLatency":15889.200000000003,"qoeBitrateSwitch":0,"qoePlaybackSpeed":283.4863475961032},"chunk-stream2-00034":{"qoeTotal":-10133.886348168311,"qoeBitrate":8500,"qoeRebuffer":1541.4000005722048,"qoeLatency":16809.000000000004,"qoeBitrateSwitch":0,"qoePlaybackSpeed":283.4863475961032},"chunk-stream2-00035":{"qoeTotal":-10553.68634816831,"qoeBitrate":9000,"qoeRebuffer":1541.4000005722048,"qoeLatency":17728.800000000003,"qoeBitrateSwitch":0,"qoePlaybackSpeed":283.4863475961032},"chunk-stream2-00036":{"qoeTotal":-10970.48634816831,"qoeBitrate":9500,"qoeRebuffer":1541.4000005722048,"qoeLatency":18645.600000000002,"qoeBitrateSwitch":0,"qoePlaybackSpeed":283.4863475961032},"chunk-stream2-00037":{"qoeTotal":-11387.286348168309,"qoeBitrate":10000,"qoeRebuffer":1541.4000005722048,"qoeLatency":19562.4,"qoeBitrateSwitch":0,"qoePlaybackSpeed":283.4863475961032},"chunk-stream2-00038":{"qoeTotal":-11807.086348168308,"qoeBitrate":10500,"qoeRebuffer":1541.4000005722048,"qoeLatency":20482.2,"qoeBitrateSwitch":0,"qoePlaybackSpeed":283.4863475961032},"chunk-stream2-00039":{"qoeTotal":-12282.446608060778,"qoeBitrate":11000,"qoeRebuffer":1541.4000005722048,"qoeLatency":21436.8,"qoeBitrateSwitch":0,"qoePlaybackSpeed":304.2466074885751},"chunk-stream2-00040":{"qoeTotal":-12868.807051205566,"qoeBitrate":11500,"qoeRebuffer":1541.4000005722048,"qoeLatency":22479.6,"qoeBitrateSwitch":0,"qoePlaybackSpeed":347.80705063336273},"chunk-stream2-00041":{"qoeTotal":-22161.814263988716,"qoeBitrate":12000,"qoeRebuffer":9530.400000572205,"qoeLatency":24235.8,"qoeBitrateSwitch":0,"qoePlaybackSpeed":395.614263416511},"chunk-stream2-00042":{"qoeTotal":-28464.925912209095,"qoeBitrate":12500,"qoeRebuffer":14204.399999141693,"qoeLatency":26323.8,"qoeBitrateSwitch":0,"qoePlaybackSpeed":436.7259130674015},"chunk-stream2-00043":{"qoeTotal":-31812.341198506547,"qoeBitrate":13000,"qoeRebuffer":15791.399999141693,"qoeLatency":28540.2,"qoeBitrateSwitch":0,"qoePlaybackSpeed":480.7411993648536},"chunk-stream2-00044":{"qoeTotal":-35264.47421186431,"qoeBitrate":13500,"qoeRebuffer":17299.200000286102,"qoeLatency":30946.2,"qoeBitrateSwitch":0,"qoePlaybackSpeed":519.0742115782137},"chunk-stream2-00045":{"qoeTotal":-39003.95323979117,"qoeBitrate":14000,"qoeRebuffer":18877.799999713898,"qoeLatency":33565.8,"qoeBitrateSwitch":0,"qoePlaybackSpeed":560.3532400772677},"chunk-stream2-00046":{"qoeTotal":-42911.18507077715,"qoeBitrate":14500,"qoeRebuffer":20421.599999427795,"qoeLatency":36388.8,"qoeBitrateSwitch":0,"qoePlaybackSpeed":600.7850713493565},"chunk-stream2-00047":{"qoeTotal":-48600.38398286075,"qoeBitrate":15000,"qoeRebuffer":23517.599999427795,"qoeLatency":39437.4,"qoeBitrateSwitch":0,"qoePlaybackSpeed":645.383983432959},"chunk-stream2-00048":{"qoeTotal":-54596.47398495688,"qoeBitrate":15500,"qoeRebuffer":26661.599999427795,"qoeLatency":42752.4,"qoeBitrateSwitch":0,"qoePlaybackSpeed":682.4739855290832},"chunk-stream2-00049":{"qoeTotal":-60906.11741030203,"qoeBitrate":16000,"qoeRebuffer":29826.599999427795,"qoeLatency":46348.8,"qoeBitrateSwitch":0,"qoePlaybackSpeed":730.7174108742361},"chunk-stream2-00050":{"qoeTotal":-70380.16083536108,"qoeBitrate":16500,"qoeRebuffer":35705.39999914169,"qoeLatency":50395.8,"qoeBitrateSwitch":0,"qoePlaybackSpeed":778.960836219389},"chunk-stream2-00051":{"qoeTotal":-77723.22360580761,"qoeBitrate":17000,"qoeRebuffer":39109.2000002861,"qoeLatency":54789.600000000006,"qoeBitrateSwitch":0,"qoePlaybackSpeed":824.4236055214951},"chunk-stream2-00052":{"qoeTotal":-83386.40956329182,"qoeBitrate":17500,"qoeRebuffer":40662,"qoeLatency":59362.8,"qoeBitrateSwitch":0,"qoePlaybackSpeed":861.6095632918131},"chunk-stream2-00053":{"qoeTotal":-89226.85124899005,"qoeBitrate":18000,"qoeRebuffer":42199.2000002861,"qoeLatency":64121.4,"qoeBitrateSwitch":0,"qoePlaybackSpeed":906.2512487039477},"chunk-stream2-00054":{"qoeTotal":-96701.11251237463,"qoeBitrate":18500,"qoeRebuffer":45209.39999914169,"qoeLatency":69042.6,"qoeBitrateSwitch":0,"qoePlaybackSpeed":949.1125132329271},"chunk-stream2-00055":{"qoeTotal":-107649.71251266073,"qoeBitrate":19000,"qoeRebuffer":50649.599999427795,"qoeLatency":75051,"qoeBitrateSwitch":0,"qoePlaybackSpeed":949.1125132329271},"chunk-stream2-00056":{"qoeTotal":-127327.933488484,"qoeBitrate":19500,"qoeRebuffer":64130.99999856949,"qoeLatency":81706.2,"qoeBitrateSwitch":0,"qoePlaybackSpeed":990.7334899145208},"chunk-stream2-00057":{"qoeTotal":-138105.15457776803,"qoeBitrate":20000,"qoeRebuffer":68397,"qoeLatency":88670.4,"qoeBitrateSwitch":0,"qoePlaybackSpeed":1037.7545777680227},"chunk-stream2-00058":{"qoeTotal":-148009.6039424275,"qoeBitrate":20500,"qoeRebuffer":71541.6000008583,"qoeLatency":95886,"qoeBitrateSwitch":0,"qoePlaybackSpeed":1082.0039415691751},"chunk-stream2-00059":{"qoeTotal":-160174.96340383525,"qoeBitrate":21000,"qoeRebuffer":76591.20000171661,"qoeLatency":103456.8,"qoeBitrateSwitch":0,"qoePlaybackSpeed":1126.9634021186364},"chunk-stream2-00060":{"qoeTotal":-173527.82130329454,"qoeBitrate":21500,"qoeRebuffer":82447.20000171661,