{"chunk-stream2-00018":{"qoeTotal":-532.7569384653044,"qoeBitrate":500,"qoeRebuffer":0,"qoeLatency":985.8,"qoeBitrateSwitch":0,"qoePlaybackSpeed":46.95693846530445},"init-stream5":{"qoeTotal":-213.85515728310992,"qoeBitrate":3500,"qoeRebuffer":0,"qoeLatency":3156,"qoeBitrateSwitch":500,"qoePlaybackSpeed":57.855157283109904},"chunk-stream5-00019":{"qoeTotal":37.13721265491009,"qoeBitrate":6500,"qoeRebuffer":1581.5999999642372,"qoeLatency":4279.8,"qoeBitrateSwitch":500,"qoePlaybackSpeed":101.46278738085252},"init-stream4":{"qoeTotal":-2156.898034946651,"qoeBitrate":8500,"qoeRebuffer":3100.7999999821186,"qoeLatency":6748.8,"qoeBitrateSwitch":700,"qoePlaybackSpeed":107.29803496453246},"chunk-stream4-00020":{"qoeTotal":-2962.062675689948,"qoeBitrate":10500,"qoeRebuffer":4614.599999964237,"qoeLatency":8001,"qoeBitrateSwitch":700,"qoePlaybackSpeed":146.46267572571065},"chunk-stream4-00021":{"qoeTotal":-2315.4116765503586,"qoeBitrate":12500,"qoeRebuffer":4614.599999964237,"qoeLatency":9325.2,"qoeBitrateSwitch":700,"qoePlaybackSpeed":175.61167658612086},"chunk-stream4-00022":{"qoeTotal":-1736.9021251041324,"qoeBitrate":14500,"qoeRebuffer":4614.599999964237,"qoeLatency":10704.6,"qoeBitrateSwitch":700,"qoePlaybackSpeed":217.7021251398949},"chunk-stream4-00023":{"qoeTotal":-1184.1635509501946,"qoeBitrate":16500,"qoeRebuffer":4614.599999964237,"qoeLatency":12133.800000000001,"qoeBitrateSwitch":700,"qoePlaybackSpeed":235.7635509859562},"chunk-stream4-00024":{"qoeTotal":-667.6245431026855,"qoeBitrate":18500,"qoeRebuffer":4614.599999964237,"qoeLatency":13602.6,"qoeBitrateSwitch":700,"qoePlaybackSpeed":250.42454313844797},"chunk-stream4-00025":{"qoeTotal":-182.43896042611607,"qoeBitrate":20500,"qoeRebuffer":4614.599999964237,"qoeLatency":15100.2,"qoeBitrateSwitch":700,"qoePlaybackSpeed":267.6389604618781},"chunk-stream4-00026":{"qoeTotal":243.0260587362793,"qoeBitrate":22500,"qoeRebuffer":4614.599999964237,"qoeLatency":16650.600000000002,"qoeBitrateSwitch":700,"qoePlaybackSpeed":291.7739412994813},"chunk-stream4-00027":{"qoeTotal":638.0694184161492,"qoeBitrate":24500,"qoeRebuffer":4614.599999964237,"qoeLatency":18229.2,"qoeBitrateSwitch":700,"qoePlaybackSpeed":318.1305816196128},"chunk-stream4-00028":{"qoeTotal":977.2162788470927,"qoeBitrate":26500,"qoeRebuffer":4614.599999964237,"qoeLatency":19859.4,"qoeBitrateSwitch":700,"qoePlaybackSpeed":348.78372118866866},"chunk-stream4-00029":{"qoeTotal":1289.908409571634,"qoeBitrate":28500,"qoeRebuffer":4614.599999964237,"qoeLatency":21513.600000000002,"qoeBitrateSwitch":700,"qoePlaybackSpeed":381.8915904641268},"chunk-stream4-00030":{"qoeTotal":1575.5080946708163,"qoeBitrate":30500,"qoeRebuffer":4614.599999964237,"qoeLatency":23205.000000000004,"qoeBitrateSwitch":700,"qoePlaybackSpeed":404.89190536494283},"chunk-stream4-00031":{"qoeTotal":1850.240519677757,"qoeBitrate":32500,"qoeRebuffer":4614.599999964237,"qoeLatency":24912.000000000004,"qoeBitrateSwitch":700,"qoePlaybackSpeed":423.1594803580021},"chunk-stream4-00032":{"qoeTotal":2106.7227702188193,"qoeBitrate":34500,"qoeRebuffer":4614.599999964237,"qoeLatency":26643.600000000002,"qoeBitrateSwitch":700,"qoePlaybackSpeed":435.0772298169414},"chunk-stream4-00033":{"qoeTotal":2329.386464821188,"qoeBitrate":36500,"qoeRebuffer":4614.599999964237,"qoeLatency":28398.000000000004,"qoeBitrateSwitch":700,"qoePlaybackSpeed":458.0135352145712},"chunk-stream4-00034":{"qoeTotal":2537.119283711686,"qoeBitrate":38500,"qoeRebuffer":4614.599999964237,"qoeLatency":30175.200000000004,"qoeBitrateSwitch":700,"qoePlaybackSpeed":473.0807163240724},"chunk-stream4-00035":{"qoeTotal":2710.79948811586,"qoeBitrate":40500,"qoeRebuffer":4614.599999964237,"qoeLatency":31941.600000000006,"qoeBitrateSwitch":700,"qoePlaybackSpeed":533.0005119198969},"chunk-stream4-00036":{"qoeTotal":2977.886265441831,"qoeBitrate":42500,"qoeRebuffer":4614.599999964237,"qoeLatency":33661.200000000004,"qoeBitrateSwitch":700,"qoePlaybackSpeed":546.3137345939278},"chunk-stream4-00037":{"qoeTotal":3191.974864223826,"qoeBitrate":44500,"qoeRebuffer":4614.599999964237,"qoeLatency":35427.600000000006,"qoeBitrateSwitch":700,"qoePlaybackSpeed":565.8251358119309},"chunk-stream4-00038":{"qoeTotal":3345.2928303238896,"qoeBitrate":46500,"qoeRebuffer":4614.599999964237,"qoeLatency":37239.600000000006,"qoeBitrateSwitch":700,"qoePlaybackSpeed":600.5071697118675},"chunk-stream4-00039":{"qoeTotal":3447.951244624495,"qoeBitrate":48500,"qoeRebuffer":4614.599999964237,"qoeLatency":39100.8,"qoeBitrateSwitch":700,"qoePlaybackSpeed":636.6487554112649},"chunk-stream4-00040":{"qoeTotal":3505.6224378188454,"qoeBitrate":50500,"qoeRebuffer":4614.599999964237,"qoeLatency":41014.200000000004,"qoeBitrateSwitch":700,"qoePlaybackSpeed":665.577562216913},"chunk-stream4-00041":{"qoeTotal":3480.215757496495,"qoeBitrate":52500,"qoeRebuffer":4614.599999964237,"qoeLatency":42999.00000000001,"qoeBitrateSwitch":700,"qoePlaybackSpeed":706.1842425392605},"chunk-stream4-00042":{"qoeTotal":3457.149792562538,"qoeBitrate":54500,"qoeRebuffer":4614.599999964237,"qoeLatency":45007.80000000001,"qoeBitrateSwitch":700,"qoePlaybackSpeed":720.4502074732144},"chunk-stream4-00043":{"qoeTotal":3415.050302146875,"qoeBitrate":56500,"qoeRebuffer":4614.599999964237,"qoeLatency":47037.60000000001,"qoeBitrateSwitch":700,"qoePlaybackSpeed":732.7496978888748},"chunk-stream4-00044":{"qoeTotal":3391.3948184153387,"qoeBitrate":58500,"qoeRebuffer":4614.599999964237,"qoeLatency":49038.000000000015,"qoeBitrateSwitch":700,"qoePlaybackSpeed":756.0051816204095},"chunk-stream4-00045":{"qoeTotal":3351.3901713992664,"qoeBitrate":60500,"qoeRebuffer":4614.599999964237,"qoeLatency":51064.80000000002,"qoeBitrateSwitch":700,"qoePlaybackSpeed":769.2098286364791},"chunk-stream4-00046":{"qoeTotal":3254.897089632636,"qoeBitrate":62500,"qoeRebuffer":4614.599999964237,"qoeLatency":53129.400000000016,"qoeBitrateSwitch":700,"qoePlaybackSpeed":801.1029104031109},"chunk-stream4-00047":{"qoeTotal":3123.7039804492324,"qoeBitrate":64500,"qoeRebuffer":4614.599999964237,"qoeLatency":55200.60000000001,"qoeBitrateSwitch":700,"qoePlaybackSpeed":861.0960195865174},"chunk-stream4-00048":{"qoeTotal":3086.534977931457,"qoeBitrate":66500,"qoeRebuffer":4614.599999964237,"qoeLatency":57217.80000000001,"qoeBitrateSwitch":700,"qoePlaybackSpeed":881.0650221042956},"chunk-stream4-00049":{"qoeTotal":3012.293993490191,"qoeBitrate":68500,"qoeRebuffer":4614.599999964237,"qoeLatency":59272.20000000001,"qoeBitrateSwitch":700,"qoePlaybackSpeed":900.90600654556},"chunk-stream4-00050":{"qoeTotal":2847.6488739219317,"qoeBitrate":70500,"qoeRebuffer":4614.599999964237,"qoeLatency":61402.80000000001,"qoeBitrateSwitch":700,"qoePlaybackSpeed":934.951126113821},"chunk-stream4-00051":{"qoeTotal":1078.0125713397229,"qoeBitrate":72500,"qoeRebuffer":6149.400000035763,"qoeLatency":63598.20000000001,"qoeBitrateSwitch":700,"qoePlaybackSpeed":974.3874286245026},"init-stream3":{"qoeTotal":-160.18742866027412,"qoeBitrate":73750,"qoeRebuffer":6149.400000035763,"qoeLatency":65936.40000000001,"qoeBitrateSwitch":850,"qoePlaybackSpeed":974.3874286245026},"chunk-stream3-00052":{"qoeTotal":-1168.7915943463997,"qoeBitrate":75000,"qoeRebuffer":6149.400000035763,"qoeLatency":68163.6,"qoeBitrateSwitch":850,"qoePlaybackSpeed":1005.7915943106311},"chunk-stream4-00053":{"qoeTotal":-1605.9897718051186,"qoeBitrate":77000,"qoeRebuffer":6149.400000035763,"qoeLatency":70390.8,"qoeBitrateSwitch":1000,"qoePlaybackSpeed":1065.789771769353},"chunk-stream4-00054":{"qoeTotal":-1786.4879906229298,"qoeBitrate":79000,"qoeRebuffer":6149.400000035763,"qoeLatency":72560.40000000001,"qoeBitrateSwitch":1000,"qoePlaybackSpeed":1076.6879905871583},"chunk-stream5-00055":{"qoeTotal":-1450.0879906229356,"qoeBitrate":82000,"qoeRebuffer":6149.400000035763,"qoeLatency":75024.00000000001,"qoeBitrateSwitch":1200,"qoePlaybackSpeed":1076.6879905871583},"chunk-stream5-00056":{"qoeTotal":-12703.912811816881,"qoeBitrate":85000,"qoeRebuffer":17247.599999964237,"qoeLatency":78142.20000000001,