{"chunk-stream2-00018":{"qoeTotal":-656.4286356509208,"qoeBitrate":500,"qoeRebuffer":0,"qoeLatency":1111.2,"qoeBitrateSwitch":0,"qoePlaybackSpeed":45.22863565092079},"chunk-stream2-00019":{"qoeTotal":-2933.0328426788274,"qoeBitrate":1000,"qoeRebuffer":1582.7999997138977,"qoeLatency":2274,"qoeBitrateSwitch":0,"qoePlaybackSpeed":76.23284296492987},"chunk-stream2-00020":{"qoeTotal":-3650.999129350905,"qoeBitrate":1500,"qoeRebuffer":1582.7999997138977,"qoeLatency":3483.6,"qoeBitrateSwitch":0,"qoePlaybackSpeed":84.59912963700765},"chunk-stream2-00021":{"qoeTotal":-4403.548110390988,"qoeBitrate":2000,"qoeRebuffer":1582.7999997138977,"qoeLatency":4711.8,"qoeBitrateSwitch":0,"qoePlaybackSpeed":108.94811067708977},"chunk-stream2-00022":{"qoeTotal":-5122.91152492246,"qoeBitrate":2500,"qoeRebuffer":1582.7999997138977,"qoeLatency":5882.400000000001,"qoeBitrateSwitch":0,"qoePlaybackSpeed":157.71152520856148},"chunk-stream2-00023":{"qoeTotal":-5772.3462046304,"qoeBitrate":3000,"qoeRebuffer":1582.7999997138977,"qoeLatency":7013.400000000001,"qoeBitrateSwitch":0,"qoePlaybackSpeed":176.14620491650206},"chunk-stream2-00024":{"qoeTotal":-6414.4990270172275,"qoeBitrate":3500,"qoeRebuffer":1582.7999997138977,"qoeLatency":8127.000000000001,"qoeBitrateSwitch":0,"qoePlaybackSpeed":204.699027303329},"chunk-stream2-00025":{"qoeTotal":-7087.065424489331,"qoeBitrate":4000,"qoeRebuffer":1582.7999997138977,"qoeLatency":9276,"qoeBitrateSwitch":0,"qoePlaybackSpeed":228.2654247754336},"chunk-stream2-00026":{"qoeTotal":-7836.183713837932,"qoeBitrate":4500,"qoeRebuffer":1582.7999997138977,"qoeLatency":10494,"qoeBitrateSwitch":0,"qoePlaybackSpeed":259.3837141240348},"init-stream1":{"qoeTotal":-8826.502003186535,"qoeBitrate":4800,"qoeRebuffer":1582.7999997138977,"qoeLatency":11713.2,"qoeBitrateSwitch":40,"qoePlaybackSpeed":290.502003472636},"chunk-stream1-00027":{"qoeTotal":-9840.189900816875,"qoeBitrate":5100,"qoeRebuffer":1582.7999997138977,"qoeLatency":12982.2,"qoeBitrateSwitch":40,"qoePlaybackSpeed":335.18990110297557},"chunk-stream1-00028":{"qoeTotal":-10829.80559988764,"qoeBitrate":5400,"qoeRebuffer":1582.7999997138977,"qoeLatency":14271.6,"qoeBitrateSwitch":40,"qoePlaybackSpeed":335.40560017374304},"chunk-stream1-00029":{"qoeTotal":-11802.087282452721,"qoeBitrate":5700,"qoeRebuffer":1582.7999997138977,"qoeLatency":15530.4,"qoeBitrateSwitch":40,"qoePlaybackSpeed":348.8872827388233},"chunk-stream1-00030":{"qoeTotal":-12756.94171967073,"qoeBitrate":6000,"qoeRebuffer":1582.7999997138977,"qoeLatency":16731,"qoeBitrateSwitch":40,"qoePlaybackSpeed":403.14171995683296},"chunk-stream1-00031":{"qoeTotal":-13645.621972896452,"qoeBitrate":6300,"qoeRebuffer":1582.7999997138977,"qoeLatency":17872.2,"qoeBitrateSwitch":40,"qoePlaybackSpeed":450.6219731825528},"chunk-stream1-00032":{"qoeTotal":-14478.88889894726,"qoeBitrate":6600,"qoeRebuffer":1582.7999997138977,"qoeLatency":18964.8,"qoeBitrateSwitch":40,"qoePlaybackSpeed":491.28889923336254},"chunk-stream1-00033":{"qoeTotal":-15259.284861145947,"qoeBitrate":6900,"qoeRebuffer":1582.7999997138977,"qoeLatency":20011.2,"qoeBitrateSwitch":40,"qoePlaybackSpeed":525.2848614320475},"chunk-stream1-00034":{"qoeTotal":-16006.007726582267,"qoeBitrate":7200,"qoeRebuffer":1582.7999997138977,"qoeLatency":21028.8,"qoeBitrateSwitch":40,"qoePlaybackSpeed":554.4077268683698},"chunk-stream1-00035":{"qoeTotal":-16722.127005103634,"qoeBitrate":7500,"qoeRebuffer":1582.7999997138977,"qoeLatency":22020.6,"qoeBitrateSwitch":40,"qoePlaybackSpeed":578.7270053897375},"chunk-stream1-00036":{"qoeTotal":-17416.828449004683,"qoeBitrate":7800,"qoeRebuffer":1582.7999997138977,"qoeLatency":22993.8,"qoeBitrateSwitch":40,"qoePlaybackSpeed":600.2284492907847},"init-stream2":{"qoeTotal":-17950.929892905726,"qoeBitrate":8300,"qoeRebuffer":1582.7999997138977,"qoeLatency":23966.399999999998,"qoeBitrateSwitch":80,"qoePlaybackSpeed":621.7298931918319},"chunk-stream2-00035":{"qoeTotal":-18417.149177185936,"qoeBitrate":8800,"qoeRebuffer":1582.7999997138977,"qoeLatency":24919.199999999997,"qoeBitrateSwitch":80,"qoePlaybackSpeed":635.1491774720404},"chunk-stream2-00036":{"qoeTotal":-18869.379207417558,"qoeBitrate":9300,"qoeRebuffer":1582.7999997138977,"qoeLatency":25860.6,"qoeBitrateSwitch":80,"qoePlaybackSpeed":645.9792077036624},"chunk-stream2-00037":{"qoeTotal":-19333.29117105641,"qoeBitrate":9800,"qoeRebuffer":1582.7999997138977,"qoeLatency":26806.8,"qoeBitrateSwitch":80,"qoePlaybackSpeed":663.6911713425146},"chunk-stream2-00038":{"qoeTotal":-19798.167879130317,"qoeBitrate":10300,"qoeRebuffer":1582.7999997138977,"qoeLatency":27758.399999999998,"qoeBitrateSwitch":80,"qoePlaybackSpeed":676.9678794164213},"chunk-stream2-00039":{"qoeTotal":-20255.244587204223,"qoeBitrate":10800,"qoeRebuffer":1582.7999997138977,"qoeLatency":28702.199999999997,"qoeBitrateSwitch":80,"qoePlaybackSpeed":690.244587490328},"chunk-stream2-00040":{"qoeTotal":-20703.874617435846,"qoeBitrate":11300,"qoeRebuffer":1582.7999997138977,"qoeLatency":29639.999999999996,"qoeBitrateSwitch":80,"qoePlaybackSpeed":701.07461772195},"chunk-stream2-00041":{"qoeTotal":-21135.944359987672,"qoeBitrate":11800,"qoeRebuffer":1582.7999997138977,"qoeLatency":30565.199999999997,"qoeBitrateSwitch":80,"qoePlaybackSpeed":707.9443602737766},"init-stream4":{"qoeTotal":-20363.2141025395,"qoeBitrate":13800,"qoeRebuffer":1582.7999997138977,"qoeLatency":31485.6,"qoeBitrateSwitch":380,"qoePlaybackSpeed":714.8141028256033},"chunk-stream4-00040":{"qoeTotal":-19286.883845091324,"qoeBitrate":15800,"qoeRebuffer":1582.7999997138977,"qoeLatency":32402.399999999998,"qoeBitrateSwitch":380,"qoePlaybackSpeed":721.68384537743},"init-stream5":{"qoeTotal":-17409.953587643155,"qoeBitrate":18800,"qoeRebuffer":1582.7999997138977,"qoeLatency":33318.6,"qoeBitrateSwitch":580,"qoePlaybackSpeed":728.5535879292567},"chunk-stream5-00041":{"qoeTotal":-15338.15358764315,"qoeBitrate":21800,"qoeRebuffer":1582.7999997138977,"qoeLatency":34246.799999999996,"qoeBitrateSwitch":580,"qoePlaybackSpeed":728.5535879292567},"chunk-stream5-00042":{"qoeTotal":-13254.353587643147,"qoeBitrate":24800,"qoeRebuffer":1582.7999997138977,"qoeLatency":35162.99999999999,"qoeBitrateSwitch":580,"qoePlaybackSpeed":728.5535879292567},"chunk-stream5-00043":{"qoeTotal":-11180.15358764315,"qoeBitrate":27800,"qoeRebuffer":1582.7999997138977,"qoeLatency":36088.799999999996,"qoeBitrateSwitch":580,"qoePlaybackSpeed":728.5535879292567},"chunk-stream5-00044":{"qoeTotal":-9107.15358764315,"qoeBitrate":30800,"qoeRebuffer":1582.7999997138977,"qoeLatency":37015.799999999996,"qoeBitrateSwitch":580,"qoePlaybackSpeed":728.5535879292567},"chunk-stream5-00045":{"qoeTotal":-7034.753587643148,"qoeBitrate":33800,"qoeRebuffer":1582.7999997138977,"qoeLatency":37943.399999999994,"qoeBitrateSwitch":580,"qoePlaybackSpeed":728.5535879292567},"chunk-stream5-00046":{"qoeTotal":-4959.353587643147,"qoeBitrate":36800,"qoeRebuffer":1582.7999997138977,"qoeLatency":38867.99999999999,"qoeBitrateSwitch":580,"qoePlaybackSpeed":728.5535879292567},"chunk-stream5-00047":{"qoeTotal":-2874.9535876431455,"qoeBitrate":39800,"qoeRebuffer":1582.7999997138977,"qoeLatency":39783.59999999999,"qoeBitrateSwitch":580,"qoePlaybackSpeed":728.5535879292567},"chunk-stream5-00048":{"qoeTotal":-801.3535876431471,"qoeBitrate":42800,"qoeRebuffer":1582.7999997138977,"qoeLatency":40709.99999999999,"qoeBitrateSwitch":580,"qoePlaybackSpeed":728.5535879292567},"chunk-stream5-00049":{"qoeTotal":1283.0464123568545,"qoeBitrate":45800,"qoeRebuffer":1582.7999997138977,"qoeLatency":41625.59999999999,"qoeBitrateSwitch":580,"qoePlaybackSpeed":728.5535879292567},"chunk-stream5-00050":{"qoeTotal":3341.0464123568545,"qoeBitrate":48800,"qoeRebuffer":1582.7999997138977,"qoeLatency":42567.59999999999,"qoeBitrateSwitch":580,"qoePlaybackSpeed":728.5535879292567},"chunk-stream5-00051":{"qoeTotal":5424.846412356857,"qoeBitrate":51800,"qoeRebuffer":1582.7999997138977,"qoeLatency":43483.79999999999,"qoeBitrateSwitch":580,"qoePlaybackSpeed":728.5535879292567},