{"chunk-stream2-00018":{"qoeTotal":-910.9043654306962,"qoeBitrate":500,"qoeRebuffer":0,"qoeLatency":1361.4,"qoeBitrateSwitch":0,"qoePlaybackSpeed":49.50436543069614},"init-stream0":{"qoeTotal":-6868.68896784681,"qoeBitrate":600,"qoeRebuffer":0,"qoeLatency":7303.799999999999,"qoeBitrateSwitch":80,"qoePlaybackSpeed":84.88896784681023},"chunk-stream0-00019":{"qoeTotal":-8656.593332991404,"qoeBitrate":700,"qoeRebuffer":403.7999997138977,"qoeLatency":8738.4,"qoeBitrateSwitch":80,"qoePlaybackSpeed":134.39333327750637},"chunk-stream0-00020":{"qoeTotal":-11640.557017954947,"qoeBitrate":800,"qoeRebuffer":1990.200000286102,"qoeLatency":10177.2,"qoeBitrateSwitch":80,"qoePlaybackSpeed":193.1570176688429},"init-stream2":{"qoeTotal":-17212.157017954945,"qoeBitrate":1300,"qoeRebuffer":1990.200000286102,"qoeLatency":16108.8,"qoeBitrateSwitch":160,"qoePlaybackSpeed":253.15701766884288},"chunk-stream2-00021":{"qoeTotal":-18170.908375184943,"qoeBitrate":1800,"qoeRebuffer":1990.200000286102,"qoeLatency":17533.2,"qoeBitrateSwitch":160,"qoePlaybackSpeed":287.50837489883855},"chunk-stream0-00022":{"qoeTotal":-19619.748518931752,"qoeBitrate":1900,"qoeRebuffer":1990.200000286102,"qoeLatency":18984,"qoeBitrateSwitch":240,"qoePlaybackSpeed":305.54851864564927},"chunk-stream0-00023":{"qoeTotal":-21031.82875646555,"qoeBitrate":2000,"qoeRebuffer":1990.200000286102,"qoeLatency":20437.2,"qoeBitrateSwitch":240,"qoePlaybackSpeed":364.42875617944856},"chunk-stream0-00024":{"qoeTotal":-22404.90899399935,"qoeBitrate":2100,"qoeRebuffer":1990.200000286102,"qoeLatency":21851.4,"qoeBitrateSwitch":240,"qoePlaybackSpeed":423.30899371324784},"init-stream1":{"qoeTotal":-28298.50899399935,"qoeBitrate":2400,"qoeRebuffer":1990.200000286102,"qoeLatency":27945,"qoeBitrateSwitch":280,"qoePlaybackSpeed":483.3089937132478},"chunk-stream1-00025":{"qoeTotal":-29359.052245928793,"qoeBitrate":2700,"qoeRebuffer":1990.200000286102,"qoeLatency":29249.4,"qoeBitrateSwitch":280,"qoePlaybackSpeed":539.4522456426895},"chunk-stream0-00026":{"qoeTotal":-30613.395497858237,"qoeBitrate":2800,"qoeRebuffer":1990.200000286102,"qoeLatency":30507.600000000002,"qoeBitrateSwitch":320,"qoePlaybackSpeed":595.5954975721312},"chunk-stream0-00027":{"qoeTotal":-31791.138749787675,"qoeBitrate":2900,"qoeRebuffer":1990.200000286102,"qoeLatency":31729.2,"qoeBitrateSwitch":320,"qoePlaybackSpeed":651.7387495015729},"chunk-stream1-00028":{"qoeTotal":-32712.380489240666,"qoeBitrate":3200,"qoeRebuffer":1990.200000286102,"qoeLatency":32865,"qoeBitrateSwitch":360,"qoePlaybackSpeed":697.1804889545645},"chunk-stream1-00029":{"qoeTotal":-33501.13762296941,"qoeBitrate":3500,"qoeRebuffer":1990.200000286102,"qoeLatency":33917.4,"qoeBitrateSwitch":360,"qoePlaybackSpeed":733.5376226833029},"chunk-stream1-00030":{"qoeTotal":-34265.38270572926,"qoeBitrate":3800,"qoeRebuffer":1990.200000286102,"qoeLatency":34968,"qoeBitrateSwitch":360,"qoePlaybackSpeed":747.182705443157},"chunk-stream0-00031":{"qoeTotal":-35302.56511905802,"qoeBitrate":3900,"qoeRebuffer":1990.200000286102,"qoeLatency":36029.4,"qoeBitrateSwitch":400,"qoePlaybackSpeed":782.9651187719115},"chunk-stream1-00032":{"qoeTotal":-36105.50174384584,"qoeBitrate":4200,"qoeRebuffer":1990.200000286102,"qoeLatency":37072.200000000004,"qoeBitrateSwitch":440,"qoePlaybackSpeed":803.1017435597322},"chunk-stream0-00033":{"qoeTotal":-37122.74454599976,"qoeBitrate":4300,"qoeRebuffer":1990.200000286102,"qoeLatency":38131.200000000004,"qoeBitrateSwitch":480,"qoePlaybackSpeed":821.344545713654},"chunk-stream0-00034":{"qoeTotal":-38096.64635078243,"qoeBitrate":4400,"qoeRebuffer":1990.200000286102,"qoeLatency":39170.4,"qoeBitrateSwitch":480,"qoePlaybackSpeed":856.0463504963244},"chunk-stream0-00035":{"qoeTotal":-39044.05215737528,"qoeBitrate":4500,"qoeRebuffer":1990.200000286102,"qoeLatency":40188,"qoeBitrateSwitch":480,"qoePlaybackSpeed":885.8521570891721},"chunk-stream2-00036":{"qoeTotal":-39592.64013791783,"qoeBitrate":5000,"qoeRebuffer":1990.200000286102,"qoeLatency":41142.6,"qoeBitrateSwitch":560,"qoePlaybackSpeed":899.8401376317304},"chunk-stream1-00037":{"qoeTotal":-40315.3269308173,"qoeBitrate":5300,"qoeRebuffer":1990.200000286102,"qoeLatency":42107.4,"qoeBitrateSwitch":600,"qoePlaybackSpeed":917.7269305311905},"chunk-stream0-00038":{"qoeTotal":-41237.09104784826,"qoeBitrate":5400,"qoeRebuffer":1990.200000286102,"qoeLatency":43083.6,"qoeBitrateSwitch":640,"qoePlaybackSpeed":923.2910475621641},"init-stream4":{"qoeTotal":-40599.45516487924,"qoeBitrate":7400,"qoeRebuffer":1990.200000286102,"qoeLatency":44060.4,"qoeBitrateSwitch":1020,"qoePlaybackSpeed":928.8551645931376},"chunk-stream4-00039":{"qoeTotal":-60736.45425227142,"qoeBitrate":9400,"qoeRebuffer":21373.80000114441,"qoeLatency":46765.8,"qoeBitrateSwitch":1020,"qoePlaybackSpeed":976.8542511270035},"chunk-stream0-00040":{"qoeTotal":-64729.48234557984,"qoeBitrate":9500,"qoeRebuffer":22273.80000114441,"qoeLatency":49552.8,"qoeBitrateSwitch":1400,"qoePlaybackSpeed":1002.8823444354267},"chunk-stream0-00041":{"qoeTotal":-69046.14553520948,"qoeBitrate":9600,"qoeRebuffer":23881.80000114441,"qoeLatency":52350,"qoeBitrateSwitch":1400,"qoePlaybackSpeed":1014.3455340650695},"chunk-stream0-00042":{"qoeTotal":-71786.54551928269,"qoeBitrate":9700,"qoeRebuffer":23881.80000114441,"qoeLatency":55130.4,"qoeBitrateSwitch":1400,"qoePlaybackSpeed":1074.3455181382863},"chunk-stream0-00043":{"qoeTotal":-74486.74550335592,"qoeBitrate":9800,"qoeRebuffer":23881.80000114441,"qoeLatency":57870.6,"qoeBitrateSwitch":1400,"qoePlaybackSpeed":1134.3455022115031},"chunk-stream0-00044":{"qoeTotal":-77146.74548742913,"qoeBitrate":9900,"qoeRebuffer":23881.80000114441,"qoeLatency":60570.6,"qoeBitrateSwitch":1400,"qoePlaybackSpeed":1194.34548628472},"chunk-stream1-00045":{"qoeTotal":-79527.94547150233,"qoeBitrate":10200,"qoeRebuffer":23881.80000114441,"qoeLatency":63151.799999999996,"qoeBitrateSwitch":1440,"qoePlaybackSpeed":1254.3454703579368},"chunk-stream1-00046":{"qoeTotal":-81774.94545557555,"qoeBitrate":10500,"qoeRebuffer":23881.80000114441,"qoeLatency":65638.79999999999,"qoeBitrateSwitch":1440,"qoePlaybackSpeed":1314.3454544311537},"chunk-stream1-00047":{"qoeTotal":-83934.34507066957,"qoeBitrate":10800,"qoeRebuffer":23881.80000114441,"qoeLatency":68038.19999999998,"qoeBitrateSwitch":1440,"qoePlaybackSpeed":1374.345069525175},"chunk-stream0-00048":{"qoeTotal":-86283.34468576359,"qoeBitrate":10900,"qoeRebuffer":23881.80000114441,"qoeLatency":70387.19999999998,"qoeBitrateSwitch":1480,"qoePlaybackSpeed":1434.3446846191962},"chunk-stream0-00049":{"qoeTotal":-88544.34430085761,"qoeBitrate":11000,"qoeRebuffer":23881.80000114441,"qoeLatency":72688.19999999998,"qoeBitrateSwitch":1480,"qoePlaybackSpeed":1494.3442997132174},"chunk-stream1-00050":{"qoeTotal":-90488.46043316393,"qoeBitrate":11300,"qoeRebuffer":23881.80000114441,"qoeLatency":74882.99999999999,"qoeBitrateSwitch":1520,"qoePlaybackSpeed":1503.6604320195302},"chunk-stream0-00051":{"qoeTotal":-92642.85614816891,"qoeBitrate":11400,"qoeRebuffer":23881.80000114441,"qoeLatency":77083.79999999999,"qoeBitrateSwitch":1560,"qoePlaybackSpeed":1517.256147024509},"chunk-stream0-00052":{"qoeTotal":-94776.0538312744,"qoeBitrate":11500,"qoeRebuffer":23881.80000114441,"qoeLatency":79256.99999999999,"qoeBitrateSwitch":1560,"qoePlaybackSpeed":1577.2538301300026},"chunk-stream1-00053":{"qoeTotal":-96656.25151437988,"qoeBitrate":11800,"qoeRebuffer":23881.80000114441,"qoeLatency":81337.19999999998,"qoeBitrateSwitch":1600,"qoePlaybackSpeed":1637.2515132354963},"chunk-stream1-00054":{"qoeTotal":-98381.70154001577,"qoeBitrate":12100,"qoeRebuffer":23881.80000114441,"qoeLatency":83353.19999999998,"qoeBitrateSwitch":1600,"qoePlaybackSpeed":1646.701538871372},"init-stream5":{"qoeTotal":-99522.4245475799,"qoeBitrate":15100,"qoeRebuffer":23881.80000114441,"qoeLatency":86948.99999999999,"qoeBitrateSwitch":2140,"qoePlaybackSpeed":1651.6245464355018},"chunk-stream5-00055":{"qoeTotal":-156043.04322349938,"qoeBitrate":18100,"qoeRebuffer":76263.00000143051,