{"chunk-stream2-00018":{"qoeTotal":-517.3457831360673,"qoeBitrate":500,"qoeRebuffer":0,"qoeLatency":971.4,"qoeBitrateSwitch":0,"qoePlaybackSpeed":45.94578313606734},"chunk-stream2-00019":{"qoeTotal":-1052.6915662721347,"qoeBitrate":1000,"qoeRebuffer":0,"qoeLatency":1960.8,"qoeBitrateSwitch":0,"qoePlaybackSpeed":91.89156627213468},"init-stream3":{"qoeTotal":-2218.8915662721347,"qoeBitrate":2250,"qoeRebuffer":0,"qoeLatency":2877,"qoeBitrateSwitch":1500,"qoePlaybackSpeed":91.89156627213468},"chunk-stream3-00020":{"qoeTotal":-1963.0740139208515,"qoeBitrate":3500,"qoeRebuffer":0,"qoeLatency":3851.4,"qoeBitrateSwitch":1500,"qoePlaybackSpeed":111.67401392085151},"chunk-stream3-00021":{"qoeTotal":-1680.1453564968742,"qoeBitrate":4750,"qoeRebuffer":0,"qoeLatency":4804.2,"qoeBitrateSwitch":1500,"qoePlaybackSpeed":125.94535649687431},"chunk-stream3-00022":{"qoeTotal":-1422.685633396732,"qoeBitrate":6000,"qoeRebuffer":0,"qoeLatency":5781,"qoeBitrateSwitch":1500,"qoePlaybackSpeed":141.6856333967321},"chunk-stream3-00023":{"qoeTotal":-2822.8830849446545,"qoeBitrate":7250,"qoeRebuffer":1543.8000011444092,"qoeLatency":6846.6,"qoeBitrateSwitch":1500,"qoePlaybackSpeed":182.4830838002449},"init-stream2":{"qoeTotal":-4738.483084944655,"qoeBitrate":7750,"qoeRebuffer":1543.8000011444092,"qoeLatency":7762.200000000001,"qoeBitrateSwitch":3000,"qoePlaybackSpeed":182.4830838002449},"chunk-stream2-00024":{"qoeTotal":-5399.771805274172,"qoeBitrate":8250,"qoeRebuffer":1543.8000011444092,"qoeLatency":8887.800000000001,"qoeBitrateSwitch":3000,"qoePlaybackSpeed":218.17180412976148},"chunk-stream2-00025":{"qoeTotal":-7566.090724025857,"qoeBitrate":8750,"qoeRebuffer":3049.2000017166138,"qoeLatency":10029.000000000002,"qoeBitrateSwitch":3000,"qoePlaybackSpeed":237.8907223092413},"chunk-stream2-00026":{"qoeTotal":-8237.882716180391,"qoeBitrate":9250,"qoeRebuffer":3049.2000017166138,"qoeLatency":11154.600000000002,"qoeBitrateSwitch":3000,"qoePlaybackSpeed":284.0827144637753},"chunk-stream2-00027":{"qoeTotal":-8875.41220661089,"qoeBitrate":9750,"qoeRebuffer":3049.2000017166138,"qoeLatency":12250.200000000003,"qoeBitrateSwitch":3000,"qoePlaybackSpeed":326.012204894274},"chunk-stream2-00028":{"qoeTotal":-9484.30421617415,"qoeBitrate":10250,"qoeRebuffer":3049.2000017166138,"qoeLatency":13321.800000000003,"qoeBitrateSwitch":3000,"qoePlaybackSpeed":363.30421445753467},"chunk-stream2-00029":{"qoeTotal":-10064.290491654237,"qoeBitrate":10750,"qoeRebuffer":3049.2000017166138,"qoeLatency":14368.200000000003,"qoeBitrateSwitch":3000,"qoePlaybackSpeed":396.89048993762174},"chunk-stream3-00030":{"qoeTotal":-11317.615653144125,"qoeBitrate":12000,"qoeRebuffer":3049.2000017166138,"qoeLatency":15348.600000000002,"qoeBitrateSwitch":4500,"qoePlaybackSpeed":419.8156514275085},"chunk-stream3-00031":{"qoeTotal":-11038.311924065421,"qoeBitrate":13250,"qoeRebuffer":3049.2000017166138,"qoeLatency":16303.200000000003,"qoeBitrateSwitch":4500,"qoePlaybackSpeed":435.9119223488046},"chunk-stream3-00032":{"qoeTotal":-10734.414786817671,"qoeBitrate":14500,"qoeRebuffer":3049.2000017166138,"qoeLatency":17239.200000000004,"qoeBitrateSwitch":4500,"qoePlaybackSpeed":446.01478510105346},"chunk-stream3-00033":{"qoeTotal":-10408.240055195807,"qoeBitrate":15750,"qoeRebuffer":3049.2000017166138,"qoeLatency":18156.600000000006,"qoeBitrateSwitch":4500,"qoePlaybackSpeed":452.4400534791876},"chunk-stream3-00034":{"qoeTotal":-10073.240055195807,"qoeBitrate":17000,"qoeRebuffer":3049.2000017166138,"qoeLatency":19071.600000000006,"qoeBitrateSwitch":4500,"qoePlaybackSpeed":452.4400534791876},"chunk-stream3-00035":{"qoeTotal":-9740.640055195809,"qoeBitrate":18250,"qoeRebuffer":3049.2000017166138,"qoeLatency":19989.000000000007,"qoeBitrateSwitch":4500,"qoePlaybackSpeed":452.4400534791876},"chunk-stream3-00036":{"qoeTotal":-9405.640055195809,"qoeBitrate":19500,"qoeRebuffer":3049.2000017166138,"qoeLatency":20904.000000000007,"qoeBitrateSwitch":4500,"qoePlaybackSpeed":452.4400534791876},"chunk-stream3-00037":{"qoeTotal":-9070.640055195809,"qoeBitrate":20750,"qoeRebuffer":3049.2000017166138,"qoeLatency":21819.000000000007,"qoeBitrateSwitch":4500,"qoePlaybackSpeed":452.4400534791876},"chunk-stream3-00038":{"qoeTotal":-8735.640055195809,"qoeBitrate":22000,"qoeRebuffer":3049.2000017166138,"qoeLatency":22734.000000000007,"qoeBitrateSwitch":4500,"qoePlaybackSpeed":452.4400534791876},"chunk-stream3-00039":{"qoeTotal":-8400.04005519581,"qoeBitrate":23250,"qoeRebuffer":3049.2000017166138,"qoeLatency":23648.40000000001,"qoeBitrateSwitch":4500,"qoePlaybackSpeed":452.4400534791876},"chunk-stream3-00040":{"qoeTotal":-8065.04005519581,"qoeBitrate":24500,"qoeRebuffer":3049.2000017166138,"qoeLatency":24563.40000000001,"qoeBitrateSwitch":4500,"qoePlaybackSpeed":452.4400534791876},"chunk-stream3-00041":{"qoeTotal":-7730.04005519581,"qoeBitrate":25750,"qoeRebuffer":3049.2000017166138,"qoeLatency":25478.40000000001,"qoeBitrateSwitch":4500,"qoePlaybackSpeed":452.4400534791876},"chunk-stream3-00042":{"qoeTotal":-7395.640055195809,"qoeBitrate":27000,"qoeRebuffer":3049.2000017166138,"qoeLatency":26394.000000000007,"qoeBitrateSwitch":4500,"qoePlaybackSpeed":452.4400534791876},"chunk-stream2-00043":{"qoeTotal":-9311.240055195807,"qoeBitrate":27500,"qoeRebuffer":3049.2000017166138,"qoeLatency":27309.600000000006,"qoeBitrateSwitch":6000,"qoePlaybackSpeed":452.4400534791876},"chunk-stream2-00044":{"qoeTotal":-9727.440055195808,"qoeBitrate":28000,"qoeRebuffer":3049.2000017166138,"qoeLatency":28225.800000000007,"qoeBitrateSwitch":6000,"qoePlaybackSpeed":452.4400534791876},"chunk-stream2-00045":{"qoeTotal":-10143.040055195806,"qoeBitrate":28500,"qoeRebuffer":3049.2000017166138,"qoeLatency":29141.400000000005,"qoeBitrateSwitch":6000,"qoePlaybackSpeed":452.4400534791876},"chunk-stream2-00046":{"qoeTotal":-10561.640055195805,"qoeBitrate":29000,"qoeRebuffer":3049.2000017166138,"qoeLatency":30060.000000000004,"qoeBitrateSwitch":6000,"qoePlaybackSpeed":452.4400534791876},"chunk-stream2-00047":{"qoeTotal":-10977.240055195804,"qoeBitrate":29500,"qoeRebuffer":3049.2000017166138,"qoeLatency":30975.600000000002,"qoeBitrateSwitch":6000,"qoePlaybackSpeed":452.4400534791876},"chunk-stream2-00048":{"qoeTotal":-11392.840055195802,"qoeBitrate":30000,"qoeRebuffer":3049.2000017166138,"qoeLatency":31891.2,"qoeBitrateSwitch":6000,"qoePlaybackSpeed":452.4400534791876},"chunk-stream2-00049":{"qoeTotal":-11809.040055195803,"qoeBitrate":30500,"qoeRebuffer":3049.2000017166138,"qoeLatency":32807.4,"qoeBitrateSwitch":6000,"qoePlaybackSpeed":452.4400534791876},"chunk-stream2-00050":{"qoeTotal":-12228.2400551958,"qoeBitrate":31000,"qoeRebuffer":3049.2000017166138,"qoeLatency":33726.6,"qoeBitrateSwitch":6000,"qoePlaybackSpeed":452.4400534791876},"chunk-stream2-00051":{"qoeTotal":-12643.840055195798,"qoeBitrate":31500,"qoeRebuffer":3049.2000017166138,"qoeLatency":34642.2,"qoeBitrateSwitch":6000,"qoePlaybackSpeed":452.4400534791876},"chunk-stream2-00052":{"qoeTotal":-13059.440055195797,"qoeBitrate":32000,"qoeRebuffer":3049.2000017166138,"qoeLatency":35557.799999999996,"qoeBitrateSwitch":6000,"qoePlaybackSpeed":452.4400534791876},"chunk-stream2-00053":{"qoeTotal":-13475.040055195796,"qoeBitrate":32500,"qoeRebuffer":3049.2000017166138,"qoeLatency":36473.399999999994,"qoeBitrateSwitch":6000,"qoePlaybackSpeed":452.4400534791876},"chunk-stream2-00054":{"qoeTotal":-13890.640055195794,"qoeBitrate":33000,"qoeRebuffer":3049.2000017166138,"qoeLatency":37388.99999999999,"qoeBitrateSwitch":6000,"qoePlaybackSpeed":452.4400534791876},"chunk-stream2-00055":{"qoeTotal":-14306.240055195793,"qoeBitrate":33500,"qoeRebuffer":3049.2000017166138,"qoeLatency":38304.59999999999,"qoeBitrateSwitch":6000,"qoePlaybackSpeed":452.4400534791876},"chunk-stream2-00056":{"qoeTotal":-14721.840055195791,"qoeBitrate":34000,"qoeRebuffer":3049.2000017166138,"qoeLatency":39220.19999999999,"qoeBitrateSwitch":6000,"qoePlaybackSpeed":452.4400534791876},"chunk-stream2-00057":{"qoeTotal":-15137.44005519579,"qoeBitrate":34500,