{"switchHistory":[{"start":9.1575,"end":9.354621,"quality":{"mediaType":"video","bitrate":1000000,"width":640,"height":360,"scanType":null,"qualityIndex":2}},{"start":9.354621,"end":69.026248,"quality":{"mediaType":"video","bitrate":1000000,"width":640,"height":360,"scanType":null,"qualityIndex":2}}],"switchRequests":[],"stallDurationMs":256.2000000476837,"numStalls":3,"averageLatency":1.5161140142517824,"averageBufferLength":1.4266959619952495,"averageBitrate":999999.9999999999,"numSwitches":2,"averageBitrateVariations":0,"averagePlaybackRate":0.9978250604968492,"averagePlaybackRateNonOne":0.9734657380615614}