{"switchHistory":[{"start":8.6565,"end":8.862975,"quality":{"mediaType":"video","bitrate":1000000,"width":640,"height":360,"scanType":null,"qualityIndex":2}},{"start":8.862975,"end":68.718318,"quality":{"mediaType":"video","bitrate":1000000,"width":640,"height":360,"scanType":null,"qualityIndex":2}}],"switchRequests":[],"stallDurationMs":4.699999988079071,"numStalls":2,"averageLatency":1.527981042654029,"averageBufferLength":1.4179478672985784,"averageBitrate":999999.9999999999,"numSwitches":2,"averageBitrateVariations":0,"averagePlaybackRate":1.0023583733301549,"averagePlaybackRateNonOne":1.022313839969927}