{"switchHistory":[{"start":8.698,"end":8.892318,"quality":{"mediaType":"video","bitrate":1000000,"width":640,"height":360,"scanType":null,"qualityIndex":2}},{"start":8.892318,"end":68.766046,"quality":{"mediaType":"video","bitrate":1000000,"width":640,"height":360,"scanType":null,"qualityIndex":2}}],"switchRequests":[],"stallDurationMs":256.30000019073486,"numStalls":3,"averageLatency":1.5264289099526065,"averageBufferLength":1.3786658767772515,"averageBitrate":1000000.0000000001,"numSwitches":2,"averageBitrateVariations":0,"averagePlaybackRate":1.002234331779071,"averagePlaybackRateNonOne":1.0211402160635168}