{"chunk-stream2-00018":{"qoeTotal":-628.6839943450625,"qoeBitrate":500,"qoeRebuffer":0,"qoeLatency":1086,"qoeBitrateSwitch":0,"qoePlaybackSpeed":42.68399434506254},"init-stream3":{"qoeTotal":-7361.083994345064,"qoeBitrate":1750,"qoeRebuffer":0,"qoeLatency":8858.400000000001,"qoeBitrateSwitch":150,"qoePlaybackSpeed":102.6839943450625},"chunk-stream3-00019":{"qoeTotal":-12213.595017981077,"qoeBitrate":3000,"qoeRebuffer":4715.399999946356,"qoeLatency":10196.400000000001,"qoeBitrateSwitch":150,"qoePlaybackSpeed":151.7950180347199},"init-stream2":{"qoeTotal":-19729.956834959503,"qoeBitrate":3500,"qoeRebuffer":4715.399999946356,"qoeLatency":18023.4,"qoeBitrateSwitch":300,"qoePlaybackSpeed":191.1568350131451},"chunk-stream2-00020":{"qoeTotal":-22733.93696744699,"qoeBitrate":4000,"qoeRebuffer":6721.799999892712,"qoeLatency":19486.800000000003,"qoeBitrateSwitch":300,"qoePlaybackSpeed":225.3369675542736},"chunk-stream2-00021":{"qoeTotal":-23762.95353775206,"qoeBitrate":4500,"qoeRebuffer":6721.799999892712,"qoeLatency":20986.800000000003,"qoeBitrateSwitch":300,"qoePlaybackSpeed":254.35353785934313},"chunk-stream2-00022":{"qoeTotal":-24787.565613310333,"qoeBitrate":5000,"qoeRebuffer":6721.799999892712,"qoeLatency":22496.4,"qoeBitrateSwitch":300,"qoePlaybackSpeed":269.36561341761956},"chunk-stream3-00023":{"qoeTotal":-26797.382155993182,"qoeBitrate":6250,"qoeRebuffer":8223.59999987483,"qoeLatency":24057.600000000002,"qoeBitrateSwitch":450,"qoePlaybackSpeed":316.18215611835103},"chunk-stream2-00024":{"qoeTotal":-29727.8018361029,"qoeBitrate":6750,"qoeRebuffer":9778.199999928474,"qoeLatency":25744.2,"qoeBitrateSwitch":600,"qoePlaybackSpeed":355.4018361744247},"chunk-stream2-00025":{"qoeTotal":-30959.52297136511,"qoeBitrate":7250,"qoeRebuffer":9778.199999928474,"qoeLatency":27465,"qoeBitrateSwitch":600,"qoePlaybackSpeed":366.3229714366364},"chunk-stream2-00026":{"qoeTotal":-32210.888125652997,"qoeBitrate":7750,"qoeRebuffer":9778.199999928474,"qoeLatency":29200.2,"qoeBitrateSwitch":600,"qoePlaybackSpeed":382.4881257245224},"chunk-stream3-00027":{"qoeTotal":-36039.677646798926,"qoeBitrate":9000,"qoeRebuffer":12829.799999892712,"qoeLatency":31030.2,"qoeBitrateSwitch":750,"qoePlaybackSpeed":429.6776469062189},"chunk-stream2-00028":{"qoeTotal":-39239.97720386267,"qoeBitrate":9500,"qoeRebuffer":14392.799999892712,"qoeLatency":32980.2,"qoeBitrateSwitch":900,"qoePlaybackSpeed":466.9772039699583},"chunk-stream2-00029":{"qoeTotal":-40767.848249048715,"qoeBitrate":10000,"qoeRebuffer":14392.799999892712,"qoeLatency":34973.399999999994,"qoeBitrateSwitch":900,"qoePlaybackSpeed":501.64824915600894},"chunk-stream2-00030":{"qoeTotal":-42331.836186005596,"qoeBitrate":10500,"qoeRebuffer":14392.799999892712,"qoeLatency":36977.399999999994,"qoeBitrateSwitch":900,"qoePlaybackSpeed":561.6361861128864},"chunk-stream3-00031":{"qoeTotal":-44921.744110961554,"qoeBitrate":11750,"qoeRebuffer":15965.999999910593,"qoeLatency":39052.799999999996,"qoeBitrateSwitch":1050,"qoePlaybackSpeed":602.9441110509621},"chunk-stream2-00032":{"qoeTotal":-48340.032342733444,"qoeBitrate":12250,"qoeRebuffer":17483.999999910593,"qoeLatency":41263.799999999996,"qoeBitrateSwitch":1200,"qoePlaybackSpeed":642.2323428228549},"chunk-stream2-00033":{"qoeTotal":-50117.35380225917,"qoeBitrate":12750,"qoeRebuffer":17483.999999910593,"qoeLatency":43519.799999999996,"qoeBitrateSwitch":1200,"qoePlaybackSpeed":663.5538023485781},"chunk-stream2-00034":{"qoeTotal":-51901.052600587245,"qoeBitrate":13250,"qoeRebuffer":17483.999999910593,"qoeLatency":45788.399999999994,"qoeBitrateSwitch":1200,"qoePlaybackSpeed":678.6526006766609},"chunk-stream3-00035":{"qoeTotal":-53102.65134796822,"qoeBitrate":14500,"qoeRebuffer":17483.999999910593,"qoeLatency":48029.99999999999,"qoeBitrateSwitch":1350,"qoePlaybackSpeed":738.6513480576311},"chunk-stream3-00036":{"qoeTotal":-54096.05009534919,"qoeBitrate":15750,"qoeRebuffer":17483.999999910593,"qoeLatency":50213.399999999994,"qoeBitrateSwitch":1350,"qoePlaybackSpeed":798.6500954386014},"init-stream4":{"qoeTotal":-57116.769310043775,"qoeBitrate":17750,"qoeRebuffer":17483.999999910593,"qoeLatency":55075.799999999996,"qoeBitrateSwitch":1500,"qoePlaybackSpeed":806.9693101331873},"chunk-stream4-00036":{"qoeTotal":-57321.47206189548,"qoeBitrate":19750,"qoeRebuffer":17483.999999910593,"qoeLatency":57233.99999999999,"qoeBitrateSwitch":1500,"qoePlaybackSpeed":853.4720619848943},"chunk-stream4-00037":{"qoeTotal":-57564.65879428421,"qoeBitrate":21750,"qoeRebuffer":17483.999999910593,"qoeLatency":59446.799999999996,"qoeBitrateSwitch":1500,"qoePlaybackSpeed":883.8587943736193},"chunk-stream4-00038":{"qoeTotal":-57850.90713991221,"qoeBitrate":23750,"qoeRebuffer":17483.999999910593,"qoeLatency":61699.799999999996,"qoeBitrateSwitch":1500,"qoePlaybackSpeed":917.1071400016201},"chunk-stream4-00039":{"qoeTotal":-58152.36382958001,"qoeBitrate":25750,"qoeRebuffer":17483.999999910593,"qoeLatency":63988.2,"qoeBitrateSwitch":1500,"qoePlaybackSpeed":930.1638296694222},"chunk-stream4-00040":{"qoeTotal":-58493.50061325368,"qoeBitrate":27750,"qoeRebuffer":17483.999999910593,"qoeLatency":66303,"qoeBitrateSwitch":1500,"qoePlaybackSpeed":956.5006133430851},"chunk-stream4-00041":{"qoeTotal":-58861.21332495091,"qoeBitrate":29750,"qoeRebuffer":17483.999999910593,"qoeLatency":68652,"qoeBitrateSwitch":1500,"qoePlaybackSpeed":975.2133250403209},"chunk-stream4-00042":{"qoeTotal":-59231.52998184903,"qoeBitrate":31750,"qoeRebuffer":17483.999999910593,"qoeLatency":71016.6,"qoeBitrateSwitch":1500,"qoePlaybackSpeed":980.9299819384358},"chunk-stream4-00043":{"qoeTotal":-59593.35892987205,"qoeBitrate":33750,"qoeRebuffer":17483.999999910593,"qoeLatency":73372.8,"qoeBitrateSwitch":1500,"qoePlaybackSpeed":986.5589299614527},"chunk-stream4-00044":{"qoeTotal":-59913.28210702101,"qoeBitrate":35750,"qoeRebuffer":17483.999999910593,"qoeLatency":75685.8,"qoeBitrateSwitch":1500,"qoePlaybackSpeed":993.4821071104169},"chunk-stream4-00045":{"qoeTotal":-60242.63569238449,"qoeBitrate":37750,"qoeRebuffer":17483.999999910593,"qoeLatency":77985,"qoeBitrateSwitch":1500,"qoePlaybackSpeed":1023.6356924738919},"chunk-stream4-00046":{"qoeTotal":-62407.262714819975,"qoeBitrate":39750,"qoeRebuffer":19040.999999910593,"qoeLatency":80546.4,"qoeBitrateSwitch":1500,"qoePlaybackSpeed":1069.862714909385},"chunk-stream3-00047":{"qoeTotal":-67283.11719542983,"qoeBitrate":41000,"qoeRebuffer":22142.39999985695,"qoeLatency":83378.4,"qoeBitrateSwitch":1650,"qoePlaybackSpeed":1112.3171955728938},"chunk-stream3-00048":{"qoeTotal":-70609.13508376612,"qoeBitrate":42250,"qoeRebuffer":23649.599999785423,"qoeLatency":86403.59999999999,"qoeBitrateSwitch":1650,"qoePlaybackSpeed":1155.9350839806962},"chunk-stream2-00049":{"qoeTotal":-73362.80204045291,"qoeBitrate":42750,"qoeRebuffer":23649.599999785423,"qoeLatency":89470.79999999999,"qoeBitrateSwitch":1800,"qoePlaybackSpeed":1192.4020406675004},"chunk-stream2-00050":{"qoeTotal":-75979.56248190533,"qoeBitrate":43250,"qoeRebuffer":23649.599999785423,"qoeLatency":92570.99999999999,"qoeBitrateSwitch":1800,"qoePlaybackSpeed":1208.9624821199204},"chunk-stream3-00051":{"qoeTotal":-78058.70904377219,"qoeBitrate":44500,"qoeRebuffer":23649.599999785423,"qoeLatency":95713.19999999998,"qoeBitrateSwitch":1950,"qoePlaybackSpeed":1245.909043986784},"chunk-stream3-00052":{"qoeTotal":-79970.96572451011,"qoeBitrate":45750,"qoeRebuffer":23649.599999785423,"qoeLatency":98864.39999999998,"qoeBitrateSwitch":1950,"qoePlaybackSpeed":1256.9657247247094},"chunk-stream4-00053":{"qoeTotal":-81281.76572367233,"qoeBitrate":47750,"qoeRebuffer":23649.599999785423,"qoeLatency":101965.19999999998,"qoeBitrateSwitch":2100,"qoePlaybackSpeed":1316.9657238869277},"chunk-stream4-00054":{"qoeTotal":-82363.36572283455,"qoeBitrate":49750,"qoeRebuffer":23649.599999785423,"qoeLatency":104986.79999999999,"qoeBitrateSwitch":2100,"qoePlaybackSpeed":1376.965723049146},"init-stream5":{"qoeTotal":-82643.76572199677,"qoeBitrate":52750,"qoeRebuffer":23649.599999785423,