{"chunk-stream2-00018":{"qoeTotal":-600.2290740929087,"qoeBitrate":500,"qoeRebuffer":0,"qoeLatency":1057.8,"qoeBitrateSwitch":0,"qoePlaybackSpeed":42.42907409290881},"init-stream3":{"qoeTotal":-1724.4259152029174,"qoeBitrate":1750,"qoeRebuffer":0,"qoeLatency":3222,"qoeBitrateSwitch":150,"qoePlaybackSpeed":102.42591520291742},"chunk-stream3-00019":{"qoeTotal":-4783.325927272346,"qoeBitrate":3000,"qoeRebuffer":3020.4000000357623,"qoeLatency":4467.6,"qoeBitrateSwitch":150,"qoePlaybackSpeed":145.32592723658288},"chunk-stream3-00020":{"qoeTotal":-4843.2473581824825,"qoeBitrate":4250,"qoeRebuffer":3020.4000000357623,"qoeLatency":5755.200000000001,"qoeBitrateSwitch":150,"qoePlaybackSpeed":167.6473581467189},"chunk-stream3-00021":{"qoeTotal":-4939.536723738481,"qoeBitrate":5500,"qoeRebuffer":3020.4000000357623,"qoeLatency":7074.000000000001,"qoeBitrateSwitch":150,"qoePlaybackSpeed":195.1367237027181},"chunk-stream3-00022":{"qoeTotal":-5070.773372139469,"qoeBitrate":6750,"qoeRebuffer":3020.4000000357623,"qoeLatency":8434.2,"qoeBitrateSwitch":150,"qoePlaybackSpeed":216.17337210370488},"chunk-stream3-00023":{"qoeTotal":-5268.233772809529,"qoeBitrate":8000,"qoeRebuffer":3020.4000000357623,"qoeLatency":9848.400000000001,"qoeBitrateSwitch":150,"qoePlaybackSpeed":249.43377277376462},"chunk-stream3-00024":{"qoeTotal":-5526.604224633556,"qoeBitrate":9250,"qoeRebuffer":3020.4000000357623,"qoeLatency":11319.000000000002,"qoeBitrateSwitch":150,"qoePlaybackSpeed":287.2042245977919},"chunk-stream3-00025":{"qoeTotal":-5789.860494949367,"qoeBitrate":10500,"qoeRebuffer":3020.4000000357623,"qoeLatency":12823.200000000003,"qoeBitrateSwitch":150,"qoePlaybackSpeed":296.26049491360175},"chunk-stream3-00026":{"qoeTotal":-6121.978821849939,"qoeBitrate":11750,"qoeRebuffer":3020.4000000357623,"qoeLatency":14346.000000000002,"qoeBitrateSwitch":150,"qoePlaybackSpeed":355.5788218141741},"init-stream4":{"qoeTotal":-5845.697148750511,"qoeBitrate":13750,"qoeRebuffer":3020.4000000357623,"qoeLatency":15860.400000000001,"qoeBitrateSwitch":300,"qoePlaybackSpeed":414.89714871474644},"chunk-stream4-00027":{"qoeTotal":-7034.069460100225,"qoeBitrate":15750,"qoeRebuffer":4550.400000035763,"qoeLatency":17480.4,"qoeBitrateSwitch":300,"qoePlaybackSpeed":453.2694600644612},"chunk-stream4-00028":{"qoeTotal":-10017.299851062373,"qoeBitrate":17750,"qoeRebuffer":7665,"qoeLatency":19307.4,"qoeBitrateSwitch":300,"qoePlaybackSpeed":494.8998510623723},"chunk-stream3-00029":{"qoeTotal":-12462.500278126507,"qoeBitrate":19000,"qoeRebuffer":9247.800000071526,"qoeLatency":21240.600000000002,"qoeBitrateSwitch":450,"qoePlaybackSpeed":524.1002780549785},"chunk-stream3-00030":{"qoeTotal":-13233.018267915442,"qoeBitrate":20250,"qoeRebuffer":9247.800000071526,"qoeLatency":23228.4,"qoeBitrateSwitch":450,"qoePlaybackSpeed":556.8182678439147},"chunk-stream3-00031":{"qoeTotal":-15721.347546444538,"qoeBitrate":21500,"qoeRebuffer":10816.200000017881,"qoeLatency":25363.800000000003,"qoeBitrateSwitch":450,"qoePlaybackSpeed":591.3475464266535},"chunk-stream3-00032":{"qoeTotal":-18330.38189603518,"qoeBitrate":22750,"qoeRebuffer":12393,"qoeLatency":27604.200000000004,"qoeBitrateSwitch":450,"qoePlaybackSpeed":633.1818960351749},"chunk-stream3-00033":{"qoeTotal":-21008.42910744702,"qoeBitrate":24000,"qoeRebuffer":13903.799999982119,"qoeLatency":29975.400000000005,"qoeBitrateSwitch":450,"qoePlaybackSpeed":679.2291074648975},"chunk-stream3-00034":{"qoeTotal":-23814.536791317492,"qoeBitrate":25250,"qoeRebuffer":15468,"qoeLatency":32422.200000000004,"qoeBitrateSwitch":450,"qoePlaybackSpeed":724.3367913174868},"chunk-stream3-00035":{"qoeTotal":-28108.86479842878,"qoeBitrate":26500,"qoeRebuffer":18349.79999998212,"qoeLatency":35038.200000000004,"qoeBitrateSwitch":450,"qoePlaybackSpeed":770.864798446657},"chunk-stream3-00036":{"qoeTotal":-32965.401769252254,"qoeBitrate":27750,"qoeRebuffer":21601.79999989271,"qoeLatency":37846.8,"qoeBitrateSwitch":450,"qoePlaybackSpeed":816.8017693595402},"init-stream2":{"qoeTotal":-34795.600249111405,"qoeBitrate":28250,"qoeRebuffer":21601.79999989271,"qoeLatency":39990,"qoeBitrateSwitch":600,"qoePlaybackSpeed":853.8002492186922},"chunk-stream2-00037":{"qoeTotal":-37201.544462161175,"qoeBitrate":28750,"qoeRebuffer":21601.79999989271,"qoeLatency":42852,"qoeBitrateSwitch":600,"qoePlaybackSpeed":897.7444622684619},"chunk-stream2-00038":{"qoeTotal":-41124.88167507731,"qoeBitrate":29250,"qoeRebuffer":23138.999999910593,"qoeLatency":45737.4,"qoeBitrateSwitch":600,"qoePlaybackSpeed":898.4816751667149},"chunk-stream3-00039":{"qoeTotal":-43015.92887510439,"qoeBitrate":30500,"qoeRebuffer":23138.999999910593,"qoeLatency":48694.8,"qoeBitrateSwitch":750,"qoePlaybackSpeed":932.1288751937977},"chunk-stream2-00040":{"qoeTotal":-47245.863453879974,"qoeBitrate":31000,"qoeRebuffer":24668.999999910593,"qoeLatency":51717,"qoeBitrateSwitch":900,"qoePlaybackSpeed":959.8634539693818},"chunk-stream3-00041":{"qoeTotal":-54450.609809407724,"qoeBitrate":32250,"qoeRebuffer":29563.199999839067,"qoeLatency":55080.6,"qoeBitrateSwitch":1050,"qoePlaybackSpeed":1006.8098095686604},"chunk-stream2-00042":{"qoeTotal":-58979.35616498912,"qoeBitrate":32750,"qoeRebuffer":30962.999999821186,"qoeLatency":58512.6,"qoeBitrateSwitch":1200,"qoePlaybackSpeed":1053.756165167939},"chunk-stream2-00043":{"qoeTotal":-63534.40307755575,"qoeBitrate":33250,"qoeRebuffer":32528.399999767542,"qoeLatency":61978.799999999996,"qoeBitrateSwitch":1200,"qoePlaybackSpeed":1077.2030777882064},"chunk-stream2-00044":{"qoeTotal":-66612.99516421699,"qoeBitrate":33750,"qoeRebuffer":32528.399999767542,"qoeLatency":65515.799999999996,"qoeBitrateSwitch":1200,"qoePlaybackSpeed":1118.7951644494522},"chunk-stream2-00045":{"qoeTotal":-71398.29117686869,"qoeBitrate":34250,"qoeRebuffer":34073.99999973178,"qoeLatency":69208.79999999999,"qoeBitrateSwitch":1200,"qoePlaybackSpeed":1165.491177136916},"chunk-stream2-00046":{"qoeTotal":-74688.21500282997,"qoeBitrate":34750,"qoeRebuffer":34073.99999973178,"qoeLatency":72955.79999999999,"qoeBitrateSwitch":1200,"qoePlaybackSpeed":1208.415003098202},"chunk-stream2-00047":{"qoeTotal":-77991.02814697723,"qoeBitrate":35250,"qoeRebuffer":34073.99999973178,"qoeLatency":76732.19999999998,"qoeBitrateSwitch":1200,"qoePlaybackSpeed":1234.8281472454696},"chunk-stream2-00048":{"qoeTotal":-81284.56961969785,"qoeBitrate":35750,"qoeRebuffer":34073.99999973178,"qoeLatency":80524.79999999999,"qoeBitrateSwitch":1200,"qoePlaybackSpeed":1235.7696199660893},"chunk-stream3-00049":{"qoeTotal":-85613.27290552757,"qoeBitrate":37000,"qoeRebuffer":35597.39999976754,"qoeLatency":84383.4,"qoeBitrateSwitch":1350,"qoePlaybackSpeed":1282.4729057600407},"chunk-stream2-00050":{"qoeTotal":-90901.07367981205,"qoeBitrate":37500,"qoeRebuffer":37141.7999997139,"qoeLatency":88430.4,"qoeBitrateSwitch":1500,"qoePlaybackSpeed":1328.873680098156},"chunk-stream3-00051":{"qoeTotal":-93961.15628705978,"qoeBitrate":38750,"qoeRebuffer":37141.7999997139,"qoeLatency":92555.4,"qoeBitrateSwitch":1650,"qoePlaybackSpeed":1363.9562873458929},"chunk-stream3-00052":{"qoeTotal":-96919.79334837773,"qoeBitrate":40000,"qoeRebuffer":37141.7999997139,"qoeLatency":96729.59999999999,"qoeBitrateSwitch":1650,"qoePlaybackSpeed":1398.3933486638414},"chunk-stream3-00053":{"qoeTotal":-99903.93174951474,"qoeBitrate":41250,"qoeRebuffer":37141.7999997139,"qoeLatency":100949.4,"qoeBitrateSwitch":1650,"qoePlaybackSpeed":1412.731749800842},"chunk-stream3-00054":{"qoeTotal":-102902.97414462041,"qoeBitrate":42500,"qoeRebuffer":37141.7999997139,"qoeLatency":105197.4,"qoeBitrateSwitch":1650,"qoePlaybackSpeed":1413.7741449065163},"chunk-stream3-00055":{"qoeTotal":-106105.50194656134,"qoeBitrate":43750,"qoeRebuffer":37141.7999997139,"qoeLatency":109608,"qoeBitrateSwitch":1650,"qoePlaybackSpeed":1455.7019468474393},"chunk-stream3-00056":{"qoeTotal":-116829.5404045725,"qoeBitrate":45000,"qoeRebuffer":44199.59999960661,"qoeLatency":114489.6,"qoeBitrateSwitch":1650,"qoePlaybackSpeed":1490.34040496588},