{"chunk-stream2-00018":{"qoeTotal":-605.8252407435646,"qoeBitrate":500,"qoeRebuffer":0,"qoeLatency":1066.8,"qoeBitrateSwitch":0,"qoePlaybackSpeed":39.02524074356455},"init-stream3":{"qoeTotal":-2154.8256885096107,"qoeBitrate":1750,"qoeRebuffer":0,"qoeLatency":3674.3999999999996,"qoeBitrateSwitch":150,"qoePlaybackSpeed":80.42568850961115},"chunk-stream3-00019":{"qoeTotal":-5331.4201809531305,"qoeBitrate":3000,"qoeRebuffer":3160.2000000178814,"qoeLatency":4905,"qoeBitrateSwitch":150,"qoePlaybackSpeed":116.22018093524932},"chunk-stream3-00020":{"qoeTotal":-6992.797219871576,"qoeBitrate":4250,"qoeRebuffer":4730.400000035763,"qoeLatency":6214.8,"qoeBitrateSwitch":150,"qoePlaybackSpeed":147.59721983581358},"chunk-stream3-00021":{"qoeTotal":-8762.03159046909,"qoeBitrate":5500,"qoeRebuffer":6250.200000107288,"qoeLatency":7672.8,"qoeBitrateSwitch":150,"qoePlaybackSpeed":189.0315903618022},"chunk-stream3-00022":{"qoeTotal":-10707.1676726794,"qoeBitrate":6750,"qoeRebuffer":7769.40000012517,"qoeLatency":9308.4,"qoeBitrateSwitch":150,"qoePlaybackSpeed":229.36767255423013},"chunk-stream3-00023":{"qoeTotal":-14506.270313113959,"qoeBitrate":8000,"qoeRebuffer":10870.200000107288,"qoeLatency":11211,"qoeBitrateSwitch":150,"qoePlaybackSpeed":275.0703130066697},"init-stream2":{"qoeTotal":-16594.70141675278,"qoeBitrate":8500,"qoeRebuffer":10870.200000107288,"qoeLatency":13606.8,"qoeBitrateSwitch":300,"qoePlaybackSpeed":317.70141664549357},"chunk-stream2-00024":{"qoeTotal":-18058.02412254322,"qoeBitrate":9000,"qoeRebuffer":10870.200000107288,"qoeLatency":15548.4,"qoeBitrateSwitch":300,"qoePlaybackSpeed":339.42412243592855},"chunk-stream2-00025":{"qoeTotal":-19530.616899137873,"qoeBitrate":9500,"qoeRebuffer":10870.200000107288,"qoeLatency":17506.8,"qoeBitrateSwitch":300,"qoePlaybackSpeed":353.6168990305841},"chunk-stream3-00026":{"qoeTotal":-21937.254744347196,"qoeBitrate":10750,"qoeRebuffer":12415.200000107288,"qoeLatency":19428.6,"qoeBitrateSwitch":450,"qoePlaybackSpeed":393.45474423990834},"chunk-stream3-00027":{"qoeTotal":-24356.373438405288,"qoeBitrate":12000,"qoeRebuffer":13930.800000071526,"qoeLatency":21540,"qoeBitrateSwitch":450,"qoePlaybackSpeed":435.57343833376274},"chunk-stream3-00028":{"qoeTotal":-27050.485234781554,"qoeBitrate":13250,"qoeRebuffer":15508.200000107288,"qoeLatency":23866.8,"qoeBitrateSwitch":450,"qoePlaybackSpeed":475.48523467426537},"chunk-stream3-00029":{"qoeTotal":-33083.938156703145,"qoeBitrate":14500,"qoeRebuffer":20047.20000010729,"qoeLatency":26563.8,"qoeBitrateSwitch":450,"qoePlaybackSpeed":522.9381565958575},"chunk-stream2-00030":{"qoeTotal":-37104.50744584923,"qoeBitrate":15000,"qoeRebuffer":21547.20000010729,"qoeLatency":29395.2,"qoeBitrateSwitch":600,"qoePlaybackSpeed":562.1074457419464},"chunk-stream2-00031":{"qoeTotal":-39513.25327748575,"qoeBitrate":15500,"qoeRebuffer":21547.20000010729,"qoeLatency":32281.8,"qoeBitrateSwitch":600,"qoePlaybackSpeed":584.2532773784577},"chunk-stream2-00032":{"qoeTotal":-42007.57121783513,"qoeBitrate":16000,"qoeRebuffer":21547.20000010729,"qoeLatency":35241.6,"qoeBitrateSwitch":600,"qoePlaybackSpeed":618.7712177278466},"chunk-stream2-00033":{"qoeTotal":-46145.76179411708,"qoeBitrate":16500,"qoeRebuffer":23066.40000012517,"qoeLatency":38315.4,"qoeBitrateSwitch":600,"qoePlaybackSpeed":663.9617939919139},"chunk-stream2-00034":{"qoeTotal":-50324.687159747424,"qoeBitrate":17000,"qoeRebuffer":24568.20000010729,"qoeLatency":41451,"qoeBitrateSwitch":600,"qoePlaybackSpeed":705.4871596401365},"chunk-stream2-00035":{"qoeTotal":-53039.508076674974,"qoeBitrate":17500,"qoeRebuffer":24568.20000010729,"qoeLatency":44638.8,"qoeBitrateSwitch":600,"qoePlaybackSpeed":732.5080765676803},"chunk-stream2-00036":{"qoeTotal":-55754.468775413894,"qoeBitrate":18000,"qoeRebuffer":24568.20000010729,"qoeLatency":47837.4,"qoeBitrateSwitch":600,"qoePlaybackSpeed":748.8687753066034},"chunk-stream2-00037":{"qoeTotal":-58480.6687748579,"qoeBitrate":18500,"qoeRebuffer":24568.20000010729,"qoeLatency":51003.6,"qoeBitrateSwitch":600,"qoePlaybackSpeed":808.8687747506094},"chunk-stream3-00037":{"qoeTotal":-60549.16579325534,"qoeBitrate":19750,"qoeRebuffer":24568.20000010729,"qoeLatency":54121.2,"qoeBitrateSwitch":750,"qoePlaybackSpeed":859.7657931480602},"chunk-stream3-00038":{"qoeTotal":-65850.67493457746,"qoeBitrate":21000,"qoeRebuffer":27707.40000012517,"qoeLatency":57494.399999999994,"qoeBitrateSwitch":750,"qoePlaybackSpeed":898.8749344522942},"chunk-stream3-00039":{"qoeTotal":-68073.39952079553,"qoeBitrate":22250,"qoeRebuffer":27707.40000012517,"qoeLatency":60936.59999999999,"qoeBitrateSwitch":750,"qoePlaybackSpeed":929.3995206703647},"chunk-stream3-00040":{"qoeTotal":-71861.88580839343,"qoeBitrate":23500,"qoeRebuffer":29209.20000010729,"qoeLatency":64435.19999999999,"qoeBitrateSwitch":750,"qoePlaybackSpeed":967.4858082861646},"chunk-stream3-00041":{"qoeTotal":-76959.96368997214,"qoeBitrate":24750,"qoeRebuffer":31894.20000001788,"qoeLatency":68057.4,"qoeBitrateSwitch":750,"qoePlaybackSpeed":1008.3636899542553},"chunk-stream3-00042":{"qoeTotal":-81029.19765679911,"qoeBitrate":26000,"qoeRebuffer":33474.59999996424,"qoeLatency":71760,"qoeBitrateSwitch":750,"qoePlaybackSpeed":1044.5976568348692},"chunk-stream3-00043":{"qoeTotal":-83575.64959260935,"qoeBitrate":27250,"qoeRebuffer":33474.59999996424,"qoeLatency":75524.4,"qoeBitrateSwitch":750,"qoePlaybackSpeed":1076.6495926451119},"chunk-stream3-00044":{"qoeTotal":-86174.40976863395,"qoeBitrate":28500,"qoeRebuffer":33474.59999996424,"qoeLatency":79337.4,"qoeBitrateSwitch":750,"qoePlaybackSpeed":1112.4097686697264},"chunk-stream3-00045":{"qoeTotal":-88830.88982618226,"qoeBitrate":29750,"qoeRebuffer":33474.59999996424,"qoeLatency":83215.2,"qoeBitrateSwitch":750,"qoePlaybackSpeed":1141.0898262180235},"chunk-stream3-00046":{"qoeTotal":-91546.54999842691,"qoeBitrate":31000,"qoeRebuffer":33474.59999996424,"qoeLatency":87157.8,"qoeBitrateSwitch":750,"qoePlaybackSpeed":1164.1499984626723},"chunk-stream3-00047":{"qoeTotal":-94304.70278596082,"qoeBitrate":32250,"qoeRebuffer":33474.59999996424,"qoeLatency":91140,"qoeBitrateSwitch":750,"qoePlaybackSpeed":1190.1027859965843},"chunk-stream3-00048":{"qoeTotal":-97154.94847304565,"qoeBitrate":33500,"qoeRebuffer":33474.59999996424,"qoeLatency":95205,"qoeBitrateSwitch":750,"qoePlaybackSpeed":1225.3484730814098},"chunk-stream3-00049":{"qoeTotal":-103447.79604877243,"qoeBitrate":34750,"qoeRebuffer":36660.59999996424,"qoeLatency":99519.6,"qoeBitrateSwitch":750,"qoePlaybackSpeed":1267.5960488081905},"chunk-stream3-00050":{"qoeTotal":-108341.7420335197,"qoeBitrate":36000,"qoeRebuffer":38229.59999996424,"qoeLatency":104052.6,"qoeBitrateSwitch":750,"qoePlaybackSpeed":1309.5420335554466},"chunk-stream3-00051":{"qoeTotal":-113368.39253280462,"qoeBitrate":37250,"qoeRebuffer":39816.59999996424,"qoeLatency":108703.20000000001,"qoeBitrateSwitch":750,"qoePlaybackSpeed":1348.5925328403728},"chunk-stream3-00052":{"qoeTotal":-116836.04201436095,"qoeBitrate":38500,"qoeRebuffer":39816.59999996424,"qoeLatency":113389.80000000002,"qoeBitrateSwitch":750,"qoePlaybackSpeed":1379.6420143967039},"chunk-stream3-00053":{"qoeTotal":-120296.42393551375,"qoeBitrate":39750,"qoeRebuffer":39816.59999996424,"qoeLatency":118084.20000000001,"qoeBitrateSwitch":750,"qoePlaybackSpeed":1395.6239355494993},"chunk-stream3-00054":{"qoeTotal":-123798.42393551374,"qoeBitrate":41000,"qoeRebuffer":39816.59999996424,"qoeLatency":122776.20000000001,"qoeBitrateSwitch":750,"qoePlaybackSpeed":1455.623935549497},"chunk-stream3-00055":{"qoeTotal":-127425.51388092524,"qoeBitrate":42250,"qoeRebuffer":39816.59999996424,"qoeLatency":127614.00000000001,"qoeBitrateSwitch":750,"qoePlaybackSpeed":1494.913880960987},"init-stream4":{"qoeTotal":-128061.4939086194,"qoeBitrate":44250,"qoeRebuffer":39816.59999996424,"qoeLatency":130087.80000000002,"qoeBitrateSwitch":900,"qoePlaybackSpeed":1507.0939086551502},"chunk-stream4-00056":{"qoeTotal":-141961.53041575363,"qoeBitrate":46250,"qoeRebuffer":50194.20000001788,