{"chunk-stream2-00018":{"qoeTotal":-588.6198604263627,"qoeBitrate":500,"qoeRebuffer":0,"qoeLatency":1038,"qoeBitrateSwitch":0,"qoePlaybackSpeed":50.61986042636277},"init-stream3":{"qoeTotal":-1188.7804331312766,"qoeBitrate":1750,"qoeRebuffer":0,"qoeLatency":2678.4,"qoeBitrateSwitch":150,"qoePlaybackSpeed":110.38043313127648},"chunk-stream3-00019":{"qoeTotal":-2634.488523580601,"qoeBitrate":3000,"qoeRebuffer":1564.7999999821186,"qoeLatency":3778.2,"qoeBitrateSwitch":150,"qoePlaybackSpeed":141.4885235984824},"chunk-stream3-00020":{"qoeTotal":-2554.433427482117,"qoeBitrate":4250,"qoeRebuffer":1564.7999999821186,"qoeLatency":4924.799999999999,"qoeBitrateSwitch":150,"qoePlaybackSpeed":164.8334274999993},"chunk-stream3-00021":{"qoeTotal":-2509.60329199911,"qoeBitrate":5500,"qoeRebuffer":1564.7999999821186,"qoeLatency":6110.4,"qoeBitrateSwitch":150,"qoePlaybackSpeed":184.4032920169918},"chunk-stream3-00022":{"qoeTotal":-2504.238426129021,"qoeBitrate":6750,"qoeRebuffer":1564.7999999821186,"qoeLatency":7335,"qoeBitrateSwitch":150,"qoePlaybackSpeed":204.438426146902},"chunk-stream3-00023":{"qoeTotal":-2520.2744426576023,"qoeBitrate":8000,"qoeRebuffer":1564.7999999821186,"qoeLatency":8589.6,"qoeBitrateSwitch":150,"qoePlaybackSpeed":215.8744426754833},"chunk-stream3-00024":{"qoeTotal":-2550.976384014692,"qoeBitrate":9250,"qoeRebuffer":1564.7999999821186,"qoeLatency":9864.6,"qoeBitrateSwitch":150,"qoePlaybackSpeed":221.57638403257326},"chunk-stream3-00025":{"qoeTotal":-2610.899367743029,"qoeBitrate":10500,"qoeRebuffer":1564.7999999821186,"qoeLatency":11151.6,"qoeBitrateSwitch":150,"qoePlaybackSpeed":244.49936776090985},"chunk-stream3-00026":{"qoeTotal":-2662.3025647545805,"qoeBitrate":11750,"qoeRebuffer":1564.7999999821186,"qoeLatency":12399,"qoeBitrateSwitch":150,"qoePlaybackSpeed":298.50256477246177},"init-stream4":{"qoeTotal":-5475.676735836812,"qoeBitrate":13750,"qoeRebuffer":1564.7999999821186,"qoeLatency":17040.6,"qoeBitrateSwitch":300,"qoePlaybackSpeed":320.2767358546955},"chunk-stream4-00027":{"qoeTotal":-4734.516629151721,"qoeBitrate":15750,"qoeRebuffer":1564.7999999821186,"qoeLatency":18277.8,"qoeBitrateSwitch":300,"qoePlaybackSpeed":341.9166291696031},"chunk-stream4-00028":{"qoeTotal":-5649.30825476282,"qoeBitrate":17750,"qoeRebuffer":3109.2000000178814,"qoeLatency":19602,"qoeBitrateSwitch":300,"qoePlaybackSpeed":388.10825474493873},"chunk-stream4-00029":{"qoeTotal":-13954.606762616471,"qoeBitrate":19750,"qoeRebuffer":11395.200000107288,"qoeLatency":21573,"qoeBitrateSwitch":300,"qoePlaybackSpeed":436.40676250918364},"chunk-stream3-00030":{"qoeTotal":-20789.90527030919,"qoeBitrate":21000,"qoeRebuffer":16895.400000035763,"qoeLatency":23959.8,"qoeBitrateSwitch":450,"qoePlaybackSpeed":484.70527027342854},"chunk-stream3-00031":{"qoeTotal":-25211.498227312004,"qoeBitrate":22250,"qoeRebuffer":20039.400000035763,"qoeLatency":26449.8,"qoeBitrateSwitch":450,"qoePlaybackSpeed":522.2982272762412},"chunk-stream3-00032":{"qoeTotal":-28186.79265181938,"qoeBitrate":23500,"qoeRebuffer":21545.400000035763,"qoeLatency":29134.2,"qoeBitrateSwitch":450,"qoePlaybackSpeed":557.1926517836171},"init-stream2":{"qoeTotal":-33744.992651855144,"qoeBitrate":24000,"qoeRebuffer":25807.800000071526,"qoeLatency":30780,"qoeBitrateSwitch":600,"qoePlaybackSpeed":557.1926517836171},"chunk-stream2-00033":{"qoeTotal":-35983.487076362515,"qoeBitrate":24500,"qoeRebuffer":25807.800000071526,"qoeLatency":33483.6,"qoeBitrateSwitch":600,"qoePlaybackSpeed":592.087076290993},"chunk-stream3-00034":{"qoeTotal":-37601.54745949094,"qoeBitrate":25750,"qoeRebuffer":25807.800000071526,"qoeLatency":36178.2,"qoeBitrateSwitch":750,"qoePlaybackSpeed":615.5474594194183},"chunk-stream3-00035":{"qoeTotal":-39044.70451335966,"qoeBitrate":27000,"qoeRebuffer":25807.800000071526,"qoeLatency":38844,"qoeBitrateSwitch":750,"qoePlaybackSpeed":642.9045132881358},"chunk-stream3-00036":{"qoeTotal":-40521.58089483531,"qoeBitrate":28250,"qoeRebuffer":25807.800000071526,"qoeLatency":41539.8,"qoeBitrateSwitch":750,"qoePlaybackSpeed":673.9808947637821},"chunk-stream3-00037":{"qoeTotal":-42009.51050224362,"qoeBitrate":29500,"qoeRebuffer":25807.800000071526,"qoeLatency":44260.8,"qoeBitrateSwitch":750,"qoePlaybackSpeed":690.9105021720904},"chunk-stream3-00038":{"qoeTotal":-43541.20648959125,"qoeBitrate":30750,"qoeRebuffer":25807.800000071526,"qoeLatency":47010.600000000006,"qoeBitrateSwitch":750,"qoePlaybackSpeed":722.8064895197188},"chunk-stream3-00039":{"qoeTotal":-45055.710357015014,"qoeBitrate":32000,"qoeRebuffer":25807.800000071526,"qoeLatency":49772.40000000001,"qoeBitrateSwitch":750,"qoePlaybackSpeed":725.5103569434806},"chunk-stream3-00040":{"qoeTotal":-46573.199671042705,"qoeBitrate":33250,"qoeRebuffer":25807.800000071526,"qoeLatency":52516.80000000001,"qoeBitrateSwitch":750,"qoePlaybackSpeed":748.5996709711682},"chunk-stream3-00041":{"qoeTotal":-48148.25488730665,"qoeBitrate":34500,"qoeRebuffer":25807.800000071526,"qoeLatency":55314.00000000001,"qoeBitrateSwitch":750,"qoePlaybackSpeed":776.454887235118},"chunk-stream3-00042":{"qoeTotal":-49768.26073921465,"qoeBitrate":35750,"qoeRebuffer":25807.800000071526,"qoeLatency":58159.80000000001,"qoeBitrateSwitch":750,"qoePlaybackSpeed":800.6607391431138},"chunk-stream3-00043":{"qoeTotal":-51455.05884008995,"qoeBitrate":37000,"qoeRebuffer":25807.800000071526,"qoeLatency":61062.60000000001,"qoeBitrateSwitch":750,"qoePlaybackSpeed":834.6588400184138},"chunk-stream2-00044":{"qoeTotal":-54046.312275256896,"qoeBitrate":37500,"qoeRebuffer":25807.800000071526,"qoeLatency":63990.000000000015,"qoeBitrateSwitch":900,"qoePlaybackSpeed":848.5122751853532},"chunk-stream3-00045":{"qoeTotal":-55906.02421395118,"qoeBitrate":38750,"qoeRebuffer":25807.800000071526,"qoeLatency":66916.20000000001,"qoeBitrateSwitch":1050,"qoePlaybackSpeed":882.0242138796433},"chunk-stream3-00046":{"qoeTotal":-57643.40218774748,"qoeBitrate":40000,"qoeRebuffer":25807.800000071526,"qoeLatency":69883.20000000001,"qoeBitrateSwitch":1050,"qoePlaybackSpeed":902.4021876759416},"chunk-stream3-00047":{"qoeTotal":-59421.38516877826,"qoeBitrate":41250,"qoeRebuffer":25807.800000071526,"qoeLatency":72882.6,"qoeBitrateSwitch":1050,"qoePlaybackSpeed":930.9851687067309},"chunk-stream3-00048":{"qoeTotal":-61215.989137928846,"qoeBitrate":42500,"qoeRebuffer":25807.800000071526,"qoeLatency":75918,"qoeBitrateSwitch":1050,"qoePlaybackSpeed":940.1891378573221},"chunk-stream3-00049":{"qoeTotal":-63071.386065774284,"qoeBitrate":43750,"qoeRebuffer":25807.800000071526,"qoeLatency":78995.4,"qoeBitrateSwitch":1050,"qoePlaybackSpeed":968.1860657027624},"chunk-stream3-00050":{"qoeTotal":-65031.97763187885,"qoeBitrate":45000,"qoeRebuffer":25807.800000071526,"qoeLatency":82164.59999999999,"qoeBitrateSwitch":1050,"qoePlaybackSpeed":1009.5776318073308},"chunk-stream3-00051":{"qoeTotal":-72379.97763189673,"qoeBitrate":46250,"qoeRebuffer":30801.000000089407,"qoeLatency":85769.4,"qoeBitrateSwitch":1050,"qoePlaybackSpeed":1009.5776318073308},"chunk-stream3-00052":{"qoeTotal":-77966.07402886031,"qoeBitrate":47500,"qoeRebuffer":33924.00000008941,"qoeLatency":89450.4,"qoeBitrateSwitch":1050,"qoePlaybackSpeed":1041.674028770916},"chunk-stream3-00053":{"qoeTotal":-80488.55901764729,"qoeBitrate":48750,"qoeRebuffer":33924.00000008941,"qoeLatency":93178.79999999999,"qoeBitrateSwitch":1050,"qoePlaybackSpeed":1085.759017557901},"chunk-stream3-00054":{"qoeTotal":-83020.80536012321,"qoeBitrate":50000,"qoeRebuffer":33924.00000008941,"qoeLatency":96928.79999999999,"qoeBitrateSwitch":1050,"qoePlaybackSpeed":1118.0053600338135},"chunk-stream3-00055":{"qoeTotal":-85505.02069717208,"qoeBitrate":51250,"qoeRebuffer":33924.00000008941,"qoeLatency":100657.19999999998,"qoeBitrateSwitch":1050,"qoePlaybackSpeed":1123.8206970826895},"chunk-stream3-00056":{"qoeTotal":-88351.82069717208,"qoeBitrate":52500,"qoeRebuffer":33924.00000008941,"qoeLatency":104753.99999999999,"qoeBitrateSwitch":1050,"qoePlaybackSpeed":1123.8206970826895},"chunk-stream3-00057":{"qoeTotal":-97623.69439000878,