{"chunk-stream2-00018":{"qoeTotal":-592.8198604263628,"qoeBitrate":500,"qoeRebuffer":0,"qoeLatency":1042.2,"qoeBitrateSwitch":0,"qoePlaybackSpeed":50.61986042636277},"init-stream3":{"qoeTotal":-4587.419860426363,"qoeBitrate":1750,"qoeRebuffer":0,"qoeLatency":6076.8,"qoeBitrateSwitch":150,"qoePlaybackSpeed":110.61986042636273},"chunk-stream3-00019":{"qoeTotal":-7581.511159726528,"qoeBitrate":3000,"qoeRebuffer":3043.1999999284744,"qoeLatency":7237.8,"qoeBitrateSwitch":150,"qoePlaybackSpeed":150.5111597980531},"chunk-stream3-00020":{"qoeTotal":-9180.602459080337,"qoeBitrate":4250,"qoeRebuffer":4568.999999910593,"qoeLatency":8521.2,"qoeBitrateSwitch":150,"qoePlaybackSpeed":190.40245916974345},"chunk-stream3-00021":{"qoeTotal":-10919.784720664085,"qoeBitrate":5500,"qoeRebuffer":6112.799999892712,"qoeLatency":9927,"qoeBitrateSwitch":150,"qoePlaybackSpeed":229.98472077137458},"chunk-stream3-00022":{"qoeTotal":-12774.708808759555,"qoeBitrate":6750,"qoeRebuffer":7670.399999856949,"qoeLatency":11439,"qoeBitrateSwitch":150,"qoePlaybackSpeed":265.30880890260534},"chunk-stream3-00023":{"qoeTotal":-14774.905301715955,"qoeBitrate":8000,"qoeRebuffer":9253.199999839067,"qoeLatency":13067.4,"qoeBitrateSwitch":150,"qoePlaybackSpeed":304.30530187688754},"chunk-stream3-00024":{"qoeTotal":-16793.999676898475,"qoeBitrate":9250,"qoeRebuffer":10766.399999856949,"qoeLatency":14782.199999999999,"qoeBitrateSwitch":150,"qoePlaybackSpeed":345.3996770415272},"chunk-stream3-00025":{"qoeTotal":-18979.386819871983,"qoeBitrate":10500,"qoeRebuffer":12317.999999910593,"qoeLatency":16627.199999999997,"qoeBitrateSwitch":150,"qoePlaybackSpeed":384.1868199613926},"chunk-stream3-00026":{"qoeTotal":-21311.27710784788,"qoeBitrate":11750,"qoeRebuffer":13873.799999982119,"qoeLatency":18613.199999999997,"qoeBitrateSwitch":150,"qoePlaybackSpeed":424.2771078657638},"chunk-stream3-00027":{"qoeTotal":-23809.684114903404,"qoeBitrate":13000,"qoeRebuffer":15451.199999928474,"qoeLatency":20743.799999999996,"qoeBitrateSwitch":150,"qoePlaybackSpeed":464.68411497493275},"chunk-stream3-00028":{"qoeTotal":-26403.051304359036,"qoeBitrate":14250,"qoeRebuffer":17029.199999928474,"qoeLatency":22967.399999999994,"qoeBitrateSwitch":150,"qoePlaybackSpeed":506.45130443056934},"chunk-stream3-00029":{"qoeTotal":-29063.23125666713,"qoeBitrate":15500,"qoeRebuffer":18552,"qoeLatency":25317.599999999995,"qoeBitrateSwitch":150,"qoePlaybackSpeed":543.631256667136},"chunk-stream3-00030":{"qoeTotal":-31832.811144597537,"qoeBitrate":16750,"qoeRebuffer":20087.400000035763,"qoeLatency":27765.599999999995,"qoeBitrateSwitch":150,"qoePlaybackSpeed":579.8111445617811},"chunk-stream3-00031":{"qoeTotal":-34740.90000478951,"qoeBitrate":18000,"qoeRebuffer":21654.000000089407,"qoeLatency":30317.999999999993,"qoeBitrateSwitch":150,"qoePlaybackSpeed":618.9000047001122},"chunk-stream3-00032":{"qoeTotal":-37734.58516775596,"qoeBitrate":19250,"qoeRebuffer":23157.600000053644,"qoeLatency":33016.19999999999,"qoeBitrateSwitch":150,"qoePlaybackSpeed":660.7851677023282},"chunk-stream3-00033":{"qoeTotal":-44541.01955259573,"qoeBitrate":20500,"qoeRebuffer":28131.599999964237,"qoeLatency":36053.99999999999,"qoeBitrateSwitch":150,"qoePlaybackSpeed":705.4195526315017},"init-stream2":{"qoeTotal":-48438.91667542819,"qoeBitrate":21000,"qoeRebuffer":28131.599999964237,"qoeLatency":40253.99999999999,"qoeBitrateSwitch":300,"qoePlaybackSpeed":753.3166754639597},"chunk-stream2-00034":{"qoeTotal":-51070.54342923018,"qoeBitrate":21500,"qoeRebuffer":28131.599999964237,"qoeLatency":43345.19999999999,"qoeBitrateSwitch":300,"qoePlaybackSpeed":793.7434292659512},"chunk-stream2-00035":{"qoeTotal":-55270.83305513336,"qoeBitrate":22000,"qoeRebuffer":29711.999999910593,"qoeLatency":46457.99999999999,"qoeBitrateSwitch":300,"qoePlaybackSpeed":800.8330552227676},"chunk-stream2-00036":{"qoeTotal":-57932.23305401372,"qoeBitrate":22500,"qoeRebuffer":29711.999999910593,"qoeLatency":49559.399999999994,"qoeBitrateSwitch":300,"qoePlaybackSpeed":860.833054103133},"chunk-stream3-00037":{"qoeTotal":-59985.38088791339,"qoeBitrate":23750,"qoeRebuffer":29711.999999910593,"qoeLatency":52675.2,"qoeBitrateSwitch":450,"qoePlaybackSpeed":898.1808880028},"chunk-stream2-00038":{"qoeTotal":-62837.28859075923,"qoeBitrate":24250,"qoeRebuffer":29711.999999910593,"qoeLatency":55836.6,"qoeBitrateSwitch":600,"qoePlaybackSpeed":938.6885908486398},"chunk-stream3-00039":{"qoeTotal":-66681.85070176647,"qoeBitrate":25500,"qoeRebuffer":31304.999999910593,"qoeLatency":59145,"qoeBitrateSwitch":750,"qoePlaybackSpeed":981.8507018558807},"chunk-stream2-00040":{"qoeTotal":-69694.25070176646,"qoeBitrate":26000,"qoeRebuffer":31304.999999910593,"qoeLatency":62507.4,"qoeBitrateSwitch":900,"qoePlaybackSpeed":981.8507018558807},"chunk-stream3-00041":{"qoeTotal":-75317.38222009756,"qoeBitrate":27250,"qoeRebuffer":34413.59999996424,"qoeLatency":66074.4,"qoeBitrateSwitch":1050,"qoePlaybackSpeed":1029.382220133321},"chunk-stream2-00042":{"qoeTotal":-78639.513738375,"qoeBitrate":27750,"qoeRebuffer":34413.59999996424,"qoeLatency":69699,"qoeBitrateSwitch":1200,"qoePlaybackSpeed":1076.9137384107612},"chunk-stream3-00043":{"qoeTotal":-82799.84010639932,"qoeBitrate":29000,"qoeRebuffer":35945.399999946356,"qoeLatency":73390.8,"qoeBitrateSwitch":1350,"qoePlaybackSpeed":1113.6401064529625},"chunk-stream2-00044":{"qoeTotal":-86219.76647444152,"qoeBitrate":29500,"qoeRebuffer":35945.399999946356,"qoeLatency":77124,"qoeBitrateSwitch":1500,"qoePlaybackSpeed":1150.3664744951639},"chunk-stream3-00045":{"qoeTotal":-88984.24146795437,"qoeBitrate":30750,"qoeRebuffer":35945.399999946356,"qoeLatency":80946,"qoeBitrateSwitch":1650,"qoePlaybackSpeed":1192.8414680080195},"chunk-stream3-00046":{"qoeTotal":-98115.33859087624,"qoeBitrate":32000,"qoeRebuffer":42077.40000003576,"qoeLatency":85147.2,"qoeBitrateSwitch":1650,"qoePlaybackSpeed":1240.7385908404776},"chunk-stream2-00047":{"qoeTotal":-103697.53354749802,"qoeBitrate":32500,"qoeRebuffer":43596.00000008941,"qoeLatency":89524.2,"qoeBitrateSwitch":1800,"qoePlaybackSpeed":1277.3335474086216},"chunk-stream2-00048":{"qoeTotal":-107652.06759022363,"qoeBitrate":33000,"qoeRebuffer":43596.00000008941,"qoeLatency":93943.2,"qoeBitrateSwitch":1800,"qoePlaybackSpeed":1312.8675901342187},"chunk-stream2-00049":{"qoeTotal":-111643.16533238151,"qoeBitrate":33500,"qoeRebuffer":43596.00000008941,"qoeLatency":98411.4,"qoeBitrateSwitch":1800,"qoePlaybackSpeed":1335.7653322921158},"chunk-stream2-00050":{"qoeTotal":-115706.14664957355,"qoeBitrate":34000,"qoeRebuffer":43596.00000008941,"qoeLatency":102941.4,"qoeBitrateSwitch":1800,"qoePlaybackSpeed":1368.74664948415},"chunk-stream2-00051":{"qoeTotal":-119842.27545071172,"qoeBitrate":34500,"qoeRebuffer":43596.00000008941,"qoeLatency":107535,"qoeBitrateSwitch":1800,"qoePlaybackSpeed":1411.2754506223198},"chunk-stream2-00052":{"qoeTotal":-123984.3370930171,"qoeBitrate":35000,"qoeRebuffer":43596.00000008941,"qoeLatency":112159.2,"qoeBitrateSwitch":1800,"qoePlaybackSpeed":1429.1370929276957},"chunk-stream2-00053":{"qoeTotal":-128152.96444186156,"qoeBitrate":35500,"qoeRebuffer":43596.00000008941,"qoeLatency":116805,"qoeBitrateSwitch":1800,"qoePlaybackSpeed":1451.9644417721543},"chunk-stream2-00054":{"qoeTotal":-132298.39601496837,"qoeBitrate":36000,"qoeRebuffer":43596.00000008941,"qoeLatency":121417.8,"qoeBitrateSwitch":1800,"qoePlaybackSpeed":1484.596014878959},"chunk-stream2-00055":{"qoeTotal":-136475.8153013907,"qoeBitrate":36500,"qoeRebuffer":43596.00000008941,"qoeLatency":126068.40000000001,"qoeBitrateSwitch":1800,"qoePlaybackSpeed":1511.4153013012738},"chunk-stream2-00056":{"qoeTotal":-141951.81530137282,"qoeBitrate":37000,"qoeRebuffer":44593.800000071526,"qoeLatency":131046.6,"qoeBitrateSwitch":1800,"qoePlaybackSpeed":1511.4153013012738},"chunk-stream2-00057":{"qoeTotal":-152837.71121497007,"qoeBitrate":37500,"qoeRebuffer":50887.20000001788,"qoeLatency":136105.2,"qoeBitrateSwitch":1800,"qoePlaybackSpeed":1545.3112149521885},