{"chunk-stream2-00018":{"qoeTotal":-963.8234702957452,"qoeBitrate":500,"qoeRebuffer":0,"qoeLatency":1414.2,"qoeBitrateSwitch":0,"qoePlaybackSpeed":49.623470295745165},"chunk-stream2-00019":{"qoeTotal":-5672.879338785457,"qoeBitrate":1000,"qoeRebuffer":3445.7999997138977,"qoeLatency":3132,"qoeBitrateSwitch":0,"qoePlaybackSpeed":95.0793390715591},"chunk-stream2-00020":{"qoeTotal":-10351.565017601128,"qoeBitrate":1500,"qoeRebuffer":6589.199999570847,"qoeLatency":5120.4,"qoeBitrateSwitch":0,"qoePlaybackSpeed":141.9650180302813},"chunk-stream2-00021":{"qoeTotal":-15361.824309744112,"qoeBitrate":2000,"qoeRebuffer":9748.199999570847,"qoeLatency":7428.599999999999,"qoeBitrateSwitch":0,"qoePlaybackSpeed":185.0243101732662},"chunk-stream2-00022":{"qoeTotal":-20637.074910352072,"qoeBitrate":2500,"qoeRebuffer":12885.599999427795,"qoeLatency":10024.199999999999,"qoeBitrateSwitch":0,"qoePlaybackSpeed":227.2749109242791},"chunk-stream2-00023":{"qoeTotal":-26237.666724260678,"qoeBitrate":3000,"qoeRebuffer":16038.599999427795,"qoeLatency":12924,"qoeBitrateSwitch":0,"qoePlaybackSpeed":275.0667248328825},"chunk-stream2-00024":{"qoeTotal":-32151.954959069124,"qoeBitrate":3500,"qoeRebuffer":19186.199999570847,"qoeLatency":16143,"qoeBitrateSwitch":0,"qoePlaybackSpeed":322.7549594982793},"chunk-stream2-00025":{"qoeTotal":-38391.79033389968,"qoeBitrate":4000,"qoeRebuffer":22321.799999713898,"qoeLatency":19705.2,"qoeBitrateSwitch":0,"qoePlaybackSpeed":364.79033418578365},"chunk-stream2-00026":{"qoeTotal":-44935.528205486335,"qoeBitrate":4500,"qoeRebuffer":25424.399999141693,"qoeLatency":23602.800000000003,"qoeBitrateSwitch":0,"qoePlaybackSpeed":408.3282063446402},"chunk-stream2-00027":{"qoeTotal":-53340.669456129806,"qoeBitrate":5000,"qoeRebuffer":30099.599999427795,"qoeLatency":27786.000000000004,"qoeBitrateSwitch":0,"qoePlaybackSpeed":455.06945670200895},"chunk-stream2-00028":{"qoeTotal":-60478.93575621957,"qoeBitrate":5500,"qoeRebuffer":33197.999999284744,"qoeLatency":32284.200000000004,"qoeBitrateSwitch":0,"qoePlaybackSpeed":496.7357569348272},"chunk-stream2-00029":{"qoeTotal":-67957.3139131073,"qoeBitrate":6000,"qoeRebuffer":36378.599999427795,"qoeLatency":37036.200000000004,"qoeBitrateSwitch":0,"qoePlaybackSpeed":542.5139136794953},"chunk-stream2-00030":{"qoeTotal":-74002.63440454057,"qoeBitrate":6500,"qoeRebuffer":37896.599999427795,"qoeLatency":42024.600000000006,"qoeBitrateSwitch":0,"qoePlaybackSpeed":581.434405112763},"chunk-stream2-00031":{"qoeTotal":-81895.36424252256,"qoeBitrate":7000,"qoeRebuffer":41049.599999427795,"qoeLatency":47218.8,"qoeBitrateSwitch":0,"qoePlaybackSpeed":626.9642430947499},"chunk-stream2-00032":{"qoeTotal":-91243.49633314733,"qoeBitrate":7500,"qoeRebuffer":45382.799998283386,"qoeLatency":52692.600000000006,"qoeBitrateSwitch":0,"qoePlaybackSpeed":668.0963348639286},"chunk-stream2-00033":{"qoeTotal":-101602.71934358521,"qoeBitrate":8000,"qoeRebuffer":50384.39999842644,"qoeLatency":58503.00000000001,"qoeBitrateSwitch":0,"qoePlaybackSpeed":715.3193451587786},"chunk-stream2-00034":{"qoeTotal":-111144.45790358756,"qoeBitrate":8500,"qoeRebuffer":54333.599999427795,"qoeLatency":64548.600000000006,"qoeBitrateSwitch":0,"qoePlaybackSpeed":762.2579041597577},"chunk-stream2-00035":{"qoeTotal":-121278.1219560293,"qoeBitrate":9000,"qoeRebuffer":58605.60000014305,"qoeLatency":70863,"qoeBitrateSwitch":0,"qoePlaybackSpeed":809.5219558862453},"chunk-stream2-00036":{"qoeTotal":-130834.5469447752,"qoeBitrate":9500,"qoeRebuffer":62053.2000002861,"qoeLatency":77423.4,"qoeBitrateSwitch":0,"qoePlaybackSpeed":857.9469444891048},"chunk-stream2-00037":{"qoeTotal":-140356.48581689995,"qoeBitrate":10000,"qoeRebuffer":65166.60000014305,"qoeLatency":84287.4,"qoeBitrateSwitch":0,"qoePlaybackSpeed":902.4858167569117},"chunk-stream2-00038":{"qoeTotal":-150165.49758278066,"qoeBitrate":10500,"qoeRebuffer":68273.39999985695,"qoeLatency":91444.79999999999,"qoeBitrateSwitch":0,"qoePlaybackSpeed":947.2975829237126},"chunk-stream2-00039":{"qoeTotal":-160254.5588894748,"qoeBitrate":11000,"qoeRebuffer":71391,"qoeLatency":98872.79999999999,"qoeBitrateSwitch":0,"qoePlaybackSpeed":990.7588894748282},"chunk-stream2-00040":{"qoeTotal":-170647.20316740856,"qoeBitrate":11500,"qoeRebuffer":74523.60000014305,"qoeLatency":106585.79999999999,"qoeBitrateSwitch":0,"qoePlaybackSpeed":1037.8031672655316},"chunk-stream2-00041":{"qoeTotal":-182210.80444326942,"qoeBitrate":12000,"qoeRebuffer":78519,"qoeLatency":114607.79999999999,"qoeBitrateSwitch":0,"qoePlaybackSpeed":1084.0044432694203},"init-stream2":{"qoeTotal":-189884.6044432694,"qoeBitrate":12500,"qoeRebuffer":78519,"qoeLatency":122781.59999999999,"qoeBitrateSwitch":0,"qoePlaybackSpeed":1084.0044432694203},"chunk-stream2-00066":{"qoeTotal":-198089.40444326942,"qoeBitrate":13000,"qoeRebuffer":78519,"qoeLatency":131486.4,"qoeBitrateSwitch":0,"qoePlaybackSpeed":1084.0044432694203},"chunk-stream2-00067":{"qoeTotal":-206916.37310304033,"qoeBitrate":13500,"qoeRebuffer":86129.4000005722,"qoeLatency":133159.19999999998,"qoeBitrateSwitch":0,"qoePlaybackSpeed":1127.7731024681482},"chunk-stream2-00068":{"qoeTotal":-212120.12798963606,"qoeBitrate":14000,"qoeRebuffer":89856.6000008583,"qoeLatency":135089.4,"qoeBitrateSwitch":0,"qoePlaybackSpeed":1174.1279887777541},"chunk-stream2-00069":{"qoeTotal":-217807.2119497779,"qoeBitrate":14500,"qoeRebuffer":93800.4000005722,"qoeLatency":137285.4,"qoeBitrateSwitch":0,"qoePlaybackSpeed":1221.4119492057016},"chunk-stream2-00070":{"qoeTotal":-223884.24701129124,"qoeBitrate":15000,"qoeRebuffer":97856.4000005722,"qoeLatency":139765.19999999998,"qoeBitrateSwitch":0,"qoePlaybackSpeed":1262.647010719044},"chunk-stream2-00071":{"qoeTotal":-230215.46289692447,"qoeBitrate":15500,"qoeRebuffer":101916.60000014305,"qoeLatency":142491.59999999998,"qoeBitrateSwitch":0,"qoePlaybackSpeed":1307.2628967814264},"chunk-stream2-00072":{"qoeTotal":-237220.75342891022,"qoeBitrate":16000,"qoeRebuffer":106393.2000002861,"qoeLatency":145476.59999999998,"qoeBitrateSwitch":0,"qoePlaybackSpeed":1350.953428624153},"chunk-stream2-00073":{"qoeTotal":-243092.22922349456,"qoeBitrate":16500,"qoeRebuffer":109493.39999985695,"qoeLatency":148703.39999999997,"qoeBitrateSwitch":0,"qoePlaybackSpeed":1395.4292236376407},"chunk-stream2-00074":{"qoeTotal":-247635.32534322276,"qoeBitrate":17000,"qoeRebuffer":111029.39999985695,"qoeLatency":152169.59999999998,"qoeBitrateSwitch":0,"qoePlaybackSpeed":1436.3253433658303},"chunk-stream2-00075":{"qoeTotal":-254786.6146493209,"qoeBitrate":17500,"qoeRebuffer":114940.19999957085,"qoeLatency":155866.8,"qoeBitrateSwitch":0,"qoePlaybackSpeed":1479.6146497500506},"chunk-stream2-00076":{"qoeTotal":-261380.6649191064,"qoeBitrate":18000,"qoeRebuffer":118062.5999994278,"qoeLatency":159792.59999999998,"qoeBitrateSwitch":0,"qoePlaybackSpeed":1525.4649196786336},"chunk-stream2-00077":{"qoeTotal":-268258.7860634046,"qoeBitrate":18500,"qoeRebuffer":121226.99999928474,"qoeLatency":163958.99999999997,"qoeBitrateSwitch":0,"qoePlaybackSpeed":1572.7860641198306},"chunk-stream2-00078":{"qoeTotal":-275396.2487498888,"qoeBitrate":19000,"qoeRebuffer":124337.39999985695,"qoeLatency":168445.19999999998,"qoeBitrateSwitch":0,"qoePlaybackSpeed":1613.6487500318624},"chunk-stream2-00079":{"qoeTotal":-282810.18759114656,"qoeBitrate":19500,"qoeRebuffer":127437,"qoeLatency":173215.19999999998,"qoeBitrateSwitch":0,"qoePlaybackSpeed":1657.9875911465879},"chunk-stream2-00080":{"qoeTotal":-292021.07352149236,"qoeBitrate":20000,"qoeRebuffer":132038.39999985695,"qoeLatency":178280.4,"qoeBitrateSwitch":0,"qoePlaybackSpeed":1702.273521635375},"chunk-stream2-00081":{"qoeTotal":-299986.34974505025,"qoeBitrate":20500,"qoeRebuffer":135150,"qoeLatency":183588,"qoeBitrateSwitch":0,"qoePlaybackSpeed":1748.3497450502605},"chunk-stream2-00082":{"qoeTotal":-308257.5779982649,"qoeBitrate":21000,"qoeRebuffer":138299.39999985695,"qoeLatency":189168.6,"qoeBitrateSwitch":0,"qoePlaybackSpeed":1789.5779984079766},"chunk-stream2-00083":{"qoeTotal":-316832.331057101,