{"init-stream2":{"qoeTotal":500,"qoeBitrate":500,"qoeRebuffer":0,"qoeLatency":0,"qoeBitrateSwitch":0,"qoePlaybackSpeed":0},"chunk-stream2-00002":{"qoeTotal":934.7528838031927,"qoeBitrate":1000,"qoeRebuffer":0,"qoeLatency":7.02,"qoeBitrateSwitch":0,"qoePlaybackSpeed":58.22711619680725},"chunk-stream2-00003":{"qoeTotal":1322.7057676421482,"qoeBitrate":1500,"qoeRebuffer":45.59999996423721,"qoeLatency":15.239999999999998,"qoeBitrateSwitch":0,"qoePlaybackSpeed":116.4542323936145},"init-stream3":{"qoeTotal":2355.938651445341,"qoeBitrate":2750,"qoeRebuffer":45.59999996423721,"qoeLatency":23.779999999999998,"qoeBitrateSwitch":150,"qoePlaybackSpeed":174.68134859042175},"chunk-stream3-00004":{"qoeTotal":3513.2215352664152,"qoeBitrate":4000,"qoeRebuffer":71.39999994635582,"qoeLatency":32.47,"qoeBitrateSwitch":150,"qoePlaybackSpeed":232.908464787229},"chunk-stream3-00005":{"qoeTotal":4699.328463017855,"qoeBitrate":5250,"qoeRebuffer":71.39999994635582,"qoeLatency":43.05,"qoeBitrateSwitch":150,"qoePlaybackSpeed":286.22153703578914},"init-stream4":{"qoeTotal":6498.795633856917,"qoeBitrate":7250,"qoeRebuffer":71.39999994635582,"qoeLatency":55.03,"qoeBitrateSwitch":300,"qoePlaybackSpeed":324.7743661967271},"chunk-stream4-00006":{"qoeTotal":8447.862804695978,"qoeBitrate":9250,"qoeRebuffer":71.39999994635582,"qoeLatency":67.41,"qoeBitrateSwitch":300,"qoePlaybackSpeed":363.32719535766506},"init-stream5":{"qoeTotal":11201.696529215893,"qoeBitrate":12250,"qoeRebuffer":71.39999994635582,"qoeLatency":79.99,"qoeBitrateSwitch":500,"qoePlaybackSpeed":396.9134708377522},"chunk-stream5-00007":{"qoeTotal":14155.120253735806,"qoeBitrate":15250,"qoeRebuffer":71.39999994635582,"qoeLatency":92.97999999999999,"qoeBitrateSwitch":500,"qoePlaybackSpeed":430.4997463178393},"chunk-stream5-00008":{"qoeTotal":17118.30189292284,"qoeBitrate":18250,"qoeRebuffer":71.39999994635582,"qoeLatency":106.49,"qoeBitrateSwitch":500,"qoePlaybackSpeed":453.80810713080297},"chunk-stream5-00009":{"qoeTotal":20085.44553511708,"qoeBitrate":21250,"qoeRebuffer":71.39999994635582,"qoeLatency":120.36999999999999,"qoeBitrateSwitch":500,"qoePlaybackSpeed":472.78446493656514},"chunk-stream5-00010":{"qoeTotal":23059.064989655275,"qoeBitrate":24250,"qoeRebuffer":71.39999994635582,"qoeLatency":134.62,"qoeBitrateSwitch":500,"qoePlaybackSpeed":484.91501039836953},"chunk-stream5-00011":{"qoeTotal":26037.073809548976,"qoeBitrate":27250,"qoeRebuffer":71.39999994635582,"qoeLatency":149.15,"qoeBitrateSwitch":500,"qoePlaybackSpeed":492.3761905046653},"chunk-stream5-00012":{"qoeTotal":29022.493809548978,"qoeBitrate":30250,"qoeRebuffer":71.39999994635582,"qoeLatency":163.73000000000002,"qoeBitrateSwitch":500,"qoePlaybackSpeed":492.3761905046653},"chunk-stream5-00013":{"qoeTotal":32007.903809548978,"qoeBitrate":33250,"qoeRebuffer":71.39999994635582,"qoeLatency":178.32000000000002,"qoeBitrateSwitch":500,"qoePlaybackSpeed":492.3761905046653},"chunk-stream5-00014":{"qoeTotal":34993.32380954898,"qoeBitrate":36250,"qoeRebuffer":71.39999994635582,"qoeLatency":192.90000000000003,"qoeBitrateSwitch":500,"qoePlaybackSpeed":492.3761905046653},"chunk-stream5-00015":{"qoeTotal":37978.73380954898,"qoeBitrate":39250,"qoeRebuffer":71.39999994635582,"qoeLatency":207.49000000000004,"qoeBitrateSwitch":500,"qoePlaybackSpeed":492.3761905046653},"chunk-stream5-00016":{"qoeTotal":40964.14380954898,"qoeBitrate":42250,"qoeRebuffer":71.39999994635582,"qoeLatency":222.08000000000004,"qoeBitrateSwitch":500,"qoePlaybackSpeed":492.3761905046653},"chunk-stream5-00017":{"qoeTotal":43949.56380954898,"qoeBitrate":45250,"qoeRebuffer":71.39999994635582,"qoeLatency":236.66000000000005,"qoeBitrateSwitch":500,"qoePlaybackSpeed":492.3761905046653},"chunk-stream5-00018":{"qoeTotal":46934.98380954898,"qoeBitrate":48250,"qoeRebuffer":71.39999994635582,"qoeLatency":251.24000000000007,"qoeBitrateSwitch":500,"qoePlaybackSpeed":492.3761905046653},"chunk-stream5-00019":{"qoeTotal":49920.39380954898,"qoeBitrate":51250,"qoeRebuffer":71.39999994635582,"qoeLatency":265.83000000000004,"qoeBitrateSwitch":500,"qoePlaybackSpeed":492.3761905046653},"chunk-stream5-00020":{"qoeTotal":52905.81380954898,"qoeBitrate":54250,"qoeRebuffer":71.39999994635582,"qoeLatency":280.41,"qoeBitrateSwitch":500,"qoePlaybackSpeed":492.3761905046653},"chunk-stream5-00021":{"qoeTotal":55891.23380954898,"qoeBitrate":57250,"qoeRebuffer":71.39999994635582,"qoeLatency":294.99,"qoeBitrateSwitch":500,"qoePlaybackSpeed":492.3761905046653},"chunk-stream5-00022":{"qoeTotal":58876.65380954898,"qoeBitrate":60250,"qoeRebuffer":71.39999994635582,"qoeLatency":309.57,"qoeBitrateSwitch":500,"qoePlaybackSpeed":492.3761905046653},"chunk-stream5-00023":{"qoeTotal":61862.07380954898,"qoeBitrate":63250,"qoeRebuffer":71.39999994635582,"qoeLatency":324.15,"qoeBitrateSwitch":500,"qoePlaybackSpeed":492.3761905046653},"chunk-stream5-00024":{"qoeTotal":64847.49380954898,"qoeBitrate":66250,"qoeRebuffer":71.39999994635582,"qoeLatency":338.72999999999996,"qoeBitrateSwitch":500,"qoePlaybackSpeed":492.3761905046653},"chunk-stream5-00025":{"qoeTotal":67832.90380954897,"qoeBitrate":69250,"qoeRebuffer":71.39999994635582,"qoeLatency":353.31999999999994,"qoeBitrateSwitch":500,"qoePlaybackSpeed":492.3761905046653},"chunk-stream3-00026":{"qoeTotal":68718.31380954897,"qoeBitrate":70500,"qoeRebuffer":71.39999994635582,"qoeLatency":367.9099999999999,"qoeBitrateSwitch":850,"qoePlaybackSpeed":492.3761905046653},"chunk-stream3-00027":{"qoeTotal":69953.73380954897,"qoeBitrate":71750,"qoeRebuffer":71.39999994635582,"qoeLatency":382.4899999999999,"qoeBitrateSwitch":850,"qoePlaybackSpeed":492.3761905046653},"chunk-stream3-00028":{"qoeTotal":71189.14380954897,"qoeBitrate":73000,"qoeRebuffer":71.39999994635582,"qoeLatency":397.07999999999987,"qoeBitrateSwitch":850,"qoePlaybackSpeed":492.3761905046653},"chunk-stream4-00029":{"qoeTotal":73024.56380954897,"qoeBitrate":75000,"qoeRebuffer":71.39999994635582,"qoeLatency":411.65999999999985,"qoeBitrateSwitch":1000,"qoePlaybackSpeed":492.3761905046653},"chunk-stream5-00030":{"qoeTotal":75809.97380954897,"qoeBitrate":78000,"qoeRebuffer":71.39999994635582,"qoeLatency":426.24999999999983,"qoeBitrateSwitch":1200,"qoePlaybackSpeed":492.3761905046653},"chunk-stream5-00031":{"qoeTotal":78795.39380954897,"qoeBitrate":81000,"qoeRebuffer":71.39999994635582,"qoeLatency":440.8299999999998,"qoeBitrateSwitch":1200,"qoePlaybackSpeed":492.3761905046653},"chunk-stream5-00032":{"qoeTotal":81780.81380954897,"qoeBitrate":84000,"qoeRebuffer":71.39999994635582,"qoeLatency":455.4099999999998,"qoeBitrateSwitch":1200,"qoePlaybackSpeed":492.3761905046653},"chunk-stream5-00033":{"qoeTotal":84766.22380954897,"qoeBitrate":87000,"qoeRebuffer":71.39999994635582,"qoeLatency":469.9999999999998,"qoeBitrateSwitch":1200,"qoePlaybackSpeed":492.3761905046653},"chunk-stream5-00034":{"qoeTotal":87751.63380954898,"qoeBitrate":90000,"qoeRebuffer":71.39999994635582,"qoeLatency":484.58999999999975,"qoeBitrateSwitch":1200,"qoePlaybackSpeed":492.3761905046653},"chunk-stream5-00035":{"qoeTotal":90737.04380954898,"qoeBitrate":93000,"qoeRebuffer":71.39999994635582,"qoeLatency":499.1799999999997,"qoeBitrateSwitch":1200,"qoePlaybackSpeed":492.3761905046653},"chunk-stream5-00036":{"qoeTotal":93722.46380954898,"qoeBitrate":96000,"qoeRebuffer":71.39999994635582,"qoeLatency":513.7599999999998,"qoeBitrateSwitch":1200,"qoePlaybackSpeed":492.3761905046653},"chunk-stream5-00037":{"qoeTotal":96707.88380954898,"qoeBitrate":99000,"qoeRebuffer":71.39999994635582,"qoeLatency":528.3399999999998,"qoeBitrateSwitch":1200,"qoePlaybackSpeed":492.3761905046653},"chunk-stream5-00038":{"qoeTotal":99693.29380954898,"qoeBitrate":102000,"qoeRebuffer":71.39999994635582,"qoeLatency":542.9299999999998,"qoeBitrateSwitch":1200,"qoePlaybackSpeed":492.3761905046653},"chunk-stream4-00039":{"qoeTotal":101472.64462093246,"qoeBitrate":104000,"qoeRebuffer":71.39999994635582,"qoeLatency":557.5999999999998,"qoeBitrateSwitch":1400,"qoePlaybackSpeed":498.3553791211688},