{"chunk-stream2-00018":{"qoeTotal":-526.2438732913408,"qoeBitrate":500,"qoeRebuffer":0,"qoeLatency":979.1999999999999,"qoeBitrateSwitch":0,"qoePlaybackSpeed":47.04387329134087},"init-stream5":{"qoeTotal":-2036.622942278626,"qoeBitrate":3500,"qoeRebuffer":0,"qoeLatency":4984.2,"qoeBitrateSwitch":500,"qoePlaybackSpeed":52.42294227862607},"chunk-stream5-00019":{"qoeTotal":-149.6588488350844,"qoeBitrate":6500,"qoeRebuffer":0,"qoeLatency":6060.6,"qoeBitrateSwitch":500,"qoePlaybackSpeed":89.05884883508404},"chunk-stream5-00020":{"qoeTotal":149.9160650230549,"qoeBitrate":9500,"qoeRebuffer":1521.600000053644,"qoeLatency":7198.200000000001,"qoeBitrateSwitch":500,"qoePlaybackSpeed":130.2839349233002},"chunk-stream5-00021":{"qoeTotal":221.72949080134092,"qoeBitrate":12500,"qoeRebuffer":3099.600000053644,"qoeLatency":8514.6,"qoeBitrateSwitch":500,"qoePlaybackSpeed":164.07050914501454},"init-stream4":{"qoeTotal":-24.257310252044363,"qoeBitrate":14500,"qoeRebuffer":3099.600000053644,"qoeLatency":10500.6,"qoeBitrateSwitch":700,"qoePlaybackSpeed":224.05731019839982},"chunk-stream4-00022":{"qoeTotal":572.0839500364193,"qoeBitrate":16500,"qoeRebuffer":3099.600000053644,"qoeLatency":11860.800000000001,"qoeBitrateSwitch":700,"qoePlaybackSpeed":267.5160499099355},"chunk-stream4-00023":{"qoeTotal":1148.1278703392113,"qoeBitrate":18500,"qoeRebuffer":3099.600000053644,"qoeLatency":13258.800000000001,"qoeBitrateSwitch":700,"qoePlaybackSpeed":293.4721296071434},"chunk-stream4-00024":{"qoeTotal":1725.9704055410884,"qoeBitrate":20500,"qoeRebuffer":3099.600000053644,"qoeLatency":14676.6,"qoeBitrateSwitch":700,"qoePlaybackSpeed":297.8295944052671},"chunk-stream4-00025":{"qoeTotal":2287.242457399779,"qoeBitrate":22500,"qoeRebuffer":3099.600000053644,"qoeLatency":16109.4,"qoeBitrateSwitch":700,"qoePlaybackSpeed":303.75754254657716},"chunk-stream4-00026":{"qoeTotal":2840.6134424365764,"qoeBitrate":24500,"qoeRebuffer":3099.600000053644,"qoeLatency":17552.399999999998,"qoeBitrateSwitch":700,"qoePlaybackSpeed":307.38655750978165},"chunk-stream4-00027":{"qoeTotal":3357.537476984321,"qoeBitrate":26500,"qoeRebuffer":3099.600000053644,"qoeLatency":19016.999999999996,"qoeBitrateSwitch":700,"qoePlaybackSpeed":325.86252296203816},"chunk-stream4-00028":{"qoeTotal":3835.5222245448417,"qoeBitrate":28500,"qoeRebuffer":3099.600000053644,"qoeLatency":20520.599999999995,"qoeBitrateSwitch":700,"qoePlaybackSpeed":344.2777754015192},"chunk-stream4-00029":{"qoeTotal":4293.190019034603,"qoeBitrate":30500,"qoeRebuffer":3099.600000053644,"qoeLatency":22041.599999999995,"qoeBitrateSwitch":700,"qoePlaybackSpeed":365.60998091175736},"chunk-stream4-00030":{"qoeTotal":4748.345830777966,"qoeBitrate":32500,"qoeRebuffer":3099.600000053644,"qoeLatency":23584.799999999996,"qoeBitrateSwitch":700,"qoePlaybackSpeed":367.25416916839487},"chunk-stream4-00031":{"qoeTotal":5246.491355624661,"qoeBitrate":34500,"qoeRebuffer":3099.600000053644,"qoeLatency":25069.799999999996,"qoeBitrateSwitch":700,"qoePlaybackSpeed":384.10864432169956},"chunk-stream4-00032":{"qoeTotal":5700.9922363698115,"qoeBitrate":36500,"qoeRebuffer":3099.600000053644,"qoeLatency":26584.799999999996,"qoeBitrateSwitch":700,"qoePlaybackSpeed":414.607763576549},"chunk-stream5-00033":{"qoeTotal":6943.081136758785,"qoeBitrate":39500,"qoeRebuffer":3099.600000053644,"qoeLatency":28103.399999999994,"qoeBitrateSwitch":900,"qoePlaybackSpeed":453.91886318757633},"chunk-stream4-00034":{"qoeTotal":7141.221782201436,"qoeBitrate":41500,"qoeRebuffer":3099.600000053644,"qoeLatency":29672.999999999993,"qoeBitrateSwitch":1100,"qoePlaybackSpeed":486.1782177449271},"chunk-stream5-00035":{"qoeTotal":8258.647005146455,"qoeBitrate":44500,"qoeRebuffer":3099.600000053644,"qoeLatency":31312.199999999993,"qoeBitrateSwitch":1300,"qoePlaybackSpeed":529.552994799908},"chunk-stream4-00036":{"qoeTotal":8386.454098032924,"qoeBitrate":46500,"qoeRebuffer":3099.600000053644,"qoeLatency":32975.99999999999,"qoeBitrateSwitch":1500,"qoePlaybackSpeed":537.9459019134388},"chunk-stream4-00037":{"qoeTotal":8713.39933249699,"qoeBitrate":48500,"qoeRebuffer":3099.600000053644,"qoeLatency":34646.399999999994,"qoeBitrateSwitch":1500,"qoePlaybackSpeed":540.6006674493714},"chunk-stream4-00038":{"qoeTotal":9018.910765016355,"qoeBitrate":50500,"qoeRebuffer":3099.600000053644,"qoeLatency":36321.59999999999,"qoeBitrateSwitch":1500,"qoePlaybackSpeed":559.8892349300093},"chunk-stream4-00039":{"qoeTotal":9367.218505700424,"qoeBitrate":52500,"qoeRebuffer":3099.600000053644,"qoeLatency":37962.59999999999,"qoeBitrateSwitch":1500,"qoePlaybackSpeed":570.5814942459396},"chunk-stream5-00040":{"qoeTotal":10524.549384527947,"qoeBitrate":55500,"qoeRebuffer":3099.600000053644,"qoeLatency":39581.99999999999,"qoeBitrateSwitch":1700,"qoePlaybackSpeed":593.8506154184164},"chunk-stream4-00041":{"qoeTotal":10594.870780255245,"qoeBitrate":57500,"qoeRebuffer":3099.600000053644,"qoeLatency":41266.19999999999,"qoeBitrateSwitch":1900,"qoePlaybackSpeed":639.3292196911199},"chunk-stream4-00042":{"qoeTotal":10852.272384747968,"qoeBitrate":59500,"qoeRebuffer":3099.600000053644,"qoeLatency":42985.79999999999,"qoeBitrateSwitch":1900,"qoePlaybackSpeed":662.3276151983987},"chunk-stream4-00043":{"qoeTotal":11101.910466671094,"qoeBitrate":61500,"qoeRebuffer":3099.600000053644,"qoeLatency":44732.999999999985,"qoeBitrateSwitch":1900,"qoePlaybackSpeed":665.4895332752769},"chunk-stream4-00044":{"qoeTotal":11340.514571058511,"qoeBitrate":63500,"qoeRebuffer":3099.600000053644,"qoeLatency":46486.19999999998,"qoeBitrateSwitch":1900,"qoePlaybackSpeed":673.6854288878617},"chunk-stream4-00045":{"qoeTotal":11570.354391370538,"qoeBitrate":65500,"qoeRebuffer":3099.600000053644,"qoeLatency":48224.39999999998,"qoeBitrateSwitch":1900,"qoePlaybackSpeed":705.6456085758379},"chunk-stream4-00046":{"qoeTotal":11830.595623618654,"qoeBitrate":67500,"qoeRebuffer":3099.600000053644,"qoeLatency":49961.99999999998,"qoeBitrateSwitch":1900,"qoePlaybackSpeed":707.8043763277241},"chunk-stream4-00047":{"qoeTotal":12097.907156243877,"qoeBitrate":69500,"qoeRebuffer":3099.600000053644,"qoeLatency":51634.79999999998,"qoeBitrateSwitch":1900,"qoePlaybackSpeed":767.6928437024981},"chunk-stream4-00048":{"qoeTotal":12433.018688869102,"qoeBitrate":71500,"qoeRebuffer":3099.600000053644,"qoeLatency":53239.79999999998,"qoeBitrateSwitch":1900,"qoePlaybackSpeed":827.581311077272},"chunk-stream5-00049":{"qoeTotal":13600.27997053147,"qoeBitrate":74500,"qoeRebuffer":3099.600000053644,"qoeLatency":54836.39999999998,"qoeBitrateSwitch":2100,"qoePlaybackSpeed":863.7200294149069},"chunk-stream4-00050":{"qoeTotal":12047.058978815207,"qoeBitrate":76500,"qoeRebuffer":4668,"qoeLatency":56578.19999999998,"qoeBitrateSwitch":2300,"qoePlaybackSpeed":906.7410211848114},"chunk-stream4-00051":{"qoeTotal":10601.737582500662,"qoeBitrate":78500,"qoeRebuffer":6238.200000017881,"qoeLatency":58416.599999999984,"qoeBitrateSwitch":2300,"qoePlaybackSpeed":943.4624174814719},"chunk-stream4-00052":{"qoeTotal":10714.004795827044,"qoeBitrate":80500,"qoeRebuffer":6238.200000017881,"qoeLatency":60287.999999999985,"qoeBitrateSwitch":2300,"qoePlaybackSpeed":959.7952041550888},"chunk-stream4-00053":{"qoeTotal":10816.239607643452,"qoeBitrate":82500,"qoeRebuffer":6238.200000017881,"qoeLatency":62125.79999999999,"qoeBitrateSwitch":2300,"qoePlaybackSpeed":1019.760392338677},"chunk-stream4-00054":{"qoeTotal":10971.874419459864,"qoeBitrate":84500,"qoeRebuffer":6238.200000017881,"qoeLatency":63910.19999999999,"qoeBitrateSwitch":2300,"qoePlaybackSpeed":1079.7255805222653},"chunk-stream5-00055":{"qoeTotal":11816.474419459862,"qoeBitrate":87500,"qoeRebuffer":6238.200000017881,"qoeLatency":65865.59999999999,"qoeBitrateSwitch":2500,"qoePlaybackSpeed":1079.7255805222653},"chunk-stream5-00056":{"qoeTotal":1624.730993378641,"qoeBitrate":90500,"qoeRebuffer":16761,"qoeLatency":68505.59999999999,"qoeBitrateSwitch":2500,"qoePlaybackSpeed":1108.6690066213678},"chunk-stream5-00057":{"qoeTotal":-1505.4248244151004,"qoeBitrate":93500,