{"chunk-stream2-00018":{"qoeTotal":-478.12948276623257,"qoeBitrate":500,"qoeRebuffer":0,"qoeLatency":940.1999999999999,"qoeBitrateSwitch":0,"qoePlaybackSpeed":37.929482766232624},"init-stream3":{"qoeTotal":-1713.458965532465,"qoeBitrate":1750,"qoeRebuffer":0,"qoeLatency":1887.6,"qoeBitrateSwitch":1500,"qoePlaybackSpeed":75.85896553246525},"chunk-stream3-00019":{"qoeTotal":-1458.9884482986977,"qoeBitrate":3000,"qoeRebuffer":0,"qoeLatency":2845.2,"qoeBitrateSwitch":1500,"qoePlaybackSpeed":113.78844829869787},"init-stream4":{"qoeTotal":-1961.7179310649306,"qoeBitrate":5000,"qoeRebuffer":0,"qoeLatency":3810,"qoeBitrateSwitch":3000,"qoePlaybackSpeed":151.7179310649305},"chunk-stream4-00020":{"qoeTotal":-941.5078626734586,"qoeBitrate":7000,"qoeRebuffer":0,"qoeLatency":4773,"qoeBitrateSwitch":3000,"qoePlaybackSpeed":168.5078626734586},"chunk-stream4-00021":{"qoeTotal":86.5022057180135,"qoeBitrate":9000,"qoeRebuffer":0,"qoeLatency":5728.2,"qoeBitrateSwitch":3000,"qoePlaybackSpeed":185.29779428198668},"chunk-stream4-00022":{"qoeTotal":1132.32712830608,"qoeBitrate":11000,"qoeRebuffer":0,"qoeLatency":6671.4,"qoeBitrateSwitch":3000,"qoePlaybackSpeed":196.2728716939203},"chunk-stream4-00023":{"qoeTotal":2198.605461440726,"qoeBitrate":13000,"qoeRebuffer":0,"qoeLatency":7598.4,"qoeBitrateSwitch":3000,"qoePlaybackSpeed":202.9945385592747},"chunk-stream4-00024":{"qoeTotal":3275.083794575372,"qoeBitrate":15000,"qoeRebuffer":0,"qoeLatency":8515.199999999999,"qoeBitrateSwitch":3000,"qoePlaybackSpeed":209.7162054246291},"chunk-stream4-00025":{"qoeTotal":4358.283794575373,"qoeBitrate":17000,"qoeRebuffer":0,"qoeLatency":9431.999999999998,"qoeBitrateSwitch":3000,"qoePlaybackSpeed":209.7162054246291},"chunk-stream4-00026":{"qoeTotal":5441.483794575373,"qoeBitrate":19000,"qoeRebuffer":0,"qoeLatency":10348.799999999997,"qoeBitrateSwitch":3000,"qoePlaybackSpeed":209.7162054246291},"chunk-stream4-00027":{"qoeTotal":6525.283794575373,"qoeBitrate":21000,"qoeRebuffer":0,"qoeLatency":11264.999999999998,"qoeBitrateSwitch":3000,"qoePlaybackSpeed":209.7162054246291},"chunk-stream4-00028":{"qoeTotal":7609.083794575372,"qoeBitrate":23000,"qoeRebuffer":0,"qoeLatency":12181.199999999999,"qoeBitrateSwitch":3000,"qoePlaybackSpeed":209.7162054246291},"chunk-stream4-00029":{"qoeTotal":8692.883794575371,"qoeBitrate":25000,"qoeRebuffer":0,"qoeLatency":13097.4,"qoeBitrateSwitch":3000,"qoePlaybackSpeed":209.7162054246291},"chunk-stream4-00030":{"qoeTotal":9776.68379457537,"qoeBitrate":27000,"qoeRebuffer":0,"qoeLatency":14013.6,"qoeBitrateSwitch":3000,"qoePlaybackSpeed":209.7162054246291},"chunk-stream4-00031":{"qoeTotal":10860.48379457537,"qoeBitrate":29000,"qoeRebuffer":0,"qoeLatency":14929.800000000001,"qoeBitrateSwitch":3000,"qoePlaybackSpeed":209.7162054246291},"chunk-stream4-00032":{"qoeTotal":11937.08379457537,"qoeBitrate":31000,"qoeRebuffer":0,"qoeLatency":15853.2,"qoeBitrateSwitch":3000,"qoePlaybackSpeed":209.7162054246291},"chunk-stream4-00033":{"qoeTotal":13020.88379457537,"qoeBitrate":33000,"qoeRebuffer":0,"qoeLatency":16769.4,"qoeBitrateSwitch":3000,"qoePlaybackSpeed":209.7162054246291},"chunk-stream4-00034":{"qoeTotal":14104.683794575369,"qoeBitrate":35000,"qoeRebuffer":0,"qoeLatency":17685.600000000002,"qoeBitrateSwitch":3000,"qoePlaybackSpeed":209.7162054246291},"chunk-stream4-00035":{"qoeTotal":15188.483794575368,"qoeBitrate":37000,"qoeRebuffer":0,"qoeLatency":18601.800000000003,"qoeBitrateSwitch":3000,"qoePlaybackSpeed":209.7162054246291},"chunk-stream4-00036":{"qoeTotal":16265.083794575366,"qoeBitrate":39000,"qoeRebuffer":0,"qoeLatency":19525.200000000004,"qoeBitrateSwitch":3000,"qoePlaybackSpeed":209.7162054246291},"chunk-stream4-00037":{"qoeTotal":17348.283794575367,"qoeBitrate":41000,"qoeRebuffer":0,"qoeLatency":20442.000000000004,"qoeBitrateSwitch":3000,"qoePlaybackSpeed":209.7162054246291},"chunk-stream4-00038":{"qoeTotal":18432.083794575366,"qoeBitrate":43000,"qoeRebuffer":0,"qoeLatency":21358.200000000004,"qoeBitrateSwitch":3000,"qoePlaybackSpeed":209.7162054246291},"chunk-stream4-00039":{"qoeTotal":19511.083794575366,"qoeBitrate":45000,"qoeRebuffer":0,"qoeLatency":22279.200000000004,"qoeBitrateSwitch":3000,"qoePlaybackSpeed":209.7162054246291},"chunk-stream4-00040":{"qoeTotal":20594.883794575366,"qoeBitrate":47000,"qoeRebuffer":0,"qoeLatency":23195.400000000005,"qoeBitrateSwitch":3000,"qoePlaybackSpeed":209.7162054246291},"chunk-stream4-00041":{"qoeTotal":21678.683794575365,"qoeBitrate":49000,"qoeRebuffer":0,"qoeLatency":24111.600000000006,"qoeBitrateSwitch":3000,"qoePlaybackSpeed":209.7162054246291},"chunk-stream4-00042":{"qoeTotal":22762.483794575364,"qoeBitrate":51000,"qoeRebuffer":0,"qoeLatency":25027.800000000007,"qoeBitrateSwitch":3000,"qoePlaybackSpeed":209.7162054246291},"chunk-stream4-00043":{"qoeTotal":23846.283794575364,"qoeBitrate":53000,"qoeRebuffer":0,"qoeLatency":25944.000000000007,"qoeBitrateSwitch":3000,"qoePlaybackSpeed":209.7162054246291},"chunk-stream4-00044":{"qoeTotal":24930.083794575363,"qoeBitrate":55000,"qoeRebuffer":0,"qoeLatency":26860.200000000008,"qoeBitrateSwitch":3000,"qoePlaybackSpeed":209.7162054246291},"chunk-stream4-00045":{"qoeTotal":26013.283794575364,"qoeBitrate":57000,"qoeRebuffer":0,"qoeLatency":27777.000000000007,"qoeBitrateSwitch":3000,"qoePlaybackSpeed":209.7162054246291},"chunk-stream4-00046":{"qoeTotal":27097.083794575363,"qoeBitrate":59000,"qoeRebuffer":0,"qoeLatency":28693.200000000008,"qoeBitrateSwitch":3000,"qoePlaybackSpeed":209.7162054246291},"chunk-stream4-00047":{"qoeTotal":28180.883794575362,"qoeBitrate":61000,"qoeRebuffer":0,"qoeLatency":29609.40000000001,"qoeBitrateSwitch":3000,"qoePlaybackSpeed":209.7162054246291},"chunk-stream4-00048":{"qoeTotal":29264.68379457536,"qoeBitrate":63000,"qoeRebuffer":0,"qoeLatency":30525.60000000001,"qoeBitrateSwitch":3000,"qoePlaybackSpeed":209.7162054246291},"chunk-stream4-00049":{"qoeTotal":30341.28379457536,"qoeBitrate":65000,"qoeRebuffer":0,"qoeLatency":31449.00000000001,"qoeBitrateSwitch":3000,"qoePlaybackSpeed":209.7162054246291},"chunk-stream4-00050":{"qoeTotal":31416.08379457536,"qoeBitrate":67000,"qoeRebuffer":0,"qoeLatency":32374.20000000001,"qoeBitrateSwitch":3000,"qoePlaybackSpeed":209.7162054246291},"chunk-stream4-00051":{"qoeTotal":32499.283794575356,"qoeBitrate":69000,"qoeRebuffer":0,"qoeLatency":33291.000000000015,"qoeBitrateSwitch":3000,"qoePlaybackSpeed":209.7162054246291},"chunk-stream4-00052":{"qoeTotal":33582.48379457535,"qoeBitrate":71000,"qoeRebuffer":0,"qoeLatency":34207.80000000002,"qoeBitrateSwitch":3000,"qoePlaybackSpeed":209.7162054246291},"chunk-stream4-00053":{"qoeTotal":34666.283794575356,"qoeBitrate":73000,"qoeRebuffer":0,"qoeLatency":35124.000000000015,"qoeBitrateSwitch":3000,"qoePlaybackSpeed":209.7162054246291},"chunk-stream4-00054":{"qoeTotal":35750.08379457536,"qoeBitrate":75000,"qoeRebuffer":0,"qoeLatency":36040.20000000001,"qoeBitrateSwitch":3000,"qoePlaybackSpeed":209.7162054246291},"chunk-stream4-00055":{"qoeTotal":36833.88379457536,"qoeBitrate":77000,"qoeRebuffer":0,"qoeLatency":36956.40000000001,"qoeBitrateSwitch":3000,"qoePlaybackSpeed":209.7162054246291},"chunk-stream4-00056":{"qoeTotal":37917.683794575365,"qoeBitrate":79000,"qoeRebuffer":0,"qoeLatency":37872.600000000006,"qoeBitrateSwitch":3000,"qoePlaybackSpeed":209.7162054246291},"chunk-stream4-00057":{"qoeTotal":39000.88379457536,"qoeBitrate":81000,"qoeRebuffer":0,"qoeLatency":38789.40000000001,"qoeBitrateSwitch":3000,"qoePlaybackSpeed":209.7162054246291},"chunk-stream4-00058":{"qoeTotal":40084.683794575365,"qoeBitrate":83000,"qoeRebuffer":0,"qoeLatency":39705.600000000006,"qoeBitrateSwitch":3000,"qoePlaybackSpeed":209.7162054246291},"chunk-stream4-00059":{"qoeTotal":41163.683794575365,"qoeBitrate":85000,"qoeRebuffer":0,"qoeLatency":40626.600000000006,"qoeBitrateSwitch":3000,"qoePlaybackSpeed":209.7162054246291},"chunk-stream4-00060":{"qoeTotal":42246.88379457536,"qoeBitrate":87000,"qoeRebuffer":0,"qoeLatency":41543.40000000001,"qoeBitrateSwitch":3000,