{"chunk-stream2-00018":{"qoeTotal":-520.0209199026674,"qoeBitrate":500,"qoeRebuffer":0,"qoeLatency":975,"qoeBitrateSwitch":0,"qoePlaybackSpeed":45.02091990266741},"init-stream4":{"qoeTotal":146.96162185663673,"qoeBitrate":2500,"qoeRebuffer":0,"qoeLatency":1980,"qoeBitrateSwitch":300,"qoePlaybackSpeed":73.03837814336329},"chunk-stream4-00019":{"qoeTotal":1091.2826638761373,"qoeBitrate":4500,"qoeRebuffer":0,"qoeLatency":3018,"qoeBitrateSwitch":300,"qoePlaybackSpeed":90.71733612386261},"chunk-stream4-00020":{"qoeTotal":2000.267686132863,"qoeBitrate":6500,"qoeRebuffer":0,"qoeLatency":4093.2,"qoeBitrateSwitch":300,"qoePlaybackSpeed":106.53231386713723},"init-stream3":{"qoeTotal":2184.6676861328624,"qoeBitrate":7750,"qoeRebuffer":0,"qoeLatency":5008.8,"qoeBitrateSwitch":450,"qoePlaybackSpeed":106.53231386713723},"chunk-stream3-00021":{"qoeTotal":2286.691832277366,"qoeBitrate":9000,"qoeRebuffer":0,"qoeLatency":6120,"qoeBitrateSwitch":450,"qoePlaybackSpeed":143.30816772263427},"chunk-stream3-00022":{"qoeTotal":2412.415730210673,"qoeBitrate":10250,"qoeRebuffer":0,"qoeLatency":7228.8,"qoeBitrateSwitch":450,"qoePlaybackSpeed":158.7842697893272},"chunk-stream3-00023":{"qoeTotal":2547.1555578583584,"qoeBitrate":11500,"qoeRebuffer":0,"qoeLatency":8301.6,"qoeBitrateSwitch":450,"qoePlaybackSpeed":201.24444214164134},"chunk-stream3-00024":{"qoeTotal":2715.40915258553,"qoeBitrate":12750,"qoeRebuffer":0,"qoeLatency":9346.800000000001,"qoeBitrateSwitch":450,"qoePlaybackSpeed":237.79084741446877},"chunk-stream3-00025":{"qoeTotal":2913.123440609834,"qoeBitrate":14000,"qoeRebuffer":0,"qoeLatency":10367.400000000001,"qoeBitrateSwitch":450,"qoePlaybackSpeed":269.4765593901647},"chunk-stream3-00026":{"qoeTotal":3138.5488239949077,"qoeBitrate":15250,"qoeRebuffer":0,"qoeLatency":11365.2,"qoeBitrateSwitch":450,"qoePlaybackSpeed":296.25117600509145},"chunk-stream4-00026":{"qoeTotal":4001.714144286968,"qoeBitrate":17250,"qoeRebuffer":0,"qoeLatency":12333.6,"qoeBitrateSwitch":600,"qoePlaybackSpeed":314.6858557130319},"chunk-stream4-00027":{"qoeTotal":5041.439803060332,"qoeBitrate":19250,"qoeRebuffer":0,"qoeLatency":13281.6,"qoeBitrateSwitch":600,"qoePlaybackSpeed":326.9601969396676},"chunk-stream4-00028":{"qoeTotal":6098.028677839311,"qoeBitrate":21250,"qoeRebuffer":0,"qoeLatency":14215.2,"qoeBitrateSwitch":600,"qoePlaybackSpeed":336.77132216068793},"chunk-stream4-00029":{"qoeTotal":7170.30012552243,"qoeBitrate":23250,"qoeRebuffer":0,"qoeLatency":15136.800000000001,"qoeBitrateSwitch":600,"qoePlaybackSpeed":342.89987447756897},"chunk-stream4-00030":{"qoeTotal":8249.30012552243,"qoeBitrate":25250,"qoeRebuffer":0,"qoeLatency":16057.800000000001,"qoeBitrateSwitch":600,"qoePlaybackSpeed":342.89987447756897},"chunk-stream4-00031":{"qoeTotal":9328.300125522428,"qoeBitrate":27250,"qoeRebuffer":0,"qoeLatency":16978.800000000003,"qoeBitrateSwitch":600,"qoePlaybackSpeed":342.89987447756897},"chunk-stream3-00032":{"qoeTotal":9512.326261056758,"qoeBitrate":28500,"qoeRebuffer":0,"qoeLatency":17893.800000000003,"qoeBitrateSwitch":750,"qoePlaybackSpeed":343.87373894323855},"chunk-stream3-00033":{"qoeTotal":9844.552396591089,"qoeBitrate":29750,"qoeRebuffer":0,"qoeLatency":18810.600000000002,"qoeBitrateSwitch":750,"qoePlaybackSpeed":344.8476034089081},"chunk-stream3-00034":{"qoeTotal":10177.152396591087,"qoeBitrate":31000,"qoeRebuffer":0,"qoeLatency":19728.000000000004,"qoeBitrateSwitch":750,"qoePlaybackSpeed":344.8476034089081},"chunk-stream3-00035":{"qoeTotal":10510.952396591087,"qoeBitrate":32250,"qoeRebuffer":0,"qoeLatency":20644.200000000004,"qoeBitrateSwitch":750,"qoePlaybackSpeed":344.8476034089081},"chunk-stream3-00036":{"qoeTotal":10844.752396591086,"qoeBitrate":33500,"qoeRebuffer":0,"qoeLatency":21560.400000000005,"qoeBitrateSwitch":750,"qoePlaybackSpeed":344.8476034089081},"chunk-stream3-00037":{"qoeTotal":11173.152396591087,"qoeBitrate":34750,"qoeRebuffer":0,"qoeLatency":22482.000000000004,"qoeBitrateSwitch":750,"qoePlaybackSpeed":344.8476034089081},"chunk-stream3-00038":{"qoeTotal":11501.552396591089,"qoeBitrate":36000,"qoeRebuffer":0,"qoeLatency":23403.600000000002,"qoeBitrateSwitch":750,"qoePlaybackSpeed":344.8476034089081},"chunk-stream3-00039":{"qoeTotal":11835.95239659109,"qoeBitrate":37250,"qoeRebuffer":0,"qoeLatency":24319.2,"qoeBitrateSwitch":750,"qoePlaybackSpeed":344.8476034089081},"chunk-stream3-00040":{"qoeTotal":12164.352396591092,"qoeBitrate":38500,"qoeRebuffer":0,"qoeLatency":25240.8,"qoeBitrateSwitch":750,"qoePlaybackSpeed":344.8476034089081},"init-stream2":{"qoeTotal":11598.752396591093,"qoeBitrate":39000,"qoeRebuffer":0,"qoeLatency":26156.399999999998,"qoeBitrateSwitch":900,"qoePlaybackSpeed":344.8476034089081},"chunk-stream2-00041":{"qoeTotal":11182.552396591092,"qoeBitrate":39500,"qoeRebuffer":0,"qoeLatency":27072.6,"qoeBitrateSwitch":900,"qoePlaybackSpeed":344.8476034089081},"chunk-stream2-00042":{"qoeTotal":10763.952396591094,"qoeBitrate":40000,"qoeRebuffer":0,"qoeLatency":27991.199999999997,"qoeBitrateSwitch":900,"qoePlaybackSpeed":344.8476034089081},"chunk-stream2-00043":{"qoeTotal":10345.352396591095,"qoeBitrate":40500,"qoeRebuffer":0,"qoeLatency":28909.799999999996,"qoeBitrateSwitch":900,"qoePlaybackSpeed":344.8476034089081},"chunk-stream2-00044":{"qoeTotal":9926.752396591097,"qoeBitrate":41000,"qoeRebuffer":0,"qoeLatency":29828.399999999994,"qoeBitrateSwitch":900,"qoePlaybackSpeed":344.8476034089081},"chunk-stream2-00045":{"qoeTotal":9508.152396591098,"qoeBitrate":41500,"qoeRebuffer":0,"qoeLatency":30746.999999999993,"qoeBitrateSwitch":900,"qoePlaybackSpeed":344.8476034089081},"chunk-stream3-00044":{"qoeTotal":9691.952396591098,"qoeBitrate":42750,"qoeRebuffer":0,"qoeLatency":31663.199999999993,"qoeBitrateSwitch":1050,"qoePlaybackSpeed":344.8476034089081},"chunk-stream3-00045":{"qoeTotal":10025.752396591097,"qoeBitrate":44000,"qoeRebuffer":0,"qoeLatency":32579.399999999994,"qoeBitrateSwitch":1050,"qoePlaybackSpeed":344.8476034089081},"chunk-stream3-00046":{"qoeTotal":10354.152396591098,"qoeBitrate":45250,"qoeRebuffer":0,"qoeLatency":33500.99999999999,"qoeBitrateSwitch":1050,"qoePlaybackSpeed":344.8476034089081},"chunk-stream3-00047":{"qoeTotal":10683.752396591097,"qoeBitrate":46500,"qoeRebuffer":0,"qoeLatency":34421.399999999994,"qoeBitrateSwitch":1050,"qoePlaybackSpeed":344.8476034089081},"chunk-stream4-00046":{"qoeTotal":11618.152396591098,"qoeBitrate":48500,"qoeRebuffer":0,"qoeLatency":35336.99999999999,"qoeBitrateSwitch":1200,"qoePlaybackSpeed":344.8476034089081},"chunk-stream4-00047":{"qoeTotal":12701.952396591101,"qoeBitrate":50500,"qoeRebuffer":0,"qoeLatency":36253.19999999999,"qoeBitrateSwitch":1200,"qoePlaybackSpeed":344.8476034089081},"chunk-stream4-00048":{"qoeTotal":13779.752396591104,"qoeBitrate":52500,"qoeRebuffer":0,"qoeLatency":37175.39999999999,"qoeBitrateSwitch":1200,"qoePlaybackSpeed":344.8476034089081},"chunk-stream4-00049":{"qoeTotal":14863.552396591107,"qoeBitrate":54500,"qoeRebuffer":0,"qoeLatency":38091.599999999984,"qoeBitrateSwitch":1200,"qoePlaybackSpeed":344.8476034089081},"chunk-stream4-00050":{"qoeTotal":15947.952396591108,"qoeBitrate":56500,"qoeRebuffer":0,"qoeLatency":39007.19999999998,"qoeBitrateSwitch":1200,"qoePlaybackSpeed":344.8476034089081},"chunk-stream4-00051":{"qoeTotal":17031.752396591113,"qoeBitrate":58500,"qoeRebuffer":0,"qoeLatency":39923.39999999998,"qoeBitrateSwitch":1200,"qoePlaybackSpeed":344.8476034089081},"init-stream5":{"qoeTotal":18805.49804388919,"qoeBitrate":61500,"qoeRebuffer":0,"qoeLatency":40922.99999999998,"qoeBitrateSwitch":1400,"qoePlaybackSpeed":371.501956110831},"chunk-stream5-00050":{"qoeTotal":20889.298043889194,"qoeBitrate":64500,"qoeRebuffer":0,"qoeLatency":41839.199999999975,"qoeBitrateSwitch":1400,"qoePlaybackSpeed":371.501956110831},"chunk-stream5-00051":{"qoeTotal":22895.31143435983,"qoeBitrate":67500,"qoeRebuffer":0,"qoeLatency":42788.39999999997,"qoeBitrateSwitch":1400,"qoePlaybackSpeed":416.2885656401975},"chunk-stream5-00052":{"qoeTotal":24903.271333768804,"qoeBitrate":70500,