{"chunk-stream2-00018":{"qoeTotal":-472.9060857653948,"qoeBitrate":500,"qoeRebuffer":0,"qoeLatency":935.4,"qoeBitrateSwitch":0,"qoePlaybackSpeed":37.5060857653948},"init-stream0":{"qoeTotal":-2150.0121715307896,"qoeBitrate":600,"qoeRebuffer":0,"qoeLatency":1875,"qoeBitrateSwitch":800,"qoePlaybackSpeed":75.0121715307896},"chunk-stream0-00019":{"qoeTotal":-3028.9182572961845,"qoeBitrate":700,"qoeRebuffer":0,"qoeLatency":2816.4,"qoeBitrateSwitch":800,"qoePlaybackSpeed":112.5182572961844},"chunk-stream0-00020":{"qoeTotal":-3910.224343061579,"qoeBitrate":800,"qoeRebuffer":0,"qoeLatency":3760.2,"qoeBitrateSwitch":800,"qoePlaybackSpeed":150.0243430615792},"chunk-stream0-00021":{"qoeTotal":-4784.882075019163,"qoeBitrate":900,"qoeRebuffer":0,"qoeLatency":4719.599999999999,"qoeBitrateSwitch":800,"qoePlaybackSpeed":165.28207501916268},"init-stream5":{"qoeTotal":-8546.356416245797,"qoeBitrate":3900,"qoeRebuffer":0,"qoeLatency":5668.799999999999,"qoeBitrateSwitch":6600,"qoePlaybackSpeed":177.55641624579837},"chunk-stream5-00022":{"qoeTotal":-6497.030757472433,"qoeBitrate":6900,"qoeRebuffer":0,"qoeLatency":6607.199999999999,"qoeBitrateSwitch":6600,"qoePlaybackSpeed":189.83075747243407},"chunk-stream5-00023":{"qoeTotal":-4428.787112488796,"qoeBitrate":9900,"qoeRebuffer":0,"qoeLatency":7531.199999999999,"qoeBitrateSwitch":6600,"qoePlaybackSpeed":197.58711248879757},"chunk-stream5-00024":{"qoeTotal":-2344.9871124887973,"qoeBitrate":12900,"qoeRebuffer":0,"qoeLatency":8447.4,"qoeBitrateSwitch":6600,"qoePlaybackSpeed":197.58711248879757},"chunk-stream5-00025":{"qoeTotal":-261.18711248879794,"qoeBitrate":15900,"qoeRebuffer":0,"qoeLatency":9363.6,"qoeBitrateSwitch":6600,"qoePlaybackSpeed":197.58711248879757},"chunk-stream5-00026":{"qoeTotal":1822.6128875112013,"qoeBitrate":18900,"qoeRebuffer":0,"qoeLatency":10279.800000000001,"qoeBitrateSwitch":6600,"qoePlaybackSpeed":197.58711248879757},"chunk-stream5-00027":{"qoeTotal":3906.4128875112006,"qoeBitrate":21900,"qoeRebuffer":0,"qoeLatency":11196.000000000002,"qoeBitrateSwitch":6600,"qoePlaybackSpeed":197.58711248879757},"chunk-stream5-00028":{"qoeTotal":5990.2128875112,"qoeBitrate":24900,"qoeRebuffer":0,"qoeLatency":12112.200000000003,"qoeBitrateSwitch":6600,"qoePlaybackSpeed":197.58711248879757},"chunk-stream5-00029":{"qoeTotal":8074.0128875112,"qoeBitrate":27900,"qoeRebuffer":0,"qoeLatency":13028.400000000003,"qoeBitrateSwitch":6600,"qoePlaybackSpeed":197.58711248879757},"chunk-stream5-00030":{"qoeTotal":10157.812887511198,"qoeBitrate":30900,"qoeRebuffer":0,"qoeLatency":13944.600000000004,"qoeBitrateSwitch":6600,"qoePlaybackSpeed":197.58711248879757},"chunk-stream5-00031":{"qoeTotal":12241.612887511197,"qoeBitrate":33900,"qoeRebuffer":0,"qoeLatency":14860.800000000005,"qoeBitrateSwitch":6600,"qoePlaybackSpeed":197.58711248879757},"chunk-stream5-00032":{"qoeTotal":14325.412887511196,"qoeBitrate":36900,"qoeRebuffer":0,"qoeLatency":15777.000000000005,"qoeBitrateSwitch":6600,"qoePlaybackSpeed":197.58711248879757},"chunk-stream5-00033":{"qoeTotal":16408.612887511197,"qoeBitrate":39900,"qoeRebuffer":0,"qoeLatency":16693.800000000007,"qoeBitrateSwitch":6600,"qoePlaybackSpeed":197.58711248879757},"chunk-stream5-00034":{"qoeTotal":18492.412887511196,"qoeBitrate":42900,"qoeRebuffer":0,"qoeLatency":17610.000000000007,"qoeBitrateSwitch":6600,"qoePlaybackSpeed":197.58711248879757},"chunk-stream5-00035":{"qoeTotal":20567.812887511198,"qoeBitrate":45900,"qoeRebuffer":0,"qoeLatency":18534.600000000006,"qoeBitrateSwitch":6600,"qoePlaybackSpeed":197.58711248879757},"chunk-stream5-00036":{"qoeTotal":22651.612887511197,"qoeBitrate":48900,"qoeRebuffer":0,"qoeLatency":19450.800000000007,"qoeBitrateSwitch":6600,"qoePlaybackSpeed":197.58711248879757},"chunk-stream5-00037":{"qoeTotal":24725.212887511196,"qoeBitrate":51900,"qoeRebuffer":0,"qoeLatency":20377.200000000008,"qoeBitrateSwitch":6600,"qoePlaybackSpeed":197.58711248879757},"chunk-stream5-00038":{"qoeTotal":26809.012887511195,"qoeBitrate":54900,"qoeRebuffer":0,"qoeLatency":21293.40000000001,"qoeBitrateSwitch":6600,"qoePlaybackSpeed":197.58711248879757},"chunk-stream5-00039":{"qoeTotal":28892.812887511194,"qoeBitrate":57900,"qoeRebuffer":0,"qoeLatency":22209.60000000001,"qoeBitrateSwitch":6600,"qoePlaybackSpeed":197.58711248879757},"chunk-stream5-00040":{"qoeTotal":30976.612887511194,"qoeBitrate":60900,"qoeRebuffer":0,"qoeLatency":23125.80000000001,"qoeBitrateSwitch":6600,"qoePlaybackSpeed":197.58711248879757},"chunk-stream5-00041":{"qoeTotal":33052.61288751119,"qoeBitrate":63900,"qoeRebuffer":0,"qoeLatency":24049.80000000001,"qoeBitrateSwitch":6600,"qoePlaybackSpeed":197.58711248879757},"chunk-stream5-00042":{"qoeTotal":35136.412887511186,"qoeBitrate":66900,"qoeRebuffer":0,"qoeLatency":24966.00000000001,"qoeBitrateSwitch":6600,"qoePlaybackSpeed":197.58711248879757},"chunk-stream5-00043":{"qoeTotal":37220.21288751119,"qoeBitrate":69900,"qoeRebuffer":0,"qoeLatency":25882.20000000001,"qoeBitrateSwitch":6600,"qoePlaybackSpeed":197.58711248879757},"chunk-stream5-00044":{"qoeTotal":39304.01288751119,"qoeBitrate":72900,"qoeRebuffer":0,"qoeLatency":26798.400000000012,"qoeBitrateSwitch":6600,"qoePlaybackSpeed":197.58711248879757},"chunk-stream5-00045":{"qoeTotal":41387.81288751119,"qoeBitrate":75900,"qoeRebuffer":0,"qoeLatency":27714.600000000013,"qoeBitrateSwitch":6600,"qoePlaybackSpeed":197.58711248879757},"chunk-stream5-00046":{"qoeTotal":43462.61288751118,"qoeBitrate":78900,"qoeRebuffer":0,"qoeLatency":28639.800000000014,"qoeBitrateSwitch":6600,"qoePlaybackSpeed":197.58711248879757},"chunk-stream5-00047":{"qoeTotal":45546.412887511186,"qoeBitrate":81900,"qoeRebuffer":0,"qoeLatency":29556.000000000015,"qoeBitrateSwitch":6600,"qoePlaybackSpeed":197.58711248879757},"chunk-stream5-00048":{"qoeTotal":47623.012887511184,"qoeBitrate":84900,"qoeRebuffer":0,"qoeLatency":30479.400000000016,"qoeBitrateSwitch":6600,"qoePlaybackSpeed":197.58711248879757},"chunk-stream5-00049":{"qoeTotal":49706.81288751118,"qoeBitrate":87900,"qoeRebuffer":0,"qoeLatency":31395.600000000017,"qoeBitrateSwitch":6600,"qoePlaybackSpeed":197.58711248879757},"chunk-stream5-00050":{"qoeTotal":51790.61288751118,"qoeBitrate":90900,"qoeRebuffer":0,"qoeLatency":32311.800000000017,"qoeBitrateSwitch":6600,"qoePlaybackSpeed":197.58711248879757},"chunk-stream5-00051":{"qoeTotal":53874.412887511186,"qoeBitrate":93900,"qoeRebuffer":0,"qoeLatency":33228.000000000015,"qoeBitrateSwitch":6600,"qoePlaybackSpeed":197.58711248879757},"chunk-stream5-00052":{"qoeTotal":55952.21288751119,"qoeBitrate":96900,"qoeRebuffer":0,"qoeLatency":34150.20000000001,"qoeBitrateSwitch":6600,"qoePlaybackSpeed":197.58711248879757},"chunk-stream5-00053":{"qoeTotal":58035.412887511186,"qoeBitrate":99900,"qoeRebuffer":0,"qoeLatency":35067.000000000015,"qoeBitrateSwitch":6600,"qoePlaybackSpeed":197.58711248879757},"chunk-stream5-00054":{"qoeTotal":60119.21288751119,"qoeBitrate":102900,"qoeRebuffer":0,"qoeLatency":35983.20000000001,"qoeBitrateSwitch":6600,"qoePlaybackSpeed":197.58711248879757},"chunk-stream5-00055":{"qoeTotal":62203.01288751119,"qoeBitrate":105900,"qoeRebuffer":0,"qoeLatency":36899.40000000001,"qoeBitrateSwitch":6600,"qoePlaybackSpeed":197.58711248879757},"chunk-stream5-00056":{"qoeTotal":64286.812887511194,"qoeBitrate":108900,"qoeRebuffer":0,"qoeLatency":37815.600000000006,"qoeBitrateSwitch":6600,"qoePlaybackSpeed":197.58711248879757},"chunk-stream5-00057":{"qoeTotal":66370.6128875112,"qoeBitrate":111900,"qoeRebuffer":0,"qoeLatency":38731.8,"qoeBitrateSwitch":6600,"qoePlaybackSpeed":197.58711248879757},"chunk-stream5-00058":{"qoeTotal":68454.41288751121,"qoeBitrate":114900,"qoeRebuffer":0,"qoeLatency":39648,"qoeBitrateSwitch":6600,"qoePlaybackSpeed":197.58711248879757},"chunk-stream5-00059":{"qoeTotal":70529.21288751121,"qoeBitrate":117900,"qoeRebuffer":0,"qoeLatency":40573.2,"qoeBitrateSwitch":6600,"qoePlaybackSpeed":197.58711248879757},"chunk-stream5-00060":{"qoeTotal":72613.01288751121,"qoeBitrate":120900,"qoeRebuffer":0,"qoeLatency":41489.399999999994,