{"chunk-stream2-00018":{"qoeTotal":-606.4013950510614,"qoeBitrate":500,"qoeRebuffer":0,"qoeLatency":1056,"qoeBitrateSwitch":0,"qoePlaybackSpeed":50.40139505106141},"chunk-stream2-00019":{"qoeTotal":-2833.1802265962947,"qoeBitrate":1000,"qoeRebuffer":1596.6000008583069,"qoeLatency":2148.6,"qoeBitrateSwitch":0,"qoePlaybackSpeed":87.9802257379879},"chunk-stream2-00020":{"qoeTotal":-3455.7914763168683,"qoeBitrate":1500,"qoeRebuffer":1596.6000008583069,"qoeLatency":3258.6,"qoeBitrateSwitch":0,"qoePlaybackSpeed":100.59147545856149},"chunk-stream2-00021":{"qoeTotal":-4063.3912883950306,"qoeBitrate":2000,"qoeRebuffer":1596.6000008583069,"qoeLatency":4329,"qoeBitrateSwitch":0,"qoePlaybackSpeed":137.79128753672393},"chunk-stream2-00022":{"qoeTotal":-4634.092867100326,"qoeBitrate":2500,"qoeRebuffer":1596.6000008583069,"qoeLatency":5365.2,"qoeBitrateSwitch":0,"qoePlaybackSpeed":172.2928662420192},"chunk-stream2-00023":{"qoeTotal":-5154.68980483564,"qoeBitrate":3000,"qoeRebuffer":1596.6000008583069,"qoeLatency":6363,"qoeBitrateSwitch":0,"qoePlaybackSpeed":195.08980397733268},"chunk-stream2-00024":{"qoeTotal":-5641.931060356459,"qoeBitrate":3500,"qoeRebuffer":1596.6000008583069,"qoeLatency":7331.4,"qoeBitrateSwitch":0,"qoePlaybackSpeed":213.93105949815248},"chunk-stream2-00025":{"qoeTotal":-6112.669033792547,"qoeBitrate":4000,"qoeRebuffer":1596.6000008583069,"qoeLatency":8286.6,"qoeBitrateSwitch":0,"qoePlaybackSpeed":229.46903293423986},"chunk-stream2-00026":{"qoeTotal":-6564.687023776315,"qoeBitrate":4500,"qoeRebuffer":1596.6000008583069,"qoeLatency":9226.2,"qoeBitrateSwitch":0,"qoePlaybackSpeed":241.88702291800703},"chunk-stream2-00027":{"qoeTotal":-7006.459651722432,"qoeBitrate":5000,"qoeRebuffer":1596.6000008583069,"qoeLatency":10158.6,"qoeBitrateSwitch":0,"qoePlaybackSpeed":251.25965086412413},"chunk-stream2-00028":{"qoeTotal":-7438.381318587786,"qoeBitrate":5500,"qoeRebuffer":1596.6000008583069,"qoeLatency":11083.800000000001,"qoeBitrateSwitch":0,"qoePlaybackSpeed":257.9813177294785},"chunk-stream2-00029":{"qoeTotal":-7856.381318587786,"qoeBitrate":6000,"qoeRebuffer":1596.6000008583069,"qoeLatency":12001.800000000001,"qoeBitrateSwitch":0,"qoePlaybackSpeed":257.9813177294785},"chunk-stream2-00030":{"qoeTotal":-8274.381318587786,"qoeBitrate":6500,"qoeRebuffer":1596.6000008583069,"qoeLatency":12919.800000000001,"qoeBitrateSwitch":0,"qoePlaybackSpeed":257.9813177294785},"chunk-stream2-00031":{"qoeTotal":-8692.381318587786,"qoeBitrate":7000,"qoeRebuffer":1596.6000008583069,"qoeLatency":13837.800000000001,"qoeBitrateSwitch":0,"qoePlaybackSpeed":257.9813177294785},"chunk-stream2-00032":{"qoeTotal":-9110.981318587787,"qoeBitrate":7500,"qoeRebuffer":1596.6000008583069,"qoeLatency":14756.400000000001,"qoeBitrateSwitch":0,"qoePlaybackSpeed":257.9813177294785},"chunk-stream2-00033":{"qoeTotal":-9528.981318587787,"qoeBitrate":8000,"qoeRebuffer":1596.6000008583069,"qoeLatency":15674.400000000001,"qoeBitrateSwitch":0,"qoePlaybackSpeed":257.9813177294785},"chunk-stream2-00034":{"qoeTotal":-9946.981318587787,"qoeBitrate":8500,"qoeRebuffer":1596.6000008583069,"qoeLatency":16592.4,"qoeBitrateSwitch":0,"qoePlaybackSpeed":257.9813177294785},"init-stream3":{"qoeTotal":-18035.524894570874,"qoeBitrate":9750,"qoeRebuffer":2493,"qoeLatency":24836.4,"qoeBitrateSwitch":150,"qoePlaybackSpeed":306.12489457087054},"chunk-stream3-00035":{"qoeTotal":-17705.324894570873,"qoeBitrate":11000,"qoeRebuffer":2493,"qoeLatency":25756.2,"qoeBitrateSwitch":150,"qoePlaybackSpeed":306.12489457087054},"chunk-stream3-00036":{"qoeTotal":-17370.324894570873,"qoeBitrate":12250,"qoeRebuffer":2493,"qoeLatency":26671.2,"qoeBitrateSwitch":150,"qoePlaybackSpeed":306.12489457087054},"chunk-stream3-00037":{"qoeTotal":-17035.324894570873,"qoeBitrate":13500,"qoeRebuffer":2493,"qoeLatency":27586.2,"qoeBitrateSwitch":150,"qoePlaybackSpeed":306.12489457087054},"chunk-stream3-00038":{"qoeTotal":-16700.324894570873,"qoeBitrate":14750,"qoeRebuffer":2493,"qoeLatency":28501.2,"qoeBitrateSwitch":150,"qoePlaybackSpeed":306.12489457087054},"chunk-stream3-00039":{"qoeTotal":-16370.724894570872,"qoeBitrate":16000,"qoeRebuffer":2493,"qoeLatency":29421.600000000002,"qoeBitrateSwitch":150,"qoePlaybackSpeed":306.12489457087054},"chunk-stream3-00040":{"qoeTotal":-16035.724894570872,"qoeBitrate":17250,"qoeRebuffer":2493,"qoeLatency":30336.600000000002,"qoeBitrateSwitch":150,"qoePlaybackSpeed":306.12489457087054},"chunk-stream3-00041":{"qoeTotal":-15706.724894570872,"qoeBitrate":18500,"qoeRebuffer":2493,"qoeLatency":31257.600000000002,"qoeBitrateSwitch":150,"qoePlaybackSpeed":306.12489457087054},"chunk-stream3-00042":{"qoeTotal":-15371.724894570872,"qoeBitrate":19750,"qoeRebuffer":2493,"qoeLatency":32172.600000000002,"qoeBitrateSwitch":150,"qoePlaybackSpeed":306.12489457087054},"chunk-stream3-00043":{"qoeTotal":-15036.724894570876,"qoeBitrate":21000,"qoeRebuffer":2493,"qoeLatency":33087.600000000006,"qoeBitrateSwitch":150,"qoePlaybackSpeed":306.12489457087054},"chunk-stream3-00044":{"qoeTotal":-14705.924894570873,"qoeBitrate":22250,"qoeRebuffer":2493,"qoeLatency":34006.8,"qoeBitrateSwitch":150,"qoePlaybackSpeed":306.12489457087054},"chunk-stream3-00045":{"qoeTotal":-14370.924894570873,"qoeBitrate":23500,"qoeRebuffer":2493,"qoeLatency":34921.8,"qoeBitrateSwitch":150,"qoePlaybackSpeed":306.12489457087054},"chunk-stream3-00046":{"qoeTotal":-14035.924894570873,"qoeBitrate":24750,"qoeRebuffer":2493,"qoeLatency":35836.8,"qoeBitrateSwitch":150,"qoePlaybackSpeed":306.12489457087054},"chunk-stream3-00047":{"qoeTotal":-13700.924894570873,"qoeBitrate":26000,"qoeRebuffer":2493,"qoeLatency":36751.8,"qoeBitrateSwitch":150,"qoePlaybackSpeed":306.12489457087054},"chunk-stream3-00048":{"qoeTotal":-13370.12489457087,"qoeBitrate":27250,"qoeRebuffer":2493,"qoeLatency":37671,"qoeBitrateSwitch":150,"qoePlaybackSpeed":306.12489457087054},"chunk-stream3-00049":{"qoeTotal":-13040.524894570872,"qoeBitrate":28500,"qoeRebuffer":2493,"qoeLatency":38591.4,"qoeBitrateSwitch":150,"qoePlaybackSpeed":306.12489457087054},"chunk-stream3-00050":{"qoeTotal":-12743.539239372647,"qoeBitrate":29750,"qoeRebuffer":2493,"qoeLatency":39525.6,"qoeBitrateSwitch":150,"qoePlaybackSpeed":324.939239372648},"chunk-stream3-00051":{"qoeTotal":-12514.552371073802,"qoeBitrate":31000,"qoeRebuffer":2493,"qoeLatency":40517.4,"qoeBitrateSwitch":150,"qoePlaybackSpeed":354.1523710738004},"chunk-stream3-00052":{"qoeTotal":-12284.843626355136,"qoeBitrate":32250,"qoeRebuffer":2493,"qoeLatency":41527.8,"qoeBitrateSwitch":150,"qoePlaybackSpeed":364.04362635513326},"chunk-stream3-00053":{"qoeTotal":-12043.945070256183,"qoeBitrate":33500,"qoeRebuffer":2493,"qoeLatency":42515.4,"qoeBitrateSwitch":150,"qoePlaybackSpeed":385.5450702561804},"chunk-stream3-00054":{"qoeTotal":-11770.934660590827,"qoeBitrate":34750,"qoeRebuffer":2493,"qoeLatency":43489.200000000004,"qoeBitrateSwitch":150,"qoePlaybackSpeed":388.7346605908226},"chunk-stream3-00055":{"qoeTotal":-11474.117013273533,"qoeBitrate":36000,"qoeRebuffer":2493,"qoeLatency":44434.200000000004,"qoeBitrateSwitch":150,"qoePlaybackSpeed":396.91701327352826},"chunk-stream3-00056":{"qoeTotal":-16419.870734887467,"qoeBitrate":37250,"qoeRebuffer":7264.200000286102,"qoeLatency":45822.600000000006,"qoeBitrateSwitch":150,"qoePlaybackSpeed":433.070734601357},"chunk-stream3-00057":{"qoeTotal":-20048.791561038117,"qoeBitrate":38500,"qoeRebuffer":10446,"qoeLatency":47479.8,"qoeBitrateSwitch":150,"qoePlaybackSpeed":472.9915610381149},"chunk-stream3-00058":{"qoeTotal":-23909.681154520717,"qoeBitrate":39750,"qoeRebuffer":13554.599999427795,"qoeLatency":49438.8,"qoeBitrateSwitch":150,"qoePlaybackSpeed":516.2811550929182},"chunk-stream3-00059":{"qoeTotal":-28068.170748575518,"qoeBitrate":41000,"qoeRebuffer":16665.599999427795,"qoeLatency":51693,"qoeBitrateSwitch":150,"qoePlaybackSpeed":559.5707491477215},"chunk-stream3-00060":{"qoeTotal":-34191.92770336007,"qoeBitrate":42250,"qoeRebuffer":21461.400002002716,"qoeLatency":54223.2,"qoeBitrateSwitch":150,