{"chunk-stream2-00018":{"qoeTotal":-616.4820853967044,"qoeBitrate":500,"qoeRebuffer":0,"qoeLatency":1075.8,"qoeBitrateSwitch":0,"qoePlaybackSpeed":40.682085396704394},"init-stream3":{"qoeTotal":-1630.2223922209962,"qoeBitrate":1750,"qoeRebuffer":0,"qoeLatency":3142.8,"qoeBitrateSwitch":150,"qoePlaybackSpeed":87.42239222099597},"chunk-stream3-00019":{"qoeTotal":-3214.620789476561,"qoeBitrate":3000,"qoeRebuffer":1512.5999999642372,"qoeLatency":4422,"qoeBitrateSwitch":150,"qoePlaybackSpeed":130.02078951232406},"init-stream2":{"qoeTotal":-9846.73054717976,"qoeBitrate":3500,"qoeRebuffer":1512.5999999642372,"qoeLatency":11362.2,"qoeBitrateSwitch":300,"qoePlaybackSpeed":171.93054721552264},"chunk-stream2-00020":{"qoeTotal":-12326.028695325685,"qoeBitrate":4000,"qoeRebuffer":3095.399999946356,"qoeLatency":12738.6,"qoeBitrateSwitch":300,"qoePlaybackSpeed":192.02869537933003},"chunk-stream3-00021":{"qoeTotal":-14296.334748601981,"qoeBitrate":5250,"qoeRebuffer":4617.599999964237,"qoeLatency":14241.6,"qoeBitrateSwitch":450,"qoePlaybackSpeed":237.1347486377444},"chunk-stream2-00022":{"qoeTotal":-17156.316363994774,"qoeBitrate":5750,"qoeRebuffer":6172.199999928474,"qoeLatency":15859.800000000001,"qoeBitrateSwitch":600,"qoePlaybackSpeed":274.31636406629553},"chunk-stream2-00023":{"qoeTotal":-18325.226200196183,"qoeBitrate":6250,"qoeRebuffer":6172.199999928474,"qoeLatency":17516.4,"qoeBitrateSwitch":600,"qoePlaybackSpeed":286.626200267707},"chunk-stream2-00024":{"qoeTotal":-19499.96429191854,"qoeBitrate":6750,"qoeRebuffer":6172.199999928474,"qoeLatency":19185.600000000002,"qoeBitrateSwitch":600,"qoePlaybackSpeed":292.1642919900626},"chunk-stream3-00025":{"qoeTotal":-20079.17536180921,"qoeBitrate":8000,"qoeRebuffer":6172.199999928474,"qoeLatency":20824.2,"qoeBitrateSwitch":750,"qoePlaybackSpeed":332.7753618807352},"chunk-stream3-00026":{"qoeTotal":-20548.70345342752,"qoeBitrate":9250,"qoeRebuffer":6172.199999928474,"qoeLatency":22512,"qoeBitrateSwitch":750,"qoePlaybackSpeed":364.5034534990457},"chunk-stream3-00027":{"qoeTotal":-21108.590482749616,"qoeBitrate":10500,"qoeRebuffer":6172.199999928474,"qoeLatency":24277.2,"qoeBitrateSwitch":750,"qoePlaybackSpeed":409.1904828211394},"chunk-stream3-00028":{"qoeTotal":-21709.00657807749,"qoeBitrate":11750,"qoeRebuffer":6172.199999928474,"qoeLatency":26096.4,"qoeBitrateSwitch":750,"qoePlaybackSpeed":440.40657814901465},"chunk-stream3-00029":{"qoeTotal":-22380.63148985609,"qoeBitrate":13000,"qoeRebuffer":6172.199999928474,"qoeLatency":27982.2,"qoeBitrateSwitch":750,"qoePlaybackSpeed":476.2314899276148},"chunk-stream3-00030":{"qoeTotal":-24725.63392920004,"qoeBitrate":14250,"qoeRebuffer":7750.199999928474,"qoeLatency":29955,"qoeBitrateSwitch":750,"qoePlaybackSpeed":520.4339292715681},"chunk-stream3-00031":{"qoeTotal":-27224.655121490792,"qoeBitrate":15500,"qoeRebuffer":9280.199999928474,"qoeLatency":32136,"qoeBitrateSwitch":750,"qoePlaybackSpeed":558.4551215623164},"chunk-stream3-00032":{"qoeTotal":-29944.141589645984,"qoeBitrate":16750,"qoeRebuffer":10862.399999946356,"qoeLatency":34483.2,"qoeBitrateSwitch":750,"qoePlaybackSpeed":598.5415896996311},"chunk-stream3-00033":{"qoeTotal":-33170.74158968175,"qoeBitrate":18000,"qoeRebuffer":12856.799999982119,"qoeLatency":36965.399999999994,"qoeBitrateSwitch":750,"qoePlaybackSpeed":598.5415896996311},"chunk-stream2-00034":{"qoeTotal":-36927.78119393588,"qoeBitrate":18500,"qoeRebuffer":14401.200000017881,"qoeLatency":39483.59999999999,"qoeBitrateSwitch":900,"qoePlaybackSpeed":642.9811939180047},"chunk-stream3-00035":{"qoeTotal":-38422.04367385839,"qoeBitrate":19750,"qoeRebuffer":14401.200000017881,"qoeLatency":42050.99999999999,"qoeBitrateSwitch":1050,"qoePlaybackSpeed":669.8436738405119},"chunk-stream3-00036":{"qoeTotal":-39832.42136941355,"qoeBitrate":21000,"qoeRebuffer":14401.200000017881,"qoeLatency":44673.59999999999,"qoeBitrateSwitch":1050,"qoePlaybackSpeed":707.6213693956762},"chunk-stream3-00037":{"qoeTotal":-41320.253358010996,"qoeBitrate":22250,"qoeRebuffer":14401.200000017881,"qoeLatency":47363.399999999994,"qoeBitrateSwitch":1050,"qoePlaybackSpeed":755.6533579931188},"chunk-stream3-00038":{"qoeTotal":-42837.26693774994,"qoeBitrate":23500,"qoeRebuffer":14401.200000017881,"qoeLatency":50102.99999999999,"qoeBitrateSwitch":1050,"qoePlaybackSpeed":783.066937732064},"chunk-stream3-00039":{"qoeTotal":-44399.804078665475,"qoeBitrate":24750,"qoeRebuffer":14401.200000017881,"qoeLatency":52877.99999999999,"qoeBitrateSwitch":1050,"qoePlaybackSpeed":820.6040786476034},"chunk-stream3-00040":{"qoeTotal":-45981.73787334404,"qoeBitrate":26000,"qoeRebuffer":14401.200000017881,"qoeLatency":55681.799999999996,"qoeBitrateSwitch":1050,"qoePlaybackSpeed":848.7378733261613},"chunk-stream3-00041":{"qoeTotal":-47562.29628566128,"qoeBitrate":27250,"qoeRebuffer":14401.200000017881,"qoeLatency":58497.6,"qoeBitrateSwitch":1050,"qoePlaybackSpeed":863.4962856433981},"init-stream4":{"qoeTotal":-46980.204271338254,"qoeBitrate":29250,"qoeRebuffer":14401.200000017881,"qoeLatency":59754,"qoeBitrateSwitch":1200,"qoePlaybackSpeed":875.004271320371},"chunk-stream4-00042":{"qoeTotal":-47797.77467630958,"qoeBitrate":31250,"qoeRebuffer":14401.200000017881,"qoeLatency":62563.2,"qoeBitrateSwitch":1200,"qoePlaybackSpeed":883.3746762917},"chunk-stream4-00043":{"qoeTotal":-48615.8251201062,"qoeBitrate":33250,"qoeRebuffer":14401.200000017881,"qoeLatency":65379,"qoeBitrateSwitch":1200,"qoePlaybackSpeed":885.6251200883213},"chunk-stream4-00044":{"qoeTotal":-49483.42386194805,"qoeBitrate":35250,"qoeRebuffer":14401.200000017881,"qoeLatency":68226.6,"qoeBitrateSwitch":1200,"qoePlaybackSpeed":905.6238619301629},"chunk-stream3-00045":{"qoeTotal":-51302.2022051656,"qoeBitrate":36500,"qoeRebuffer":14401.200000017881,"qoeLatency":71115.6,"qoeBitrateSwitch":1350,"qoePlaybackSpeed":935.4022051477177},"chunk-stream3-00046":{"qoeTotal":-52988.03425492517,"qoeBitrate":37750,"qoeRebuffer":14401.200000017881,"qoeLatency":74027.40000000001,"qoeBitrateSwitch":1350,"qoePlaybackSpeed":959.4342549072841},"chunk-stream3-00047":{"qoeTotal":-54712.834249434774,"qoeBitrate":39000,"qoeRebuffer":14401.200000017881,"qoeLatency":76942.20000000001,"qoeBitrateSwitch":1350,"qoePlaybackSpeed":1019.4342494168777},"chunk-stream3-00048":{"qoeTotal":-56376.43424394437,"qoeBitrate":40250,"qoeRebuffer":14401.200000017881,"qoeLatency":79795.80000000002,"qoeBitrateSwitch":1350,"qoePlaybackSpeed":1079.4342439264715},"chunk-stream4-00049":{"qoeTotal":-57417.17047731088,"qoeBitrate":42250,"qoeRebuffer":14401.200000017881,"qoeLatency":82645.20000000001,"qoeBitrateSwitch":1500,"qoePlaybackSpeed":1120.7704772929872},"chunk-stream3-00050":{"qoeTotal":-60974.9251618087,"qoeBitrate":43500,"qoeRebuffer":15949.800000071526,"qoeLatency":85711.80000000002,"qoeBitrateSwitch":1650,"qoePlaybackSpeed":1163.3251617371582},"chunk-stream3-00051":{"qoeTotal":-64480.06019979536,"qoeBitrate":44750,"qoeRebuffer":17457.000000089407,"qoeLatency":88914.00000000001,"qoeBitrateSwitch":1650,"qoePlaybackSpeed":1209.0601997059412},"chunk-stream3-00052":{"qoeTotal":-66490.94230738585,"qoeBitrate":46000,"qoeRebuffer":17457.000000089407,"qoeLatency":92154.60000000002,"qoeBitrateSwitch":1650,"qoePlaybackSpeed":1229.3423072964163},"chunk-stream3-00053":{"qoeTotal":-68507.88508150728,"qoeBitrate":47250,"qoeRebuffer":17457.000000089407,"qoeLatency":95418.00000000001,"qoeBitrateSwitch":1650,"qoePlaybackSpeed":1232.8850814178638},"chunk-stream3-00054":{"qoeTotal":-70525.45637791675,"qoeBitrate":48500,"qoeRebuffer":17457.000000089407,"qoeLatency":98640.60000000002,"qoeBitrateSwitch":1650,"qoePlaybackSpeed":1277.8563778273253},"chunk-stream3-00055":{"qoeTotal":-74559.21465788638,"qoeBitrate":49750,"qoeRebuffer":19045.800000071526,"qoeLatency":102294.60000000002,"qoeBitrateSwitch":1650,"qoePlaybackSpeed":1318.814657814828},"chunk-stream3-00056":{"qoeTotal":-85302.20473450347,"qoeBitrate":51000,"qoeRebuffer":26896.800000160933,"qoeLatency":106396.80000000002,"qoeBitrateSwitch":1650,