{"chunk-stream2-00018":{"qoeTotal":-589.9782933344333,"qoeBitrate":500,"qoeRebuffer":0,"qoeLatency":1039.8,"qoeBitrateSwitch":0,"qoePlaybackSpeed":50.17829333443331},"init-stream3":{"qoeTotal":-1455.94734575068,"qoeBitrate":1750,"qoeRebuffer":0,"qoeLatency":2995.2,"qoeBitrateSwitch":150,"qoePlaybackSpeed":60.74734575068011},"chunk-stream3-00019":{"qoeTotal":-2932.542463651368,"qoeBitrate":3000,"qoeRebuffer":1530,"qoeLatency":4152,"qoeBitrateSwitch":150,"qoePlaybackSpeed":100.54246365136785},"chunk-stream3-00020":{"qoeTotal":-4492.213541008536,"qoeBitrate":4250,"qoeRebuffer":3079.2000000178814,"qoeLatency":5382,"qoeBitrateSwitch":150,"qoePlaybackSpeed":131.01354099065426},"chunk-stream3-00021":{"qoeTotal":-6126.867390329535,"qoeBitrate":5500,"qoeRebuffer":4584,"qoeLatency":6724.2,"qoeBitrateSwitch":150,"qoePlaybackSpeed":168.66739032953495},"chunk-stream3-00022":{"qoeTotal":-7934.074233445027,"qoeBitrate":6750,"qoeRebuffer":6119.399999946356,"qoeLatency":8205.6,"qoeBitrateSwitch":150,"qoePlaybackSpeed":209.07423349867045},"chunk-stream3-00023":{"qoeTotal":-11577.058097702708,"qoeBitrate":8000,"qoeRebuffer":9255.59999987483,"qoeLatency":9916.2,"qoeBitrateSwitch":150,"qoePlaybackSpeed":255.25809782787627},"init-stream2":{"qoeTotal":-13177.452050326086,"qoeBitrate":8500,"qoeRebuffer":9255.59999987483,"qoeLatency":11827.800000000001,"qoeBitrateSwitch":300,"qoePlaybackSpeed":294.0520504512545},"chunk-stream2-00024":{"qoeTotal":-14521.366472067086,"qoeBitrate":9000,"qoeRebuffer":9255.59999987483,"qoeLatency":13630.2,"qoeBitrateSwitch":300,"qoePlaybackSpeed":335.5664721922551},"chunk-stream2-00025":{"qoeTotal":-17385.77662078013,"qoeBitrate":9500,"qoeRebuffer":10763.399999856949,"qoeLatency":15460.2,"qoeBitrateSwitch":300,"qoePlaybackSpeed":362.17662092317875},"chunk-stream2-00026":{"qoeTotal":-18735.41761278044,"qoeBitrate":10000,"qoeRebuffer":10763.399999856949,"qoeLatency":17293.8,"qoeBitrateSwitch":300,"qoePlaybackSpeed":378.21761292349134},"chunk-stream3-00027":{"qoeTotal":-19522.08723234509,"qoeBitrate":11250,"qoeRebuffer":10763.399999856949,"qoeLatency":19144.8,"qoeBitrateSwitch":450,"qoePlaybackSpeed":413.8872324881418},"chunk-stream3-00028":{"qoeTotal":-21726.084503660757,"qoeBitrate":12500,"qoeRebuffer":12257.399999856949,"qoeLatency":21067.8,"qoeBitrateSwitch":450,"qoePlaybackSpeed":450.8845038038095},"chunk-stream3-00029":{"qoeTotal":-24079.382325990133,"qoeBitrate":13750,"qoeRebuffer":13801.799999803305,"qoeLatency":23082.6,"qoeBitrateSwitch":450,"qoePlaybackSpeed":494.98232618682835},"chunk-stream3-00030":{"qoeTotal":-26665.025898948814,"qoeBitrate":15000,"qoeRebuffer":15384.599999785423,"qoeLatency":25292.399999999998,"qoeBitrateSwitch":450,"qoePlaybackSpeed":538.0258991633942},"chunk-stream3-00031":{"qoeTotal":-27714.509465818865,"qoeBitrate":16250,"qoeRebuffer":15384.599999785423,"qoeLatency":27563.999999999996,"qoeBitrateSwitch":450,"qoePlaybackSpeed":565.9094660334441},"chunk-stream3-00032":{"qoeTotal":-28824.63098150323,"qoeBitrate":17500,"qoeRebuffer":15384.599999785423,"qoeLatency":29896.799999999996,"qoeBitrateSwitch":450,"qoePlaybackSpeed":593.2309817178109},"chunk-stream3-00033":{"qoeTotal":-30045.541481941058,"qoeBitrate":18750,"qoeRebuffer":15384.599999785423,"qoeLatency":32324.999999999996,"qoeBitrateSwitch":450,"qoePlaybackSpeed":635.9414821556386},"chunk-stream3-00034":{"qoeTotal":-34401.941029081514,"qoeBitrate":20000,"qoeRebuffer":18445.19999974966,"qoeLatency":34830,"qoeBitrateSwitch":450,"qoePlaybackSpeed":676.7410293318542},"chunk-stream3-00035":{"qoeTotal":-37347.15918797801,"qoeBitrate":21250,"qoeRebuffer":20008.799999713898,"qoeLatency":37421.4,"qoeBitrateSwitch":450,"qoePlaybackSpeed":716.9591882641097},"chunk-stream3-00036":{"qoeTotal":-38779.53655965536,"qoeBitrate":22500,"qoeRebuffer":20008.799999713898,"qoeLatency":40072.8,"qoeBitrateSwitch":450,"qoePlaybackSpeed":747.9365599414583},"chunk-stream3-00037":{"qoeTotal":-40282.756513029315,"qoeBitrate":23750,"qoeRebuffer":20008.799999713898,"qoeLatency":42787.200000000004,"qoeBitrateSwitch":450,"qoePlaybackSpeed":786.7565133154119},"chunk-stream3-00038":{"qoeTotal":-41850.01531341899,"qoeBitrate":25000,"qoeRebuffer":20008.799999713898,"qoeLatency":45567.00000000001,"qoeBitrateSwitch":450,"qoePlaybackSpeed":824.215313705084},"chunk-stream3-00039":{"qoeTotal":-43450.937680275005,"qoeBitrate":26250,"qoeRebuffer":20008.799999713898,"qoeLatency":48396.00000000001,"qoeBitrateSwitch":450,"qoePlaybackSpeed":846.1376805610985},"chunk-stream3-00040":{"qoeTotal":-45108.2615660142,"qoeBitrate":27500,"qoeRebuffer":20008.799999713898,"qoeLatency":51278.40000000001,"qoeBitrateSwitch":450,"qoePlaybackSpeed":871.0615663002876},"chunk-stream3-00041":{"qoeTotal":-46852.17132498667,"qoeBitrate":28750,"qoeRebuffer":20008.799999713898,"qoeLatency":54228.600000000006,"qoeBitrateSwitch":450,"qoePlaybackSpeed":914.7713252727694},"chunk-stream3-00042":{"qoeTotal":-48645.37734411107,"qoeBitrate":30000,"qoeRebuffer":20008.799999713898,"qoeLatency":57234.00000000001,"qoeBitrateSwitch":450,"qoePlaybackSpeed":952.5773443971594},"chunk-stream3-00043":{"qoeTotal":-50458.07828651508,"qoeBitrate":31250,"qoeRebuffer":20008.799999713898,"qoeLatency":60269.40000000001,"qoeBitrateSwitch":450,"qoePlaybackSpeed":979.8782868011763},"chunk-stream3-00044":{"qoeTotal":-52314.019136021154,"qoeBitrate":32500,"qoeRebuffer":20008.799999713898,"qoeLatency":63348.600000000006,"qoeBitrateSwitch":450,"qoePlaybackSpeed":1006.6191363072485},"chunk-stream3-00045":{"qoeTotal":-54224.31199004428,"qoeBitrate":33750,"qoeRebuffer":20008.799999713898,"qoeLatency":66481.8,"qoeBitrateSwitch":450,"qoePlaybackSpeed":1033.7119903303856},"chunk-stream3-00046":{"qoeTotal":-56209.47108467999,"qoeBitrate":35000,"qoeRebuffer":20008.799999713898,"qoeLatency":69675,"qoeBitrateSwitch":450,"qoePlaybackSpeed":1075.6710849660947},"chunk-stream3-00047":{"qoeTotal":-59764.09743051448,"qoeBitrate":36250,"qoeRebuffer":21502.799999713898,"qoeLatency":72945,"qoeBitrateSwitch":450,"qoePlaybackSpeed":1116.2974308005766},"chunk-stream2-00048":{"qoeTotal":-62770.7808995468,"qoeBitrate":36750,"qoeRebuffer":21502.799999713898,"qoeLatency":76256.4,"qoeBitrateSwitch":600,"qoePlaybackSpeed":1161.5808998329103},"chunk-stream3-00049":{"qoeTotal":-65093.28287016832,"qoeBitrate":38000,"qoeRebuffer":21502.799999713898,"qoeLatency":79642.2,"qoeBitrateSwitch":750,"qoePlaybackSpeed":1198.2828704544245},"chunk-stream3-00050":{"qoeTotal":-69014.57731005986,"qoeBitrate":39250,"qoeRebuffer":23072.99999973178,"qoeLatency":83200.8,"qoeBitrateSwitch":750,"qoePlaybackSpeed":1240.7773103280804},"chunk-stream3-00051":{"qoeTotal":-73097.8213892485,"qoeBitrate":40500,"qoeRebuffer":24646.799999713898,"qoeLatency":86920.2,"qoeBitrateSwitch":750,"qoePlaybackSpeed":1280.8213895346003},"chunk-stream3-00052":{"qoeTotal":-75653.62244318903,"qoeBitrate":41750,"qoeRebuffer":24646.799999713898,"qoeLatency":90685.8,"qoeBitrateSwitch":750,"qoePlaybackSpeed":1321.0224434751312},"chunk-stream3-00053":{"qoeTotal":-78218.65250501451,"qoeBitrate":43000,"qoeRebuffer":24646.799999713898,"qoeLatency":94483.8,"qoeBitrateSwitch":750,"qoePlaybackSpeed":1338.052505300612},"chunk-stream3-00054":{"qoeTotal":-80797.99178615137,"qoeBitrate":44250,"qoeRebuffer":24646.799999713898,"qoeLatency":98295,"qoeBitrateSwitch":750,"qoePlaybackSpeed":1356.191786437476},"chunk-stream3-00055":{"qoeTotal":-83483.79420827409,"qoeBitrate":45500,"qoeRebuffer":24646.799999713898,"qoeLatency":102185.4,"qoeBitrateSwitch":750,"qoePlaybackSpeed":1401.5942085602014},"init-stream4":{"qoeTotal":-89297.5942082741,"qoeBitrate":47500,"qoeRebuffer":24646.799999713898,"qoeLatency":109789.2,"qoeBitrateSwitch":900,"qoePlaybackSpeed":1461.5942085602014},"chunk-stream4-00056":{"qoeTotal":-99809.77119488208,"qoeBitrate":49500,"qoeRebuffer":32554.19999974966,"qoeLatency":114364.2,"qoeBitrateSwitch":900,"qoePlaybackSpeed":1491.3711951324194},"chunk-stream3-00057":{"qoeTotal":-104971.01878297399,"qoeBitrate":50750,