{"chunk-stream2-00018":{"qoeTotal":-487.33881024211007,"qoeBitrate":500,"qoeRebuffer":0,"qoeLatency":949.2,"qoeBitrateSwitch":0,"qoePlaybackSpeed":38.13881024211001},"init-stream0":{"qoeTotal":-1460.6776204842201,"qoeBitrate":600,"qoeRebuffer":0,"qoeLatency":1904.4,"qoeBitrateSwitch":80,"qoePlaybackSpeed":76.27762048422002},"chunk-stream0-00019":{"qoeTotal":-2355.81643072633,"qoeBitrate":700,"qoeRebuffer":0,"qoeLatency":2861.4,"qoeBitrateSwitch":80,"qoePlaybackSpeed":114.41643072633003},"chunk-stream0-00020":{"qoeTotal":-3253.3552409684403,"qoeBitrate":800,"qoeRebuffer":0,"qoeLatency":3820.8,"qoeBitrateSwitch":80,"qoePlaybackSpeed":152.55524096844005},"chunk-stream0-00021":{"qoeTotal":-4148.589920676381,"qoeBitrate":900,"qoeRebuffer":0,"qoeLatency":4797.6,"qoeBitrateSwitch":80,"qoePlaybackSpeed":170.98992067638054},"init-stream5":{"qoeTotal":-2704.307263608374,"qoeBitrate":3900,"qoeRebuffer":0,"qoeLatency":5758.200000000001,"qoeBitrateSwitch":660,"qoePlaybackSpeed":186.107263608373},"chunk-stream5-00022":{"qoeTotal":-662.1816048350098,"qoeBitrate":6900,"qoeRebuffer":0,"qoeLatency":6703.800000000001,"qoeBitrateSwitch":660,"qoePlaybackSpeed":198.3816048350087},"chunk-stream5-00023":{"qoeTotal":1388.944053938354,"qoeBitrate":9900,"qoeRebuffer":0,"qoeLatency":7640.4000000000015,"qoeBitrateSwitch":660,"qoePlaybackSpeed":210.65594606164439},"chunk-stream5-00024":{"qoeTotal":3462.882873832058,"qoeBitrate":12900,"qoeRebuffer":0,"qoeLatency":8559.000000000002,"qoeBitrateSwitch":660,"qoePlaybackSpeed":218.11712616794017},"chunk-stream5-00025":{"qoeTotal":5539.482873832058,"qoeBitrate":15900,"qoeRebuffer":0,"qoeLatency":9482.400000000001,"qoeBitrateSwitch":660,"qoePlaybackSpeed":218.11712616794017},"chunk-stream5-00026":{"qoeTotal":7624.482873832058,"qoeBitrate":18900,"qoeRebuffer":0,"qoeLatency":10397.400000000001,"qoeBitrateSwitch":660,"qoePlaybackSpeed":218.11712616794017},"chunk-stream5-00027":{"qoeTotal":9700.482873832058,"qoeBitrate":21900,"qoeRebuffer":0,"qoeLatency":11321.400000000001,"qoeBitrateSwitch":660,"qoePlaybackSpeed":218.11712616794017},"chunk-stream5-00028":{"qoeTotal":11777.082873832058,"qoeBitrate":24900,"qoeRebuffer":0,"qoeLatency":12244.800000000001,"qoeBitrateSwitch":660,"qoePlaybackSpeed":218.11712616794017},"chunk-stream5-00029":{"qoeTotal":13853.682873832058,"qoeBitrate":27900,"qoeRebuffer":0,"qoeLatency":13168.2,"qoeBitrateSwitch":660,"qoePlaybackSpeed":218.11712616794017},"chunk-stream5-00030":{"qoeTotal":15928.482873832058,"qoeBitrate":30900,"qoeRebuffer":0,"qoeLatency":14093.400000000001,"qoeBitrateSwitch":660,"qoePlaybackSpeed":218.11712616794017},"chunk-stream5-00031":{"qoeTotal":18004.482873832058,"qoeBitrate":33900,"qoeRebuffer":0,"qoeLatency":15017.400000000001,"qoeBitrateSwitch":660,"qoePlaybackSpeed":218.11712616794017},"chunk-stream5-00032":{"qoeTotal":20089.482873832058,"qoeBitrate":36900,"qoeRebuffer":0,"qoeLatency":15932.400000000001,"qoeBitrateSwitch":660,"qoePlaybackSpeed":218.11712616794017},"chunk-stream5-00033":{"qoeTotal":22174.482873832058,"qoeBitrate":39900,"qoeRebuffer":0,"qoeLatency":16847.4,"qoeBitrateSwitch":660,"qoePlaybackSpeed":218.11712616794017},"chunk-stream5-00034":{"qoeTotal":24259.482873832058,"qoeBitrate":42900,"qoeRebuffer":0,"qoeLatency":17762.4,"qoeBitrateSwitch":660,"qoePlaybackSpeed":218.11712616794017},"chunk-stream5-00035":{"qoeTotal":26336.082873832056,"qoeBitrate":45900,"qoeRebuffer":0,"qoeLatency":18685.800000000003,"qoeBitrateSwitch":660,"qoePlaybackSpeed":218.11712616794017},"chunk-stream5-00036":{"qoeTotal":28412.082873832056,"qoeBitrate":48900,"qoeRebuffer":0,"qoeLatency":19609.800000000003,"qoeBitrateSwitch":660,"qoePlaybackSpeed":218.11712616794017},"chunk-stream5-00037":{"qoeTotal":30497.082873832056,"qoeBitrate":51900,"qoeRebuffer":0,"qoeLatency":20524.800000000003,"qoeBitrateSwitch":660,"qoePlaybackSpeed":218.11712616794017},"chunk-stream5-00038":{"qoeTotal":32582.082873832056,"qoeBitrate":54900,"qoeRebuffer":0,"qoeLatency":21439.800000000003,"qoeBitrateSwitch":660,"qoePlaybackSpeed":218.11712616794017},"chunk-stream5-00039":{"qoeTotal":34667.082873832056,"qoeBitrate":57900,"qoeRebuffer":0,"qoeLatency":22354.800000000003,"qoeBitrateSwitch":660,"qoePlaybackSpeed":218.11712616794017},"chunk-stream5-00040":{"qoeTotal":36752.082873832056,"qoeBitrate":60900,"qoeRebuffer":0,"qoeLatency":23269.800000000003,"qoeBitrateSwitch":660,"qoePlaybackSpeed":218.11712616794017},"chunk-stream5-00041":{"qoeTotal":38837.082873832056,"qoeBitrate":63900,"qoeRebuffer":0,"qoeLatency":24184.800000000003,"qoeBitrateSwitch":660,"qoePlaybackSpeed":218.11712616794017},"chunk-stream5-00042":{"qoeTotal":40922.082873832056,"qoeBitrate":66900,"qoeRebuffer":0,"qoeLatency":25099.800000000003,"qoeBitrateSwitch":660,"qoePlaybackSpeed":218.11712616794017},"chunk-stream5-00043":{"qoeTotal":43007.082873832056,"qoeBitrate":69900,"qoeRebuffer":0,"qoeLatency":26014.800000000003,"qoeBitrateSwitch":660,"qoePlaybackSpeed":218.11712616794017},"chunk-stream5-00044":{"qoeTotal":45092.082873832056,"qoeBitrate":72900,"qoeRebuffer":0,"qoeLatency":26929.800000000003,"qoeBitrateSwitch":660,"qoePlaybackSpeed":218.11712616794017},"chunk-stream5-00045":{"qoeTotal":47177.082873832056,"qoeBitrate":75900,"qoeRebuffer":0,"qoeLatency":27844.800000000003,"qoeBitrateSwitch":660,"qoePlaybackSpeed":218.11712616794017},"chunk-stream5-00046":{"qoeTotal":49262.082873832056,"qoeBitrate":78900,"qoeRebuffer":0,"qoeLatency":28759.800000000003,"qoeBitrateSwitch":660,"qoePlaybackSpeed":218.11712616794017},"chunk-stream5-00047":{"qoeTotal":51339.28287383205,"qoeBitrate":81900,"qoeRebuffer":0,"qoeLatency":29682.600000000002,"qoeBitrateSwitch":660,"qoePlaybackSpeed":218.11712616794017},"chunk-stream5-00048":{"qoeTotal":53417.082873832056,"qoeBitrate":84900,"qoeRebuffer":0,"qoeLatency":30604.800000000003,"qoeBitrateSwitch":660,"qoePlaybackSpeed":218.11712616794017},"chunk-stream5-00049":{"qoeTotal":55490.682873832055,"qoeBitrate":87900,"qoeRebuffer":0,"qoeLatency":31531.200000000004,"qoeBitrateSwitch":660,"qoePlaybackSpeed":218.11712616794017},"chunk-stream5-00050":{"qoeTotal":57575.682873832055,"qoeBitrate":90900,"qoeRebuffer":0,"qoeLatency":32446.200000000004,"qoeBitrateSwitch":660,"qoePlaybackSpeed":218.11712616794017},"chunk-stream5-00051":{"qoeTotal":59651.082873832056,"qoeBitrate":93900,"qoeRebuffer":0,"qoeLatency":33370.8,"qoeBitrateSwitch":660,"qoePlaybackSpeed":218.11712616794017},"chunk-stream5-00052":{"qoeTotal":61729.48287383206,"qoeBitrate":96900,"qoeRebuffer":0,"qoeLatency":34292.4,"qoeBitrateSwitch":660,"qoePlaybackSpeed":218.11712616794017},"chunk-stream5-00053":{"qoeTotal":63807.28287383206,"qoeBitrate":99900,"qoeRebuffer":0,"qoeLatency":35214.6,"qoeBitrateSwitch":660,"qoePlaybackSpeed":218.11712616794017},"chunk-stream5-00054":{"qoeTotal":65885.08287383207,"qoeBitrate":102900,"qoeRebuffer":0,"qoeLatency":36136.799999999996,"qoeBitrateSwitch":660,"qoePlaybackSpeed":218.11712616794017},"chunk-stream5-00055":{"qoeTotal":67970.08287383207,"qoeBitrate":105900,"qoeRebuffer":0,"qoeLatency":37051.799999999996,"qoeBitrateSwitch":660,"qoePlaybackSpeed":218.11712616794017},"chunk-stream5-00056":{"qoeTotal":70055.08287383207,"qoeBitrate":108900,"qoeRebuffer":0,"qoeLatency":37966.799999999996,"qoeBitrateSwitch":660,"qoePlaybackSpeed":218.11712616794017},"chunk-stream5-00057":{"qoeTotal":72140.08287383207,"qoeBitrate":111900,"qoeRebuffer":0,"qoeLatency":38881.799999999996,"qoeBitrateSwitch":660,"qoePlaybackSpeed":218.11712616794017},"chunk-stream5-00058":{"qoeTotal":74225.08287383207,"qoeBitrate":114900,"qoeRebuffer":0,"qoeLatency":39796.799999999996,"qoeBitrateSwitch":660,"qoePlaybackSpeed":218.11712616794017},"chunk-stream5-00059":{"qoeTotal":76302.28287383205,"qoeBitrate":117900,"qoeRebuffer":0,"qoeLatency":40719.6,"qoeBitrateSwitch":660,"qoePlaybackSpeed":218.11712616794017},"chunk-stream5-00060":{"qoeTotal":78378.88287383206,"qoeBitrate":120900,"qoeRebuffer":0,"qoeLatency":41643,"qoeBitrateSwitch":660,"qoePlaybackSpeed":218.11712616794017},