{"chunk-stream2-00018":{"qoeTotal":-553.2226998328706,"qoeBitrate":500,"qoeRebuffer":0,"qoeLatency":1004.4,"qoeBitrateSwitch":0,"qoePlaybackSpeed":48.8226998328706},"chunk-stream2-00019":{"qoeTotal":-1105.4847005629804,"qoeBitrate":1000,"qoeRebuffer":0,"qoeLatency":2028,"qoeBitrateSwitch":0,"qoePlaybackSpeed":77.48470056298045},"chunk-stream2-00020":{"qoeTotal":-1640.9467012930904,"qoeBitrate":1500,"qoeRebuffer":0,"qoeLatency":3034.8,"qoeBitrateSwitch":0,"qoePlaybackSpeed":106.1467012930903},"chunk-stream2-00021":{"qoeTotal":-2156.814758389967,"qoeBitrate":2000,"qoeRebuffer":0,"qoeLatency":4026.6000000000004,"qoeBitrateSwitch":0,"qoePlaybackSpeed":130.21475838996707},"chunk-stream2-00022":{"qoeTotal":-2655.4641516414426,"qoeBitrate":2500,"qoeRebuffer":0,"qoeLatency":5005.200000000001,"qoeBitrateSwitch":0,"qoePlaybackSpeed":150.26415164144208},"chunk-stream2-00023":{"qoeTotal":-3133.638456475231,"qoeBitrate":3000,"qoeRebuffer":0,"qoeLatency":5967.000000000001,"qoeBitrateSwitch":0,"qoePlaybackSpeed":166.63845647523004},"chunk-stream2-00024":{"qoeTotal":-3585.8684867068528,"qoeBitrate":3500,"qoeRebuffer":0,"qoeLatency":6908.400000000001,"qoeBitrateSwitch":0,"qoePlaybackSpeed":177.46848670685205},"chunk-stream2-00025":{"qoeTotal":-4017.781940745818,"qoeBitrate":4000,"qoeRebuffer":0,"qoeLatency":7833,"qoeBitrateSwitch":0,"qoePlaybackSpeed":184.78194074581796},"chunk-stream2-00026":{"qoeTotal":-4436.381940745819,"qoeBitrate":4500,"qoeRebuffer":0,"qoeLatency":8751.6,"qoeBitrateSwitch":0,"qoePlaybackSpeed":184.78194074581796},"chunk-stream2-00027":{"qoeTotal":-4854.981940745819,"qoeBitrate":5000,"qoeRebuffer":0,"qoeLatency":9670.2,"qoeBitrateSwitch":0,"qoePlaybackSpeed":184.78194074581796},"chunk-stream2-00028":{"qoeTotal":-5270.581940745819,"qoeBitrate":5500,"qoeRebuffer":0,"qoeLatency":10585.800000000001,"qoeBitrateSwitch":0,"qoePlaybackSpeed":184.78194074581796},"chunk-stream2-00029":{"qoeTotal":-5689.18194074582,"qoeBitrate":6000,"qoeRebuffer":0,"qoeLatency":11504.400000000001,"qoeBitrateSwitch":0,"qoePlaybackSpeed":184.78194074581796},"chunk-stream2-00030":{"qoeTotal":-6107.78194074582,"qoeBitrate":6500,"qoeRebuffer":0,"qoeLatency":12423.000000000002,"qoeBitrateSwitch":0,"qoePlaybackSpeed":184.78194074581796},"chunk-stream2-00031":{"qoeTotal":-6526.38194074582,"qoeBitrate":7000,"qoeRebuffer":0,"qoeLatency":13341.600000000002,"qoeBitrateSwitch":0,"qoePlaybackSpeed":184.78194074581796},"chunk-stream2-00032":{"qoeTotal":-6945.581940745821,"qoeBitrate":7500,"qoeRebuffer":0,"qoeLatency":14260.800000000003,"qoeBitrateSwitch":0,"qoePlaybackSpeed":184.78194074581796},"chunk-stream2-00033":{"qoeTotal":-7364.1819407458215,"qoeBitrate":8000,"qoeRebuffer":0,"qoeLatency":15179.400000000003,"qoeBitrateSwitch":0,"qoePlaybackSpeed":184.78194074581796},"chunk-stream2-00034":{"qoeTotal":-7782.781940745822,"qoeBitrate":8500,"qoeRebuffer":0,"qoeLatency":16098.000000000004,"qoeBitrateSwitch":0,"qoePlaybackSpeed":184.78194074581796},"chunk-stream2-00035":{"qoeTotal":-8201.38194074582,"qoeBitrate":9000,"qoeRebuffer":0,"qoeLatency":17016.600000000002,"qoeBitrateSwitch":0,"qoePlaybackSpeed":184.78194074581796},"chunk-stream2-00036":{"qoeTotal":-8619.38194074582,"qoeBitrate":9500,"qoeRebuffer":0,"qoeLatency":17934.600000000002,"qoeBitrateSwitch":0,"qoePlaybackSpeed":184.78194074581796},"chunk-stream2-00037":{"qoeTotal":-9037.981940745818,"qoeBitrate":10000,"qoeRebuffer":0,"qoeLatency":18853.2,"qoeBitrateSwitch":0,"qoePlaybackSpeed":184.78194074581796},"chunk-stream2-00038":{"qoeTotal":-9453.581940745817,"qoeBitrate":10500,"qoeRebuffer":0,"qoeLatency":19768.8,"qoeBitrateSwitch":0,"qoePlaybackSpeed":184.78194074581796},"chunk-stream2-00039":{"qoeTotal":-9872.181940745815,"qoeBitrate":11000,"qoeRebuffer":0,"qoeLatency":20687.399999999998,"qoeBitrateSwitch":0,"qoePlaybackSpeed":184.78194074581796},"chunk-stream2-00040":{"qoeTotal":-10290.781940745814,"qoeBitrate":11500,"qoeRebuffer":0,"qoeLatency":21605.999999999996,"qoeBitrateSwitch":0,"qoePlaybackSpeed":184.78194074581796},"init-stream3":{"qoeTotal":-11186.981940446722,"qoeBitrate":12750,"qoeRebuffer":0,"qoeLatency":23542.199999999997,"qoeBitrateSwitch":150,"qoePlaybackSpeed":244.78194044672404},"chunk-stream3-00041":{"qoeTotal":-10856.781940446721,"qoeBitrate":14000,"qoeRebuffer":0,"qoeLatency":24461.999999999996,"qoeBitrateSwitch":150,"qoePlaybackSpeed":244.78194044672404},"chunk-stream3-00042":{"qoeTotal":-10527.181940446722,"qoeBitrate":15250,"qoeRebuffer":0,"qoeLatency":25382.399999999998,"qoeBitrateSwitch":150,"qoePlaybackSpeed":244.78194044672404},"chunk-stream3-00043":{"qoeTotal":-10197.581940446724,"qoeBitrate":16500,"qoeRebuffer":0,"qoeLatency":26302.8,"qoeBitrateSwitch":150,"qoePlaybackSpeed":244.78194044672404},"chunk-stream3-00044":{"qoeTotal":-9868.581940446724,"qoeBitrate":17750,"qoeRebuffer":0,"qoeLatency":27223.8,"qoeBitrateSwitch":150,"qoePlaybackSpeed":244.78194044672404},"chunk-stream3-00045":{"qoeTotal":-9539.581940446724,"qoeBitrate":19000,"qoeRebuffer":0,"qoeLatency":28144.8,"qoeBitrateSwitch":150,"qoePlaybackSpeed":244.78194044672404},"chunk-stream3-00046":{"qoeTotal":-9209.381940446723,"qoeBitrate":20250,"qoeRebuffer":0,"qoeLatency":29064.6,"qoeBitrateSwitch":150,"qoePlaybackSpeed":244.78194044672404},"chunk-stream3-00047":{"qoeTotal":-8880.381940446723,"qoeBitrate":21500,"qoeRebuffer":0,"qoeLatency":29985.6,"qoeBitrateSwitch":150,"qoePlaybackSpeed":244.78194044672404},"chunk-stream3-00048":{"qoeTotal":-8550.781940446725,"qoeBitrate":22750,"qoeRebuffer":0,"qoeLatency":30906,"qoeBitrateSwitch":150,"qoePlaybackSpeed":244.78194044672404},"chunk-stream3-00049":{"qoeTotal":-8222.381940446723,"qoeBitrate":24000,"qoeRebuffer":0,"qoeLatency":31827.6,"qoeBitrateSwitch":150,"qoePlaybackSpeed":244.78194044672404},"chunk-stream3-00050":{"qoeTotal":-7887.981940446721,"qoeBitrate":25250,"qoeRebuffer":0,"qoeLatency":32743.199999999997,"qoeBitrateSwitch":150,"qoePlaybackSpeed":244.78194044672404},"chunk-stream3-00051":{"qoeTotal":-7559.581940446719,"qoeBitrate":26500,"qoeRebuffer":0,"qoeLatency":33664.799999999996,"qoeBitrateSwitch":150,"qoePlaybackSpeed":244.78194044672404},"chunk-stream3-00052":{"qoeTotal":-7225.181940446718,"qoeBitrate":27750,"qoeRebuffer":0,"qoeLatency":34580.399999999994,"qoeBitrateSwitch":150,"qoePlaybackSpeed":244.78194044672404},"chunk-stream3-00053":{"qoeTotal":-6895.581940446719,"qoeBitrate":29000,"qoeRebuffer":0,"qoeLatency":35500.799999999996,"qoeBitrateSwitch":150,"qoePlaybackSpeed":244.78194044672404},"chunk-stream3-00054":{"qoeTotal":-6566.581940446719,"qoeBitrate":30250,"qoeRebuffer":0,"qoeLatency":36421.799999999996,"qoeBitrateSwitch":150,"qoePlaybackSpeed":244.78194044672404},"chunk-stream3-00055":{"qoeTotal":-6240.581940446719,"qoeBitrate":31500,"qoeRebuffer":0,"qoeLatency":37345.799999999996,"qoeBitrateSwitch":150,"qoePlaybackSpeed":244.78194044672404},"chunk-stream3-00056":{"qoeTotal":-9448.631351651995,"qoeBitrate":32750,"qoeRebuffer":3153.5999994277954,"qoeLatency":38609.399999999994,"qoeBitrateSwitch":150,"qoePlaybackSpeed":285.6313522242053},"chunk-stream3-00057":{"qoeTotal":-11187.404149022497,"qoeBitrate":34000,"qoeRebuffer":4673.9999985694885,"qoeLatency":40035.59999999999,"qoeBitrateSwitch":150,"qoePlaybackSpeed":327.8041504530174},"chunk-stream3-00058":{"qoeTotal":-13135.95249140829,"qoeBitrate":35250,"qoeRebuffer":6191.9999985694885,"qoeLatency":41675.99999999999,"qoeBitrateSwitch":150,"qoePlaybackSpeed":367.9524928388086},"chunk-stream3-00059":{"qoeTotal":-15347.101660606253,"qoeBitrate":36500,"qoeRebuffer":7766.9999985694885,"qoeLatency":43525.19999999999,"qoeBitrateSwitch":150,"qoePlaybackSpeed":404.90166203677427},"chunk-stream3-00060":{"qoeTotal":-17682.247095722654,"qoeBitrate":37750,"qoeRebuffer":9299.399997711182,"qoeLatency":45538.79999999999,"qoeBitrateSwitch":150,"qoePlaybackSpeed":444.0470980114852},"chunk-stream3-00061":{"qoeTotal":-20200.954780719658,"qoeBitrate":39000,"qoeRebuffer":10840.19999885559,"qoeLatency":47721.59999999999,"qoeBitrateSwitch":150,