{"chunk-stream2-00018":{"qoeTotal":-612.3958865126029,"qoeBitrate":500,"qoeRebuffer":0,"qoeLatency":1073.3999999999999,"qoeBitrateSwitch":0,"qoePlaybackSpeed":38.99588651260313},"init-stream3":{"qoeTotal":-947.3512173562794,"qoeBitrate":1750,"qoeRebuffer":0,"qoeLatency":2497.2,"qoeBitrateSwitch":150,"qoePlaybackSpeed":50.15121735627961},"chunk-stream3-00019":{"qoeTotal":-2564.1120747481473,"qoeBitrate":3000,"qoeRebuffer":1562.4000000357628,"qoeLatency":3759.6,"qoeBitrateSwitch":150,"qoePlaybackSpeed":92.11207471238478},"init-stream2":{"qoeTotal":-10125.093309230053,"qoeBitrate":3500,"qoeRebuffer":1562.4000000357628,"qoeLatency":11629.800000000001,"qoeBitrateSwitch":300,"qoePlaybackSpeed":132.89330919428835},"chunk-stream2-00020":{"qoeTotal":-12537.001352630732,"qoeBitrate":4000,"qoeRebuffer":3108,"qoeLatency":12966,"qoeBitrateSwitch":300,"qoePlaybackSpeed":163.0013526307321},"chunk-stream3-00021":{"qoeTotal":-14659.822942161694,"qoeBitrate":5250,"qoeRebuffer":4689.600000053644,"qoeLatency":14563.2,"qoeBitrateSwitch":450,"qoePlaybackSpeed":207.0229421080489},"chunk-stream2-00022":{"qoeTotal":-17592.769975336345,"qoeBitrate":5750,"qoeRebuffer":6206.400000035763,"qoeLatency":16291.2,"qoeBitrateSwitch":600,"qoePlaybackSpeed":245.16997530058308},"chunk-stream3-00023":{"qoeTotal":-24761.496876540703,"qoeBitrate":7000,"qoeRebuffer":12205.799999982119,"qoeLatency":18511.8,"qoeBitrateSwitch":750,"qoePlaybackSpeed":293.8968765585844},"chunk-stream2-00024":{"qoeTotal":-26881.146992555816,"qoeBitrate":7500,"qoeRebuffer":12205.799999982119,"qoeLatency":20941.8,"qoeBitrateSwitch":900,"qoePlaybackSpeed":333.5469925736965},"chunk-stream2-00025":{"qoeTotal":-32016.125799710288,"qoeBitrate":8000,"qoeRebuffer":15317.399999946356,"qoeLatency":23421.6,"qoeBitrateSwitch":900,"qoePlaybackSpeed":377.12579976393397},"chunk-stream2-00026":{"qoeTotal":-34039.988013843424,"qoeBitrate":8500,"qoeRebuffer":15317.399999946356,"qoeLatency":25935.6,"qoeBitrateSwitch":900,"qoePlaybackSpeed":386.98801389707285},"chunk-stream2-00027":{"qoeTotal":-36076.06523919682,"qoeBitrate":9000,"qoeRebuffer":15317.399999946356,"qoeLatency":28458,"qoeBitrateSwitch":900,"qoePlaybackSpeed":400.66523925046323},"chunk-stream2-00028":{"qoeTotal":-38128.422601179154,"qoeBitrate":9500,"qoeRebuffer":15317.399999946356,"qoeLatency":30988.2,"qoeBitrateSwitch":900,"qoePlaybackSpeed":422.8226012328046},"chunk-stream3-00029":{"qoeTotal":-42724.8300463421,"qoeBitrate":10750,"qoeRebuffer":18380.39999985695,"qoeLatency":33574.8,"qoeBitrateSwitch":1050,"qoePlaybackSpeed":469.63004648514567},"chunk-stream2-00030":{"qoeTotal":-46746.645487564405,"qoeBitrate":11250,"qoeRebuffer":19934.999999821186,"qoeLatency":36352.200000000004,"qoeBitrateSwitch":1200,"qoePlaybackSpeed":509.4454877432141},"chunk-stream2-00031":{"qoeTotal":-49103.58170529107,"qoeBitrate":11750,"qoeRebuffer":19934.999999821186,"qoeLatency":39171.00000000001,"qoeBitrateSwitch":1200,"qoePlaybackSpeed":547.5817054698772},"chunk-stream2-00032":{"qoeTotal":-51463.884588101355,"qoeBitrate":12250,"qoeRebuffer":19934.999999821186,"qoeLatency":42022.80000000001,"qoeBitrateSwitch":1200,"qoePlaybackSpeed":556.0845882801583},"chunk-stream2-00033":{"qoeTotal":-53796.230960419394,"qoeBitrate":12750,"qoeRebuffer":19934.999999821186,"qoeLatency":44848.80000000001,"qoeBitrateSwitch":1200,"qoePlaybackSpeed":562.4309605982012},"chunk-stream2-00034":{"qoeTotal":-56128.830947637856,"qoeBitrate":13250,"qoeRebuffer":19934.999999821186,"qoeLatency":47621.40000000001,"qoeBitrateSwitch":1200,"qoePlaybackSpeed":622.430947816658},"chunk-stream2-00035":{"qoeTotal":-58399.03093485631,"qoeBitrate":13750,"qoeRebuffer":19934.999999821186,"qoeLatency":50331.600000000006,"qoeBitrateSwitch":1200,"qoePlaybackSpeed":682.4309350351148},"chunk-stream3-00036":{"qoeTotal":-60047.76998277599,"qoeBitrate":15000,"qoeRebuffer":19934.999999821186,"qoeLatency":53039.40000000001,"qoeBitrateSwitch":1350,"qoePlaybackSpeed":723.3699829547966},"chunk-stream2-00037":{"qoeTotal":-62437.36998277599,"qoeBitrate":15500,"qoeRebuffer":19934.999999821186,"qoeLatency":55779.00000000001,"qoeBitrateSwitch":1500,"qoePlaybackSpeed":723.3699829547966},"chunk-stream2-00038":{"qoeTotal":-66302.35657479544,"qoeBitrate":16000,"qoeRebuffer":21513.599999785423,"qoeLatency":58545.600000000006,"qoeBitrateSwitch":1500,"qoePlaybackSpeed":743.1565750100108},"chunk-stream3-00039":{"qoeTotal":-68062.88266751506,"qoeBitrate":17250,"qoeRebuffer":21513.599999785423,"qoeLatency":61368.600000000006,"qoeBitrateSwitch":1650,"qoePlaybackSpeed":780.6826677296325},"chunk-stream3-00040":{"qoeTotal":-71332.58228072689,"qoeBitrate":18500,"qoeRebuffer":23014.199999839067,"qoeLatency":64348.200000000004,"qoeBitrateSwitch":1650,"qoePlaybackSpeed":820.182280887804},"chunk-stream2-00041":{"qoeTotal":-74010.78228072688,"qoeBitrate":19000,"qoeRebuffer":23014.199999839067,"qoeLatency":67376.40000000001,"qoeBitrateSwitch":1800,"qoePlaybackSpeed":820.182280887804},"chunk-stream2-00042":{"qoeTotal":-78092.58259557404,"qoeBitrate":19500,"qoeRebuffer":24528.599999785423,"qoeLatency":70420.8,"qoeBitrateSwitch":1800,"qoePlaybackSpeed":843.1825957886203},"chunk-stream3-00043":{"qoeTotal":-80030.9349789707,"qoeBitrate":20750,"qoeRebuffer":24528.599999785423,"qoeLatency":73441.8,"qoeBitrateSwitch":1950,"qoePlaybackSpeed":860.5349791852751},"chunk-stream3-00044":{"qoeTotal":-81877.0827828792,"qoeBitrate":22000,"qoeRebuffer":24528.599999785423,"qoeLatency":76513.8,"qoeBitrateSwitch":1950,"qoePlaybackSpeed":884.6827830937658},"chunk-stream3-00045":{"qoeTotal":-83808.48462105503,"qoeBitrate":23250,"qoeRebuffer":24528.599999785423,"qoeLatency":79660.8,"qoeBitrateSwitch":1950,"qoePlaybackSpeed":919.0846212696096},"chunk-stream2-00046":{"qoeTotal":-86662.68645923088,"qoeBitrate":23750,"qoeRebuffer":24528.599999785423,"qoeLatency":82830.6,"qoeBitrateSwitch":2100,"qoePlaybackSpeed":953.4864594454533},"chunk-stream3-00047":{"qoeTotal":-88787.496297453,"qoeBitrate":25000,"qoeRebuffer":24528.599999785423,"qoeLatency":86040.6,"qoeBitrateSwitch":2250,"qoePlaybackSpeed":968.2962976675801},"chunk-stream3-00048":{"qoeTotal":-92383.28533991256,"qoeBitrate":26250,"qoeRebuffer":26074.799999803305,"qoeLatency":89312.40000000001,"qoeBitrateSwitch":2250,"qoePlaybackSpeed":996.0853401092515},"chunk-stream3-00049":{"qoeTotal":-96241.93180260927,"qoeBitrate":27500,"qoeRebuffer":27667.799999803305,"qoeLatency":92782.20000000001,"qoeBitrateSwitch":2250,"qoePlaybackSpeed":1041.9318028059513},"chunk-stream2-00050":{"qoeTotal":-101752.55292083354,"qoeBitrate":28000,"qoeRebuffer":29846.399999767542,"qoeLatency":96429.00000000001,"qoeBitrateSwitch":2400,"qoePlaybackSpeed":1077.152921065986},"chunk-stream2-00051":{"qoeTotal":-104969.99497417513,"qoeBitrate":28500,"qoeRebuffer":29846.399999767542,"qoeLatency":100113.60000000002,"qoeBitrateSwitch":2400,"qoePlaybackSpeed":1109.9949744075707},"chunk-stream2-00052":{"qoeTotal":-108180.45823666047,"qoeBitrate":29000,"qoeRebuffer":29846.399999767542,"qoeLatency":103816.20000000003,"qoeBitrateSwitch":2400,"qoePlaybackSpeed":1117.8582368928994},"chunk-stream3-00053":{"qoeTotal":-110793.0156276986,"qoeBitrate":30250,"qoeRebuffer":29846.399999767542,"qoeLatency":107498.40000000002,"qoeBitrateSwitch":2550,"qoePlaybackSpeed":1148.2156279310318},"chunk-stream3-00054":{"qoeTotal":-115023.85386948012,"qoeBitrate":31500,"qoeRebuffer":31370.399999767542,"qoeLatency":111418.20000000003,"qoeBitrateSwitch":2550,"qoePlaybackSpeed":1185.25386971255},"chunk-stream2-00055":{"qoeTotal":-120428.1011134439,"qoeBitrate":32000,"qoeRebuffer":32950.19999983907,"qoeLatency":115561.80000000003,"qoeBitrateSwitch":2700,"qoePlaybackSpeed":1216.101113604804},"chunk-stream2-00056":{"qoeTotal":-128563.90326376178,"qoeBitrate":32500,"qoeRebuffer":37174.19999983907,"qoeLatency":119944.20000000003,"qoeBitrateSwitch":2700,"qoePlaybackSpeed":1245.503263922686},"chunk-stream2-00057":{"qoeTotal":-132509.1005958863,"qoeBitrate":33000,"qoeRebuffer":37174.19999983907,