{"init-stream2":{"qoeTotal":497.76,"qoeBitrate":500,"qoeRebuffer":0,"qoeLatency":2.24,"qoeBitrateSwitch":0,"qoePlaybackSpeed":0},"chunk-stream2-00021":{"qoeTotal":958.1596977361845,"qoeBitrate":1000,"qoeRebuffer":0,"qoeLatency":6.63,"qoeBitrateSwitch":0,"qoePlaybackSpeed":35.21030226381549},"chunk-stream2-00022":{"qoeTotal":1441.2879584918098,"qoeBitrate":1500,"qoeRebuffer":0,"qoeLatency":11.48,"qoeBitrateSwitch":0,"qoePlaybackSpeed":47.23204150819004},"chunk-stream2-00023":{"qoeTotal":1931.4605804057294,"qoeBitrate":2000,"qoeRebuffer":0,"qoeLatency":16.78,"qoeBitrateSwitch":0,"qoePlaybackSpeed":51.75941959427065},"chunk-stream2-00024":{"qoeTotal":2415.0316451345134,"qoeBitrate":2500,"qoeRebuffer":0,"qoeLatency":22.32,"qoeBitrateSwitch":0,"qoePlaybackSpeed":62.64835486548647},"chunk-stream2-00025":{"qoeTotal":1277.7413196901553,"qoeBitrate":3000,"qoeRebuffer":1585.1999999284744,"qoeLatency":29.36,"qoeBitrateSwitch":0,"qoePlaybackSpeed":107.69868038137035},"chunk-stream2-00026":{"qoeTotal":-1410.135791291429,"qoeBitrate":3500,"qoeRebuffer":4714.799999713898,"qoeLatency":41.15,"qoeBitrateSwitch":0,"qoePlaybackSpeed":154.1857915775314},"chunk-stream2-00027":{"qoeTotal":-5023.11500920917,"qoeBitrate":4000,"qoeRebuffer":7847.999999642372,"qoeLatency":974.75,"qoeBitrateSwitch":0,"qoePlaybackSpeed":200.36500956679822},"chunk-stream2-00028":{"qoeTotal":-8930.065350410372,"qoeBitrate":4500,"qoeRebuffer":11023.79999935627,"qoeLatency":2157.95,"qoeBitrateSwitch":0,"qoePlaybackSpeed":248.31535105410134},"chunk-stream2-00029":{"qoeTotal":-20103.00922645352,"qoeBitrate":5000,"qoeRebuffer":20717.39999985695,"qoeLatency":4088.75,"qoeBitrateSwitch":0,"qoePlaybackSpeed":296.8592265965708},"chunk-stream2-00030":{"qoeTotal":-27412.8618856589,"qoeBitrate":5500,"qoeRebuffer":26035.800000071526,"qoeLatency":6536.15,"qoeBitrateSwitch":0,"qoePlaybackSpeed":340.91188558737184},"chunk-stream2-00031":{"qoeTotal":-32852.130963492644,"qoeBitrate":6000,"qoeRebuffer":29209.800000071526,"qoeLatency":9254.75,"qoeBitrateSwitch":0,"qoePlaybackSpeed":387.5809634211208},"chunk-stream2-00032":{"qoeTotal":-38590.800041326394,"qoeBitrate":6500,"qoeRebuffer":32317.800000071526,"qoeLatency":12338.75,"qoeBitrateSwitch":0,"qoePlaybackSpeed":434.2500412548698},"chunk-stream2-00033":{"qoeTotal":-47186.6691195893,"qoeBitrate":7000,"qoeRebuffer":37863.60000050068,"qoeLatency":15842.15,"qoeBitrateSwitch":0,"qoePlaybackSpeed":480.9191190886188},"chunk-stream2-00034":{"qoeTotal":-55115.938197637624,"qoeBitrate":7500,"qoeRebuffer":42438.000000715256,"qoeLatency":19650.35,"qoeBitrateSwitch":0,"qoePlaybackSpeed":527.5881969223678},"chunk-stream2-00035":{"qoeTotal":-63763.40727547136,"qoeBitrate":8000,"qoeRebuffer":47391.000000715256,"qoeLatency":23798.149999999998,"qoeBitrateSwitch":0,"qoePlaybackSpeed":574.2572747561169},"chunk-stream2-00036":{"qoeTotal":-70941.4763535197,"qoeBitrate":8500,"qoeRebuffer":50540.40000092983,"qoeLatency":28280.149999999998,"qoeBitrateSwitch":0,"qoePlaybackSpeed":620.9263525898659},"chunk-stream2-00037":{"qoeTotal":-78419.57463129342,"qoeBitrate":9000,"qoeRebuffer":53662.20000100136,"qoeLatency":33089.149999999994,"qoeBitrateSwitch":0,"qoePlaybackSpeed":668.2246302920615},"chunk-stream2-00038":{"qoeTotal":-86232.47290899561,"qoeBitrate":9500,"qoeRebuffer":56773.20000100136,"qoeLatency":38243.74999999999,"qoeBitrateSwitch":0,"qoePlaybackSpeed":715.5229079942571},"chunk-stream2-00039":{"qoeTotal":-94453.72719400421,"qoeBitrate":10000,"qoeRebuffer":59955.60000085831,"qoeLatency":43739.74999999999,"qoeBitrateSwitch":0,"qoePlaybackSpeed":758.3771931459077},"chunk-stream2-00040":{"qoeTotal":-105766.52719393268,"qoeBitrate":10500,"qoeRebuffer":65848.80000078678,"qoeLatency":49659.34999999999,"qoeBitrateSwitch":0,"qoePlaybackSpeed":758.3771931459077},"chunk-stream2-00041":{"qoeTotal":-120355.41456554229,"qoeBitrate":11000,"qoeRebuffer":74319.00000035763,"qoeLatency":56230.54999999999,"qoeBitrateSwitch":0,"qoePlaybackSpeed":805.8645651846767},"chunk-stream2-00042":{"qoeTotal":-131420.50193786717,"qoeBitrate":11500,"qoeRebuffer":79012.20000064373,"qoeLatency":63054.94999999999,"qoeBitrateSwitch":0,"qoePlaybackSpeed":853.3519372234458},"chunk-stream2-00043":{"qoeTotal":-139552.93153836642,"qoeBitrate":12000,"qoeRebuffer":80575.80000078678,"qoeLatency":70077.94999999998,"qoeBitrateSwitch":0,"qoePlaybackSpeed":899.1815375796667},"chunk-stream2-00044":{"qoeTotal":-149467.5935774574,"qoeBitrate":12500,"qoeRebuffer":83704.20000100136,"qoeLatency":77319.34999999998,"qoeBitrateSwitch":0,"qoePlaybackSpeed":944.0435764560617},"chunk-stream2-00045":{"qoeTotal":-159730.94844081078,"qoeBitrate":13000,"qoeRebuffer":86889.00000071526,"qoeLatency":84851.74999999997,"qoeBitrateSwitch":0,"qoePlaybackSpeed":990.1984400955611},"chunk-stream2-00046":{"qoeTotal":-170220.5033041642,"qoeBitrate":13500,"qoeRebuffer":89983.80000042915,"qoeLatency":92700.34999999998,"qoeBitrateSwitch":0,"qoePlaybackSpeed":1036.3533037350605},"chunk-stream2-00047":{"qoeTotal":-181140.88574924358,"qoeBitrate":14000,"qoeRebuffer":93159.60000050068,"qoeLatency":100904.14999999998,"qoeBitrateSwitch":0,"qoePlaybackSpeed":1077.1357487429311},"chunk-stream2-00048":{"qoeTotal":-192387.7525843032,"qoeBitrate":14500,"qoeRebuffer":96302.40000021458,"qoeLatency":109469.14999999998,"qoeBitrateSwitch":0,"qoePlaybackSpeed":1116.2025840886638},"chunk-stream2-00049":{"qoeTotal":-207421.75258487544,"qoeBitrate":15000,"qoeRebuffer":102790.80000078678,"qoeLatency":118514.74999999999,"qoeBitrateSwitch":0,"qoePlaybackSpeed":1116.2025840886638},"chunk-stream2-00050":{"qoeTotal":-228035.01604024248,"qoeBitrate":15500,"qoeRebuffer":113979.6000008583,"qoeLatency":128391.34999999998,"qoeBitrateSwitch":0,"qoePlaybackSpeed":1164.0660393841952},"chunk-stream2-00051":{"qoeTotal":-246167.87949546648,"qoeBitrate":16000,"qoeRebuffer":122116.80000078678,"qoeLatency":138839.14999999997,"qoeBitrateSwitch":0,"qoePlaybackSpeed":1211.9294946797265},"chunk-stream2-00052":{"qoeTotal":-259596.6488680125,"qoeBitrate":16500,"qoeRebuffer":125270.4000005722,"qoeLatency":149571.94999999995,"qoeBitrateSwitch":0,"qoePlaybackSpeed":1254.2988674403546},"chunk-stream2-00053":{"qoeTotal":-273263.5268352372,"qoeBitrate":17000,"qoeRebuffer":128417.4000005722,"qoeLatency":160556.74999999994,"qoeBitrateSwitch":0,"qoePlaybackSpeed":1289.3768346651013},"chunk-stream2-00054":{"qoeTotal":-285471.69511543395,"qoeBitrate":17500,"qoeRebuffer":129997.20000064373,"qoeLatency":171656.14999999994,"qoeBitrateSwitch":0,"qoePlaybackSpeed":1318.3451147903124},"chunk-stream2-00055":{"qoeTotal":-298010.0325355632,"qoeBitrate":18000,"qoeRebuffer":131515.20000064373,"qoeLatency":183129.34999999995,"qoeBitrateSwitch":0,"qoePlaybackSpeed":1365.4825349195153},"chunk-stream2-00056":{"qoeTotal":-317394.9049856338,"qoeBitrate":18500,"qoeRebuffer":139372.20000064373,"qoeLatency":195122.74999999994,"qoeBitrateSwitch":0,"qoePlaybackSpeed":1399.9549849901343},"chunk-stream2-00057":{"qoeTotal":-330662.25604368333,"qoeBitrate":19000,"qoeRebuffer":140896.20000064373,"qoeLatency":207329.74999999994,"qoeBitrateSwitch":0,"qoePlaybackSpeed":1436.3060430396679},"chunk-stream2-00058":{"qoeTotal":-345449.2419337836,"qoeBitrate":19500,"qoeRebuffer":143787.6000008583,"qoeLatency":219681.34999999995,"qoeBitrateSwitch":0,"qoePlaybackSpeed":1480.2919329252722},"chunk-stream2-00059":{"qoeTotal":-359134.70470487163,"qoeBitrate":20000,"qoeRebuffer":145373.40000092983,"qoeLatency":232241.74999999994,"qoeBitrateSwitch":0,"qoePlaybackSpeed":1519.5547039418343},"chunk-stream2-00060":{"qoeTotal":-372974.92081895727,"qoeBitrate":20500,"qoeRebuffer":146924.40000092983,"qoeLatency":244993.54999999993,"qoeBitrateSwitch":0,"qoePlaybackSpeed":1556.9708180275254},"chunk-stream2-00061":{"qoeTotal":-386941.3331897736,"qoeBitrate":21000,"qoeRebuffer":148442.40000092983,"qoeLatency":257898.34999999992,"qoeBitrateSwitch":0,"qoePlaybackSpeed":1600.5831888438493},"chunk-stream2-00062":{"qoeTotal":-401060.3124382396,"qoeBitrate":21500,