{"chunk-stream2-00018":{"qoeTotal":-501.14559045215117,"qoeBitrate":500,"qoeRebuffer":0,"qoeLatency":955.8,"qoeBitrateSwitch":0,"qoePlaybackSpeed":45.34559045215123},"init-stream5":{"qoeTotal":991.1088190956975,"qoeBitrate":3500,"qoeRebuffer":0,"qoeLatency":1918.2,"qoeBitrateSwitch":500,"qoePlaybackSpeed":90.69118090430246},"chunk-stream5-00019":{"qoeTotal":2939.6597671673935,"qoeBitrate":6500,"qoeRebuffer":0,"qoeLatency":2934,"qoeBitrateSwitch":500,"qoePlaybackSpeed":126.3402328326064},"chunk-stream5-00020":{"qoeTotal":4876.754060152632,"qoeBitrate":9500,"qoeRebuffer":0,"qoeLatency":3976.2,"qoeBitrateSwitch":500,"qoePlaybackSpeed":147.04593984736846},"chunk-stream5-00021":{"qoeTotal":6822.976585612732,"qoeBitrate":12500,"qoeRebuffer":0,"qoeLatency":5026.799999999999,"qoeBitrateSwitch":500,"qoePlaybackSpeed":150.22341438726804},"chunk-stream5-00022":{"qoeTotal":8753.567657905309,"qoeBitrate":15500,"qoeRebuffer":0,"qoeLatency":6064.199999999999,"qoeBitrateSwitch":500,"qoePlaybackSpeed":182.23234209469314},"chunk-stream5-00023":{"qoeTotal":10689.290958537698,"qoeBitrate":18500,"qoeRebuffer":0,"qoeLatency":7105.799999999999,"qoeBitrateSwitch":500,"qoePlaybackSpeed":204.909041462303},"chunk-stream5-00024":{"qoeTotal":12670.266353991407,"qoeBitrate":21500,"qoeRebuffer":0,"qoeLatency":8119.799999999999,"qoeBitrateSwitch":500,"qoePlaybackSpeed":209.93364600859456},"chunk-stream5-00025":{"qoeTotal":14684.34728841999,"qoeBitrate":24500,"qoeRebuffer":0,"qoeLatency":9105,"qoeBitrateSwitch":500,"qoePlaybackSpeed":210.65271158001084},"chunk-stream5-00026":{"qoeTotal":16679.239105092875,"qoeBitrate":27500,"qoeRebuffer":0,"qoeLatency":10089,"qoeBitrateSwitch":500,"qoePlaybackSpeed":231.7608949071237},"chunk-stream5-00027":{"qoeTotal":18687.813480311852,"qoeBitrate":30500,"qoeRebuffer":0,"qoeLatency":11073.6,"qoeBitrateSwitch":500,"qoePlaybackSpeed":238.5865196881511},"chunk-stream5-00028":{"qoeTotal":20708.02354870332,"qoeBitrate":33500,"qoeRebuffer":0,"qoeLatency":12036.6,"qoeBitrateSwitch":500,"qoePlaybackSpeed":255.3764512966792},"chunk-stream5-00029":{"qoeTotal":22727.950269600435,"qoeBitrate":36500,"qoeRebuffer":0,"qoeLatency":13003.2,"qoeBitrateSwitch":500,"qoePlaybackSpeed":268.84973039956395},"chunk-stream5-00030":{"qoeTotal":24772.451977701196,"qoeBitrate":39500,"qoeRebuffer":0,"qoeLatency":13947,"qoeBitrateSwitch":500,"qoePlaybackSpeed":280.54802229880585},"chunk-stream5-00031":{"qoeTotal":26835.590797594898,"qoeBitrate":42500,"qoeRebuffer":0,"qoeLatency":14876.4,"qoeBitrateSwitch":500,"qoePlaybackSpeed":288.00920240510163},"chunk-stream5-00032":{"qoeTotal":28909.2107179174,"qoeBitrate":45500,"qoeRebuffer":0,"qoeLatency":15796.8,"qoeBitrateSwitch":500,"qoePlaybackSpeed":293.98928208259895},"chunk-stream5-00033":{"qoeTotal":30991.8107179174,"qoeBitrate":48500,"qoeRebuffer":0,"qoeLatency":16714.2,"qoeBitrateSwitch":500,"qoePlaybackSpeed":293.98928208259895},"chunk-stream5-00034":{"qoeTotal":33066.6107179174,"qoeBitrate":51500,"qoeRebuffer":0,"qoeLatency":17639.4,"qoeBitrateSwitch":500,"qoePlaybackSpeed":293.98928208259895},"chunk-stream5-00035":{"qoeTotal":35149.2107179174,"qoeBitrate":54500,"qoeRebuffer":0,"qoeLatency":18556.800000000003,"qoeBitrateSwitch":500,"qoePlaybackSpeed":293.98928208259895},"chunk-stream5-00036":{"qoeTotal":37231.8107179174,"qoeBitrate":57500,"qoeRebuffer":0,"qoeLatency":19474.200000000004,"qoeBitrateSwitch":500,"qoePlaybackSpeed":293.98928208259895},"chunk-stream5-00037":{"qoeTotal":39314.410717917395,"qoeBitrate":60500,"qoeRebuffer":0,"qoeLatency":20391.600000000006,"qoeBitrateSwitch":500,"qoePlaybackSpeed":293.98928208259895},"chunk-stream5-00038":{"qoeTotal":41397.61071791739,"qoeBitrate":63500,"qoeRebuffer":0,"qoeLatency":21308.400000000005,"qoeBitrateSwitch":500,"qoePlaybackSpeed":293.98928208259895},"chunk-stream5-00039":{"qoeTotal":43474.22093177073,"qoeBitrate":66500,"qoeRebuffer":0,"qoeLatency":22227.000000000004,"qoeBitrateSwitch":500,"qoePlaybackSpeed":298.77906822926684},"chunk-stream5-00040":{"qoeTotal":45543.195663392595,"qoeBitrate":69500,"qoeRebuffer":0,"qoeLatency":23151.600000000002,"qoeBitrateSwitch":500,"qoePlaybackSpeed":305.204336607401},"chunk-stream5-00041":{"qoeTotal":47593.95727868204,"qoeBitrate":72500,"qoeRebuffer":0,"qoeLatency":24081.600000000002,"qoeBitrateSwitch":500,"qoePlaybackSpeed":324.4427213179548},"chunk-stream5-00042":{"qoeTotal":49636.203354766425,"qoeBitrate":75500,"qoeRebuffer":0,"qoeLatency":25027.800000000003,"qoeBitrateSwitch":500,"qoePlaybackSpeed":335.9966452335694},"chunk-stream5-00043":{"qoeTotal":51693.449430850815,"qoeBitrate":78500,"qoeRebuffer":0,"qoeLatency":25959.000000000004,"qoeBitrateSwitch":500,"qoePlaybackSpeed":347.55056914918396},"chunk-stream5-00044":{"qoeTotal":53757.04061649935,"qoeBitrate":81500,"qoeRebuffer":0,"qoeLatency":26887.800000000003,"qoeBitrateSwitch":500,"qoePlaybackSpeed":355.15938350064715},"chunk-stream5-00045":{"qoeTotal":55835.45083035268,"qoeBitrate":84500,"qoeRebuffer":0,"qoeLatency":27804.600000000002,"qoeBitrateSwitch":500,"qoePlaybackSpeed":359.94916964731505},"chunk-stream5-00046":{"qoeTotal":57919.250830352685,"qoeBitrate":87500,"qoeRebuffer":0,"qoeLatency":28720.800000000003,"qoeBitrateSwitch":500,"qoePlaybackSpeed":359.94916964731505},"chunk-stream5-00047":{"qoeTotal":60003.05083035269,"qoeBitrate":90500,"qoeRebuffer":0,"qoeLatency":29637.000000000004,"qoeBitrateSwitch":500,"qoePlaybackSpeed":359.94916964731505},"chunk-stream5-00048":{"qoeTotal":62070.86854231654,"qoeBitrate":93500,"qoeRebuffer":0,"qoeLatency":30559.200000000004,"qoeBitrateSwitch":500,"qoePlaybackSpeed":369.93145768346125},"chunk-stream5-00049":{"qoeTotal":64154.66854231653,"qoeBitrate":96500,"qoeRebuffer":0,"qoeLatency":31475.400000000005,"qoeBitrateSwitch":500,"qoePlaybackSpeed":369.93145768346125},"chunk-stream5-00050":{"qoeTotal":66173.30817742263,"qoeBitrate":99500,"qoeRebuffer":0,"qoeLatency":32431.800000000007,"qoeBitrateSwitch":500,"qoePlaybackSpeed":394.8918225773692},"chunk-stream5-00051":{"qoeTotal":68113.2896308555,"qoeBitrate":102500,"qoeRebuffer":0,"qoeLatency":33451.200000000004,"qoeBitrateSwitch":500,"qoePlaybackSpeed":435.5103691444816},"chunk-stream5-00052":{"qoeTotal":70014.38328741565,"qoeBitrate":105500,"qoeRebuffer":0,"qoeLatency":34511.4,"qoeBitrateSwitch":500,"qoePlaybackSpeed":474.21671258434884},"chunk-stream5-00053":{"qoeTotal":71907.50753517714,"qoeBitrate":108500,"qoeRebuffer":0,"qoeLatency":35587.8,"qoeBitrateSwitch":500,"qoePlaybackSpeed":504.6924648228621},"chunk-stream5-00054":{"qoeTotal":73820.90846054176,"qoeBitrate":111500,"qoeRebuffer":0,"qoeLatency":36640.200000000004,"qoeBitrateSwitch":500,"qoePlaybackSpeed":538.891539458235},"chunk-stream5-00055":{"qoeTotal":75831.10235914,"qoeBitrate":114500,"qoeRebuffer":0,"qoeLatency":37627.200000000004,"qoeBitrateSwitch":500,"qoePlaybackSpeed":541.6976408599832},"chunk-stream5-00056":{"qoeTotal":72612.10841132177,"qoeBitrate":117500,"qoeRebuffer":4756.199998855591,"qoeLatency":39065.4,"qoeBitrateSwitch":500,"qoePlaybackSpeed":566.2915898226539},"chunk-stream5-00057":{"qoeTotal":72492.50155028906,"qoeBitrate":120500,"qoeRebuffer":6310.199998855591,"qoeLatency":40601.4,"qoeBitrateSwitch":500,"qoePlaybackSpeed":595.8984508553513},"chunk-stream5-00058":{"qoeTotal":72230.3875274064,"qoeBitrate":123500,"qoeRebuffer":7889.399999141693,"qoeLatency":42252,"qoeBitrateSwitch":500,"qoePlaybackSpeed":628.212473451908},"chunk-stream5-00059":{"qoeTotal":71983.68259251211,"qoeBitrate":126500,"qoeRebuffer":9398.399999141693,"qoeLatency":43961.4,"qoeBitrateSwitch":500,"qoePlaybackSpeed":656.5174083462005},"chunk-stream5-00060":{"qoeTotal":73181.30367585103,"qoeBitrate":129500,"qoeRebuffer":9398.399999141693,"qoeLatency":45729.6,"qoeBitrateSwitch":500,"qoePlaybackSpeed":690.6963250072803},"chunk-stream5-00061":{"qoeTotal":74360.90367585103,"qoeBitrate":132500,"qoeRebuffer":9398.399999141693,"qoeLatency":47550,"qoeBitrateSwitch":500,"qoePlaybackSpeed":690.6963250072803},