{"chunk-stream2-00018":{"qoeTotal":-527.1716342009734,"qoeBitrate":500,"qoeRebuffer":0,"qoeLatency":981,"qoeBitrateSwitch":0,"qoePlaybackSpeed":46.17163420097332},"chunk-stream2-00019":{"qoeTotal":-1073.5432684019468,"qoeBitrate":1000,"qoeRebuffer":0,"qoeLatency":1981.2,"qoeBitrateSwitch":0,"qoePlaybackSpeed":92.34326840194664},"init-stream4":{"qoeTotal":-406.13377860208095,"qoeBitrate":3000,"qoeRebuffer":0,"qoeLatency":2988.6,"qoeBitrateSwitch":300,"qoePlaybackSpeed":117.53377860208101}}