{"chunk-stream2-00018":{"qoeTotal":-544.0697261298399,"qoeBitrate":500,"qoeRebuffer":0,"qoeLatency":995.4,"qoeBitrateSwitch":0,"qoePlaybackSpeed":48.66972612983991},"init-stream4":{"qoeTotal":-780.9832981054728,"qoeBitrate":2500,"qoeRebuffer":0,"qoeLatency":2911.2,"qoeBitrateSwitch":300,"qoePlaybackSpeed":69.78329810547305},"chunk-stream4-00019":{"qoeTotal":-1467.307225111239,"qoeBitrate":4500,"qoeRebuffer":1579.2000000178814,"qoeLatency":3979.7999999999997,"qoeBitrateSwitch":300,"qoePlaybackSpeed":108.30722509335783},"chunk-stream4-00020":{"qoeTotal":-2235.647025367502,"qoeBitrate":6500,"qoeRebuffer":3120.000000089407,"qoeLatency":5170.799999999999,"qoeBitrateSwitch":300,"qoePlaybackSpeed":144.84702527809569},"chunk-stream4-00021":{"qoeTotal":-3125.8717917461786,"qoeBitrate":8500,"qoeRebuffer":4680.000000089407,"qoeLatency":6460.799999999999,"qoeBitrateSwitch":300,"qoePlaybackSpeed":185.0717916567724},"init-stream3":{"qoeTotal":-4273.645836922593,"qoeBitrate":9750,"qoeRebuffer":4680.000000089407,"qoeLatency":8673,"qoeBitrateSwitch":450,"qoePlaybackSpeed":220.6458368331863},"chunk-stream3-00022":{"qoeTotal":-4394.264811383634,"qoeBitrate":11000,"qoeRebuffer":4680.000000089407,"qoeLatency":10012.2,"qoeBitrateSwitch":450,"qoePlaybackSpeed":252.064811294226},"chunk-stream3-00023":{"qoeTotal":-4567.021028356443,"qoeBitrate":12250,"qoeRebuffer":4680.000000089407,"qoeLatency":11397,"qoeBitrateSwitch":450,"qoePlaybackSpeed":290.02102826703594},"chunk-stream4-00024":{"qoeTotal":-4154.897358513182,"qoeBitrate":14250,"qoeRebuffer":4680.000000089407,"qoeLatency":12810,"qoeBitrateSwitch":600,"qoePlaybackSpeed":314.89735842377496},"chunk-stream4-00025":{"qoeTotal":-3672.5133542233934,"qoeBitrate":16250,"qoeRebuffer":4680.000000089407,"qoeLatency":14298.6,"qoeBitrateSwitch":600,"qoePlaybackSpeed":343.9133541339861},"chunk-stream4-00026":{"qoeTotal":-4862.413105388871,"qoeBitrate":18250,"qoeRebuffer":6240.000000089407,"qoeLatency":15888.6,"qoeBitrateSwitch":600,"qoePlaybackSpeed":383.8131052994643},"chunk-stream3-00027":{"qoeTotal":-5425.865669619689,"qoeBitrate":19500,"qoeRebuffer":6240.000000089407,"qoeLatency":17526,"qoeBitrateSwitch":750,"qoePlaybackSpeed":409.86566953028114},"chunk-stream4-00028":{"qoeTotal":-5328.6718211956,"qoeBitrate":21500,"qoeRebuffer":6240.000000089407,"qoeLatency":19233,"qoeBitrateSwitch":900,"qoePlaybackSpeed":455.6718211061933},"chunk-stream4-00029":{"qoeTotal":-6713.157921145753,"qoeBitrate":23500,"qoeRebuffer":7757.40000012517,"qoeLatency":21061.8,"qoeBitrateSwitch":900,"qoePlaybackSpeed":493.95792102058397},"chunk-stream4-00030":{"qoeTotal":-8213.773210224846,"qoeBitrate":25500,"qoeRebuffer":9279.600000143051,"qoeLatency":23002.8,"qoeBitrateSwitch":900,"qoePlaybackSpeed":531.3732100817966},"chunk-stream3-00031":{"qoeTotal":-9118.475419207198,"qoeBitrate":26750,"qoeRebuffer":9279.600000143051,"qoeLatency":24993,"qoeBitrateSwitch":1050,"qoePlaybackSpeed":545.8754190641464},"chunk-stream4-00032":{"qoeTotal":-9345.590951334689,"qoeBitrate":28750,"qoeRebuffer":9279.600000143051,"qoeLatency":27036,"qoeBitrateSwitch":1200,"qoePlaybackSpeed":579.9909511916374},"chunk-stream4-00033":{"qoeTotal":-11032.078946003718,"qoeBitrate":30750,"qoeRebuffer":10773.000000178814,"qoeLatency":29186.4,"qoeBitrateSwitch":1200,"qoePlaybackSpeed":622.678945824902},"chunk-stream4-00034":{"qoeTotal":-12813.95709838493,"qoeBitrate":32750,"qoeRebuffer":12297.600000232458,"qoeLatency":31404.600000000002,"qoeBitrateSwitch":1200,"qoePlaybackSpeed":661.7570981524688},"chunk-stream4-00035":{"qoeTotal":-13134.79395816311,"qoeBitrate":34750,"qoeRebuffer":12297.600000232458,"qoeLatency":33692.4,"qoeBitrateSwitch":1200,"qoePlaybackSpeed":694.7939579306521},"chunk-stream4-00036":{"qoeTotal":-13526.47973007787,"qoeBitrate":36750,"qoeRebuffer":12297.600000232458,"qoeLatency":36046.200000000004,"qoeBitrateSwitch":1200,"qoePlaybackSpeed":732.6797298454082},"chunk-stream4-00037":{"qoeTotal":-13966.488719135494,"qoeBitrate":38750,"qoeRebuffer":12297.600000232458,"qoeLatency":38454.00000000001,"qoeBitrateSwitch":1200,"qoePlaybackSpeed":764.888718903028},"chunk-stream4-00038":{"qoeTotal":-14474.085389286276,"qoeBitrate":40750,"qoeRebuffer":12297.600000232458,"qoeLatency":40918.80000000001,"qoeBitrateSwitch":1200,"qoePlaybackSpeed":807.6853890538072},"chunk-stream4-00039":{"qoeTotal":-15018.885608194723,"qoeBitrate":42750,"qoeRebuffer":12297.600000232458,"qoeLatency":43436.40000000001,"qoeBitrateSwitch":1200,"qoePlaybackSpeed":834.8856079622556},"chunk-stream4-00040":{"qoeTotal":-15618.673166819324,"qoeBitrate":44750,"qoeRebuffer":12297.600000232458,"qoeLatency":46006.80000000001,"qoeBitrateSwitch":1200,"qoePlaybackSpeed":864.2731665868553},"chunk-stream4-00041":{"qoeTotal":-16284.1273710395,"qoeBitrate":46750,"qoeRebuffer":12297.600000232458,"qoeLatency":48631.20000000001,"qoeBitrateSwitch":1200,"qoePlaybackSpeed":905.3273708070298},"chunk-stream4-00042":{"qoeTotal":-16944.133396074012,"qoeBitrate":48750,"qoeRebuffer":12297.600000232458,"qoeLatency":51285.000000000015,"qoeBitrateSwitch":1200,"qoePlaybackSpeed":911.5333958415385},"chunk-stream4-00043":{"qoeTotal":-17610.100045645475,"qoeBitrate":50750,"qoeRebuffer":12297.600000232458,"qoeLatency":53950.80000000002,"qoeBitrateSwitch":1200,"qoePlaybackSpeed":911.7000454129993},"chunk-stream4-00044":{"qoeTotal":-18263.1997374537,"qoeBitrate":52750,"qoeRebuffer":12297.600000232458,"qoeLatency":56590.20000000002,"qoeBitrateSwitch":1200,"qoePlaybackSpeed":925.3997372212215},"chunk-stream4-00045":{"qoeTotal":-18917.135637484454,"qoeBitrate":54750,"qoeRebuffer":12297.600000232458,"qoeLatency":59233.80000000002,"qoeBitrateSwitch":1200,"qoePlaybackSpeed":935.7356372519776},"chunk-stream4-00046":{"qoeTotal":-19625.795932009896,"qoeBitrate":56750,"qoeRebuffer":12297.600000232458,"qoeLatency":61909.80000000002,"qoeBitrateSwitch":1200,"qoePlaybackSpeed":968.395931777419},"chunk-stream4-00047":{"qoeTotal":-20338.76341906251,"qoeBitrate":58750,"qoeRebuffer":12297.600000232458,"qoeLatency":64617.000000000015,"qoeBitrateSwitch":1200,"qoePlaybackSpeed":974.1634188300362},"chunk-stream4-00048":{"qoeTotal":-21096.396641072657,"qoeBitrate":60750,"qoeRebuffer":12297.600000232458,"qoeLatency":67339.80000000002,"qoeBitrateSwitch":1200,"qoePlaybackSpeed":1008.9966408401799},"chunk-stream4-00049":{"qoeTotal":-21860.02899296375,"qoeBitrate":62750,"qoeRebuffer":12297.600000232458,"qoeLatency":70080.60000000002,"qoeBitrateSwitch":1200,"qoePlaybackSpeed":1031.8289927312724},"chunk-stream4-00050":{"qoeTotal":-22738.19388769978,"qoeBitrate":64750,"qoeRebuffer":12297.600000232458,"qoeLatency":72916.20000000003,"qoeBitrateSwitch":1200,"qoePlaybackSpeed":1074.393887467296},"chunk-stream3-00051":{"qoeTotal":-24566.93864397111,"qoeBitrate":66000,"qoeRebuffer":12297.600000232458,"qoeLatency":75811.20000000003,"qoeBitrateSwitch":1350,"qoePlaybackSpeed":1108.138643738623},"chunk-stream3-00052":{"qoeTotal":-27828.63447622009,"qoeBitrate":67250,"qoeRebuffer":13870.200000196695,"qoeLatency":78726.00000000003,"qoeBitrateSwitch":1350,"qoePlaybackSpeed":1132.434476023365},"chunk-stream4-00053":{"qoeTotal":-28837.99595360715,"qoeBitrate":69250,"qoeRebuffer":13870.200000196695,"qoeLatency":81571.20000000003,"qoeBitrateSwitch":1500,"qoePlaybackSpeed":1146.595953410428},"chunk-stream4-00054":{"qoeTotal":-29694.645846919186,"qoeBitrate":71250,"qoeRebuffer":13870.200000196695,"qoeLatency":84391.80000000003,"qoeBitrateSwitch":1500,"qoePlaybackSpeed":1182.6458467224595},"init-stream5":{"qoeTotal":-29751.295740231224,"qoeBitrate":74250,"qoeRebuffer":13870.200000196695,"qoeLatency":87212.40000000004,"qoeBitrateSwitch":1700,"qoePlaybackSpeed":1218.695740034491},"chunk-stream5-00055":{"qoeTotal":-33181.17124651541,"qoeBitrate":77250,"qoeRebuffer":17052.600000232458,"qoeLatency":90412.80000000003,"qoeBitrateSwitch":1700,"qoePlaybackSpeed":1265.771246282925},"chunk-stream4-00056":{"qoeTotal":-39817.79072064441,"qoeBitrate":79250,"qoeRebuffer":21768.600000232458,