{"chunk-stream2-00018":{"qoeTotal":-552.0984897097695,"qoeBitrate":500,"qoeRebuffer":0,"qoeLatency":1003.1999999999999,"qoeBitrateSwitch":0,"qoePlaybackSpeed":48.89848970976958},"init-stream4":{"qoeTotal":-3549.4984897097656,"qoeBitrate":2500,"qoeRebuffer":0,"qoeLatency":5640.599999999999,"qoeBitrateSwitch":300,"qoePlaybackSpeed":108.89848970976598},"chunk-stream4-00019":{"qoeTotal":-4297.712156105592,"qoeBitrate":4500,"qoeRebuffer":1590.6000000536442,"qoeLatency":6756,"qoeBitrateSwitch":300,"qoePlaybackSpeed":151.11215605194803},"chunk-stream4-00020":{"qoeTotal":-6615.674448985807,"qoeBitrate":6500,"qoeRebuffer":4420.200000107288,"qoeLatency":8197.8,"qoeBitrateSwitch":300,"qoePlaybackSpeed":197.6744488785199},"init-stream3":{"qoeTotal":-9970.674448985792,"qoeBitrate":7750,"qoeRebuffer":4420.200000107288,"qoeLatency":12592.8,"qoeBitrateSwitch":450,"qoePlaybackSpeed":257.6744488785034},"chunk-stream3-00021":{"qoeTotal":-14285.156961547626,"qoeBitrate":9000,"qoeRebuffer":8134.200000107288,"qoeLatency":14400.599999999999,"qoeBitrateSwitch":450,"qoePlaybackSpeed":300.3569614403378},"chunk-stream3-00022":{"qoeTotal":-18357.022300046694,"qoeBitrate":10250,"qoeRebuffer":11294.40000012517,"qoeLatency":16519.8,"qoeBitrateSwitch":450,"qoePlaybackSpeed":342.8222999215268},"init-stream2":{"qoeTotal":-22436.208712520514,"qoeBitrate":10750,"qoeRebuffer":11294.40000012517,"qoeLatency":20909.399999999998,"qoeBitrateSwitch":600,"qoePlaybackSpeed":382.40871239534647},"chunk-stream2-00023":{"qoeTotal":-24106.408712520515,"qoeBitrate":11250,"qoeRebuffer":11294.40000012517,"qoeLatency":23079.6,"qoeBitrateSwitch":600,"qoePlaybackSpeed":382.40871239534647},"chunk-stream2-00024":{"qoeTotal":-27397.92023038322,"qoeBitrate":11750,"qoeRebuffer":12857.40000012517,"qoeLatency":25277.399999999998,"qoeBitrateSwitch":600,"qoePlaybackSpeed":413.1202302580545},"chunk-stream2-00025":{"qoeTotal":-29165.918048411695,"qoeBitrate":12250,"qoeRebuffer":12857.40000012517,"qoeLatency":27485.399999999998,"qoeBitrateSwitch":600,"qoePlaybackSpeed":473.118048286527},"chunk-stream3-00026":{"qoeTotal":-31952.65291210897,"qoeBitrate":13500,"qoeRebuffer":14404.200000107288,"qoeLatency":29779.8,"qoeBitrateSwitch":750,"qoePlaybackSpeed":518.6529120016805},"chunk-stream3-00027":{"qoeTotal":-34747.825854534036,"qoeBitrate":14750,"qoeRebuffer":15945.000000089407,"qoeLatency":32237.399999999998,"qoeBitrateSwitch":750,"qoePlaybackSpeed":565.4258544446378},"chunk-stream3-00028":{"qoeTotal":-37604.63485684136,"qoeBitrate":16000,"qoeRebuffer":17473.800000071526,"qoeLatency":34782,"qoeBitrateSwitch":750,"qoePlaybackSpeed":598.8348567698333},"chunk-stream3-00029":{"qoeTotal":-38993.274417065506,"qoeBitrate":17250,"qoeRebuffer":17473.800000071526,"qoeLatency":37391.4,"qoeBitrateSwitch":750,"qoePlaybackSpeed":628.0744169939821},"chunk-stream3-00030":{"qoeTotal":-40399.111389320446,"qoeBitrate":18500,"qoeRebuffer":17473.800000071526,"qoeLatency":40036.200000000004,"qoeBitrateSwitch":750,"qoePlaybackSpeed":639.111389248912},"chunk-stream3-00031":{"qoeTotal":-41844.551894515396,"qoeBitrate":19750,"qoeRebuffer":17473.800000071526,"qoeLatency":42705.00000000001,"qoeBitrateSwitch":750,"qoePlaybackSpeed":665.7518944438617},"chunk-stream4-00032":{"qoeTotal":-42704.60702693341,"qoeBitrate":21750,"qoeRebuffer":17473.800000071526,"qoeLatency":45394.80000000001,"qoeBitrateSwitch":900,"qoePlaybackSpeed":686.0070268618738},"chunk-stream4-00033":{"qoeTotal":-43535.868454687625,"qoeBitrate":23750,"qoeRebuffer":17473.800000071526,"qoeLatency":48180.60000000001,"qoeBitrateSwitch":900,"qoePlaybackSpeed":731.4684546160829},"chunk-stream4-00034":{"qoeTotal":-47482.47979437943,"qoeBitrate":25750,"qoeRebuffer":20388.599999964237,"qoeLatency":51164.400000000016,"qoeBitrateSwitch":900,"qoePlaybackSpeed":779.4797944151762},"chunk-stream3-00035":{"qoeTotal":-52711.88308722807,"qoeBitrate":27000,"qoeRebuffer":23482.199999928474,"qoeLatency":54367.20000000002,"qoeBitrateSwitch":1050,"qoePlaybackSpeed":812.4830872995702},"chunk-stream3-00036":{"qoeTotal":-54744.15380551062,"qoeBitrate":28250,"qoeRebuffer":23482.199999928474,"qoeLatency":57625.80000000002,"qoeBitrateSwitch":1050,"qoePlaybackSpeed":836.153805582127},"chunk-stream3-00037":{"qoeTotal":-56799.918091905725,"qoeBitrate":29500,"qoeRebuffer":23482.199999928474,"qoeLatency":60922.20000000002,"qoeBitrateSwitch":1050,"qoePlaybackSpeed":845.518091977235},"chunk-stream3-00038":{"qoeTotal":-58869.83210137224,"qoeBitrate":30750,"qoeRebuffer":23482.199999928474,"qoeLatency":64229.400000000016,"qoeBitrateSwitch":1050,"qoePlaybackSpeed":858.2321014437449},"chunk-stream4-00039":{"qoeTotal":-60349.840380399124,"qoeBitrate":32750,"qoeRebuffer":23482.199999928474,"qoeLatency":67544.40000000002,"qoeBitrateSwitch":1200,"qoePlaybackSpeed":873.240380470623},"chunk-stream4-00040":{"qoeTotal":-61741.034521068665,"qoeBitrate":34750,"qoeRebuffer":23482.199999928474,"qoeLatency":70907.40000000002,"qoeBitrateSwitch":1200,"qoePlaybackSpeed":901.4345211401653},"chunk-stream4-00041":{"qoeTotal":-67058.93731670866,"qoeBitrate":36750,"qoeRebuffer":27169.199999928474,"qoeLatency":74500.80000000002,"qoeBitrateSwitch":1200,"qoePlaybackSpeed":938.9373167801737},"chunk-stream4-00042":{"qoeTotal":-68773.39880899784,"qoeBitrate":38750,"qoeRebuffer":27169.199999928474,"qoeLatency":78174.60000000002,"qoeBitrateSwitch":1200,"qoePlaybackSpeed":979.5988090693386},"chunk-stream3-00043":{"qoeTotal":-71467.01110105672,"qoeBitrate":40000,"qoeRebuffer":27169.199999928474,"qoeLatency":81922.80000000002,"qoeBitrateSwitch":1350,"qoePlaybackSpeed":1025.0111011282327},"chunk-stream3-00044":{"qoeTotal":-75610.08417736486,"qoeBitrate":41250,"qoeRebuffer":28701.59999987483,"qoeLatency":85746.00000000001,"qoeBitrateSwitch":1350,"qoePlaybackSpeed":1062.4841774900126},"chunk-stream3-00045":{"qoeTotal":-79966.46242751475,"qoeBitrate":42500,"qoeRebuffer":30227.39999985695,"qoeLatency":89788.20000000001,"qoeBitrateSwitch":1350,"qoePlaybackSpeed":1100.862427657796},"chunk-stream3-00046":{"qoeTotal":-84467.09602884103,"qoeBitrate":43750,"qoeRebuffer":31808.39999985695,"qoeLatency":93925.80000000002,"qoeBitrateSwitch":1350,"qoePlaybackSpeed":1132.8960289840568},"chunk-stream2-00047":{"qoeTotal":-88318.4533348939,"qoeBitrate":44250,"qoeRebuffer":31808.39999985695,"qoeLatency":98090.40000000002,"qoeBitrateSwitch":1500,"qoePlaybackSpeed":1169.6533350369216},"chunk-stream3-00048":{"qoeTotal":-91394.22923867207,"qoeBitrate":45500,"qoeRebuffer":31808.39999985695,"qoeLatency":102254.40000000002,"qoeBitrateSwitch":1650,"qoePlaybackSpeed":1181.429238815098},"chunk-stream3-00049":{"qoeTotal":-94415.1272224894,"qoeBitrate":46750,"qoeRebuffer":31808.39999985695,"qoeLatency":106481.40000000002,"qoeBitrateSwitch":1650,"qoePlaybackSpeed":1225.3272226324395},"chunk-stream3-00050":{"qoeTotal":-102274.92722243576,"qoeBitrate":48000,"qoeRebuffer":36358.799999803305,"qoeLatency":111040.80000000002,"qoeBitrateSwitch":1650,"qoePlaybackSpeed":1225.3272226324395},"chunk-stream3-00051":{"qoeTotal":-109339.91567213656,"qoeBitrate":49250,"qoeRebuffer":39805.19999974966,"qoeLatency":115866.00000000001,"qoeBitrateSwitch":1650,"qoePlaybackSpeed":1268.7156723868832},"chunk-stream2-00052":{"qoeTotal":-113870.17215710496,"qoeBitrate":49750,"qoeRebuffer":39805.19999974966,"qoeLatency":120717.00000000001,"qoeBitrateSwitch":1800,"qoePlaybackSpeed":1297.9721573552752},"chunk-stream3-00053":{"qoeTotal":-117689.35938733957,"qoeBitrate":51000,"qoeRebuffer":39805.19999974966,"qoeLatency":125597.40000000001,"qoeBitrateSwitch":1950,"qoePlaybackSpeed":1336.7593875898972},"chunk-stream3-00054":{"qoeTotal":-121348.75635068316,"qoeBitrate":52250,"qoeRebuffer":39805.19999974966,"qoeLatency":130483.20000000001,"qoeBitrateSwitch":1950,"qoePlaybackSpeed":1360.3563509334883},"chunk-stream3-00055":{"qoeTotal":-126980.75635070103,"qoeBitrate":53500,"qoeRebuffer":41393.39999976754,"qoeLatency":135777,"qoeBitrateSwitch":1950,"qoePlaybackSpeed":1360.3563509334883},