{"switchHistory":[{"start":8.69,"end":8.887686,"quality":{"mediaType":"video","bitrate":1000000,"width":640,"height":360,"scanType":null,"qualityIndex":2}},{"start":8.887686,"end":68.710052,"quality":{"mediaType":"video","bitrate":1000000,"width":640,"height":360,"scanType":null,"qualityIndex":2}}],"switchRequests":[],"stallDurationMs":254.19999992847443,"numStalls":1,"averageLatency":1.5367559241706157,"averageBufferLength":1.4168507109004738,"averageBitrate":999999.9999999999,"numSwitches":2,"averageBitrateVariations":0,"averagePlaybackRate":1.0032402138593746,"averagePlaybackRateNonOne":1.0362314822457332}