{"chunk-stream2-00018":{"qoeTotal":-625.6463700775068,"qoeBitrate":500,"qoeRebuffer":0,"qoeLatency":1083.6000000000001,"qoeBitrateSwitch":0,"qoePlaybackSpeed":42.04637007750669},"chunk-stream2-00019":{"qoeTotal":-2849.0913483044483,"qoeBitrate":1000,"qoeRebuffer":1578.5999994277954,"qoeLatency":2209.2,"qoeBitrateSwitch":0,"qoePlaybackSpeed":61.29134887665283},"chunk-stream2-00020":{"qoeTotal":-3512.93653720667,"qoeBitrate":1500,"qoeRebuffer":1578.5999994277954,"qoeLatency":3358.2,"qoeBitrateSwitch":0,"qoePlaybackSpeed":76.13653777887497},"chunk-stream2-00021":{"qoeTotal":-4164.4559894325885,"qoeBitrate":2000,"qoeRebuffer":1578.5999994277954,"qoeLatency":4499.4,"qoeBitrateSwitch":0,"qoePlaybackSpeed":86.45599000479369},"chunk-stream2-00022":{"qoeTotal":-4794.708253766245,"qoeBitrate":2500,"qoeRebuffer":1578.5999994277954,"qoeLatency":5612.4,"qoeBitrateSwitch":0,"qoePlaybackSpeed":103.70825433845016},"chunk-stream2-00023":{"qoeTotal":-5386.228713107022,"qoeBitrate":3000,"qoeRebuffer":1578.5999994277954,"qoeLatency":6699.599999999999,"qoeBitrateSwitch":0,"qoePlaybackSpeed":108.02871367922673},"chunk-stream2-00024":{"qoeTotal":-5956.944807185617,"qoeBitrate":3500,"qoeRebuffer":1578.5999994277954,"qoeLatency":7738.2,"qoeBitrateSwitch":0,"qoePlaybackSpeed":140.14480775782172},"chunk-stream2-00025":{"qoeTotal":-6501.7011371311455,"qoeBitrate":4000,"qoeRebuffer":1578.5999994277954,"qoeLatency":8763,"qoeBitrateSwitch":0,"qoePlaybackSpeed":160.10113770335005},"chunk-stream2-00026":{"qoeTotal":-7021.471363037804,"qoeBitrate":4500,"qoeRebuffer":1578.5999994277954,"qoeLatency":9774,"qoeBitrateSwitch":0,"qoePlaybackSpeed":168.87136361000825},"chunk-stream2-00027":{"qoeTotal":-7532.5795463649165,"qoeBitrate":5000,"qoeRebuffer":1578.5999994277954,"qoeLatency":10764,"qoeBitrateSwitch":0,"qoePlaybackSpeed":189.9795469371211},"chunk-stream2-00028":{"qoeTotal":-8018.320932809672,"qoeBitrate":5500,"qoeRebuffer":1578.5999994277954,"qoeLatency":11732.4,"qoeBitrateSwitch":0,"qoePlaybackSpeed":207.32093338187647},"chunk-stream2-00029":{"qoeTotal":-8480.90891335223,"qoeBitrate":6000,"qoeRebuffer":1578.5999994277954,"qoeLatency":12681,"qoeBitrateSwitch":0,"qoePlaybackSpeed":221.30891392443476},"chunk-stream2-00030":{"qoeTotal":-8927.718330216167,"qoeBitrate":6500,"qoeRebuffer":1578.5999994277954,"qoeLatency":13616.4,"qoeBitrateSwitch":0,"qoePlaybackSpeed":232.71833078837085},"chunk-stream2-00031":{"qoeTotal":-9363.063877088873,"qoeBitrate":7000,"qoeRebuffer":1578.5999994277954,"qoeLatency":14543.4,"qoeBitrateSwitch":0,"qoePlaybackSpeed":241.06387766107832},"chunk-stream2-00032":{"qoeTotal":-9791.546791266042,"qoeBitrate":7500,"qoeRebuffer":1578.5999994277954,"qoeLatency":15466.199999999999,"qoeBitrateSwitch":0,"qoePlaybackSpeed":246.746791838249},"chunk-stream2-00033":{"qoeTotal":-10208.346791266042,"qoeBitrate":8000,"qoeRebuffer":1578.5999994277954,"qoeLatency":16382.999999999998,"qoeBitrateSwitch":0,"qoePlaybackSpeed":246.746791838249},"chunk-stream2-00034":{"qoeTotal":-10624.546791266042,"qoeBitrate":8500,"qoeRebuffer":1578.5999994277954,"qoeLatency":17299.199999999997,"qoeBitrateSwitch":0,"qoePlaybackSpeed":246.746791838249},"chunk-stream2-00035":{"qoeTotal":-11041.346791266042,"qoeBitrate":9000,"qoeRebuffer":1578.5999994277954,"qoeLatency":18215.999999999996,"qoeBitrateSwitch":0,"qoePlaybackSpeed":246.746791838249},"chunk-stream2-00036":{"qoeTotal":-11458.146791266041,"qoeBitrate":9500,"qoeRebuffer":1578.5999994277954,"qoeLatency":19132.799999999996,"qoeBitrateSwitch":0,"qoePlaybackSpeed":246.746791838249},"chunk-stream2-00037":{"qoeTotal":-11874.94679126604,"qoeBitrate":10000,"qoeRebuffer":1578.5999994277954,"qoeLatency":20049.599999999995,"qoeBitrateSwitch":0,"qoePlaybackSpeed":246.746791838249},"chunk-stream2-00038":{"qoeTotal":-12291.74679126604,"qoeBitrate":10500,"qoeRebuffer":1578.5999994277954,"qoeLatency":20966.399999999994,"qoeBitrateSwitch":0,"qoePlaybackSpeed":246.746791838249},"chunk-stream2-00039":{"qoeTotal":-12708.546791266039,"qoeBitrate":11000,"qoeRebuffer":1578.5999994277954,"qoeLatency":21883.199999999993,"qoeBitrateSwitch":0,"qoePlaybackSpeed":246.746791838249},"chunk-stream2-00040":{"qoeTotal":-13124.74679126604,"qoeBitrate":11500,"qoeRebuffer":1578.5999994277954,"qoeLatency":22799.399999999994,"qoeBitrateSwitch":0,"qoePlaybackSpeed":246.746791838249},"chunk-stream2-00041":{"qoeTotal":-13538.546791266039,"qoeBitrate":12000,"qoeRebuffer":1578.5999994277954,"qoeLatency":23713.199999999993,"qoeBitrateSwitch":0,"qoePlaybackSpeed":246.746791838249},"chunk-stream2-00042":{"qoeTotal":-13954.74679126604,"qoeBitrate":12500,"qoeRebuffer":1578.5999994277954,"qoeLatency":24629.399999999994,"qoeBitrateSwitch":0,"qoePlaybackSpeed":246.746791838249},"init-stream3":{"qoeTotal":-13768.546791266039,"qoeBitrate":13750,"qoeRebuffer":1578.5999994277954,"qoeLatency":25543.199999999993,"qoeBitrateSwitch":150,"qoePlaybackSpeed":246.746791838249},"chunk-stream3-00043":{"qoeTotal":-13438.346791266038,"qoeBitrate":15000,"qoeRebuffer":1578.5999994277954,"qoeLatency":26462.999999999993,"qoeBitrateSwitch":150,"qoePlaybackSpeed":246.746791838249},"chunk-stream3-00044":{"qoeTotal":-13106.946791266037,"qoeBitrate":16250,"qoeRebuffer":1578.5999994277954,"qoeLatency":27381.59999999999,"qoeBitrateSwitch":150,"qoePlaybackSpeed":246.746791838249},"chunk-stream3-00045":{"qoeTotal":-12775.546791266035,"qoeBitrate":17500,"qoeRebuffer":1578.5999994277954,"qoeLatency":28300.19999999999,"qoeBitrateSwitch":150,"qoePlaybackSpeed":246.746791838249},"chunk-stream3-00046":{"qoeTotal":-12442.946791266037,"qoeBitrate":18750,"qoeRebuffer":1578.5999994277954,"qoeLatency":29217.59999999999,"qoeBitrateSwitch":150,"qoePlaybackSpeed":246.746791838249},"chunk-stream3-00047":{"qoeTotal":-12110.346791266038,"qoeBitrate":20000,"qoeRebuffer":1578.5999994277954,"qoeLatency":30134.999999999993,"qoeBitrateSwitch":150,"qoePlaybackSpeed":246.746791838249},"chunk-stream3-00048":{"qoeTotal":-11778.346791266038,"qoeBitrate":21250,"qoeRebuffer":1578.5999994277954,"qoeLatency":31052.999999999993,"qoeBitrateSwitch":150,"qoePlaybackSpeed":246.746791838249},"chunk-stream3-00049":{"qoeTotal":-11447.546791266039,"qoeBitrate":22500,"qoeRebuffer":1578.5999994277954,"qoeLatency":31972.199999999993,"qoeBitrateSwitch":150,"qoePlaybackSpeed":246.746791838249},"chunk-stream3-00050":{"qoeTotal":-11117.346791266038,"qoeBitrate":23750,"qoeRebuffer":1578.5999994277954,"qoeLatency":32891.99999999999,"qoeBitrateSwitch":150,"qoePlaybackSpeed":246.746791838249},"chunk-stream3-00051":{"qoeTotal":-10780.546791266035,"qoeBitrate":25000,"qoeRebuffer":1578.5999994277954,"qoeLatency":33805.19999999999,"qoeBitrateSwitch":150,"qoePlaybackSpeed":246.746791838249},"chunk-stream3-00052":{"qoeTotal":-10459.357618873315,"qoeBitrate":26250,"qoeRebuffer":1578.5999994277954,"qoeLatency":34723.79999999999,"qoeBitrateSwitch":150,"qoePlaybackSpeed":256.9576194455315},"chunk-stream3-00053":{"qoeTotal":-10130.357618873315,"qoeBitrate":27500,"qoeRebuffer":1578.5999994277954,"qoeLatency":35644.79999999999,"qoeBitrateSwitch":150,"qoePlaybackSpeed":256.9576194455315},"chunk-stream3-00054":{"qoeTotal":-9800.757618873316,"qoeBitrate":28750,"qoeRebuffer":1578.5999994277954,"qoeLatency":36565.19999999999,"qoeBitrateSwitch":150,"qoePlaybackSpeed":256.9576194455315},"chunk-stream3-00055":{"qoeTotal":-9549.900248796408,"qoeBitrate":30000,"qoeRebuffer":1578.5999994277954,"qoeLatency":37552.19999999999,"qoeBitrateSwitch":150,"qoePlaybackSpeed":269.10024936862294},"chunk-stream3-00056":{"qoeTotal":-15649.992963413923,"qoeBitrate":31250,"qoeRebuffer":7410.599997997284,"qoeLatency":39032.39999999999,"qoeBitrateSwitch":150,"qoePlaybackSpeed":306.99296541665166},"chunk-stream3-00057":{"qoeTotal":-17650.463088043136,"qoeBitrate":32500,"qoeRebuffer":9001.19999885559,"qoeLatency":40651.79999999999,"qoeBitrateSwitch":150,"qoePlaybackSpeed":347.46308918755796},"chunk-stream3-00058":{"qoeTotal":-19789.062671505893,"qoeBitrate":33750,"qoeRebuffer":10590,"qoeLatency":42409.19999999999,