{"chunk-stream2-00018":{"qoeTotal":-752.6457152534692,"qoeBitrate":500,"qoeRebuffer":0,"qoeLatency":1202.4,"qoeBitrateSwitch":0,"qoePlaybackSpeed":50.24571525346919},"chunk-stream2-00019":{"qoeTotal":-4764.475614172959,"qoeBitrate":1000,"qoeRebuffer":3113.399999946356,"qoeLatency":2558.3999999999996,"qoeBitrateSwitch":0,"qoePlaybackSpeed":92.6756142266027},"chunk-stream2-00020":{"qoeTotal":-7239.3276334408465,"qoeBitrate":1500,"qoeRebuffer":4632.599999964237,"qoeLatency":3976.2,"qoeBitrateSwitch":0,"qoePlaybackSpeed":130.52763347660976},"chunk-stream2-00021":{"qoeTotal":-9881.372591483074,"qoeBitrate":2000,"qoeRebuffer":6211.200000017881,"qoeLatency":5505,"qoeBitrateSwitch":0,"qoePlaybackSpeed":165.17259146519265},"chunk-stream2-00022":{"qoeTotal":-12506.890422671386,"qoeBitrate":2500,"qoeRebuffer":7713.600000053644,"qoeLatency":7091.4,"qoeBitrateSwitch":0,"qoePlaybackSpeed":201.89042261774276},"chunk-stream2-00023":{"qoeTotal":-15310.27381077185,"qoeBitrate":3000,"qoeRebuffer":9284.400000035763,"qoeLatency":8785.199999999999,"qoeBitrateSwitch":0,"qoePlaybackSpeed":240.67381073608797},"chunk-stream2-00024":{"qoeTotal":-18211.35191870686,"qoeBitrate":3500,"qoeRebuffer":10873.800000071526,"qoeLatency":10559.399999999998,"qoeBitrateSwitch":0,"qoePlaybackSpeed":278.1519186353378},"chunk-stream2-00025":{"qoeTotal":-21187.69371819167,"qoeBitrate":4000,"qoeRebuffer":12417.000000089407,"qoeLatency":12454.199999999997,"qoeBitrateSwitch":0,"qoePlaybackSpeed":316.49371810226614},"chunk-stream2-00026":{"qoeTotal":-24240.407172652063,"qoeBitrate":4500,"qoeRebuffer":13969.200000107288,"qoeLatency":14415.599999999997,"qoeBitrateSwitch":0,"qoePlaybackSpeed":355.60717254477635},"chunk-stream2-00027":{"qoeTotal":-27379.617969525058,"qoeBitrate":5000,"qoeRebuffer":15497.40000012517,"qoeLatency":16489.199999999997,"qoeBitrateSwitch":0,"qoePlaybackSpeed":393.0179693998924},"chunk-stream2-00028":{"qoeTotal":-30623.17964654512,"qoeBitrate":5500,"qoeRebuffer":17036.40000012517,"qoeLatency":18652.199999999997,"qoeBitrateSwitch":0,"qoePlaybackSpeed":434.5796464199507},"chunk-stream2-00029":{"qoeTotal":-34011.85702919244,"qoeBitrate":6000,"qoeRebuffer":18621.000000178814,"qoeLatency":20918.399999999998,"qoeBitrateSwitch":0,"qoePlaybackSpeed":472.45702901363387},"chunk-stream2-00030":{"qoeTotal":-37396.54711780073,"qoeBitrate":6500,"qoeRebuffer":20137.800000160933,"qoeLatency":23248.8,"qoeBitrateSwitch":0,"qoePlaybackSpeed":509.94711763979484},"chunk-stream2-00031":{"qoeTotal":-40934.09464319846,"qoeBitrate":7000,"qoeRebuffer":21711.000000178814,"qoeLatency":25678.8,"qoeBitrateSwitch":0,"qoePlaybackSpeed":544.2946430196496},"chunk-stream2-00032":{"qoeTotal":-42975.82785386389,"qoeBitrate":7500,"qoeRebuffer":21711.000000178814,"qoeLatency":28188,"qoeBitrateSwitch":0,"qoePlaybackSpeed":576.8278536850775},"chunk-stream2-00033":{"qoeTotal":-46684.011195807725,"qoeBitrate":8000,"qoeRebuffer":23264.400000214577,"qoeLatency":30801,"qoeBitrateSwitch":0,"qoePlaybackSpeed":618.6111955931473},"chunk-stream2-00034":{"qoeTotal":-50694.01531368406,"qoeBitrate":8500,"qoeRebuffer":25034.400000303984,"qoeLatency":33501,"qoeBitrateSwitch":0,"qoePlaybackSpeed":658.6153133800735},"chunk-stream2-00035":{"qoeTotal":-54523.63074187014,"qoeBitrate":9000,"qoeRebuffer":26563.80000025034,"qoeLatency":36260.4,"qoeBitrateSwitch":0,"qoePlaybackSpeed":699.4307416197956},"chunk-stream2-00036":{"qoeTotal":-58504.636437392364,"qoeBitrate":9500,"qoeRebuffer":28145.400000214577,"qoeLatency":39119.4,"qoeBitrateSwitch":0,"qoePlaybackSpeed":739.8364371777839},"chunk-stream2-00037":{"qoeTotal":-62481.02633748134,"qoeBitrate":10000,"qoeRebuffer":29661.60000014305,"qoeLatency":42038.4,"qoeBitrateSwitch":0,"qoePlaybackSpeed":781.0263373382824},"chunk-stream2-00038":{"qoeTotal":-66639.57698988508,"qoeBitrate":10500,"qoeRebuffer":31238.400000214577,"qoeLatency":45083.4,"qoeBitrateSwitch":0,"qoePlaybackSpeed":817.7769896705196},"chunk-stream2-00039":{"qoeTotal":-70838.2531112596,"qoeBitrate":11000,"qoeRebuffer":32745.000000178814,"qoeLatency":48233.4,"qoeBitrateSwitch":0,"qoePlaybackSpeed":859.8531110807996},"chunk-stream2-00040":{"qoeTotal":-75132.04499405305,"qoeBitrate":11500,"qoeRebuffer":34270.200000196695,"qoeLatency":51460.8,"qoeBitrateSwitch":0,"qoePlaybackSpeed":901.0449938563593},"chunk-stream2-00041":{"qoeTotal":-79593.69253597889,"qoeBitrate":12000,"qoeRebuffer":35845.200000196695,"qoeLatency":54803.4,"qoeBitrateSwitch":0,"qoePlaybackSpeed":945.0925357821957},"chunk-stream2-00042":{"qoeTotal":-82529.41438260529,"qoeBitrate":12500,"qoeRebuffer":35845.200000196695,"qoeLatency":58206,"qoeBitrateSwitch":0,"qoePlaybackSpeed":978.2143824085915},"chunk-stream2-00043":{"qoeTotal":-85494.94517862223,"qoeBitrate":13000,"qoeRebuffer":35845.200000196695,"qoeLatency":61645.8,"qoeBitrateSwitch":0,"qoePlaybackSpeed":1003.9451784255401},"chunk-stream2-00044":{"qoeTotal":-88506.73326182447,"qoeBitrate":13500,"qoeRebuffer":35845.200000196695,"qoeLatency":65133,"qoeBitrateSwitch":0,"qoePlaybackSpeed":1028.5332616277788},"chunk-stream2-00045":{"qoeTotal":-91567.12274289764,"qoeBitrate":14000,"qoeRebuffer":35845.200000196695,"qoeLatency":68660.4,"qoeBitrateSwitch":0,"qoePlaybackSpeed":1061.5227427009572},"chunk-stream2-00046":{"qoeTotal":-94664.89131321659,"qoeBitrate":14500,"qoeRebuffer":35845.200000196695,"qoeLatency":72236.4,"qoeBitrateSwitch":0,"qoePlaybackSpeed":1083.291313019908},"chunk-stream2-00047":{"qoeTotal":-97830.63804346429,"qoeBitrate":15000,"qoeRebuffer":35845.200000196695,"qoeLatency":75858,"qoeBitrateSwitch":0,"qoePlaybackSpeed":1127.4380432675982},"chunk-stream2-00048":{"qoeTotal":-101005.11720057655,"qoeBitrate":15500,"qoeRebuffer":35845.200000196695,"qoeLatency":79514.4,"qoeBitrateSwitch":0,"qoePlaybackSpeed":1145.517200379859},"chunk-stream2-00049":{"qoeTotal":-104256.86023008046,"qoeBitrate":16000,"qoeRebuffer":35845.200000196695,"qoeLatency":83232,"qoeBitrateSwitch":0,"qoePlaybackSpeed":1179.6602298837677},"chunk-stream2-00050":{"qoeTotal":-109172.58743214126,"qoeBitrate":16500,"qoeRebuffer":37395.000000178814,"qoeLatency":87057.6,"qoeBitrateSwitch":0,"qoePlaybackSpeed":1219.9874319624307},"chunk-stream2-00051":{"qoeTotal":-114231.80994707817,"qoeBitrate":17000,"qoeRebuffer":38978.40000021458,"qoeLatency":90994.20000000001,"qoeBitrateSwitch":0,"qoePlaybackSpeed":1259.2099468635806},"chunk-stream2-00052":{"qoeTotal":-117745.78468849893,"qoeBitrate":17500,"qoeRebuffer":38978.40000021458,"qoeLatency":94978.20000000001,"qoeBitrateSwitch":0,"qoePlaybackSpeed":1289.1846882843452},"chunk-stream2-00053":{"qoeTotal":-121312.01692589515,"qoeBitrate":18000,"qoeRebuffer":38978.40000021458,"qoeLatency":99007.80000000002,"qoeBitrateSwitch":0,"qoePlaybackSpeed":1325.8169256805575},"chunk-stream2-00054":{"qoeTotal":-124847.96888687194,"qoeBitrate":18500,"qoeRebuffer":38978.40000021458,"qoeLatency":103032.00000000001,"qoeBitrateSwitch":0,"qoePlaybackSpeed":1337.5688866573432},"chunk-stream2-00055":{"qoeTotal":-128554.19116320495,"qoeBitrate":19000,"qoeRebuffer":38978.40000021458,"qoeLatency":107205.60000000002,"qoeBitrateSwitch":0,"qoePlaybackSpeed":1370.1911629903466},"chunk-stream2-00056":{"qoeTotal":-138971.04922710394,"qoeBitrate":19500,"qoeRebuffer":45304.80000016093,"qoeLatency":111759.60000000002,"qoeBitrateSwitch":0,"qoePlaybackSpeed":1406.6492269429843},"chunk-stream2-00057":{"qoeTotal":-144700.12145179498,"qoeBitrate":20000,"qoeRebuffer":46807.80000016093,"qoeLatency":116443.20000000003,"qoeBitrateSwitch":0,"qoePlaybackSpeed":1449.121451634028},"chunk-stream2-00058":{"qoeTotal":-150510.26165847693,"qoeBitrate":20500,"qoeRebuffer":48322.200000196695,"qoeLatency":121200.00000000003,"qoeBitrateSwitch":0,"qoePlaybackSpeed":1488.0616582802093},"chunk-stream2-00059":{"qoeTotal":-154881.0503165467,"qoeBitrate":21000,"qoeRebuffer":48322.200000196695,"qoeLatency":126030.00000000003,"qoeBitrateSwitch":0,"qoePlaybackSpeed":1528.850316349971},"chunk-stream2-00060":{"qoeTotal":-161096.4350997375,"qoeBitrate":21500,