{"chunk-stream2-00018":{"qoeTotal":-967.0013950510615,"qoeBitrate":500,"qoeRebuffer":0,"qoeLatency":1416.6000000000001,"qoeBitrateSwitch":0,"qoePlaybackSpeed":50.40139505106141},"init-stream1":{"qoeTotal":-7355.733090110671,"qoeBitrate":800,"qoeRebuffer":0,"qoeLatency":8023.800000000001,"qoeBitrateSwitch":40,"qoePlaybackSpeed":91.93309011066916},"chunk-stream1-00019":{"qoeTotal":-12338.367092796705,"qoeBitrate":1100,"qoeRebuffer":3619.200000107289,"qoeLatency":9654.6,"qoeBitrateSwitch":40,"qoePlaybackSpeed":124.56709268941552},"init-stream2":{"qoeTotal":-24274.367092814588,"qoeBitrate":1600,"qoeRebuffer":7844.40000012517,"qoeLatency":17825.4,"qoeBitrateSwitch":80,"qoePlaybackSpeed":124.56709268941552},"chunk-stream2-00020":{"qoeTotal":-27246.604450941544,"qoeBitrate":2100,"qoeRebuffer":9408.000000178814,"qoeLatency":19687.2,"qoeBitrateSwitch":80,"qoePlaybackSpeed":171.40445076272977},"chunk-stream2-00021":{"qoeTotal":-32120.84180903274,"qoeBitrate":2600,"qoeRebuffer":12529.200000196695,"qoeLatency":21893.4,"qoeBitrateSwitch":80,"qoePlaybackSpeed":218.24180883604402},"chunk-stream2-00022":{"qoeTotal":-37387.98257838437,"qoeBitrate":3100,"qoeRebuffer":15705.00000026822,"qoeLatency":24442.800000000003,"qoeBitrateSwitch":80,"qoePlaybackSpeed":260.18257811614444},"chunk-stream2-00023":{"qoeTotal":-39500.38257838437,"qoeBitrate":3600,"qoeRebuffer":15705.00000026822,"qoeLatency":27055.200000000004,"qoeBitrateSwitch":80,"qoePlaybackSpeed":260.18257811614444},"chunk-stream2-00024":{"qoeTotal":-43284.97493690426,"qoeBitrate":4100,"qoeRebuffer":17328.600000232458,"qoeLatency":29702.400000000005,"qoeBitrateSwitch":80,"qoePlaybackSpeed":273.97493667179305},"chunk-stream2-00025":{"qoeTotal":-45453.368026594915,"qoeBitrate":4600,"qoeRebuffer":17328.600000232458,"qoeLatency":32363.400000000005,"qoeBitrateSwitch":80,"qoePlaybackSpeed":281.36802636244784},"init-stream3":{"qoeTotal":-47491.20715907824,"qoeBitrate":5850,"qoeRebuffer":17328.600000232458,"qoeLatency":35462.40000000001,"qoeBitrateSwitch":230,"qoePlaybackSpeed":320.2071588457733},"chunk-stream3-00026":{"qoeTotal":-49011.979382204736,"qoeBitrate":7100,"qoeRebuffer":17328.600000232458,"qoeLatency":38187.600000000006,"qoeBitrateSwitch":230,"qoePlaybackSpeed":365.77938197227},"chunk-stream2-00027":{"qoeTotal":-53077.63365578119,"qoeBitrate":7600,"qoeRebuffer":18873.600000232458,"qoeLatency":41019.600000000006,"qoeBitrateSwitch":380,"qoePlaybackSpeed":404.4336555487273},"chunk-stream2-00028":{"qoeTotal":-57116.35262103157,"qoeBitrate":8100,"qoeRebuffer":20431.200000286102,"qoeLatency":43960.200000000004,"qoeBitrateSwitch":380,"qoePlaybackSpeed":444.95262074545974},"chunk-stream2-00029":{"qoeTotal":-61370.715384243646,"qoeBitrate":8600,"qoeRebuffer":22020.00000026822,"qoeLatency":47082.00000000001,"qoeBitrateSwitch":380,"qoePlaybackSpeed":488.71538397541724},"chunk-stream2-00030":{"qoeTotal":-65795.1403360541,"qoeBitrate":9100,"qoeRebuffer":23597.400000214577,"qoeLatency":50388.600000000006,"qoeBitrateSwitch":380,"qoePlaybackSpeed":529.1403358395222},"chunk-stream2-00031":{"qoeTotal":-72066.28000073793,"qoeBitrate":9600,"qoeRebuffer":26749.800000160933,"qoeLatency":53960.40000000001,"qoeBitrateSwitch":380,"qoePlaybackSpeed":576.0800005769908},"chunk-stream2-00032":{"qoeTotal":-76931.16707321916,"qoeBitrate":10100,"qoeRebuffer":28321.800000160933,"qoeLatency":57717.600000000006,"qoeBitrateSwitch":380,"qoePlaybackSpeed":611.7670730582223},"chunk-stream2-00033":{"qoeTotal":-85547.56707311187,"qoeBitrate":10600,"qoeRebuffer":33342.600000053644,"qoeLatency":61813.200000000004,"qoeBitrateSwitch":380,"qoePlaybackSpeed":611.7670730582223},"chunk-stream2-00034":{"qoeTotal":-94921.99573904567,"qoeBitrate":11100,"qoeRebuffer":38794.20000001788,"qoeLatency":66188.40000000001,"qoeBitrateSwitch":380,"qoePlaybackSpeed":659.395739027781},"chunk-stream2-00035":{"qoeTotal":-103571.7178678735,"qoeBitrate":11600,"qoeRebuffer":43240.79999998212,"qoeLatency":70846.8,"qoeBitrateSwitch":380,"qoePlaybackSpeed":704.1178678913882},"chunk-stream1-00036":{"qoeTotal":-109770.2640210781,"qoeBitrate":11900,"qoeRebuffer":44802.59999996424,"qoeLatency":75706.8,"qoeBitrateSwitch":420,"qoePlaybackSpeed":740.8640211138503},"chunk-stream1-00037":{"qoeTotal":-114413.4225114727,"qoeBitrate":12200,"qoeRebuffer":44802.59999996424,"qoeLatency":80605.8,"qoeBitrateSwitch":420,"qoePlaybackSpeed":785.0225115084584},"chunk-stream2-00038":{"qoeTotal":-118882.42961873239,"qoeBitrate":12700,"qoeRebuffer":44802.59999996424,"qoeLatency":85528.8,"qoeBitrateSwitch":460,"qoePlaybackSpeed":791.0296187681588},"chunk-stream3-00039":{"qoeTotal":-125661.91409643694,"qoeBitrate":13950,"qoeRebuffer":47597.40000003576,"qoeLatency":90565.8,"qoeBitrateSwitch":610,"qoePlaybackSpeed":838.7140964011762},"chunk-stream2-00040":{"qoeTotal":-133781.10283458204,"qoeBitrate":14450,"qoeRebuffer":50710.20000001788,"qoeLatency":95883.6,"qoeBitrateSwitch":760,"qoePlaybackSpeed":877.302834564152},"chunk-stream3-00041":{"qoeTotal":-141416.11504653443,"qoeBitrate":15700,"qoeRebuffer":53817.00000008941,"qoeLatency":101469,"qoeBitrateSwitch":910,"qoePlaybackSpeed":920.1150464450202},"chunk-stream3-00042":{"qoeTotal":-145819.5526730899,"qoeBitrate":16950,"qoeRebuffer":53817.00000008941,"qoeLatency":107101.8,"qoeBitrateSwitch":910,"qoePlaybackSpeed":940.752673000492},"chunk-stream2-00043":{"qoeTotal":-151131.99029964537,"qoeBitrate":17450,"qoeRebuffer":53817.00000008941,"qoeLatency":112743.6,"qoeBitrateSwitch":1060,"qoePlaybackSpeed":961.3902995559638},"chunk-stream3-00044":{"qoeTotal":-155688.7902996454,"qoeBitrate":18700,"qoeRebuffer":53817.00000008941,"qoeLatency":118340.40000000001,"qoeBitrateSwitch":1210,"qoePlaybackSpeed":1021.3902995559638},"chunk-stream3-00045":{"qoeTotal":-160037.39029964537,"qoeBitrate":19950,"qoeRebuffer":53817.00000008941,"qoeLatency":123879.00000000001,"qoeBitrateSwitch":1210,"qoePlaybackSpeed":1081.3902995559638},"init-stream4":{"qoeTotal":-163776.9902996454,"qoeBitrate":21950,"qoeRebuffer":53817.00000008941,"qoeLatency":129408.60000000002,"qoeBitrateSwitch":1360,"qoePlaybackSpeed":1141.3902995559638},"chunk-stream4-00045":{"qoeTotal":-167315.66431398745,"qoeBitrate":23950,"qoeRebuffer":53817.00000008941,"qoeLatency":134901.00000000003,"qoeBitrateSwitch":1360,"qoePlaybackSpeed":1187.66431389802},"chunk-stream4-00046":{"qoeTotal":-179390.68066942497,"qoeBitrate":25950,"qoeRebuffer":61798.800000071526,"qoeLatency":140946.00000000003,"qoeBitrateSwitch":1360,"qoePlaybackSpeed":1235.8806693534189},"chunk-stream4-00047":{"qoeTotal":-195543.29702518435,"qoeBitrate":27950,"qoeRebuffer":72985.20000037551,"qoeLatency":147864.00000000003,"qoeBitrateSwitch":1360,"qoePlaybackSpeed":1284.0970248088177},"chunk-stream3-00048":{"qoeTotal":-207472.81487781188,"qoeBitrate":29200,"qoeRebuffer":78636.60000041127,"qoeLatency":155198.40000000002,"qoeBitrateSwitch":1510,"qoePlaybackSpeed":1327.8148774005786},"chunk-stream2-00049":{"qoeTotal":-218528.90814760065,"qoeBitrate":29700,"qoeRebuffer":82402.80000042915,"qoeLatency":162792.00000000003,"qoeBitrateSwitch":1660,"qoePlaybackSpeed":1374.1081471714747},"chunk-stream2-00050":{"qoeTotal":-234126.62673268092,"qoeBitrate":30200,"qoeRebuffer":90385.20000037551,"qoeLatency":170859.60000000003,"qoeBitrateSwitch":1660,"qoePlaybackSpeed":1421.8267323053624},"chunk-stream2-00075":{"qoeTotal":-242499.74531781478,"qoeBitrate":30700,"qoeRebuffer":90385.20000037551,"qoeLatency":179685.00000000003,"qoeBitrateSwitch":1660,"qoePlaybackSpeed":1469.54531743925},"chunk-stream1-00076":{"qoeTotal":-243943.37389037543,"qoeBitrate":31000,"qoeRebuffer":90385.20000037551,"qoeLatency":181375.80000000002,"qoeBitrateSwitch":1700,"qoePlaybackSpeed":1482.3738899999096},"chunk-stream1-00077":{"qoeTotal":-245398.16066419825,"qoeBitrate":31300,"qoeRebuffer":90385.20000037551,"qoeLatency":183098.40000000002,"qoeBitrateSwitch":1700,"qoePlaybackSpeed":1514.560663822729},"chunk-stream1-00078":{"qoeTotal":-246905.70388928943,"qoeBitrate":31600,