{"chunk-stream2-00018":{"qoeTotal":-583.3700687480028,"qoeBitrate":500,"qoeRebuffer":0,"qoeLatency":1032.6000000000001,"qoeBitrateSwitch":0,"qoePlaybackSpeed":50.770068748002714},"init-stream4":{"qoeTotal":-5972.970068748003,"qoeBitrate":2500,"qoeRebuffer":0,"qoeLatency":8062.2,"qoeBitrateSwitch":300,"qoePlaybackSpeed":110.77006874800267},"chunk-stream4-00019":{"qoeTotal":-6800.875161277226,"qoeBitrate":4500,"qoeRebuffer":1561.1999999284744,"qoeLatency":9285,"qoeBitrateSwitch":300,"qoePlaybackSpeed":154.67516134875117},"init-stream3":{"qoeTotal":-12805.573334338986,"qoeBitrate":5750,"qoeRebuffer":1561.1999999284744,"qoeLatency":16358.4,"qoeBitrateSwitch":450,"qoePlaybackSpeed":185.9733344105112},"chunk-stream3-00020":{"qoeTotal":-14522.354051552908,"qoeBitrate":7000,"qoeRebuffer":3109.7999998927116,"qoeLatency":17746.8,"qoeBitrateSwitch":450,"qoePlaybackSpeed":215.75405166019635},"chunk-stream3-00021":{"qoeTotal":-14754.304849608588,"qoeBitrate":8250,"qoeRebuffer":3109.7999998927116,"qoeLatency":19201.8,"qoeBitrateSwitch":450,"qoePlaybackSpeed":242.7048497158782},"chunk-stream3-00022":{"qoeTotal":-15057.467703607117,"qoeBitrate":9500,"qoeRebuffer":3109.7999998927116,"qoeLatency":20718,"qoeBitrateSwitch":450,"qoePlaybackSpeed":279.6677037144059},"chunk-stream3-00023":{"qoeTotal":-16988.903023593,"qoeBitrate":10750,"qoeRebuffer":4646.399999856949,"qoeLatency":22320.6,"qoeBitrateSwitch":450,"qoePlaybackSpeed":321.90302373605334},"chunk-stream3-00024":{"qoeTotal":-19119.567087215597,"qoeBitrate":12000,"qoeRebuffer":6227.999999821186,"qoeLatency":24075.6,"qoeBitrateSwitch":450,"qoePlaybackSpeed":365.9670873944131},"chunk-stream3-00025":{"qoeTotal":-21422.64882535403,"qoeBitrate":13250,"qoeRebuffer":7809.59999987483,"qoeLatency":26002.199999999997,"qoeBitrateSwitch":450,"qoePlaybackSpeed":410.8488254792017},"chunk-stream3-00026":{"qoeTotal":-23839.35631869625,"qoeBitrate":14500,"qoeRebuffer":9379.199999839067,"qoeLatency":28055.999999999996,"qoeBitrateSwitch":450,"qoePlaybackSpeed":454.1563188571864},"chunk-stream3-00027":{"qoeTotal":-26362.470950892268,"qoeBitrate":15750,"qoeRebuffer":10959.59999987483,"qoeLatency":30206.999999999996,"qoeBitrateSwitch":450,"qoePlaybackSpeed":495.8709510174428},"chunk-stream3-00028":{"qoeTotal":-28864.9529468841,"qoeBitrate":17000,"qoeRebuffer":12472.799999892712,"qoeLatency":32410.799999999996,"qoeBitrateSwitch":450,"qoePlaybackSpeed":531.3529469913904},"chunk-stream3-00029":{"qoeTotal":-31520.30128925201,"qoeBitrate":18250,"qoeRebuffer":14055.59999987483,"qoeLatency":34693.2,"qoeBitrateSwitch":450,"qoePlaybackSpeed":571.5012893771814},"chunk-stream3-00030":{"qoeTotal":-34235.365198726926,"qoeBitrate":19500,"qoeRebuffer":15593.999999910593,"qoeLatency":37079.399999999994,"qoeBitrateSwitch":450,"qoePlaybackSpeed":611.9651988163362},"chunk-stream3-00031":{"qoeTotal":-35476.36441981062,"qoeBitrate":20750,"qoeRebuffer":15593.999999910593,"qoeLatency":39536.399999999994,"qoeBitrateSwitch":450,"qoePlaybackSpeed":645.9644199000345},"chunk-stream3-00032":{"qoeTotal":-36795.17178733362,"qoeBitrate":22000,"qoeRebuffer":15593.999999910593,"qoeLatency":42060.59999999999,"qoeBitrateSwitch":450,"qoePlaybackSpeed":690.5717874230293},"chunk-stream3-00033":{"qoeTotal":-38196.3503493179,"qoeBitrate":23250,"qoeRebuffer":15593.999999910593,"qoeLatency":44673.59999999999,"qoeBitrateSwitch":450,"qoePlaybackSpeed":728.7503494073136},"chunk-stream3-00034":{"qoeTotal":-39660.35038846482,"qoeBitrate":24500,"qoeRebuffer":15593.999999910593,"qoeLatency":47343.59999999999,"qoeBitrateSwitch":450,"qoePlaybackSpeed":772.7503885542377},"chunk-stream3-00035":{"qoeTotal":-41199.49391898964,"qoeBitrate":25750,"qoeRebuffer":15593.999999910593,"qoeLatency":50095.19999999999,"qoeBitrateSwitch":450,"qoePlaybackSpeed":810.2939190790576},"chunk-stream3-00036":{"qoeTotal":-44403.34979911611,"qoeBitrate":27000,"qoeRebuffer":17114.999999910593,"qoeLatency":52987.79999999999,"qoeBitrateSwitch":450,"qoePlaybackSpeed":850.5497992055301},"chunk-stream3-00037":{"qoeTotal":-47725.79695219816,"qoeBitrate":28250,"qoeRebuffer":18647.39999985695,"qoeLatency":55990.79999999999,"qoeBitrateSwitch":450,"qoePlaybackSpeed":887.5969523412169},"chunk-stream3-00038":{"qoeTotal":-51117.6372917609,"qoeBitrate":29500,"qoeRebuffer":20206.799999803305,"qoeLatency":59040.59999999999,"qoeBitrateSwitch":450,"qoePlaybackSpeed":920.2372919575977},"chunk-stream3-00039":{"qoeTotal":-54533.54831931771,"qoeBitrate":30750,"qoeRebuffer":21735.599999785423,"qoeLatency":62147.99999999999,"qoeBitrateSwitch":450,"qoePlaybackSpeed":949.9483195323007},"chunk-stream3-00040":{"qoeTotal":-56473.89443211109,"qoeBitrate":32000,"qoeRebuffer":21735.599999785423,"qoeLatency":65318.99999999999,"qoeBitrateSwitch":450,"qoePlaybackSpeed":969.2944323256736},"chunk-stream3-00041":{"qoeTotal":-58449.175214005314,"qoeBitrate":33250,"qoeRebuffer":21735.599999785423,"qoeLatency":68520,"qoeBitrateSwitch":450,"qoePlaybackSpeed":993.5752142198905},"chunk-stream3-00042":{"qoeTotal":-60455.9752134817,"qoeBitrate":34500,"qoeRebuffer":21735.599999785423,"qoeLatency":71716.8,"qoeBitrateSwitch":450,"qoePlaybackSpeed":1053.5752136962751},"chunk-stream4-00043":{"qoeTotal":-61775.36706282788,"qoeBitrate":36500,"qoeRebuffer":21735.599999785423,"qoeLatency":74886,"qoeBitrateSwitch":600,"qoePlaybackSpeed":1053.7670630424527},"chunk-stream3-00044":{"qoeTotal":-63871.48978565459,"qoeBitrate":37750,"qoeRebuffer":21735.599999785423,"qoeLatency":78068.4,"qoeBitrateSwitch":750,"qoePlaybackSpeed":1067.4897858691695},"chunk-stream3-00045":{"qoeTotal":-65796.35651251936,"qoeBitrate":39000,"qoeRebuffer":21735.599999785423,"qoeLatency":81229.79999999999,"qoeBitrateSwitch":750,"qoePlaybackSpeed":1080.9565127339415},"chunk-stream3-00046":{"qoeTotal":-67749.51544028992,"qoeBitrate":40250,"qoeRebuffer":21735.599999785423,"qoeLatency":84418.79999999999,"qoeBitrateSwitch":750,"qoePlaybackSpeed":1095.1154405045077},"chunk-stream3-00047":{"qoeTotal":-69740.8962157579,"qoeBitrate":41500,"qoeRebuffer":21735.599999785423,"qoeLatency":87644.4,"qoeBitrateSwitch":750,"qoePlaybackSpeed":1110.8962159724817},"chunk-stream3-00048":{"qoeTotal":-71746.41384699047,"qoeBitrate":42750,"qoeRebuffer":21735.599999785423,"qoeLatency":90893.4,"qoeBitrateSwitch":750,"qoePlaybackSpeed":1117.413847205052},"chunk-stream3-00049":{"qoeTotal":-73775.41073565403,"qoeBitrate":44000,"qoeRebuffer":21735.599999785423,"qoeLatency":94157.4,"qoeBitrateSwitch":750,"qoePlaybackSpeed":1132.4107358686135},"chunk-stream3-00050":{"qoeTotal":-75860.9489038188,"qoeBitrate":45250,"qoeRebuffer":21735.599999785423,"qoeLatency":97468.2,"qoeBitrateSwitch":750,"qoePlaybackSpeed":1157.1489040333795},"chunk-stream3-00051":{"qoeTotal":-78015.78537738486,"qoeBitrate":46500,"qoeRebuffer":21735.599999785423,"qoeLatency":100839,"qoeBitrateSwitch":750,"qoePlaybackSpeed":1191.185377599439},"chunk-stream3-00052":{"qoeTotal":-80217.11963274213,"qoeBitrate":47750,"qoeRebuffer":21735.599999785423,"qoeLatency":104252.4,"qoeBitrateSwitch":750,"qoePlaybackSpeed":1229.1196329567147},"chunk-stream3-00053":{"qoeTotal":-82421.30238071451,"qoeBitrate":49000,"qoeRebuffer":21735.599999785423,"qoeLatency":107684.4,"qoeBitrateSwitch":750,"qoePlaybackSpeed":1251.3023809290826},"chunk-stream3-00054":{"qoeTotal":-84667.50238064,"qoeBitrate":50250,"qoeRebuffer":21735.599999785423,"qoeLatency":111120.59999999999,"qoeBitrateSwitch":750,"qoePlaybackSpeed":1311.3023808545856},"chunk-stream3-00055":{"qoeTotal":-86944.80651795451,"qoeBitrate":51500,"qoeRebuffer":21735.599999785423,"qoeLatency":114606.59999999999,"qoeBitrateSwitch":750,"qoePlaybackSpeed":1352.6065181690872},"chunk-stream4-00056":{"qoeTotal":-98887.32982789152,"qoeBitrate":53500,"qoeRebuffer":31205.399999767542,"qoeLatency":118887.59999999999,"qoeBitrateSwitch":900,"qoePlaybackSpeed":1394.3298281239895},"chunk-stream3-00057":{"qoeTotal":-105481.10746613103,"qoeBitrate":54750,"qoeRebuffer":34314.59999978542,"qoeLatency":123442.79999999999,"qoeBitrateSwitch":1050,