{"chunk-stream2-00018":{"qoeTotal":-531.4109088004826,"qoeBitrate":500,"qoeRebuffer":0,"qoeLatency":984.6,"qoeBitrateSwitch":0,"qoePlaybackSpeed":46.81090880048258},"init-stream5":{"qoeTotal":-4530.010908800483,"qoeBitrate":3500,"qoeRebuffer":0,"qoeLatency":7423.200000000001,"qoeBitrateSwitch":500,"qoePlaybackSpeed":106.81090880048254},"chunk-stream5-00019":{"qoeTotal":-4268.532623917347,"qoeBitrate":6500,"qoeRebuffer":1576.2000000178814,"qoeLatency":8542.2,"qoeBitrateSwitch":500,"qoePlaybackSpeed":150.13262389946505},"init-stream4":{"qoeTotal":-10428.554661808195,"qoeBitrate":8500,"qoeRebuffer":1576.2000000178814,"qoeLatency":16493.4,"qoeBitrateSwitch":700,"qoePlaybackSpeed":158.95466179031217},"chunk-stream4-00020":{"qoeTotal":-11234.995123664054,"qoeBitrate":10500,"qoeRebuffer":3084.600000053644,"qoeLatency":17752.2,"qoeBitrateSwitch":700,"qoePlaybackSpeed":198.19512361040864},"chunk-stream4-00021":{"qoeTotal":-12076.317856000913,"qoeBitrate":12500,"qoeRebuffer":4597.200000017881,"qoeLatency":19048.2,"qoeBitrateSwitch":700,"qoePlaybackSpeed":230.91785598303048},"chunk-stream4-00022":{"qoeTotal":-11453.444286662932,"qoeBitrate":14500,"qoeRebuffer":4597.200000017881,"qoeLatency":20401.2,"qoeBitrateSwitch":700,"qoePlaybackSpeed":255.044286645051},"chunk-stream4-00023":{"qoeTotal":-10876.505755612212,"qoeBitrate":16500,"qoeRebuffer":4597.200000017881,"qoeLatency":21803.4,"qoeBitrateSwitch":700,"qoePlaybackSpeed":275.9057555943293},"chunk-stream4-00024":{"qoeTotal":-10341.925295076591,"qoeBitrate":18500,"qoeRebuffer":4597.200000017881,"qoeLatency":23248.800000000003,"qoeBitrateSwitch":700,"qoePlaybackSpeed":295.92529505870647},"chunk-stream4-00025":{"qoeTotal":-9849.676794056648,"qoeBitrate":20500,"qoeRebuffer":4597.200000017881,"qoeLatency":24735.000000000004,"qoeBitrateSwitch":700,"qoePlaybackSpeed":317.47679403876356},"chunk-stream4-00026":{"qoeTotal":-9412.572425509192,"qoeBitrate":22500,"qoeRebuffer":4597.200000017881,"qoeLatency":26269.800000000003,"qoeBitrateSwitch":700,"qoePlaybackSpeed":345.5724254913082},"chunk-stream4-00027":{"qoeTotal":-9028.42416934653,"qoeBitrate":24500,"qoeRebuffer":4597.200000017881,"qoeLatency":27850.200000000004,"qoeBitrateSwitch":700,"qoePlaybackSpeed":381.0241693286438},"chunk-stream4-00028":{"qoeTotal":-8694.248615858973,"qoeBitrate":26500,"qoeRebuffer":4597.200000017881,"qoeLatency":29486.400000000005,"qoeBitrateSwitch":700,"qoePlaybackSpeed":410.6486158410855},"chunk-stream4-00029":{"qoeTotal":-8435.730099530903,"qoeBitrate":28500,"qoeRebuffer":4597.200000017881,"qoeLatency":31191.600000000006,"qoeBitrateSwitch":700,"qoePlaybackSpeed":446.9300995130167},"chunk-stream4-00030":{"qoeTotal":-8229.959220467963,"qoeBitrate":30500,"qoeRebuffer":4597.200000017881,"qoeLatency":32946.00000000001,"qoeBitrateSwitch":700,"qoePlaybackSpeed":486.7592204500746},"chunk-stream4-00031":{"qoeTotal":-8071.21771433618,"qoeBitrate":32500,"qoeRebuffer":4597.200000017881,"qoeLatency":34759.200000000004,"qoeBitrateSwitch":700,"qoePlaybackSpeed":514.8177143182942},"chunk-stream4-00032":{"qoeTotal":-7965.958238123413,"qoeBitrate":34500,"qoeRebuffer":4597.200000017881,"qoeLatency":36632.4,"qoeBitrateSwitch":700,"qoePlaybackSpeed":536.3582381055302},"chunk-stream4-00033":{"qoeTotal":-7937.354657305316,"qoeBitrate":36500,"qoeRebuffer":4597.200000017881,"qoeLatency":38566.200000000004,"qoeBitrateSwitch":700,"qoePlaybackSpeed":573.9546572874306},"chunk-stream4-00034":{"qoeTotal":-7957.222797900079,"qoeBitrate":38500,"qoeRebuffer":4597.200000017881,"qoeLatency":40557.00000000001,"qoeBitrateSwitch":700,"qoePlaybackSpeed":603.0227978821906},"chunk-stream4-00035":{"qoeTotal":-14109.033679544376,"qoeBitrate":40500,"qoeRebuffer":10176,"qoeLatency":43081.80000000001,"qoeBitrateSwitch":700,"qoePlaybackSpeed":651.2336795443659},"chunk-stream4-00036":{"qoeTotal":-35590.24456104562,"qoeBitrate":42500,"qoeRebuffer":29500.199999839067,"qoeLatency":47190.60000000001,"qoeBitrateSwitch":700,"qoePlaybackSpeed":699.4445612065413},"init-stream3":{"qoeTotal":-40991.14650387844,"qoeBitrate":43750,"qoeRebuffer":29500.199999839067,"qoeLatency":53643.000000000015,"qoeBitrateSwitch":850,"qoePlaybackSpeed":747.9465040393517},"chunk-stream3-00037":{"qoeTotal":-44915.75738554061,"qoeBitrate":45000,"qoeRebuffer":30109.199999839067,"qoeLatency":58160.400000000016,"qoeBitrateSwitch":850,"qoePlaybackSpeed":796.1573857015269},"chunk-stream3-00038":{"qoeTotal":-52919.93675659088,"qoeBitrate":46250,"qoeRebuffer":34816.19999983907,"qoeLatency":62697.60000000001,"qoeBitrateSwitch":850,"qoePlaybackSpeed":806.1367567518054},"chunk-stream3-00039":{"qoeTotal":-56202.93675659087,"qoeBitrate":47500,"qoeRebuffer":34816.19999983907,"qoeLatency":67170.6,"qoeBitrateSwitch":850,"qoePlaybackSpeed":866.1367567517968},"chunk-stream4-00040":{"qoeTotal":-58821.86079834497,"qoeBitrate":49500,"qoeRebuffer":34816.19999983907,"qoeLatency":71608.20000000001,"qoeBitrateSwitch":1000,"qoePlaybackSpeed":897.4607985058914},"chunk-stream4-00041":{"qoeTotal":-61292.475564428656,"qoeBitrate":51500,"qoeRebuffer":34816.19999983907,"qoeLatency":76067.40000000001,"qoeBitrateSwitch":1000,"qoePlaybackSpeed":908.8755645895826},"chunk-stream4-00042":{"qoeTotal":-63769.136608955356,"qoeBitrate":53500,"qoeRebuffer":34816.19999983907,"qoeLatency":80538.6,"qoeBitrateSwitch":1000,"qoePlaybackSpeed":914.3366091162804},"chunk-stream4-00043":{"qoeTotal":-66280.53660895533,"qoeBitrate":55500,"qoeRebuffer":34816.19999983907,"qoeLatency":84990,"qoeBitrateSwitch":1000,"qoePlaybackSpeed":974.3366091162632},"chunk-stream4-00044":{"qoeTotal":-68703.98949290586,"qoeBitrate":57500,"qoeRebuffer":34816.19999983907,"qoeLatency":89404.2,"qoeBitrateSwitch":1000,"qoePlaybackSpeed":983.5894930668065},"chunk-stream4-00045":{"qoeTotal":-71083.74703169918,"qoeBitrate":59500,"qoeRebuffer":34816.19999983907,"qoeLatency":93780.59999999999,"qoeBitrateSwitch":1000,"qoePlaybackSpeed":986.9470318601221},"chunk-stream4-00046":{"qoeTotal":-73487.36797218121,"qoeBitrate":61500,"qoeRebuffer":34816.19999983907,"qoeLatency":98167.79999999999,"qoeBitrateSwitch":1000,"qoePlaybackSpeed":1003.3679723421498},"chunk-stream4-00047":{"qoeTotal":-75920.16797218118,"qoeBitrate":63500,"qoeRebuffer":34816.19999983907,"qoeLatency":102540.59999999999,"qoeBitrateSwitch":1000,"qoePlaybackSpeed":1063.36797234212},"chunk-stream4-00048":{"qoeTotal":-78359.65633400984,"qoeBitrate":65500,"qoeRebuffer":34816.19999983907,"qoeLatency":106936.2,"qoeBitrateSwitch":1000,"qoePlaybackSpeed":1107.256334170778},"chunk-stream4-00049":{"qoeTotal":-105131.35827677113,"qoeBitrate":67500,"qoeRebuffer":57089.39999976754,"qoeLatency":113386.2,"qoeBitrateSwitch":1000,"qoePlaybackSpeed":1155.7582770035885},"chunk-stream3-00050":{"qoeTotal":-113235.53173430395,"qoeBitrate":68750,"qoeRebuffer":59652.59999978542,"qoeLatency":119989.8,"qoeBitrateSwitch":1150,"qoePlaybackSpeed":1193.1317345185296},"chunk-stream3-00051":{"qoeTotal":-118617.24501842086,"qoeBitrate":70000,"qoeRebuffer":59652.59999978542,"qoeLatency":126619.8,"qoeBitrateSwitch":1150,"qoePlaybackSpeed":1194.8450186354369},"chunk-stream3-00052":{"qoeTotal":-124022.44501842085,"qoeBitrate":71250,"qoeRebuffer":59652.59999978542,"qoeLatency":133215,"qoeBitrateSwitch":1150,"qoePlaybackSpeed":1254.8450186354369},"chunk-stream4-00053":{"qoeTotal":-128746.04501842086,"qoeBitrate":73250,"qoeRebuffer":59652.59999978542,"qoeLatency":139728.6,"qoeBitrateSwitch":1300,"qoePlaybackSpeed":1314.8450186354369},"chunk-stream4-00054":{"qoeTotal":-133245.84501842086,"qoeBitrate":75250,"qoeRebuffer":59652.59999978542,"qoeLatency":146168.4,"qoeBitrateSwitch":1300,"qoePlaybackSpeed":1374.8450186354369},"chunk-stream5-00055":{"qoeTotal":-137153.01047880162,"qoeBitrate":78250,"qoeRebuffer":59652.59999978542,"qoeLatency":152834.4,"qoeBitrateSwitch":1500,"qoePlaybackSpeed":1416.0104790162056},"chunk-stream4-00056":{"qoeTotal":-147202.71241882423,"qoeBitrate":80250,"qoeRebuffer":64360.19999974966,"qoeLatency":159943.19999999998,"qoeBitrateSwitch":1700,