{"chunk-stream2-00018":{"qoeTotal":-586.645456568224,"qoeBitrate":500,"qoeRebuffer":0,"qoeLatency":1036.2,"qoeBitrateSwitch":0,"qoePlaybackSpeed":50.445456568223904},"init-stream3":{"qoeTotal":-6366.432859211822,"qoeBitrate":1750,"qoeRebuffer":0,"qoeLatency":7914.6,"qoeBitrateSwitch":150,"qoePlaybackSpeed":51.83285921182108},"chunk-stream3-00019":{"qoeTotal":-9386.182105661177,"qoeBitrate":3000,"qoeRebuffer":3112.2000000178814,"qoeLatency":9035.4,"qoeBitrateSwitch":150,"qoePlaybackSpeed":88.5821056432959},"chunk-stream3-00020":{"qoeTotal":-10993.965495903587,"qoeBitrate":4250,"qoeRebuffer":4701.600000053644,"qoeLatency":10265.4,"qoeBitrateSwitch":150,"qoePlaybackSpeed":126.96549584994332},"chunk-stream3-00021":{"qoeTotal":-12677.32065763612,"qoeBitrate":5500,"qoeRebuffer":6223.200000107288,"qoeLatency":11634,"qoeBitrateSwitch":150,"qoePlaybackSpeed":170.12065752883325},"chunk-stream3-00022":{"qoeTotal":-14561.869134640769,"qoeBitrate":6750,"qoeRebuffer":7758.600000053644,"qoeLatency":13195.8,"qoeBitrateSwitch":150,"qoePlaybackSpeed":207.46913458712442},"init-stream2":{"qoeTotal":-21415.421487295996,"qoeBitrate":7250,"qoeRebuffer":7758.600000053644,"qoeLatency":20353.2,"qoeBitrateSwitch":300,"qoePlaybackSpeed":253.62148724235288},"chunk-stream2-00023":{"qoeTotal":-22557.16996435429,"qoeBitrate":7750,"qoeRebuffer":7758.600000053644,"qoeLatency":21957.600000000002,"qoeBitrateSwitch":300,"qoePlaybackSpeed":290.96996430064405},"chunk-stream3-00024":{"qoeTotal":-24829.57520724378,"qoeBitrate":9000,"qoeRebuffer":9325.200000017881,"qoeLatency":23720.4,"qoeBitrateSwitch":450,"qoePlaybackSpeed":333.9752072258966},"chunk-stream2-00025":{"qoeTotal":-27964.408243330116,"qoeBitrate":9500,"qoeRebuffer":10887.599999964237,"qoeLatency":25605.600000000002,"qoeBitrateSwitch":600,"qoePlaybackSpeed":371.20824336587594},"chunk-stream2-00026":{"qoeTotal":-29418.388650912115,"qoeBitrate":10000,"qoeRebuffer":10887.599999964237,"qoeLatency":27540.600000000002,"qoeBitrateSwitch":600,"qoePlaybackSpeed":390.18865094787367},"chunk-stream2-00027":{"qoeTotal":-30914.095918110277,"qoeBitrate":10500,"qoeRebuffer":10887.599999964237,"qoeLatency":29508.000000000004,"qoeBitrateSwitch":600,"qoePlaybackSpeed":418.4959181460347},"chunk-stream2-00028":{"qoeTotal":-32442.080351670615,"qoeBitrate":11000,"qoeRebuffer":10887.599999964237,"qoeLatency":31476.000000000004,"qoeBitrateSwitch":600,"qoePlaybackSpeed":478.4803517063749},"chunk-stream3-00029":{"qoeTotal":-34986.303263257745,"qoeBitrate":12250,"qoeRebuffer":12461.999999910593,"qoeLatency":33499.200000000004,"qoeBitrateSwitch":750,"qoePlaybackSpeed":525.1032633471452},"chunk-stream3-00030":{"qoeTotal":-37518.88918722255,"qoeBitrate":13500,"qoeRebuffer":13960.799999982119,"qoeLatency":35740.8,"qoeBitrateSwitch":750,"qoePlaybackSpeed":567.2891872404319},"chunk-stream3-00031":{"qoeTotal":-41927.58107918176,"qoeBitrate":14750,"qoeRebuffer":17109.600000053644,"qoeLatency":38209.200000000004,"qoeBitrateSwitch":750,"qoePlaybackSpeed":608.7810791281095},"chunk-stream2-00032":{"qoeTotal":-45700.25751891987,"qoeBitrate":15250,"qoeRebuffer":18615.600000053644,"qoeLatency":40794.600000000006,"qoeBitrateSwitch":900,"qoePlaybackSpeed":640.0575188662172},"chunk-stream2-00033":{"qoeTotal":-47836.206886175685,"qoeBitrate":15750,"qoeRebuffer":18615.600000053644,"qoeLatency":43415.40000000001,"qoeBitrateSwitch":900,"qoePlaybackSpeed":655.2068861220309},"chunk-stream2-00034":{"qoeTotal":-49998.30815835809,"qoeBitrate":16250,"qoeRebuffer":18615.600000053644,"qoeLatency":46058.40000000001,"qoeBitrateSwitch":900,"qoePlaybackSpeed":674.3081583044412},"chunk-stream2-00035":{"qoeTotal":-52207.30810078808,"qoeBitrate":16750,"qoeRebuffer":18615.600000053644,"qoeLatency":48707.40000000001,"qoeBitrateSwitch":900,"qoePlaybackSpeed":734.3081007344284},"chunk-stream2-00036":{"qoeTotal":-54323.53855131074,"qoeBitrate":17250,"qoeRebuffer":18615.600000053644,"qoeLatency":51312.600000000006,"qoeBitrateSwitch":900,"qoePlaybackSpeed":745.3385512570915},"chunk-stream2-00037":{"qoeTotal":-56395.251346139295,"qoeBitrate":17750,"qoeRebuffer":18615.600000053644,"qoeLatency":53871.00000000001,"qoeBitrateSwitch":900,"qoePlaybackSpeed":758.6513460856477},"chunk-stream2-00038":{"qoeTotal":-58455.778346074796,"qoeBitrate":18250,"qoeRebuffer":18615.600000053644,"qoeLatency":56415.600000000006,"qoeBitrateSwitch":900,"qoePlaybackSpeed":774.5783460211437},"chunk-stream2-00039":{"qoeTotal":-60512.585912142225,"qoeBitrate":18750,"qoeRebuffer":18615.600000053644,"qoeLatency":58965.00000000001,"qoeBitrateSwitch":900,"qoePlaybackSpeed":781.9859120885744},"chunk-stream2-00040":{"qoeTotal":-62568.825886830964,"qoeBitrate":19250,"qoeRebuffer":18615.600000053644,"qoeLatency":61506.600000000006,"qoeBitrateSwitch":900,"qoePlaybackSpeed":796.6258867773114},"chunk-stream2-00041":{"qoeTotal":-64633.4460090647,"qoeBitrate":19750,"qoeRebuffer":18615.600000053644,"qoeLatency":64065.00000000001,"qoeBitrateSwitch":900,"qoePlaybackSpeed":802.8460090110441},"chunk-stream2-00042":{"qoeTotal":-66669.76495890887,"qoeBitrate":20250,"qoeRebuffer":18615.600000053644,"qoeLatency":66601.20000000001,"qoeBitrateSwitch":900,"qoePlaybackSpeed":802.9649588552074},"chunk-stream2-00043":{"qoeTotal":-68752.4640295064,"qoeBitrate":20750,"qoeRebuffer":18615.600000053644,"qoeLatency":69155.40000000001,"qoeBitrateSwitch":900,"qoePlaybackSpeed":831.4640294527544},"chunk-stream2-00044":{"qoeTotal":-70785.11707771748,"qoeBitrate":21250,"qoeRebuffer":18615.600000053644,"qoeLatency":71673.6,"qoeBitrateSwitch":900,"qoePlaybackSpeed":845.9170776638284},"chunk-stream2-00045":{"qoeTotal":-72852.19750751903,"qoeBitrate":21750,"qoeRebuffer":18615.600000053644,"qoeLatency":74226.6,"qoeBitrateSwitch":900,"qoePlaybackSpeed":859.997507465372},"chunk-stream2-00046":{"qoeTotal":-74976.59739557472,"qoeBitrate":22250,"qoeRebuffer":18615.600000053644,"qoeLatency":76791,"qoeBitrateSwitch":900,"qoePlaybackSpeed":919.9973955210785},"chunk-stream2-00047":{"qoeTotal":-77010.976410193,"qoeBitrate":22750,"qoeRebuffer":18615.600000053644,"qoeLatency":79306.2,"qoeBitrateSwitch":900,"qoePlaybackSpeed":939.1764101393687},"chunk-stream2-00048":{"qoeTotal":-79029.78467692854,"qoeBitrate":23250,"qoeRebuffer":18615.600000053644,"qoeLatency":81817.2,"qoeBitrateSwitch":900,"qoePlaybackSpeed":946.9846768748953},"chunk-stream2-00049":{"qoeTotal":-81065.38137056798,"qoeBitrate":23750,"qoeRebuffer":18615.600000053644,"qoeLatency":84341.4,"qoeBitrateSwitch":900,"qoePlaybackSpeed":958.3813705143415},"chunk-stream2-00050":{"qoeTotal":-83164.69031096218,"qoeBitrate":24250,"qoeRebuffer":18615.600000053644,"qoeLatency":86911.2,"qoeBitrateSwitch":900,"qoePlaybackSpeed":987.8903109085381},"chunk-stream2-00051":{"qoeTotal":-86974.87426334266,"qoeBitrate":24750,"qoeRebuffer":20147.400000035763,"qoeLatency":89644.8,"qoeBitrateSwitch":900,"qoePlaybackSpeed":1032.6742633068957},"chunk-stream2-00052":{"qoeTotal":-90929.5362855114,"qoeBitrate":25250,"qoeRebuffer":21673.800000071526,"qoeLatency":92527.8,"qoeBitrateSwitch":900,"qoePlaybackSpeed":1077.9362854398778},"chunk-stream2-00053":{"qoeTotal":-95002.68910070621,"qoeBitrate":25750,"qoeRebuffer":23195.400000035763,"qoeLatency":95539.2,"qoeBitrateSwitch":900,"qoePlaybackSpeed":1118.0891006704508},"chunk-stream2-00054":{"qoeTotal":-99214.47973441191,"qoeBitrate":26250,"qoeRebuffer":24722.400000035763,"qoeLatency":98689.2,"qoeBitrateSwitch":900,"qoePlaybackSpeed":1152.8797343761553},"chunk-stream2-00055":{"qoeTotal":-104010.23236766305,"qoeBitrate":26750,"qoeRebuffer":26262.600000053644,"qoeLatency":102402,"qoeBitrateSwitch":900,"qoePlaybackSpeed":1195.632367609404},"chunk-stream2-00056":{"qoeTotal":-118627.13450539767,"qoeBitrate":27250,"qoeRebuffer":37008.60000014305,"qoeLatency":106727.4,"qoeBitrateSwitch":900,"qoePlaybackSpeed":1241.134505254617},"chunk-stream2-00057":{"qoeTotal":-125938.01330080527,"qoeBitrate":27750,"qoeRebuffer":40165.80000016093,"qoeLatency":111333.59999999999,"qoeBitrateSwitch":900,