{"chunk-stream2-00018":{"qoeTotal":-807.5238962239788,"qoeBitrate":500,"qoeRebuffer":0,"qoeLatency":1261.1999999999998,"qoeBitrateSwitch":0,"qoePlaybackSpeed":46.32389622397894},"chunk-stream2-00019":{"qoeTotal":-3346.9487261525983,"qoeBitrate":1000,"qoeRebuffer":1534.2000000178812,"qoeLatency":2728.8,"qoeBitrateSwitch":0,"qoePlaybackSpeed":83.94872613471682},"chunk-stream2-00020":{"qoeTotal":-6081.979117171178,"qoeBitrate":1500,"qoeRebuffer":3121.2000000178814,"qoeLatency":4335.6,"qoeBitrateSwitch":0,"qoePlaybackSpeed":125.17911715329629},"chunk-stream2-00021":{"qoeTotal":-8890.77239579863,"qoeBitrate":2000,"qoeRebuffer":4621.200000017881,"qoeLatency":6108,"qoeBitrateSwitch":0,"qoePlaybackSpeed":161.5723957807499},"chunk-stream2-00022":{"qoeTotal":-11952.386068925887,"qoeBitrate":2500,"qoeRebuffer":6202.800000071526,"qoeLatency":8046,"qoeBitrateSwitch":0,"qoePlaybackSpeed":203.58606885436166},"chunk-stream2-00023":{"qoeTotal":-15127.11385015074,"qoeBitrate":3000,"qoeRebuffer":7764.600000053644,"qoeLatency":10113,"qoeBitrateSwitch":0,"qoePlaybackSpeed":249.5138500970955},"chunk-stream2-00024":{"qoeTotal":-18501.234076353354,"qoeBitrate":3500,"qoeRebuffer":9345.000000089407,"qoeLatency":12360.6,"qoeBitrateSwitch":0,"qoePlaybackSpeed":295.6340762639477},"chunk-stream2-00025":{"qoeTotal":-22016.249872979468,"qoeBitrate":4000,"qoeRebuffer":10906.200000107288,"qoeLatency":14772,"qoeBitrateSwitch":0,"qoePlaybackSpeed":338.0498728721784},"chunk-stream2-00026":{"qoeTotal":-25667.026741602953,"qoeBitrate":4500,"qoeRebuffer":12454.200000107288,"qoeLatency":17332.8,"qoeBitrateSwitch":0,"qoePlaybackSpeed":380.02674149566474},"chunk-stream2-00027":{"qoeTotal":-29445.67280036481,"qoeBitrate":5000,"qoeRebuffer":14005.200000107288,"qoeLatency":20022.6,"qoeBitrateSwitch":0,"qoePlaybackSpeed":417.87280025752403},"chunk-stream2-00028":{"qoeTotal":-33396.85737354287,"qoeBitrate":5500,"qoeRebuffer":15574.200000107288,"qoeLatency":22867.199999999997,"qoeBitrateSwitch":0,"qoePlaybackSpeed":455.45737343558454},"chunk-stream2-00029":{"qoeTotal":-37474.271495446475,"qoeBitrate":6000,"qoeRebuffer":17143.20000010729,"qoeLatency":25837.199999999997,"qoeBitrateSwitch":0,"qoePlaybackSpeed":493.87149533919074},"chunk-stream2-00030":{"qoeTotal":-41704.87383058014,"qoeBitrate":6500,"qoeRebuffer":18725.40000012517,"qoeLatency":28947.6,"qoeBitrateSwitch":0,"qoePlaybackSpeed":531.8738304549671},"chunk-stream2-00031":{"qoeTotal":-46059.77303237963,"qoeBitrate":7000,"qoeRebuffer":20311.20000010729,"qoeLatency":32172.6,"qoeBitrateSwitch":0,"qoePlaybackSpeed":575.9730322723441},"chunk-stream2-00032":{"qoeTotal":-50440.282629119065,"qoeBitrate":7500,"qoeRebuffer":21823.800000071526,"qoeLatency":35500.2,"qoeBitrateSwitch":0,"qoePlaybackSpeed":616.2826290475426},"chunk-stream2-00033":{"qoeTotal":-54940.5738315421,"qoeBitrate":8000,"qoeRebuffer":23366.40000012517,"qoeLatency":38914.799999999996,"qoeBitrateSwitch":0,"qoePlaybackSpeed":659.3738314169306},"chunk-stream2-00034":{"qoeTotal":-59827.23952972122,"qoeBitrate":8500,"qoeRebuffer":25229.400000035763,"qoeLatency":42398.399999999994,"qoeBitrateSwitch":0,"qoePlaybackSpeed":699.4395296854603},"chunk-stream2-00035":{"qoeTotal":-62921.52973733095,"qoeBitrate":9000,"qoeRebuffer":25229.400000035763,"qoeLatency":45957.59999999999,"qoeBitrateSwitch":0,"qoePlaybackSpeed":734.529737295194},"chunk-stream2-00036":{"qoeTotal":-66085.71678177472,"qoeBitrate":9500,"qoeRebuffer":25229.400000035763,"qoeLatency":49580.99999999999,"qoeBitrateSwitch":0,"qoePlaybackSpeed":775.3167817389651},"chunk-stream2-00037":{"qoeTotal":-69322.44778400507,"qoeBitrate":10000,"qoeRebuffer":25229.400000035763,"qoeLatency":53278.799999999996,"qoeBitrateSwitch":0,"qoePlaybackSpeed":814.2477839693124},"chunk-stream2-00038":{"qoeTotal":-72621.33705943424,"qoeBitrate":10500,"qoeRebuffer":25229.400000035763,"qoeLatency":57044.399999999994,"qoeBitrateSwitch":0,"qoePlaybackSpeed":847.5370593984904},"chunk-stream2-00039":{"qoeTotal":-75993.26779855754,"qoeBitrate":11000,"qoeRebuffer":25229.400000035763,"qoeLatency":60878.99999999999,"qoeBitrateSwitch":0,"qoePlaybackSpeed":884.8677985217817},"chunk-stream2-00040":{"qoeTotal":-79408.03410043994,"qoeBitrate":11500,"qoeRebuffer":25229.400000035763,"qoeLatency":64764.59999999999,"qoeBitrateSwitch":0,"qoePlaybackSpeed":914.0341004041885},"chunk-stream2-00041":{"qoeTotal":-82868.86406918259,"qoeBitrate":12000,"qoeRebuffer":25229.400000035763,"qoeLatency":68693.99999999999,"qoeBitrateSwitch":0,"qoePlaybackSpeed":945.464069146832},"chunk-stream2-00042":{"qoeTotal":-86350.48616922245,"qoeBitrate":12500,"qoeRebuffer":25229.400000035763,"qoeLatency":72651.59999999999,"qoeBitrateSwitch":0,"qoePlaybackSpeed":969.4861691866934},"chunk-stream2-00043":{"qoeTotal":-89768.78128346066,"qoeBitrate":13000,"qoeRebuffer":25229.400000035763,"qoeLatency":76565.99999999999,"qoeBitrateSwitch":0,"qoePlaybackSpeed":973.381283424907},"chunk-stream2-00044":{"qoeTotal":-93174.18128345812,"qoeBitrate":13500,"qoeRebuffer":25229.400000035763,"qoeLatency":80411.39999999998,"qoeBitrateSwitch":0,"qoePlaybackSpeed":1033.3812834223831},"chunk-stream2-00045":{"qoeTotal":-96518.83078229858,"qoeBitrate":14000,"qoeRebuffer":25229.400000035763,"qoeLatency":84233.99999999999,"qoeBitrateSwitch":0,"qoePlaybackSpeed":1055.4307822628252},"chunk-stream2-00046":{"qoeTotal":-99839.56372597994,"qoeBitrate":14500,"qoeRebuffer":25229.400000035763,"qoeLatency":88035.59999999999,"qoeBitrateSwitch":0,"qoePlaybackSpeed":1074.5637259441853},"chunk-stream2-00047":{"qoeTotal":-103205.36372597644,"qoeBitrate":15000,"qoeRebuffer":25229.400000035763,"qoeLatency":91841.4,"qoeBitrateSwitch":0,"qoePlaybackSpeed":1134.5637259406749},"chunk-stream2-00048":{"qoeTotal":-106446.80098113291,"qoeBitrate":15500,"qoeRebuffer":25229.400000035763,"qoeLatency":95574.59999999999,"qoeBitrateSwitch":0,"qoePlaybackSpeed":1142.800981097163},"chunk-stream2-00049":{"qoeTotal":-109674.92025149982,"qoeBitrate":16000,"qoeRebuffer":25229.400000035763,"qoeLatency":99292.79999999999,"qoeBitrateSwitch":0,"qoePlaybackSpeed":1152.7202514640608},"chunk-stream2-00050":{"qoeTotal":-112975.17852596821,"qoeBitrate":16500,"qoeRebuffer":25229.400000035763,"qoeLatency":103062.59999999999,"qoeBitrateSwitch":0,"qoePlaybackSpeed":1183.1785259324602},"chunk-stream2-00051":{"qoeTotal":-117913.15379007933,"qoeBitrate":17000,"qoeRebuffer":26784,"qoeLatency":106905.59999999999,"qoeBitrateSwitch":0,"qoePlaybackSpeed":1223.5537900793483},"chunk-stream2-00052":{"qoeTotal":-121336.0366968773,"qoeBitrate":17500,"qoeRebuffer":26784,"qoeLatency":110806.2,"qoeBitrateSwitch":0,"qoePlaybackSpeed":1245.8366968773048},"chunk-stream2-00053":{"qoeTotal":-124798.31683437659,"qoeBitrate":18000,"qoeRebuffer":26784,"qoeLatency":114735,"qoeBitrateSwitch":0,"qoePlaybackSpeed":1279.3168343765935},"chunk-stream2-00054":{"qoeTotal":-128296.19692466565,"qoeBitrate":18500,"qoeRebuffer":26784,"qoeLatency":118696.2,"qoeBitrateSwitch":0,"qoePlaybackSpeed":1315.996924665662},"chunk-stream2-00055":{"qoeTotal":-131969.55367873874,"qoeBitrate":19000,"qoeRebuffer":26784,"qoeLatency":122826,"qoeBitrateSwitch":0,"qoePlaybackSpeed":1359.5536787387405},"chunk-stream2-00056":{"qoeTotal":-142288.1627775274,"qoeBitrate":19500,"qoeRebuffer":33031.800000071526,"qoeLatency":127362.6,"qoeBitrateSwitch":0,"qoePlaybackSpeed":1393.762777455888},"chunk-stream2-00057":{"qoeTotal":-146412.33341319306,"qoeBitrate":20000,"qoeRebuffer":33031.800000071526,"qoeLatency":131954.4,"qoeBitrateSwitch":0,"qoePlaybackSpeed":1426.1334131215363},"chunk-stream2-00058":{"qoeTotal":-150559.0143678948,"qoeBitrate":20500,"qoeRebuffer":33031.800000071526,"qoeLatency":136592.4,"qoeBitrateSwitch":0,"qoePlaybackSpeed":1434.8143678232684},"chunk-stream2-00059":{"qoeTotal":-154746.9193027891,"qoeBitrate":21000,"qoeRebuffer":33031.800000071526,"qoeLatency":141252,"qoeBitrateSwitch":0,"qoePlaybackSpeed":1463.1193027175605},"chunk-stream2-00060":{"qoeTotal":-158916.85579013237,"qoeBitrate":21500,