{"chunk-stream2-00018":{"qoeTotal":-746.4198604263627,"qoeBitrate":500,"qoeRebuffer":0,"qoeLatency":1195.8,"qoeBitrateSwitch":0,"qoePlaybackSpeed":50.61986042636277},"chunk-stream2-00019":{"qoeTotal":-4706.61564425528,"qoeBitrate":1000,"qoeRebuffer":3106.2000000178814,"qoeLatency":2512.8,"qoeBitrateSwitch":0,"qoePlaybackSpeed":87.61564423739883},"chunk-stream2-00020":{"qoeTotal":-5622.583531886701,"qoeBitrate":1500,"qoeRebuffer":3106.2000000178814,"qoeLatency":3889.8,"qoeBitrateSwitch":0,"qoePlaybackSpeed":126.58353186881921},"chunk-stream2-00021":{"qoeTotal":-6582.784195140181,"qoeBitrate":2000,"qoeRebuffer":3106.2000000178814,"qoeLatency":5314.8,"qoeBitrateSwitch":0,"qoePlaybackSpeed":161.7841951222992},"chunk-stream2-00022":{"qoeTotal":-7577.88075586603,"qoeBitrate":2500,"qoeRebuffer":3106.2000000178814,"qoeLatency":6792.6,"qoeBitrateSwitch":0,"qoePlaybackSpeed":179.08075584814816},"chunk-stream2-00023":{"qoeTotal":-8640.011688392688,"qoeBitrate":3000,"qoeRebuffer":3106.2000000178814,"qoeLatency":8317.2,"qoeBitrateSwitch":0,"qoePlaybackSpeed":216.6116883748057},"chunk-stream2-00024":{"qoeTotal":-9735.140035100061,"qoeBitrate":3500,"qoeRebuffer":3106.2000000178814,"qoeLatency":9885.6,"qoeBitrateSwitch":0,"qoePlaybackSpeed":243.34003508217887},"chunk-stream2-00025":{"qoeTotal":-10887.967344582175,"qoeBitrate":4000,"qoeRebuffer":3106.2000000178814,"qoeLatency":11508,"qoeBitrateSwitch":0,"qoePlaybackSpeed":273.7673445642933},"chunk-stream2-00026":{"qoeTotal":-12100.47277602531,"qoeBitrate":4500,"qoeRebuffer":3106.2000000178814,"qoeLatency":13181.4,"qoeBitrateSwitch":0,"qoePlaybackSpeed":312.872776007429},"chunk-stream2-00027":{"qoeTotal":-13376.434674022083,"qoeBitrate":5000,"qoeRebuffer":3106.2000000178814,"qoeLatency":14922,"qoeBitrateSwitch":0,"qoePlaybackSpeed":348.23467400420185},"chunk-stream2-00028":{"qoeTotal":-16320.121653581919,"qoeBitrate":5500,"qoeRebuffer":4660.799999982119,"qoeLatency":16773.6,"qoeBitrateSwitch":0,"qoePlaybackSpeed":385.72165359980227},"chunk-stream2-00029":{"qoeTotal":-19325.140412303903,"qoeBitrate":6000,"qoeRebuffer":6228,"qoeLatency":18676.199999999997,"qoeBitrateSwitch":0,"qoePlaybackSpeed":420.940412303905},"chunk-stream2-00030":{"qoeTotal":-22424.76307606008,"qoeBitrate":6500,"qoeRebuffer":7779.599999964237,"qoeLatency":20690.999999999996,"qoeBitrateSwitch":0,"qoePlaybackSpeed":454.16307609584857},"chunk-stream2-00031":{"qoeTotal":-25647.348031880003,"qoeBitrate":7000,"qoeRebuffer":9349.199999928474,"qoeLatency":22805.399999999998,"qoeBitrateSwitch":0,"qoePlaybackSpeed":492.7480319515314},"chunk-stream2-00032":{"qoeTotal":-28893.346315409173,"qoeBitrate":7500,"qoeRebuffer":10853.999999910593,"qoeLatency":25004.399999999998,"qoeBitrateSwitch":0,"qoePlaybackSpeed":534.9463154985824},"chunk-stream2-00033":{"qoeTotal":-32302.891306685236,"qoeBitrate":8000,"qoeRebuffer":12397.199999928474,"qoeLatency":27328.199999999997,"qoeBitrateSwitch":0,"qoePlaybackSpeed":577.4913067567653},"chunk-stream2-00034":{"qoeTotal":-34238.953042029025,"qoeBitrate":8500,"qoeRebuffer":12397.199999928474,"qoeLatency":29723.999999999996,"qoeBitrateSwitch":0,"qoePlaybackSpeed":617.7530421005508},"chunk-stream2-00035":{"qoeTotal":-36239.823334618486,"qoeBitrate":9000,"qoeRebuffer":12397.199999928474,"qoeLatency":32191.799999999996,"qoeBitrateSwitch":0,"qoePlaybackSpeed":650.8233346900137},"chunk-stream2-00036":{"qoeTotal":-38300.5333647487,"qoeBitrate":9500,"qoeRebuffer":12397.199999928474,"qoeLatency":34716.6,"qoeBitrateSwitch":0,"qoePlaybackSpeed":686.7333648202268},"chunk-stream2-00037":{"qoeTotal":-40434.94663338858,"qoeBitrate":10000,"qoeRebuffer":12397.199999928474,"qoeLatency":37313.4,"qoeBitrateSwitch":0,"qoePlaybackSpeed":724.346633460105},"chunk-stream2-00038":{"qoeTotal":-42636.055340681014,"qoeBitrate":10500,"qoeRebuffer":12397.199999928474,"qoeLatency":39985.200000000004,"qoeBitrateSwitch":0,"qoePlaybackSpeed":753.6553407525361},"chunk-stream2-00039":{"qoeTotal":-46446.26967478765,"qoeBitrate":11000,"qoeRebuffer":13934.399999946356,"qoeLatency":42723.00000000001,"qoeBitrateSwitch":0,"qoePlaybackSpeed":788.8696748412858},"chunk-stream2-00040":{"qoeTotal":-48793.65040777315,"qoeBitrate":11500,"qoeRebuffer":13934.399999946356,"qoeLatency":45529.80000000001,"qoeBitrateSwitch":0,"qoePlaybackSpeed":829.4504078267865},"chunk-stream2-00041":{"qoeTotal":-51225.24747007136,"qoeBitrate":12000,"qoeRebuffer":13934.399999946356,"qoeLatency":48415.20000000001,"qoeBitrateSwitch":0,"qoePlaybackSpeed":875.6474701249913},"chunk-stream2-00042":{"qoeTotal":-53705.45701469073,"qoeBitrate":12500,"qoeRebuffer":13934.399999946356,"qoeLatency":51354.60000000001,"qoeBitrateSwitch":0,"qoePlaybackSpeed":916.4570147443584},"chunk-stream2-00043":{"qoeTotal":-56178.678485077384,"qoeBitrate":13000,"qoeRebuffer":13934.399999946356,"qoeLatency":54323.400000000016,"qoeBitrateSwitch":0,"qoePlaybackSpeed":920.8784851310132},"chunk-stream2-00044":{"qoeTotal":-58644.902724313375,"qoeBitrate":13500,"qoeRebuffer":13934.399999946356,"qoeLatency":57280.80000000002,"qoeBitrateSwitch":0,"qoePlaybackSpeed":929.7027243670019},"chunk-stream2-00045":{"qoeTotal":-61072.139835663096,"qoeBitrate":14000,"qoeRebuffer":13934.399999946356,"qoeLatency":60195.000000000015,"qoeBitrateSwitch":0,"qoePlaybackSpeed":942.7398357167291},"chunk-stream2-00046":{"qoeTotal":-63486.562206343304,"qoeBitrate":14500,"qoeRebuffer":13934.399999946356,"qoeLatency":63094.20000000001,"qoeBitrateSwitch":0,"qoePlaybackSpeed":957.9622063969331},"init-stream3":{"qoeTotal":-65300.984577023504,"qoeBitrate":15750,"qoeRebuffer":13934.399999946356,"qoeLatency":65993.40000000001,"qoeBitrateSwitch":150,"qoePlaybackSpeed":973.1845770771371},"chunk-stream3-00047":{"qoeTotal":-68657.26726382469,"qoeBitrate":17000,"qoeRebuffer":15521.399999946356,"qoeLatency":68968.20000000001,"qoeBitrateSwitch":150,"qoePlaybackSpeed":1017.6672638783216},"init-stream2":{"qoeTotal":-82384.21257639861,"qoeBitrate":17500,"qoeRebuffer":21421.800000071526,"qoeLatency":77096.40000000001,"qoeBitrateSwitch":300,"qoePlaybackSpeed":1066.0125763270748},"chunk-stream2-00048":{"qoeTotal":-86560.64525593013,"qoeBitrate":18000,"qoeRebuffer":22960.20000001788,"qoeLatency":80200.20000000001,"qoeBitrateSwitch":300,"qoePlaybackSpeed":1100.2452559122275},"chunk-stream2-00049":{"qoeTotal":-89237.19563700074,"qoeBitrate":18500,"qoeRebuffer":22960.20000001788,"qoeLatency":83349.6,"qoeBitrateSwitch":300,"qoePlaybackSpeed":1127.3956369828584},"chunk-stream2-00050":{"qoeTotal":-91970.19327984644,"qoeBitrate":19000,"qoeRebuffer":22960.20000001788,"qoeLatency":86554.8,"qoeBitrateSwitch":300,"qoePlaybackSpeed":1155.193279828559},"chunk-stream2-00051":{"qoeTotal":-94757.11916012772,"qoeBitrate":19500,"qoeRebuffer":22960.20000001788,"qoeLatency":89803.8,"qoeBitrateSwitch":300,"qoePlaybackSpeed":1193.1191601098412},"chunk-stream2-00052":{"qoeTotal":-97583.51915981797,"qoeBitrate":20000,"qoeRebuffer":22960.20000001788,"qoeLatency":93070.2,"qoeBitrateSwitch":300,"qoePlaybackSpeed":1253.1191598000937},"chunk-stream2-00053":{"qoeTotal":-100336.11631246736,"qoeBitrate":20500,"qoeRebuffer":22960.20000001788,"qoeLatency":96303,"qoeBitrateSwitch":300,"qoePlaybackSpeed":1272.9163124494837},"chunk-stream2-00054":{"qoeTotal":-103091.71631206162,"qoeBitrate":21000,"qoeRebuffer":22960.20000001788,"qoeLatency":99498.6,"qoeBitrateSwitch":300,"qoePlaybackSpeed":1332.9163120437254},"chunk-stream2-00055":{"qoeTotal":-105725.95321663236,"qoeBitrate":21500,"qoeRebuffer":22960.20000001788,"qoeLatency":102616.20000000001,"qoeBitrateSwitch":300,"qoePlaybackSpeed":1349.5532166144724},"chunk-stream2-00056":{"qoeTotal":-112793.93576110166,"qoeBitrate":22000,"qoeRebuffer":27103.800000071526,"qoeLatency":106003.20000000001,"qoeBitrateSwitch":300,"qoePlaybackSpeed":1386.9357610301186},"chunk-stream2-00057":{"qoeTotal":-115771.367421544,"qoeBitrate":22500,"qoeRebuffer":27103.800000071526,"qoeLatency":109447.20000000001,"qoeBitrateSwitch":300,"qoePlaybackSpeed":1420.3674214724542},