{"chunk-stream2-00019":{"qoeTotal":-473.6382298671286,"qoeBitrate":500,"qoeRebuffer":0,"qoeLatency":923.4,"qoeBitrateSwitch":0,"qoePlaybackSpeed":50.238229867128624},"init-stream3":{"qoeTotal":-2254.8382298671286,"qoeBitrate":1750,"qoeRebuffer":0,"qoeLatency":3804.6,"qoeBitrateSwitch":150,"qoePlaybackSpeed":50.238229867128624},"chunk-stream3-00020":{"qoeTotal":-3586.7577903286983,"qoeBitrate":3000,"qoeRebuffer":1501.7999999821188,"qoeLatency":4845,"qoeBitrateSwitch":150,"qoePlaybackSpeed":89.95779034657976},"chunk-stream3-00021":{"qoeTotal":-5081.87996284887,"qoeBitrate":4250,"qoeRebuffer":3023.399999946356,"qoeLatency":6028.8,"qoeBitrateSwitch":150,"qoePlaybackSpeed":129.67996290251352},"chunk-stream3-00022":{"qoeTotal":-6714.74702657907,"qoeBitrate":5500,"qoeRebuffer":4552.799999982119,"qoeLatency":7344,"qoeBitrateSwitch":150,"qoePlaybackSpeed":167.94702659695125},"chunk-stream3-00023":{"qoeTotal":-8490.607854939337,"qoeBitrate":6750,"qoeRebuffer":6096.600000053644,"qoeLatency":8785.8,"qoeBitrateSwitch":150,"qoePlaybackSpeed":208.20785488569305},"chunk-stream3-00024":{"qoeTotal":-10409.822795026408,"qoeBitrate":8000,"qoeRebuffer":7656,"qoeLatency":10356.599999999999,"qoeBitrateSwitch":150,"qoePlaybackSpeed":247.22279502640978},"chunk-stream3-00025":{"qoeTotal":-12479.298559377079,"qoeBitrate":9250,"qoeRebuffer":9225,"qoeLatency":12066.599999999999,"qoeBitrateSwitch":150,"qoePlaybackSpeed":287.69855937708013},"chunk-stream3-00026":{"qoeTotal":-14687.048563252602,"qoeBitrate":10500,"qoeRebuffer":10798.200000017881,"qoeLatency":13906.8,"qoeBitrateSwitch":150,"qoePlaybackSpeed":332.0485632347211},"chunk-stream3-00027":{"qoeTotal":-16995.258082510984,"qoeBitrate":11750,"qoeRebuffer":12306.600000053644,"qoeLatency":15911.4,"qoeBitrateSwitch":150,"qoePlaybackSpeed":377.25808245733674},"chunk-stream3-00028":{"qoeTotal":-19493.359886288665,"qoeBitrate":13000,"qoeRebuffer":13890.000000089407,"qoeLatency":18033,"qoeBitrateSwitch":150,"qoePlaybackSpeed":420.3598861992563},"chunk-stream3-00029":{"qoeTotal":-22048.805076646648,"qoeBitrate":14250,"qoeRebuffer":15397.800000071526,"qoeLatency":20286.6,"qoeBitrateSwitch":150,"qoePlaybackSpeed":464.40507657512194},"chunk-stream3-00030":{"qoeTotal":-24720.808064661538,"qoeBitrate":15500,"qoeRebuffer":16916.400000035763,"qoeLatency":22645.8,"qoeBitrateSwitch":150,"qoePlaybackSpeed":508.60806462577574},"chunk-stream3-00031":{"qoeTotal":-27550.18397157005,"qoeBitrate":16750,"qoeRebuffer":18457.20000001788,"qoeLatency":25144.8,"qoeBitrateSwitch":150,"qoePlaybackSpeed":548.1839715521724},"chunk-stream3-00032":{"qoeTotal":-30527.768434001955,"qoeBitrate":18000,"qoeRebuffer":20015.400000035763,"qoeLatency":27773.4,"qoeBitrateSwitch":150,"qoePlaybackSpeed":588.9684339661904},"chunk-stream3-00033":{"qoeTotal":-35974.17223934448,"qoeBitrate":19250,"qoeRebuffer":23821.79999998212,"qoeLatency":30621.600000000002,"qoeBitrateSwitch":150,"qoePlaybackSpeed":630.772239362354},"chunk-stream3-00034":{"qoeTotal":-39237.49682881189,"qoeBitrate":20500,"qoeRebuffer":25321.20000001788,"qoeLatency":33591,"qoeBitrateSwitch":150,"qoePlaybackSpeed":675.2968287940112},"init-stream2":{"qoeTotal":-41770.66902098733,"qoeBitrate":21000,"qoeRebuffer":25321.20000001788,"qoeLatency":36431.4,"qoeBitrateSwitch":300,"qoePlaybackSpeed":718.0690209694468},"chunk-stream2-00035":{"qoeTotal":-44297.58606200847,"qoeBitrate":21500,"qoeRebuffer":25321.20000001788,"qoeLatency":39432,"qoeBitrateSwitch":300,"qoePlaybackSpeed":744.3860619905886},"chunk-stream3-00036":{"qoeTotal":-46314.3201557165,"qoeBitrate":22750,"qoeRebuffer":25321.20000001788,"qoeLatency":42514.2,"qoeBitrateSwitch":450,"qoePlaybackSpeed":778.9201556986197},"chunk-stream3-00037":{"qoeTotal":-49895.47085016083,"qoeBitrate":24000,"qoeRebuffer":26886,"qoeLatency":45735,"qoeBitrateSwitch":450,"qoePlaybackSpeed":824.4708501608345},"chunk-stream2-00038":{"qoeTotal":-52838.507154982326,"qoeBitrate":24500,"qoeRebuffer":26886,"qoeLatency":48999.6,"qoeBitrateSwitch":600,"qoePlaybackSpeed":852.907154982331},"chunk-stream3-00039":{"qoeTotal":-56653.10389940189,"qoeBitrate":25750,"qoeRebuffer":28430.400000035763,"qoeLatency":52330.2,"qoeBitrateSwitch":750,"qoePlaybackSpeed":892.5038993661298},"chunk-stream3-00040":{"qoeTotal":-60487.009570627284,"qoeBitrate":27000,"qoeRebuffer":29939.400000035763,"qoeLatency":55866.6,"qoeBitrateSwitch":750,"qoePlaybackSpeed":931.0095705915213},"chunk-stream3-00041":{"qoeTotal":-65462.34379535513,"qoeBitrate":28250,"qoeRebuffer":32401.199999928474,"qoeLatency":59583.6,"qoeBitrateSwitch":750,"qoePlaybackSpeed":977.5437954266571},"chunk-stream2-00042":{"qoeTotal":-70497.80647403435,"qoeBitrate":28750,"qoeRebuffer":33992.99999991059,"qoeLatency":63331.2,"qoeBitrateSwitch":900,"qoePlaybackSpeed":1023.6064741237601},"chunk-stream3-00043":{"qoeTotal":-73204.34326067613,"qoeBitrate":30000,"qoeRebuffer":33992.99999991059,"qoeLatency":67125,"qoeBitrateSwitch":1050,"qoePlaybackSpeed":1036.3432607655484},"chunk-stream3-00044":{"qoeTotal":-75821.21869186504,"qoeBitrate":31250,"qoeRebuffer":33992.99999991059,"qoeLatency":70965,"qoeBitrateSwitch":1050,"qoePlaybackSpeed":1063.2186919544524},"chunk-stream3-00045":{"qoeTotal":-78528.87883705388,"qoeBitrate":32500,"qoeRebuffer":33992.99999991059,"qoeLatency":74884.8,"qoeBitrateSwitch":1050,"qoePlaybackSpeed":1101.0788371432802},"chunk-stream2-00046":{"qoeTotal":-82167.7389822427,"qoeBitrate":33000,"qoeRebuffer":33992.99999991059,"qoeLatency":78835.8,"qoeBitrateSwitch":1200,"qoePlaybackSpeed":1138.938982332108},"chunk-stream3-00047":{"qoeTotal":-85099.96483509245,"qoeBitrate":34250,"qoeRebuffer":33992.99999991059,"qoeLatency":82827.6,"qoeBitrateSwitch":1350,"qoePlaybackSpeed":1179.3648351818497},"chunk-stream3-00048":{"qoeTotal":-87905.51525713372,"qoeBitrate":35500,"qoeRebuffer":33992.99999991059,"qoeLatency":86862.6,"qoeBitrateSwitch":1350,"qoePlaybackSpeed":1199.9152572231196},"chunk-stream3-00049":{"qoeTotal":-90786.34755952988,"qoeBitrate":36750,"qoeRebuffer":33992.99999991059,"qoeLatency":90959.40000000001,"qoeBitrateSwitch":1350,"qoePlaybackSpeed":1233.9475596192767},"chunk-stream3-00050":{"qoeTotal":-95392.11763981199,"qoeBitrate":38000,"qoeRebuffer":35573.99999991059,"qoeLatency":95188.8,"qoeBitrateSwitch":1350,"qoePlaybackSpeed":1279.3176399013887},"chunk-stream3-00051":{"qoeTotal":-100125.52904591455,"qoeBitrate":39250,"qoeRebuffer":37093.199999928474,"qoeLatency":99615,"qoeBitrateSwitch":1350,"qoePlaybackSpeed":1317.3290459860796},"chunk-stream3-00052":{"qoeTotal":-103399.58167477729,"qoeBitrate":40500,"qoeRebuffer":37093.199999928474,"qoeLatency":104097,"qoeBitrateSwitch":1350,"qoePlaybackSpeed":1359.3816748488127},"chunk-stream3-00053":{"qoeTotal":-106679.98268775475,"qoeBitrate":41750,"qoeRebuffer":37093.199999928474,"qoeLatency":108601.8,"qoeBitrateSwitch":1350,"qoePlaybackSpeed":1384.982687826275},"chunk-stream3-00054":{"qoeTotal":-110003.60760868086,"qoeBitrate":43000,"qoeRebuffer":37093.199999928474,"qoeLatency":113137.8,"qoeBitrateSwitch":1350,"qoePlaybackSpeed":1422.6076087523772},"chunk-stream3-00055":{"qoeTotal":-113542.44011777872,"qoeBitrate":44250,"qoeRebuffer":37093.199999928474,"qoeLatency":117882,"qoeBitrateSwitch":1350,"qoePlaybackSpeed":1467.2401178502437},"chunk-stream3-00056":{"qoeTotal":-124539.83970842077,"qoeBitrate":45500,"qoeRebuffer":44058.59999987483,"qoeLatency":123132,"qoeBitrateSwitch":1350,"qoePlaybackSpeed":1499.239708545938},"chunk-stream3-00057":{"qoeTotal":-130286.5449404008,"qoeBitrate":46750,"qoeRebuffer":45583.79999989271,"qoeLatency":128559.6,"qoeBitrateSwitch":1350,"qoePlaybackSpeed":1543.1449405080803},"chunk-stream3-00058":{"qoeTotal":-136143.94774987694,"qoeBitrate":48000,"qoeRebuffer":47092.199999928474,"qoeLatency":134113.80000000002,"qoeBitrateSwitch":1350,"qoePlaybackSpeed":1587.94774994846},"chunk-stream3-00059":{"qoeTotal":-142105.1259872379,"qoeBitrate":49250,"qoeRebuffer":48607.79999989271,"qoeLatency":139766.40000000002,"qoeBitrateSwitch":1350,