{"chunk-stream2-00018":{"qoeTotal":-474.3473404917368,"qoeBitrate":500,"qoeRebuffer":0,"qoeLatency":942,"qoeBitrateSwitch":0,"qoePlaybackSpeed":32.34734049173682},"init-stream0":{"qoeTotal":-2058.424289640656,"qoeBitrate":600,"qoeRebuffer":0,"qoeLatency":1819.8000000000002,"qoeBitrateSwitch":800,"qoePlaybackSpeed":38.624289640655874},"chunk-stream0-00019":{"qoeTotal":-2939.371630132393,"qoeBitrate":700,"qoeRebuffer":0,"qoeLatency":2768.4,"qoeBitrateSwitch":800,"qoePlaybackSpeed":70.9716301323927},"chunk-stream0-00020":{"qoeTotal":-3822.7189706241297,"qoeBitrate":800,"qoeRebuffer":0,"qoeLatency":3719.4,"qoeBitrateSwitch":800,"qoePlaybackSpeed":103.31897062412952},"chunk-stream0-00021":{"qoeTotal":-4703.154352542867,"qoeBitrate":900,"qoeRebuffer":0,"qoeLatency":4683.6,"qoeBitrateSwitch":800,"qoePlaybackSpeed":119.55435254286633},"init-stream5":{"qoeTotal":-8387.554352542866,"qoeBitrate":3900,"qoeRebuffer":0,"qoeLatency":5568,"qoeBitrateSwitch":6600,"qoePlaybackSpeed":119.55435254286633},"chunk-stream5-00022":{"qoeTotal":-6339.639204629906,"qoeBitrate":6900,"qoeRebuffer":0,"qoeLatency":6509.4,"qoeBitrateSwitch":6600,"qoePlaybackSpeed":130.23920462990614},"chunk-stream5-00023":{"qoeTotal":-4272.012712842772,"qoeBitrate":9900,"qoeRebuffer":0,"qoeLatency":7435.2,"qoeBitrateSwitch":6600,"qoePlaybackSpeed":136.81271284277193},"chunk-stream5-00024":{"qoeTotal":-2253.889661133384,"qoeBitrate":12900,"qoeRebuffer":92.39999914169312,"qoeLatency":8318.4,"qoeBitrateSwitch":6600,"qoePlaybackSpeed":143.08966199169097},"chunk-stream0-00025":{"qoeTotal":-8839.489661133384,"qoeBitrate":13000,"qoeRebuffer":92.39999914169312,"qoeLatency":9204,"qoeBitrateSwitch":12400,"qoePlaybackSpeed":143.08966199169097},"chunk-stream5-00026":{"qoeTotal":-12523.889661133384,"qoeBitrate":16000,"qoeRebuffer":92.39999914169312,"qoeLatency":10088.4,"qoeBitrateSwitch":18200,"qoePlaybackSpeed":143.08966199169097},"chunk-stream5-00027":{"qoeTotal":-10414.889661133384,"qoeBitrate":19000,"qoeRebuffer":92.39999914169312,"qoeLatency":10979.4,"qoeBitrateSwitch":18200,"qoePlaybackSpeed":143.08966199169097},"chunk-stream5-00028":{"qoeTotal":-8299.289661133384,"qoeBitrate":22000,"qoeRebuffer":92.39999914169312,"qoeLatency":11863.8,"qoeBitrateSwitch":18200,"qoePlaybackSpeed":143.08966199169097},"chunk-stream5-00029":{"qoeTotal":-6183.689661133383,"qoeBitrate":25000,"qoeRebuffer":92.39999914169312,"qoeLatency":12748.199999999999,"qoeBitrateSwitch":18200,"qoePlaybackSpeed":143.08966199169097},"chunk-stream5-00030":{"qoeTotal":-4068.089661133383,"qoeBitrate":28000,"qoeRebuffer":92.39999914169312,"qoeLatency":13632.599999999999,"qoeBitrateSwitch":18200,"qoePlaybackSpeed":143.08966199169097},"chunk-stream5-00031":{"qoeTotal":-1952.4896611333822,"qoeBitrate":31000,"qoeRebuffer":92.39999914169312,"qoeLatency":14516.999999999998,"qoeBitrateSwitch":18200,"qoePlaybackSpeed":143.08966199169097},"chunk-stream5-00032":{"qoeTotal":163.1103388666181,"qoeBitrate":34000,"qoeRebuffer":92.39999914169312,"qoeLatency":15401.399999999998,"qoeBitrateSwitch":18200,"qoePlaybackSpeed":143.08966199169097},"chunk-stream5-00033":{"qoeTotal":2278.7103388666183,"qoeBitrate":37000,"qoeRebuffer":92.39999914169312,"qoeLatency":16285.799999999997,"qoeBitrateSwitch":18200,"qoePlaybackSpeed":143.08966199169097},"chunk-stream5-00034":{"qoeTotal":4394.310338866619,"qoeBitrate":40000,"qoeRebuffer":92.39999914169312,"qoeLatency":17170.199999999997,"qoeBitrateSwitch":18200,"qoePlaybackSpeed":143.08966199169097},"chunk-stream5-00035":{"qoeTotal":6509.910338866617,"qoeBitrate":43000,"qoeRebuffer":92.39999914169312,"qoeLatency":18054.6,"qoeBitrateSwitch":18200,"qoePlaybackSpeed":143.08966199169097},"chunk-stream5-00036":{"qoeTotal":8625.510338866616,"qoeBitrate":46000,"qoeRebuffer":92.39999914169312,"qoeLatency":18939,"qoeBitrateSwitch":18200,"qoePlaybackSpeed":143.08966199169097},"chunk-stream5-00037":{"qoeTotal":10741.110338866614,"qoeBitrate":49000,"qoeRebuffer":92.39999914169312,"qoeLatency":19823.4,"qoeBitrateSwitch":18200,"qoePlaybackSpeed":143.08966199169097},"chunk-stream5-00038":{"qoeTotal":12856.710338866613,"qoeBitrate":52000,"qoeRebuffer":92.39999914169312,"qoeLatency":20707.800000000003,"qoeBitrateSwitch":18200,"qoePlaybackSpeed":143.08966199169097},"chunk-stream5-00039":{"qoeTotal":14972.310338866611,"qoeBitrate":55000,"qoeRebuffer":92.39999914169312,"qoeLatency":21592.200000000004,"qoeBitrateSwitch":18200,"qoePlaybackSpeed":143.08966199169097},"chunk-stream5-00040":{"qoeTotal":17087.91033886661,"qoeBitrate":58000,"qoeRebuffer":92.39999914169312,"qoeLatency":22476.600000000006,"qoeBitrateSwitch":18200,"qoePlaybackSpeed":143.08966199169097},"chunk-stream5-00041":{"qoeTotal":19203.51033886661,"qoeBitrate":61000,"qoeRebuffer":92.39999914169312,"qoeLatency":23361.000000000007,"qoeBitrateSwitch":18200,"qoePlaybackSpeed":143.08966199169097},"chunk-stream5-00042":{"qoeTotal":21319.11033886661,"qoeBitrate":64000,"qoeRebuffer":92.39999914169312,"qoeLatency":24245.40000000001,"qoeBitrateSwitch":18200,"qoePlaybackSpeed":143.08966199169097},"chunk-stream5-00043":{"qoeTotal":23434.710338866607,"qoeBitrate":67000,"qoeRebuffer":92.39999914169312,"qoeLatency":25129.80000000001,"qoeBitrateSwitch":18200,"qoePlaybackSpeed":143.08966199169097},"chunk-stream5-00044":{"qoeTotal":25550.310338866606,"qoeBitrate":70000,"qoeRebuffer":92.39999914169312,"qoeLatency":26014.20000000001,"qoeBitrateSwitch":18200,"qoePlaybackSpeed":143.08966199169097},"chunk-stream5-00045":{"qoeTotal":27656.310338866606,"qoeBitrate":73000,"qoeRebuffer":92.39999914169312,"qoeLatency":26908.20000000001,"qoeBitrateSwitch":18200,"qoePlaybackSpeed":143.08966199169097},"chunk-stream5-00046":{"qoeTotal":29771.910338866604,"qoeBitrate":76000,"qoeRebuffer":92.39999914169312,"qoeLatency":27792.600000000013,"qoeBitrateSwitch":18200,"qoePlaybackSpeed":143.08966199169097},"chunk-stream5-00047":{"qoeTotal":31887.510338866603,"qoeBitrate":79000,"qoeRebuffer":92.39999914169312,"qoeLatency":28677.000000000015,"qoeBitrateSwitch":18200,"qoePlaybackSpeed":143.08966199169097},"chunk-stream5-00048":{"qoeTotal":34003.1103388666,"qoeBitrate":82000,"qoeRebuffer":92.39999914169312,"qoeLatency":29561.400000000016,"qoeBitrateSwitch":18200,"qoePlaybackSpeed":143.08966199169097},"chunk-stream5-00049":{"qoeTotal":36118.7103388666,"qoeBitrate":85000,"qoeRebuffer":92.39999914169312,"qoeLatency":30445.800000000017,"qoeBitrateSwitch":18200,"qoePlaybackSpeed":143.08966199169097},"chunk-stream5-00050":{"qoeTotal":38234.3103388666,"qoeBitrate":88000,"qoeRebuffer":92.39999914169312,"qoeLatency":31330.20000000002,"qoeBitrateSwitch":18200,"qoePlaybackSpeed":143.08966199169097},"chunk-stream5-00051":{"qoeTotal":40349.9103388666,"qoeBitrate":91000,"qoeRebuffer":92.39999914169312,"qoeLatency":32214.60000000002,"qoeBitrateSwitch":18200,"qoePlaybackSpeed":143.08966199169097},"chunk-stream5-00052":{"qoeTotal":42457.7103388666,"qoeBitrate":94000,"qoeRebuffer":92.39999914169312,"qoeLatency":33106.80000000002,"qoeBitrateSwitch":18200,"qoePlaybackSpeed":143.08966199169097},"chunk-stream5-00053":{"qoeTotal":44573.3103388666,"qoeBitrate":97000,"qoeRebuffer":92.39999914169312,"qoeLatency":33991.20000000002,"qoeBitrateSwitch":18200,"qoePlaybackSpeed":143.08966199169097},"chunk-stream5-00054":{"qoeTotal":46688.9103388666,"qoeBitrate":100000,"qoeRebuffer":92.39999914169312,"qoeLatency":34875.60000000002,"qoeBitrateSwitch":18200,"qoePlaybackSpeed":143.08966199169097},"chunk-stream5-00055":{"qoeTotal":48804.510338866596,"qoeBitrate":103000,"qoeRebuffer":92.39999914169312,"qoeLatency":35760.00000000002,"qoeBitrateSwitch":18200,"qoePlaybackSpeed":143.08966199169097},"chunk-stream5-00056":{"qoeTotal":50920.110338866594,"qoeBitrate":106000,"qoeRebuffer":92.39999914169312,"qoeLatency":36644.40000000002,"qoeBitrateSwitch":18200,"qoePlaybackSpeed":143.08966199169097},"chunk-stream5-00057":{"qoeTotal":53035.71033886659,"qoeBitrate":109000,"qoeRebuffer":92.39999914169312,"qoeLatency":37528.800000000025,"qoeBitrateSwitch":18200,