{"chunk-stream2-00018":{"qoeTotal":-479.01855093308706,"qoeBitrate":500,"qoeRebuffer":0,"qoeLatency":944.4000000000001,"qoeBitrateSwitch":0,"qoePlaybackSpeed":34.618550933086965},"init-stream0":{"qoeTotal":-1441.037101866174,"qoeBitrate":600,"qoeRebuffer":0,"qoeLatency":1891.8000000000002,"qoeBitrateSwitch":80,"qoePlaybackSpeed":69.23710186617393},"chunk-stream0-00019":{"qoeTotal":-2324.855652799261,"qoeBitrate":700,"qoeRebuffer":0,"qoeLatency":2841,"qoeBitrateSwitch":80,"qoePlaybackSpeed":103.8556527992609},"chunk-stream0-00020":{"qoeTotal":-3210.4742037323476,"qoeBitrate":800,"qoeRebuffer":0,"qoeLatency":3792,"qoeBitrateSwitch":80,"qoePlaybackSpeed":138.47420373234786},"chunk-stream0-00021":{"qoeTotal":-4094.1872420469786,"qoeBitrate":900,"qoeRebuffer":0,"qoeLatency":4759.2,"qoeBitrateSwitch":80,"qoePlaybackSpeed":154.98724204697885},"init-stream5":{"qoeTotal":-2641.606526327187,"qoeBitrate":3900,"qoeRebuffer":0,"qoeLatency":5713.2,"qoeBitrateSwitch":660,"qoePlaybackSpeed":168.40652632718727},"chunk-stream5-00022":{"qoeTotal":-594.4365565588091,"qoeBitrate":6900,"qoeRebuffer":0,"qoeLatency":6655.2,"qoeBitrateSwitch":660,"qoePlaybackSpeed":179.23655655880924},"chunk-stream5-00023":{"qoeTotal":1458.7334132095689,"qoeBitrate":9900,"qoeRebuffer":0,"qoeLatency":7591.2,"qoeBitrateSwitch":660,"qoePlaybackSpeed":190.06658679043124},"chunk-stream5-00024":{"qoeTotal":3526.2117463442146,"qoeBitrate":12900,"qoeRebuffer":0,"qoeLatency":8517,"qoeBitrateSwitch":660,"qoePlaybackSpeed":196.78825365578564},"chunk-stream5-00025":{"qoeTotal":5601.011746344214,"qoeBitrate":15900,"qoeRebuffer":0,"qoeLatency":9442.2,"qoeBitrateSwitch":660,"qoePlaybackSpeed":196.78825365578564},"chunk-stream5-00026":{"qoeTotal":7675.211746344215,"qoeBitrate":18900,"qoeRebuffer":0,"qoeLatency":10368,"qoeBitrateSwitch":660,"qoePlaybackSpeed":196.78825365578564},"chunk-stream5-00027":{"qoeTotal":9749.411746344214,"qoeBitrate":21900,"qoeRebuffer":0,"qoeLatency":11293.8,"qoeBitrateSwitch":660,"qoePlaybackSpeed":196.78825365578564},"chunk-stream5-00028":{"qoeTotal":11821.811746344214,"qoeBitrate":24900,"qoeRebuffer":0,"qoeLatency":12221.4,"qoeBitrateSwitch":660,"qoePlaybackSpeed":196.78825365578564},"chunk-stream5-00029":{"qoeTotal":13906.211746344214,"qoeBitrate":27900,"qoeRebuffer":0,"qoeLatency":13137,"qoeBitrateSwitch":660,"qoePlaybackSpeed":196.78825365578564},"chunk-stream5-00030":{"qoeTotal":15990.611746344213,"qoeBitrate":30900,"qoeRebuffer":0,"qoeLatency":14052.6,"qoeBitrateSwitch":660,"qoePlaybackSpeed":196.78825365578564},"chunk-stream5-00031":{"qoeTotal":18074.411746344213,"qoeBitrate":33900,"qoeRebuffer":0,"qoeLatency":14968.800000000001,"qoeBitrateSwitch":660,"qoePlaybackSpeed":196.78825365578564},"chunk-stream5-00032":{"qoeTotal":20158.211746344215,"qoeBitrate":36900,"qoeRebuffer":0,"qoeLatency":15885.000000000002,"qoeBitrateSwitch":660,"qoePlaybackSpeed":196.78825365578564},"chunk-stream5-00033":{"qoeTotal":22231.211746344215,"qoeBitrate":39900,"qoeRebuffer":0,"qoeLatency":16812,"qoeBitrateSwitch":660,"qoePlaybackSpeed":196.78825365578564},"chunk-stream5-00034":{"qoeTotal":24305.411746344216,"qoeBitrate":42900,"qoeRebuffer":0,"qoeLatency":17737.8,"qoeBitrateSwitch":660,"qoePlaybackSpeed":196.78825365578564},"chunk-stream5-00035":{"qoeTotal":26380.211746344215,"qoeBitrate":45900,"qoeRebuffer":0,"qoeLatency":18663,"qoeBitrateSwitch":660,"qoePlaybackSpeed":196.78825365578564},"chunk-stream5-00036":{"qoeTotal":28455.011746344215,"qoeBitrate":48900,"qoeRebuffer":0,"qoeLatency":19588.2,"qoeBitrateSwitch":660,"qoePlaybackSpeed":196.78825365578564},"chunk-stream5-00037":{"qoeTotal":30539.411746344216,"qoeBitrate":51900,"qoeRebuffer":0,"qoeLatency":20503.8,"qoeBitrateSwitch":660,"qoePlaybackSpeed":196.78825365578564},"chunk-stream5-00038":{"qoeTotal":32612.411746344213,"qoeBitrate":54900,"qoeRebuffer":0,"qoeLatency":21430.8,"qoeBitrateSwitch":660,"qoePlaybackSpeed":196.78825365578564},"chunk-stream5-00039":{"qoeTotal":34687.21174634421,"qoeBitrate":57900,"qoeRebuffer":0,"qoeLatency":22356,"qoeBitrateSwitch":660,"qoePlaybackSpeed":196.78825365578564},"chunk-stream5-00040":{"qoeTotal":36771.61174634421,"qoeBitrate":60900,"qoeRebuffer":0,"qoeLatency":23271.6,"qoeBitrateSwitch":660,"qoePlaybackSpeed":196.78825365578564},"chunk-stream5-00041":{"qoeTotal":38845.81174634422,"qoeBitrate":63900,"qoeRebuffer":0,"qoeLatency":24197.399999999998,"qoeBitrateSwitch":660,"qoePlaybackSpeed":196.78825365578564},"chunk-stream5-00042":{"qoeTotal":40930.21174634421,"qoeBitrate":66900,"qoeRebuffer":0,"qoeLatency":25112.999999999996,"qoeBitrateSwitch":660,"qoePlaybackSpeed":196.78825365578564},"chunk-stream5-00043":{"qoeTotal":43005.61174634422,"qoeBitrate":69900,"qoeRebuffer":0,"qoeLatency":26037.599999999995,"qoeBitrateSwitch":660,"qoePlaybackSpeed":196.78825365578564},"chunk-stream5-00044":{"qoeTotal":45090.011746344215,"qoeBitrate":72900,"qoeRebuffer":0,"qoeLatency":26953.199999999993,"qoeBitrateSwitch":660,"qoePlaybackSpeed":196.78825365578564},"chunk-stream5-00045":{"qoeTotal":47163.011746344215,"qoeBitrate":75900,"qoeRebuffer":0,"qoeLatency":27880.199999999993,"qoeBitrateSwitch":660,"qoePlaybackSpeed":196.78825365578564},"chunk-stream5-00046":{"qoeTotal":49238.41174634422,"qoeBitrate":78900,"qoeRebuffer":0,"qoeLatency":28804.799999999992,"qoeBitrateSwitch":660,"qoePlaybackSpeed":196.78825365578564},"chunk-stream5-00047":{"qoeTotal":51313.21174634422,"qoeBitrate":81900,"qoeRebuffer":0,"qoeLatency":29729.999999999993,"qoeBitrateSwitch":660,"qoePlaybackSpeed":196.78825365578564},"chunk-stream5-00048":{"qoeTotal":53388.61174634422,"qoeBitrate":84900,"qoeRebuffer":0,"qoeLatency":30654.59999999999,"qoeBitrateSwitch":660,"qoePlaybackSpeed":196.78825365578564},"chunk-stream5-00049":{"qoeTotal":55461.61174634422,"qoeBitrate":87900,"qoeRebuffer":0,"qoeLatency":31581.59999999999,"qoeBitrateSwitch":660,"qoePlaybackSpeed":196.78825365578564},"chunk-stream5-00050":{"qoeTotal":57545.41174634422,"qoeBitrate":90900,"qoeRebuffer":0,"qoeLatency":32497.799999999992,"qoeBitrateSwitch":660,"qoePlaybackSpeed":196.78825365578564},"chunk-stream5-00051":{"qoeTotal":59629.21174634422,"qoeBitrate":93900,"qoeRebuffer":0,"qoeLatency":33413.99999999999,"qoeBitrateSwitch":660,"qoePlaybackSpeed":196.78825365578564},"chunk-stream5-00052":{"qoeTotal":61705.81174634422,"qoeBitrate":96900,"qoeRebuffer":0,"qoeLatency":34337.399999999994,"qoeBitrateSwitch":660,"qoePlaybackSpeed":196.78825365578564},"chunk-stream5-00053":{"qoeTotal":63777.61174634422,"qoeBitrate":99900,"qoeRebuffer":0,"qoeLatency":35265.59999999999,"qoeBitrateSwitch":660,"qoePlaybackSpeed":196.78825365578564},"chunk-stream5-00054":{"qoeTotal":65853.61174634422,"qoeBitrate":102900,"qoeRebuffer":0,"qoeLatency":36189.59999999999,"qoeBitrateSwitch":660,"qoePlaybackSpeed":196.78825365578564},"chunk-stream5-00055":{"qoeTotal":67938.01174634423,"qoeBitrate":105900,"qoeRebuffer":0,"qoeLatency":37105.19999999999,"qoeBitrateSwitch":660,"qoePlaybackSpeed":196.78825365578564},"chunk-stream5-00056":{"qoeTotal":70008.61174634422,"qoeBitrate":108900,"qoeRebuffer":0,"qoeLatency":38034.59999999999,"qoeBitrateSwitch":660,"qoePlaybackSpeed":196.78825365578564},"chunk-stream5-00057":{"qoeTotal":72092.41174634422,"qoeBitrate":111900,"qoeRebuffer":0,"qoeLatency":38950.79999999999,"qoeBitrateSwitch":660,"qoePlaybackSpeed":196.78825365578564},"chunk-stream5-00058":{"qoeTotal":74176.21174634423,"qoeBitrate":114900,"qoeRebuffer":0,"qoeLatency":39866.999999999985,"qoeBitrateSwitch":660,"qoePlaybackSpeed":196.78825365578564},"chunk-stream5-00059":{"qoeTotal":76249.21174634423,"qoeBitrate":117900,"qoeRebuffer":0,"qoeLatency":40793.999999999985,"qoeBitrateSwitch":660,"qoePlaybackSpeed":196.78825365578564},"chunk-stream5-00060":{"qoeTotal":78322.81174634422,"qoeBitrate":120900,"qoeRebuffer":0,"qoeLatency":41720.39999999999,"qoeBitrateSwitch":660,"qoePlaybackSpeed":196.78825365578564},"chunk-stream5-00061":{"qoeTotal":80396.41174634422,"qoeBitrate":123900,"qoeRebuffer":0,"qoeLatency":42646.79999999999,