{"chunk-stream2-00018":{"qoeTotal":-527.3569384653044,"qoeBitrate":500,"qoeRebuffer":0,"qoeLatency":980.4,"qoeBitrateSwitch":0,"qoePlaybackSpeed":46.95693846530445},"init-stream3":{"qoeTotal":-439.4866827540026,"qoeBitrate":1750,"qoeRebuffer":0,"qoeLatency":1957.8,"qoeBitrateSwitch":150,"qoePlaybackSpeed":81.68668275400259},"chunk-stream3-00019":{"qoeTotal":-263.72001879673,"qoeBitrate":3000,"qoeRebuffer":0,"qoeLatency":2992.8,"qoeBitrateSwitch":150,"qoePlaybackSpeed":120.92001879672982},"chunk-stream3-00020":{"qoeTotal":-84.76674771790874,"qoeBitrate":4250,"qoeRebuffer":0,"qoeLatency":4044,"qoeBitrateSwitch":150,"qoePlaybackSpeed":140.76674771790874},"chunk-stream3-00021":{"qoeTotal":115.35460630821785,"qoeBitrate":5500,"qoeRebuffer":0,"qoeLatency":5063.4,"qoeBitrateSwitch":150,"qoePlaybackSpeed":171.2453936917825},"chunk-stream3-00022":{"qoeTotal":344.81253898872615,"qoeBitrate":6750,"qoeRebuffer":0,"qoeLatency":6060,"qoeBitrateSwitch":150,"qoePlaybackSpeed":195.18746101127383},"chunk-stream3-00023":{"qoeTotal":606.0300913400093,"qoeBitrate":8000,"qoeRebuffer":0,"qoeLatency":7029,"qoeBitrateSwitch":150,"qoePlaybackSpeed":214.96990865999064},"chunk-stream3-00024":{"qoeTotal":884.6961173046105,"qoeBitrate":9250,"qoeRebuffer":0,"qoeLatency":7987.2,"qoeBitrateSwitch":150,"qoePlaybackSpeed":228.10388269538964},"chunk-stream3-00025":{"qoeTotal":1179.0112652175699,"qoeBitrate":10500,"qoeRebuffer":0,"qoeLatency":8932.2,"qoeBitrateSwitch":150,"qoePlaybackSpeed":238.78873478242946},"chunk-stream3-00026":{"qoeTotal":1488.2549102012063,"qoeBitrate":11750,"qoeRebuffer":0,"qoeLatency":9865.2,"qoeBitrateSwitch":150,"qoePlaybackSpeed":246.54508979879296},"chunk-stream3-00027":{"qoeTotal":1803.4985551848429,"qoeBitrate":13000,"qoeRebuffer":0,"qoeLatency":10792.2,"qoeBitrateSwitch":150,"qoePlaybackSpeed":254.30144481515646},"chunk-stream3-00028":{"qoeTotal":2138.4985551848426,"qoeBitrate":14250,"qoeRebuffer":0,"qoeLatency":11707.2,"qoeBitrateSwitch":150,"qoePlaybackSpeed":254.30144481515646},"init-stream4":{"qoeTotal":3004.0328071672207,"qoeBitrate":16250,"qoeRebuffer":0,"qoeLatency":12674.400000000001,"qoeBitrateSwitch":300,"qoePlaybackSpeed":271.56719283277795},"chunk-stream4-00027":{"qoeTotal":4088.4328071672203,"qoeBitrate":18250,"qoeRebuffer":0,"qoeLatency":13590.000000000002,"qoeBitrateSwitch":300,"qoePlaybackSpeed":271.56719283277795},"chunk-stream3-00029":{"qoeTotal":4260.978675536994,"qoeBitrate":19500,"qoeRebuffer":0,"qoeLatency":14512.800000000001,"qoeBitrateSwitch":450,"qoePlaybackSpeed":276.2213244630045},"chunk-stream3-00030":{"qoeTotal":4582.5017263880745,"qoeBitrate":20750,"qoeRebuffer":0,"qoeLatency":15435.000000000002,"qoeBitrateSwitch":450,"qoePlaybackSpeed":282.49827361192354},"chunk-stream4-00030":{"qoeTotal":5454.579793083177,"qoeBitrate":22750,"qoeRebuffer":0,"qoeLatency":16369.200000000003,"qoeBitrateSwitch":600,"qoePlaybackSpeed":326.22020691682064},"chunk-stream3-00031":{"qoeTotal":5565.898426867317,"qoeBitrate":24000,"qoeRebuffer":0,"qoeLatency":17347.2,"qoeBitrateSwitch":750,"qoePlaybackSpeed":336.9015731326829},"chunk-stream3-00032":{"qoeTotal":5821.052506097812,"qoeBitrate":25250,"qoeRebuffer":0,"qoeLatency":18322.8,"qoeBitrateSwitch":750,"qoePlaybackSpeed":356.14749390218884},"chunk-stream3-00033":{"qoeTotal":6092.374683019683,"qoeBitrate":26500,"qoeRebuffer":0,"qoeLatency":19285.8,"qoeBitrateSwitch":750,"qoePlaybackSpeed":371.8253169803178},"chunk-stream3-00034":{"qoeTotal":6379.26984280787,"qoeBitrate":27750,"qoeRebuffer":0,"qoeLatency":20236.2,"qoeBitrateSwitch":750,"qoePlaybackSpeed":384.530157192129},"chunk-stream4-00034":{"qoeTotal":7270.57050906254,"qoeBitrate":29750,"qoeRebuffer":0,"qoeLatency":21178.2,"qoeBitrateSwitch":900,"qoePlaybackSpeed":401.22949093745984},"chunk-stream3-00035":{"qoeTotal":7394.640764090231,"qoeBitrate":31000,"qoeRebuffer":0,"qoeLatency":22140,"qoeBitrateSwitch":1050,"qoePlaybackSpeed":415.3592359097697},"chunk-stream3-00036":{"qoeTotal":7686.711019117921,"qoeBitrate":32250,"qoeRebuffer":0,"qoeLatency":23083.8,"qoeBitrateSwitch":1050,"qoePlaybackSpeed":429.4889808820796},"chunk-stream4-00036":{"qoeTotal":8529.34054838802,"qoeBitrate":34250,"qoeRebuffer":0,"qoeLatency":24044.399999999998,"qoeBitrateSwitch":1200,"qoePlaybackSpeed":476.2594516119832},"chunk-stream3-00037":{"qoeTotal":8622.208261359885,"qoeBitrate":35500,"qoeRebuffer":0,"qoeLatency":25028.999999999996,"qoeBitrateSwitch":1350,"qoePlaybackSpeed":498.79173864011824},"chunk-stream3-00038":{"qoeTotal":8868.076143318722,"qoeBitrate":36750,"qoeRebuffer":0,"qoeLatency":26029.799999999996,"qoeBitrateSwitch":1350,"qoePlaybackSpeed":502.12385668128354},"chunk-stream3-00039":{"qoeTotal":9107.008086221844,"qoeBitrate":38000,"qoeRebuffer":0,"qoeLatency":27016.799999999996,"qoeBitrateSwitch":1350,"qoePlaybackSpeed":526.1919137781603},"chunk-stream3-00040":{"qoeTotal":9372.74203506695,"qoeBitrate":39250,"qoeRebuffer":0,"qoeLatency":27983.999999999996,"qoeBitrateSwitch":1350,"qoePlaybackSpeed":543.2579649330528},"chunk-stream3-00041":{"qoeTotal":9659.065326993043,"qoeBitrate":40500,"qoeRebuffer":0,"qoeLatency":28934.399999999998,"qoeBitrateSwitch":1350,"qoePlaybackSpeed":556.5346730069595},"chunk-stream3-00042":{"qoeTotal":9953.380474906004,"qoeBitrate":41750,"qoeRebuffer":0,"qoeLatency":29879.399999999998,"qoeBitrateSwitch":1350,"qoePlaybackSpeed":567.2195250939993},"chunk-stream3-00043":{"qoeTotal":10262.695622818963,"qoeBitrate":43000,"qoeRebuffer":0,"qoeLatency":30809.399999999998,"qoeBitrateSwitch":1350,"qoePlaybackSpeed":577.9043771810392},"chunk-stream3-00044":{"qoeTotal":10592.295622818961,"qoeBitrate":44250,"qoeRebuffer":0,"qoeLatency":31729.8,"qoeBitrateSwitch":1350,"qoePlaybackSpeed":577.9043771810392},"chunk-stream4-00043":{"qoeTotal":11520.695622818963,"qoeBitrate":46250,"qoeRebuffer":0,"qoeLatency":32651.399999999998,"qoeBitrateSwitch":1500,"qoePlaybackSpeed":577.9043771810392},"chunk-stream3-00045":{"qoeTotal":11699.695622818967,"qoeBitrate":47500,"qoeRebuffer":0,"qoeLatency":33572.399999999994,"qoeBitrateSwitch":1650,"qoePlaybackSpeed":577.9043771810392},"chunk-stream3-00046":{"qoeTotal":12034.095622818968,"qoeBitrate":48750,"qoeRebuffer":0,"qoeLatency":34487.99999999999,"qoeBitrateSwitch":1650,"qoePlaybackSpeed":577.9043771810392},"chunk-stream4-00046":{"qoeTotal":12962.49562281897,"qoeBitrate":50750,"qoeRebuffer":0,"qoeLatency":35409.59999999999,"qoeBitrateSwitch":1800,"qoePlaybackSpeed":577.9043771810392},"chunk-stream3-00047":{"qoeTotal":13146.89562281897,"qoeBitrate":52000,"qoeRebuffer":0,"qoeLatency":36325.19999999999,"qoeBitrateSwitch":1950,"qoePlaybackSpeed":577.9043771810392},"chunk-stream3-00048":{"qoeTotal":13481.295622818972,"qoeBitrate":53250,"qoeRebuffer":0,"qoeLatency":37240.79999999999,"qoeBitrateSwitch":1950,"qoePlaybackSpeed":577.9043771810392},"chunk-stream3-00049":{"qoeTotal":13810.295622818972,"qoeBitrate":54500,"qoeRebuffer":0,"qoeLatency":38161.79999999999,"qoeBitrateSwitch":1950,"qoePlaybackSpeed":577.9043771810392},"chunk-stream3-00050":{"qoeTotal":14144.695622818974,"qoeBitrate":55750,"qoeRebuffer":0,"qoeLatency":39077.39999999999,"qoeBitrateSwitch":1950,"qoePlaybackSpeed":577.9043771810392},"chunk-stream3-00051":{"qoeTotal":14479.095622818975,"qoeBitrate":57000,"qoeRebuffer":0,"qoeLatency":39992.999999999985,"qoeBitrateSwitch":1950,"qoePlaybackSpeed":577.9043771810392},"chunk-stream3-00052":{"qoeTotal":14813.495622818977,"qoeBitrate":58250,"qoeRebuffer":0,"qoeLatency":40908.599999999984,"qoeBitrateSwitch":1950,"qoePlaybackSpeed":577.9043771810392},"chunk-stream4-00051":{"qoeTotal":15747.895622818978,"qoeBitrate":60250,"qoeRebuffer":0,"qoeLatency":41824.19999999998,"qoeBitrateSwitch":2100,"qoePlaybackSpeed":577.9043771810392},"chunk-stream3-00053":{"qoeTotal":15932.29562281898,"qoeBitrate":61500,"qoeRebuffer":0,"qoeLatency":42739.79999999998,"qoeBitrateSwitch":2250,"qoePlaybackSpeed":577.9043771810392},"chunk-stream3-00054":{"qoeTotal":16266.695622818981,"qoeBitrate":62750,"qoeRebuffer":0,