{"chunk-stream2-00018":{"qoeTotal":-780.0184741877991,"qoeBitrate":500,"qoeRebuffer":0,"qoeLatency":1234.2,"qoeBitrateSwitch":0,"qoePlaybackSpeed":45.81847418779914},"chunk-stream2-00019":{"qoeTotal":-3272.7759302272434,"qoeBitrate":1000,"qoeRebuffer":1537.2000000178812,"qoeLatency":2653.8,"qoeBitrateSwitch":0,"qoePlaybackSpeed":81.77593020936192},"chunk-stream2-00020":{"qoeTotal":-5869.581475865255,"qoeBitrate":1500,"qoeRebuffer":3047.4000000357623,"qoeLatency":4204.8,"qoeBitrateSwitch":0,"qoePlaybackSpeed":117.38147582949273},"chunk-stream2-00021":{"qoeTotal":-8599.871303090324,"qoeBitrate":2000,"qoeRebuffer":4570.800000071526,"qoeLatency":5868,"qoeBitrateSwitch":0,"qoePlaybackSpeed":161.0713030187972},"chunk-stream2-00022":{"qoeTotal":-11489.69127450706,"qoeBitrate":2500,"qoeRebuffer":6118.200000107288,"qoeLatency":7667.4,"qoeBitrateSwitch":0,"qoePlaybackSpeed":204.09127439977212},"chunk-stream2-00023":{"qoeTotal":-14519.892159284998,"qoeBitrate":3000,"qoeRebuffer":7669.800000071526,"qoeLatency":9601.199999999999,"qoeBitrateSwitch":0,"qoePlaybackSpeed":248.89215921347386},"chunk-stream2-00024":{"qoeTotal":-17706.563758177836,"qoeBitrate":3500,"qoeRebuffer":9231,"qoeLatency":11680.8,"qoeBitrateSwitch":0,"qoePlaybackSpeed":294.76375817783713},"chunk-stream2-00025":{"qoeTotal":-21026.70073893649,"qoeBitrate":4000,"qoeRebuffer":10798.200000017881,"qoeLatency":13890.599999999999,"qoeBitrateSwitch":0,"qoePlaybackSpeed":337.9007389186105},"chunk-stream2-00026":{"qoeTotal":-24493.26059997191,"qoeBitrate":4500,"qoeRebuffer":12378,"qoeLatency":16235.399999999998,"qoeBitrateSwitch":0,"qoePlaybackSpeed":379.860599971911},"chunk-stream2-00027":{"qoeTotal":-28077.59301060959,"qoeBitrate":5000,"qoeRebuffer":13970.400000035763,"qoeLatency":18684,"qoeBitrateSwitch":0,"qoePlaybackSpeed":423.19301057383007},"chunk-stream2-00028":{"qoeTotal":-31727.19754434877,"qoeBitrate":5500,"qoeRebuffer":15494.400000035763,"qoeLatency":21268.2,"qoeBitrateSwitch":0,"qoePlaybackSpeed":464.5975443130077},"chunk-stream2-00029":{"qoeTotal":-35474.227677756484,"qoeBitrate":6000,"qoeRebuffer":17019.600000053644,"qoeLatency":23951.4,"qoeBitrateSwitch":0,"qoePlaybackSpeed":503.2276777028389},"chunk-stream2-00030":{"qoeTotal":-39347.65783583474,"qoeBitrate":6500,"qoeRebuffer":18577.800000071526,"qoeLatency":26728.800000000003,"qoeBitrateSwitch":0,"qoePlaybackSpeed":541.0578357632136},"chunk-stream2-00031":{"qoeTotal":-43281.501932006206,"qoeBitrate":7000,"qoeRebuffer":20081.400000035763,"qoeLatency":29620.800000000003,"qoeBitrateSwitch":0,"qoePlaybackSpeed":579.3019319704406},"chunk-stream2-00032":{"qoeTotal":-47318.86957176355,"qoeBitrate":7500,"qoeRebuffer":21609,"qoeLatency":32584.200000000004,"qoeBitrateSwitch":0,"qoePlaybackSpeed":625.6695717635474},"chunk-stream2-00033":{"qoeTotal":-51520.93730570247,"qoeBitrate":8000,"qoeRebuffer":23193,"qoeLatency":35659.8,"qoeBitrateSwitch":0,"qoePlaybackSpeed":668.1373057024699},"chunk-stream2-00034":{"qoeTotal":-56090.508092612785,"qoeBitrate":8500,"qoeRebuffer":25078.79999998212,"qoeLatency":38811,"qoeBitrateSwitch":0,"qoePlaybackSpeed":700.7080926306654},"chunk-stream2-00035":{"qoeTotal":-58846.16537600527,"qoeBitrate":9000,"qoeRebuffer":25078.79999998212,"qoeLatency":42028.2,"qoeBitrateSwitch":0,"qoePlaybackSpeed":739.165376023154},"chunk-stream2-00036":{"qoeTotal":-61666.005480231455,"qoeBitrate":9500,"qoeRebuffer":25078.79999998212,"qoeLatency":45314.399999999994,"qoeBitrateSwitch":0,"qoePlaybackSpeed":772.8054802493399},"chunk-stream2-00037":{"qoeTotal":-64567.458380121854,"qoeBitrate":10000,"qoeRebuffer":25078.79999998212,"qoeLatency":48671.99999999999,"qoeBitrateSwitch":0,"qoePlaybackSpeed":816.6583801397429},"chunk-stream2-00038":{"qoeTotal":-67535.21153776898,"qoeBitrate":10500,"qoeRebuffer":25078.79999998212,"qoeLatency":52099.799999999996,"qoeBitrateSwitch":0,"qoePlaybackSpeed":856.6115377868764},"chunk-stream2-00039":{"qoeTotal":-72135.23307861766,"qoeBitrate":11000,"qoeRebuffer":26654.999999910593,"qoeLatency":55583.99999999999,"qoeBitrateSwitch":0,"qoePlaybackSpeed":896.2330787070662},"chunk-stream2-00040":{"qoeTotal":-76785.71846872442,"qoeBitrate":11500,"qoeRebuffer":28189.79999989271,"qoeLatency":59164.799999999996,"qoeBitrateSwitch":0,"qoePlaybackSpeed":931.1184688317103},"chunk-stream2-00041":{"qoeTotal":-80624.31846868865,"qoeBitrate":12000,"qoeRebuffer":28889.39999985695,"qoeLatency":62803.799999999996,"qoeBitrateSwitch":0,"qoePlaybackSpeed":931.1184688317103},"chunk-stream2-00042":{"qoeTotal":-85381.2347899993,"qoeBitrate":12500,"qoeRebuffer":30414.59999987483,"qoeLatency":66496.2,"qoeBitrateSwitch":0,"qoePlaybackSpeed":970.4347901244812},"chunk-stream2-00043":{"qoeTotal":-88657.84606855351,"qoeBitrate":13000,"qoeRebuffer":30414.59999987483,"qoeLatency":70237.2,"qoeBitrateSwitch":0,"qoePlaybackSpeed":1006.0460686786879},"chunk-stream2-00044":{"qoeTotal":-91973.32218165013,"qoeBitrate":13500,"qoeRebuffer":30414.59999987483,"qoeLatency":74026.2,"qoeBitrateSwitch":0,"qoePlaybackSpeed":1032.5221817753022},"chunk-stream2-00045":{"qoeTotal":-95336.50067571334,"qoeBitrate":14000,"qoeRebuffer":30414.59999987483,"qoeLatency":77867.4,"qoeBitrateSwitch":0,"qoePlaybackSpeed":1054.5006758385182},"chunk-stream2-00046":{"qoeTotal":-98740.12265025439,"qoeBitrate":14500,"qoeRebuffer":30414.59999987483,"qoeLatency":81748.79999999999,"qoeBitrateSwitch":0,"qoePlaybackSpeed":1076.7226503795664},"chunk-stream2-00047":{"qoeTotal":-102183.00927864546,"qoeBitrate":15000,"qoeRebuffer":30414.59999987483,"qoeLatency":85673.99999999999,"qoeBitrateSwitch":0,"qoePlaybackSpeed":1094.4092787706418},"chunk-stream2-00048":{"qoeTotal":-105671.33681987485,"qoeBitrate":15500,"qoeRebuffer":30414.59999987483,"qoeLatency":89636.39999999998,"qoeBitrateSwitch":0,"qoePlaybackSpeed":1120.336820000039},"chunk-stream2-00049":{"qoeTotal":-109236.21725563348,"qoeBitrate":16000,"qoeRebuffer":30414.59999987483,"qoeLatency":93666.59999999998,"qoeBitrateSwitch":0,"qoePlaybackSpeed":1155.0172557586754},"chunk-stream2-00050":{"qoeTotal":-114492.0027794191,"qoeBitrate":16500,"qoeRebuffer":31979.999999910593,"qoeLatency":97814.39999999998,"qoeBitrateSwitch":0,"qoePlaybackSpeed":1197.6027795085272},"chunk-stream2-00051":{"qoeTotal":-119829.09792264547,"qoeBitrate":17000,"qoeRebuffer":33481.79999989271,"qoeLatency":102106.19999999998,"qoeBitrateSwitch":0,"qoePlaybackSpeed":1241.0979227527728},"chunk-stream2-00052":{"qoeTotal":-123692.28438861537,"qoeBitrate":17500,"qoeRebuffer":33481.79999989271,"qoeLatency":106448.99999999999,"qoeBitrateSwitch":0,"qoePlaybackSpeed":1261.4843887226798},"chunk-stream2-00053":{"qoeTotal":-127583.47656270786,"qoeBitrate":18000,"qoeRebuffer":33481.79999989271,"qoeLatency":110817.59999999999,"qoeBitrateSwitch":0,"qoePlaybackSpeed":1284.076562815157},"chunk-stream2-00054":{"qoeTotal":-131489.79821109498,"qoeBitrate":18500,"qoeRebuffer":33481.79999989271,"qoeLatency":115219.79999999999,"qoeBitrateSwitch":0,"qoePlaybackSpeed":1288.1982112022904},"chunk-stream2-00055":{"qoeTotal":-135560.47550148994,"qoeBitrate":19000,"qoeRebuffer":33481.79999989271,"qoeLatency":119749.19999999998,"qoeBitrateSwitch":0,"qoePlaybackSpeed":1329.4755015972555},"chunk-stream2-00056":{"qoeTotal":-146317.91573542598,"qoeBitrate":19500,"qoeRebuffer":39785.999999821186,"qoeLatency":124669.79999999999,"qoeBitrateSwitch":0,"qoePlaybackSpeed":1362.1157356048163},"chunk-stream2-00057":{"qoeTotal":-152431.29165147917,"qoeBitrate":20000,"qoeRebuffer":41359.79999989271,"qoeLatency":129670.19999999998,"qoeBitrateSwitch":0,"qoePlaybackSpeed":1401.2916515864856},"chunk-stream2-00058":{"qoeTotal":-157044.46154656645,"qoeBitrate":20500,"qoeRebuffer":41359.79999989271,"qoeLatency":134749.8,"qoeBitrateSwitch":0,"qoePlaybackSpeed":1434.861546673741},"chunk-stream2-00059":{"qoeTotal":-161729.95562217385,"qoeBitrate":21000,"qoeRebuffer":41359.79999989271,"qoeLatency":139891.8,"qoeBitrateSwitch":0,"qoePlaybackSpeed":1478.3556222811426},"chunk-stream2-00060":{"qoeTotal":-166472.29319930793,