{"chunk-stream2-00018":{"qoeTotal":-473.78058445044365,"qoeBitrate":500,"qoeRebuffer":0,"qoeLatency":940.8000000000001,"qoeBitrateSwitch":0,"qoePlaybackSpeed":32.98058445044359},"init-stream5":{"qoeTotal":1049.438831099113,"qoeBitrate":3500,"qoeRebuffer":0,"qoeLatency":1884.6,"qoeBitrateSwitch":500,"qoePlaybackSpeed":65.96116890088717},"chunk-stream5-00019":{"qoeTotal":3059.961008020984,"qoeBitrate":6500,"qoeRebuffer":0,"qoeLatency":2858.3999999999996,"qoeBitrateSwitch":500,"qoePlaybackSpeed":81.6389919790161},"chunk-stream5-00020":{"qoeTotal":5091.483184942856,"qoeBitrate":9500,"qoeRebuffer":0,"qoeLatency":3811.2,"qoeBitrateSwitch":500,"qoePlaybackSpeed":97.31681505714502},"chunk-stream5-00021":{"qoeTotal":7133.63514637425,"qoeBitrate":12500,"qoeRebuffer":0,"qoeLatency":4756.2,"qoeBitrateSwitch":500,"qoePlaybackSpeed":110.16485362574943},"chunk-stream5-00022":{"qoeTotal":9184.787107805645,"qoeBitrate":15500,"qoeRebuffer":0,"qoeLatency":5692.2,"qoeBitrateSwitch":500,"qoePlaybackSpeed":123.01289219435384},"chunk-stream5-00023":{"qoeTotal":11250.641560932938,"qoeBitrate":18500,"qoeRebuffer":0,"qoeLatency":6618,"qoeBitrateSwitch":500,"qoePlaybackSpeed":131.3584390670613},"chunk-stream5-00024":{"qoeTotal":13333.841560932939,"qoeBitrate":21500,"qoeRebuffer":0,"qoeLatency":7534.8,"qoeBitrateSwitch":500,"qoePlaybackSpeed":131.3584390670613},"chunk-stream5-00025":{"qoeTotal":15406.841560932939,"qoeBitrate":24500,"qoeRebuffer":0,"qoeLatency":8461.8,"qoeBitrateSwitch":500,"qoePlaybackSpeed":131.3584390670613},"chunk-stream5-00026":{"qoeTotal":17481.04156093294,"qoeBitrate":27500,"qoeRebuffer":0,"qoeLatency":9387.599999999999,"qoeBitrateSwitch":500,"qoePlaybackSpeed":131.3584390670613},"chunk-stream5-00027":{"qoeTotal":19555.24156093294,"qoeBitrate":30500,"qoeRebuffer":0,"qoeLatency":10313.399999999998,"qoeBitrateSwitch":500,"qoePlaybackSpeed":131.3584390670613},"chunk-stream5-00028":{"qoeTotal":21630.04156093294,"qoeBitrate":33500,"qoeRebuffer":0,"qoeLatency":11238.599999999999,"qoeBitrateSwitch":500,"qoePlaybackSpeed":131.3584390670613},"chunk-stream5-00029":{"qoeTotal":23712.641560932938,"qoeBitrate":36500,"qoeRebuffer":0,"qoeLatency":12155.999999999998,"qoeBitrateSwitch":500,"qoePlaybackSpeed":131.3584390670613},"chunk-stream5-00030":{"qoeTotal":25795.24156093294,"qoeBitrate":39500,"qoeRebuffer":0,"qoeLatency":13073.399999999998,"qoeBitrateSwitch":500,"qoePlaybackSpeed":131.3584390670613},"chunk-stream5-00031":{"qoeTotal":27867.04156093294,"qoeBitrate":42500,"qoeRebuffer":0,"qoeLatency":14001.599999999999,"qoeBitrateSwitch":500,"qoePlaybackSpeed":131.3584390670613},"chunk-stream5-00032":{"qoeTotal":29950.24156093294,"qoeBitrate":45500,"qoeRebuffer":0,"qoeLatency":14918.399999999998,"qoeBitrateSwitch":500,"qoePlaybackSpeed":131.3584390670613},"chunk-stream5-00033":{"qoeTotal":32032.841560932942,"qoeBitrate":48500,"qoeRebuffer":0,"qoeLatency":15835.799999999997,"qoeBitrateSwitch":500,"qoePlaybackSpeed":131.3584390670613},"chunk-stream5-00034":{"qoeTotal":34116.04156093294,"qoeBitrate":51500,"qoeRebuffer":0,"qoeLatency":16752.6,"qoeBitrateSwitch":500,"qoePlaybackSpeed":131.3584390670613},"chunk-stream5-00035":{"qoeTotal":36190.24156093295,"qoeBitrate":54500,"qoeRebuffer":0,"qoeLatency":17678.399999999998,"qoeBitrateSwitch":500,"qoePlaybackSpeed":131.3584390670613},"chunk-stream5-00036":{"qoeTotal":38273.441560932944,"qoeBitrate":57500,"qoeRebuffer":0,"qoeLatency":18595.199999999997,"qoeBitrateSwitch":500,"qoePlaybackSpeed":131.3584390670613},"chunk-stream5-00037":{"qoeTotal":40347.64156093294,"qoeBitrate":60500,"qoeRebuffer":0,"qoeLatency":19520.999999999996,"qoeBitrateSwitch":500,"qoePlaybackSpeed":131.3584390670613},"chunk-stream5-00038":{"qoeTotal":42430.841560932946,"qoeBitrate":63500,"qoeRebuffer":0,"qoeLatency":20437.799999999996,"qoeBitrateSwitch":500,"qoePlaybackSpeed":131.3584390670613},"chunk-stream5-00039":{"qoeTotal":44514.04156093295,"qoeBitrate":66500,"qoeRebuffer":0,"qoeLatency":21354.599999999995,"qoeBitrateSwitch":500,"qoePlaybackSpeed":131.3584390670613},"chunk-stream5-00040":{"qoeTotal":46597.24156093295,"qoeBitrate":69500,"qoeRebuffer":0,"qoeLatency":22271.399999999994,"qoeBitrateSwitch":500,"qoePlaybackSpeed":131.3584390670613},"chunk-stream5-00041":{"qoeTotal":48671.441560932944,"qoeBitrate":72500,"qoeRebuffer":0,"qoeLatency":23197.199999999993,"qoeBitrateSwitch":500,"qoePlaybackSpeed":131.3584390670613},"chunk-stream5-00042":{"qoeTotal":50746.84156093295,"qoeBitrate":75500,"qoeRebuffer":0,"qoeLatency":24121.799999999992,"qoeBitrateSwitch":500,"qoePlaybackSpeed":131.3584390670613},"chunk-stream5-00043":{"qoeTotal":52829.441560932944,"qoeBitrate":78500,"qoeRebuffer":0,"qoeLatency":25039.199999999993,"qoeBitrateSwitch":500,"qoePlaybackSpeed":131.3584390670613},"chunk-stream5-00044":{"qoeTotal":54912.04156093295,"qoeBitrate":81500,"qoeRebuffer":0,"qoeLatency":25956.599999999995,"qoeBitrateSwitch":500,"qoePlaybackSpeed":131.3584390670613},"chunk-stream5-00045":{"qoeTotal":56994.64156093294,"qoeBitrate":84500,"qoeRebuffer":0,"qoeLatency":26873.999999999996,"qoeBitrateSwitch":500,"qoePlaybackSpeed":131.3584390670613},"chunk-stream5-00046":{"qoeTotal":59077.841560932946,"qoeBitrate":87500,"qoeRebuffer":0,"qoeLatency":27790.799999999996,"qoeBitrateSwitch":500,"qoePlaybackSpeed":131.3584390670613},"chunk-stream5-00047":{"qoeTotal":61160.441560932944,"qoeBitrate":90500,"qoeRebuffer":0,"qoeLatency":28708.199999999997,"qoeBitrateSwitch":500,"qoePlaybackSpeed":131.3584390670613},"chunk-stream5-00048":{"qoeTotal":63243.64156093294,"qoeBitrate":93500,"qoeRebuffer":0,"qoeLatency":29624.999999999996,"qoeBitrateSwitch":500,"qoePlaybackSpeed":131.3584390670613},"chunk-stream5-00049":{"qoeTotal":65326.24156093295,"qoeBitrate":96500,"qoeRebuffer":0,"qoeLatency":30542.399999999998,"qoeBitrateSwitch":500,"qoePlaybackSpeed":131.3584390670613},"chunk-stream5-00050":{"qoeTotal":67409.44156093294,"qoeBitrate":99500,"qoeRebuffer":0,"qoeLatency":31459.199999999997,"qoeBitrateSwitch":500,"qoePlaybackSpeed":131.3584390670613},"chunk-stream5-00051":{"qoeTotal":69484.84156093295,"qoeBitrate":102500,"qoeRebuffer":0,"qoeLatency":32383.799999999996,"qoeBitrateSwitch":500,"qoePlaybackSpeed":131.3584390670613},"chunk-stream5-00052":{"qoeTotal":71561.44156093294,"qoeBitrate":105500,"qoeRebuffer":0,"qoeLatency":33307.2,"qoeBitrateSwitch":500,"qoePlaybackSpeed":131.3584390670613},"chunk-stream5-00053":{"qoeTotal":73644.64156093294,"qoeBitrate":108500,"qoeRebuffer":0,"qoeLatency":34224,"qoeBitrateSwitch":500,"qoePlaybackSpeed":131.3584390670613},"chunk-stream5-00054":{"qoeTotal":75720.04156093294,"qoeBitrate":111500,"qoeRebuffer":0,"qoeLatency":35148.6,"qoeBitrateSwitch":500,"qoePlaybackSpeed":131.3584390670613},"chunk-stream5-00055":{"qoeTotal":77803.24156093295,"qoeBitrate":114500,"qoeRebuffer":0,"qoeLatency":36065.4,"qoeBitrateSwitch":500,"qoePlaybackSpeed":131.3584390670613},"chunk-stream5-00056":{"qoeTotal":79885.84156093294,"qoeBitrate":117500,"qoeRebuffer":0,"qoeLatency":36982.8,"qoeBitrateSwitch":500,"qoePlaybackSpeed":131.3584390670613},"chunk-stream5-00057":{"qoeTotal":81969.04156093294,"qoeBitrate":120500,"qoeRebuffer":0,"qoeLatency":37899.600000000006,"qoeBitrateSwitch":500,"qoePlaybackSpeed":131.3584390670613},"chunk-stream5-00058":{"qoeTotal":84051.64156093294,"qoeBitrate":123500,"qoeRebuffer":0,"qoeLatency":38817.00000000001,"qoeBitrateSwitch":500,"qoePlaybackSpeed":131.3584390670613},"chunk-stream5-00059":{"qoeTotal":86134.84156093292,"qoeBitrate":126500,"qoeRebuffer":0,"qoeLatency":39733.80000000001,"qoeBitrateSwitch":500,"qoePlaybackSpeed":131.3584390670613},"chunk-stream5-00060":{"qoeTotal":88217.44156093293,"qoeBitrate":129500,"qoeRebuffer":0,"qoeLatency":40651.20000000001,"qoeBitrateSwitch":500,"qoePlaybackSpeed":131.3584390670613},"chunk-stream5-00061":{"qoeTotal":90293.44156093293,"qoeBitrate":132500,"qoeRebuffer":0,"qoeLatency":41575.20000000001,"qoeBitrateSwitch":500,"qoePlaybackSpeed":131.3584390670613},