{"chunk-stream2-00018":{"qoeTotal":-479.5215946107038,"qoeBitrate":500,"qoeRebuffer":0,"qoeLatency":942.6,"qoeBitrateSwitch":0,"qoePlaybackSpeed":36.92159461070379},"init-stream5":{"qoeTotal":1038.5568107785925,"qoeBitrate":3500,"qoeRebuffer":0,"qoeLatency":1887.6,"qoeBitrateSwitch":500,"qoePlaybackSpeed":73.84318922140758},"chunk-stream5-00019":{"qoeTotal":3055.582505944805,"qoeBitrate":6500,"qoeRebuffer":0,"qoeLatency":2854.2,"qoeBitrateSwitch":500,"qoePlaybackSpeed":90.21749405519554},"chunk-stream5-00020":{"qoeTotal":5084.008201111017,"qoeBitrate":9500,"qoeRebuffer":0,"qoeLatency":3809.3999999999996,"qoeBitrateSwitch":500,"qoePlaybackSpeed":106.5917988889835},"chunk-stream5-00021":{"qoeTotal":7124.388916830809,"qoeBitrate":12500,"qoeRebuffer":0,"qoeLatency":4755.599999999999,"qoeBitrateSwitch":500,"qoePlaybackSpeed":120.01108316919192},"chunk-stream5-00022":{"qoeTotal":9177.558886599187,"qoeBitrate":15500,"qoeRebuffer":0,"qoeLatency":5691.599999999999,"qoeBitrateSwitch":500,"qoePlaybackSpeed":130.84111340081392},"chunk-stream5-00023":{"qoeTotal":11248.18537838632,"qoeBitrate":18500,"qoeRebuffer":0,"qoeLatency":6614.4,"qoeBitrateSwitch":500,"qoePlaybackSpeed":137.41462161367969},"chunk-stream5-00024":{"qoeTotal":13324.18537838632,"qoeBitrate":21500,"qoeRebuffer":0,"qoeLatency":7538.4,"qoeBitrateSwitch":500,"qoePlaybackSpeed":137.41462161367969},"chunk-stream5-00025":{"qoeTotal":15407.98537838632,"qoeBitrate":24500,"qoeRebuffer":0,"qoeLatency":8454.6,"qoeBitrateSwitch":500,"qoePlaybackSpeed":137.41462161367969},"chunk-stream5-00026":{"qoeTotal":17492.38537838632,"qoeBitrate":27500,"qoeRebuffer":0,"qoeLatency":9370.2,"qoeBitrateSwitch":500,"qoePlaybackSpeed":137.41462161367969},"chunk-stream5-00027":{"qoeTotal":19566.58537838632,"qoeBitrate":30500,"qoeRebuffer":0,"qoeLatency":10296,"qoeBitrateSwitch":500,"qoePlaybackSpeed":137.41462161367969},"chunk-stream5-00028":{"qoeTotal":21650.985378386322,"qoeBitrate":33500,"qoeRebuffer":0,"qoeLatency":11211.6,"qoeBitrateSwitch":500,"qoePlaybackSpeed":137.41462161367969},"chunk-stream5-00029":{"qoeTotal":23734.785378386317,"qoeBitrate":36500,"qoeRebuffer":0,"qoeLatency":12127.800000000001,"qoeBitrateSwitch":500,"qoePlaybackSpeed":137.41462161367969},"chunk-stream5-00030":{"qoeTotal":25810.785378386317,"qoeBitrate":39500,"qoeRebuffer":0,"qoeLatency":13051.800000000001,"qoeBitrateSwitch":500,"qoePlaybackSpeed":137.41462161367969},"chunk-stream5-00031":{"qoeTotal":27894.58537838632,"qoeBitrate":42500,"qoeRebuffer":0,"qoeLatency":13968.000000000002,"qoeBitrateSwitch":500,"qoePlaybackSpeed":137.41462161367969},"chunk-stream5-00032":{"qoeTotal":29978.385378386316,"qoeBitrate":45500,"qoeRebuffer":0,"qoeLatency":14884.200000000003,"qoeBitrateSwitch":500,"qoePlaybackSpeed":137.41462161367969},"chunk-stream5-00033":{"qoeTotal":32062.18537838632,"qoeBitrate":48500,"qoeRebuffer":0,"qoeLatency":15800.400000000003,"qoeBitrateSwitch":500,"qoePlaybackSpeed":137.41462161367969},"chunk-stream5-00034":{"qoeTotal":34138.78537838632,"qoeBitrate":51500,"qoeRebuffer":0,"qoeLatency":16723.800000000003,"qoeBitrateSwitch":500,"qoePlaybackSpeed":137.41462161367969},"chunk-stream5-00035":{"qoeTotal":36222.58537838632,"qoeBitrate":54500,"qoeRebuffer":0,"qoeLatency":17640.000000000004,"qoeBitrateSwitch":500,"qoePlaybackSpeed":137.41462161367969},"chunk-stream5-00036":{"qoeTotal":38306.985378386315,"qoeBitrate":57500,"qoeRebuffer":0,"qoeLatency":18555.600000000002,"qoeBitrateSwitch":500,"qoePlaybackSpeed":137.41462161367969},"chunk-stream5-00037":{"qoeTotal":40391.38537838632,"qoeBitrate":60500,"qoeRebuffer":0,"qoeLatency":19471.2,"qoeBitrateSwitch":500,"qoePlaybackSpeed":137.41462161367969},"chunk-stream5-00038":{"qoeTotal":42475.18537838632,"qoeBitrate":63500,"qoeRebuffer":0,"qoeLatency":20387.4,"qoeBitrateSwitch":500,"qoePlaybackSpeed":137.41462161367969},"chunk-stream5-00039":{"qoeTotal":44558.985378386315,"qoeBitrate":66500,"qoeRebuffer":0,"qoeLatency":21303.600000000002,"qoeBitrateSwitch":500,"qoePlaybackSpeed":137.41462161367969},"chunk-stream5-00040":{"qoeTotal":46642.78537838632,"qoeBitrate":69500,"qoeRebuffer":0,"qoeLatency":22219.800000000003,"qoeBitrateSwitch":500,"qoePlaybackSpeed":137.41462161367969},"chunk-stream5-00041":{"qoeTotal":48726.58537838632,"qoeBitrate":72500,"qoeRebuffer":0,"qoeLatency":23136.000000000004,"qoeBitrateSwitch":500,"qoePlaybackSpeed":137.41462161367969},"chunk-stream5-00042":{"qoeTotal":50810.385378386316,"qoeBitrate":75500,"qoeRebuffer":0,"qoeLatency":24052.200000000004,"qoeBitrateSwitch":500,"qoePlaybackSpeed":137.41462161367969},"chunk-stream5-00043":{"qoeTotal":52894.18537838631,"qoeBitrate":78500,"qoeRebuffer":0,"qoeLatency":24968.400000000005,"qoeBitrateSwitch":500,"qoePlaybackSpeed":137.41462161367969},"chunk-stream5-00044":{"qoeTotal":54977.985378386315,"qoeBitrate":81500,"qoeRebuffer":0,"qoeLatency":25884.600000000006,"qoeBitrateSwitch":500,"qoePlaybackSpeed":137.41462161367969},"chunk-stream5-00045":{"qoeTotal":57053.985378386315,"qoeBitrate":84500,"qoeRebuffer":0,"qoeLatency":26808.600000000006,"qoeBitrateSwitch":500,"qoePlaybackSpeed":137.41462161367969},"chunk-stream5-00046":{"qoeTotal":59138.385378386316,"qoeBitrate":87500,"qoeRebuffer":0,"qoeLatency":27724.200000000004,"qoeBitrateSwitch":500,"qoePlaybackSpeed":137.41462161367969},"chunk-stream5-00047":{"qoeTotal":61222.18537838631,"qoeBitrate":90500,"qoeRebuffer":0,"qoeLatency":28640.400000000005,"qoeBitrateSwitch":500,"qoePlaybackSpeed":137.41462161367969},"chunk-stream5-00048":{"qoeTotal":63305.985378386315,"qoeBitrate":93500,"qoeRebuffer":0,"qoeLatency":29556.600000000006,"qoeBitrateSwitch":500,"qoePlaybackSpeed":137.41462161367969},"chunk-stream5-00049":{"qoeTotal":65378.385378386316,"qoeBitrate":96500,"qoeRebuffer":0,"qoeLatency":30484.200000000004,"qoeBitrateSwitch":500,"qoePlaybackSpeed":137.41462161367969},"chunk-stream5-00050":{"qoeTotal":67462.78537838631,"qoeBitrate":99500,"qoeRebuffer":0,"qoeLatency":31399.800000000003,"qoeBitrateSwitch":500,"qoePlaybackSpeed":137.41462161367969},"chunk-stream5-00051":{"qoeTotal":69547.18537838632,"qoeBitrate":102500,"qoeRebuffer":0,"qoeLatency":32315.4,"qoeBitrateSwitch":500,"qoePlaybackSpeed":137.41462161367969},"chunk-stream5-00052":{"qoeTotal":71630.9853783863,"qoeBitrate":105500,"qoeRebuffer":0,"qoeLatency":33231.6,"qoeBitrateSwitch":500,"qoePlaybackSpeed":137.41462161367969},"chunk-stream5-00053":{"qoeTotal":73711.18537838632,"qoeBitrate":108500,"qoeRebuffer":0,"qoeLatency":34151.4,"qoeBitrateSwitch":500,"qoePlaybackSpeed":137.41462161367969},"chunk-stream5-00054":{"qoeTotal":75795.58537838631,"qoeBitrate":111500,"qoeRebuffer":0,"qoeLatency":35067,"qoeBitrateSwitch":500,"qoePlaybackSpeed":137.41462161367969},"chunk-stream5-00055":{"qoeTotal":77879.9853783863,"qoeBitrate":114500,"qoeRebuffer":0,"qoeLatency":35982.6,"qoeBitrateSwitch":500,"qoePlaybackSpeed":137.41462161367969},"chunk-stream5-00056":{"qoeTotal":79963.78537838632,"qoeBitrate":117500,"qoeRebuffer":0,"qoeLatency":36898.799999999996,"qoeBitrateSwitch":500,"qoePlaybackSpeed":137.41462161367969},"chunk-stream5-00057":{"qoeTotal":82047.58537838631,"qoeBitrate":120500,"qoeRebuffer":0,"qoeLatency":37814.99999999999,"qoeBitrateSwitch":500,"qoePlaybackSpeed":137.41462161367969},"chunk-stream5-00058":{"qoeTotal":84131.98537838632,"qoeBitrate":123500,"qoeRebuffer":0,"qoeLatency":38730.59999999999,"qoeBitrateSwitch":500,"qoePlaybackSpeed":137.41462161367969},"chunk-stream5-00059":{"qoeTotal":86215.78537838632,"qoeBitrate":126500,"qoeRebuffer":0,"qoeLatency":39646.79999999999,"qoeBitrateSwitch":500,"qoePlaybackSpeed":137.41462161367969},"chunk-stream5-00060":{"qoeTotal":88299.58537838633,"qoeBitrate":129500,"qoeRebuffer":0,"qoeLatency":40562.999999999985,"qoeBitrateSwitch":500,"qoePlaybackSpeed":137.41462161367969},"chunk-stream5-00061":{"qoeTotal":90383.98537838634,"qoeBitrate":132500,"qoeRebuffer":0,"qoeLatency":41478.599999999984,"qoeBitrateSwitch":500,"qoePlaybackSpeed":137.41462161367969},