{"chunk-stream2-00018":{"qoeTotal":-481.55369848501016,"qoeBitrate":500,"qoeRebuffer":0,"qoeLatency":944.4000000000001,"qoeBitrateSwitch":0,"qoePlaybackSpeed":37.15369848501009},"init-stream3":{"qoeTotal":-1647.75369848501,"qoeBitrate":1750,"qoeRebuffer":0,"qoeLatency":1860.6,"qoeBitrateSwitch":1500,"qoePlaybackSpeed":37.15369848501009},"chunk-stream3-00019":{"qoeTotal":-1394.90739697002,"qoeBitrate":3000,"qoeRebuffer":0,"qoeLatency":2820.6,"qoeBitrateSwitch":1500,"qoePlaybackSpeed":74.30739697002018},"chunk-stream3-00020":{"qoeTotal":-1135.7734481249122,"qoeBitrate":4250,"qoeRebuffer":0,"qoeLatency":3794.3999999999996,"qoeBitrateSwitch":1500,"qoePlaybackSpeed":91.37344812491266},"init-stream4":{"qoeTotal":-1551.973448124912,"qoeBitrate":6250,"qoeRebuffer":0,"qoeLatency":4710.599999999999,"qoeBitrateSwitch":3000,"qoePlaybackSpeed":91.37344812491266},"chunk-stream4-00021":{"qoeTotal":-535.6394992798049,"qoeBitrate":8250,"qoeRebuffer":0,"qoeLatency":5677.2,"qoeBitrateSwitch":3000,"qoePlaybackSpeed":108.43949927980513},"chunk-stream4-00022":{"qoeTotal":510.0405087257069,"qoeBitrate":10250,"qoeRebuffer":0,"qoeLatency":6620.4,"qoeBitrateSwitch":3000,"qoePlaybackSpeed":119.55949127429348},"chunk-stream4-00023":{"qoeTotal":1571.9205167312186,"qoeBitrate":12250,"qoeRebuffer":0,"qoeLatency":7547.4,"qoeBitrateSwitch":3000,"qoePlaybackSpeed":130.6794832687818},"chunk-stream4-00024":{"qoeTotal":2648.2507741793925,"qoeBitrate":14250,"qoeRebuffer":0,"qoeLatency":8464.199999999999,"qoeBitrateSwitch":3000,"qoePlaybackSpeed":137.54922582060848},"chunk-stream4-00025":{"qoeTotal":3732.0507741793917,"qoeBitrate":16250,"qoeRebuffer":0,"qoeLatency":9380.4,"qoeBitrateSwitch":3000,"qoePlaybackSpeed":137.54922582060848},"chunk-stream4-00026":{"qoeTotal":4815.850774179391,"qoeBitrate":18250,"qoeRebuffer":0,"qoeLatency":10296.6,"qoeBitrateSwitch":3000,"qoePlaybackSpeed":137.54922582060848},"chunk-stream4-00027":{"qoeTotal":5899.65077417939,"qoeBitrate":20250,"qoeRebuffer":0,"qoeLatency":11212.800000000001,"qoeBitrateSwitch":3000,"qoePlaybackSpeed":137.54922582060848},"chunk-stream4-00028":{"qoeTotal":6983.45077417939,"qoeBitrate":22250,"qoeRebuffer":0,"qoeLatency":12129.000000000002,"qoeBitrateSwitch":3000,"qoePlaybackSpeed":137.54922582060848},"chunk-stream4-00029":{"qoeTotal":8067.250774179389,"qoeBitrate":24250,"qoeRebuffer":0,"qoeLatency":13045.200000000003,"qoeBitrateSwitch":3000,"qoePlaybackSpeed":137.54922582060848},"chunk-stream4-00030":{"qoeTotal":9151.050774179388,"qoeBitrate":26250,"qoeRebuffer":0,"qoeLatency":13961.400000000003,"qoeBitrateSwitch":3000,"qoePlaybackSpeed":137.54922582060848},"chunk-stream4-00031":{"qoeTotal":10234.850774179387,"qoeBitrate":28250,"qoeRebuffer":0,"qoeLatency":14877.600000000004,"qoeBitrateSwitch":3000,"qoePlaybackSpeed":137.54922582060848},"chunk-stream4-00032":{"qoeTotal":11318.650774179387,"qoeBitrate":30250,"qoeRebuffer":0,"qoeLatency":15793.800000000005,"qoeBitrateSwitch":3000,"qoePlaybackSpeed":137.54922582060848},"chunk-stream4-00033":{"qoeTotal":12402.450774179388,"qoeBitrate":32250,"qoeRebuffer":0,"qoeLatency":16710.000000000004,"qoeBitrateSwitch":3000,"qoePlaybackSpeed":137.54922582060848},"chunk-stream4-00034":{"qoeTotal":13486.250774179387,"qoeBitrate":34250,"qoeRebuffer":0,"qoeLatency":17626.200000000004,"qoeBitrateSwitch":3000,"qoePlaybackSpeed":137.54922582060848},"chunk-stream4-00035":{"qoeTotal":14570.050774179386,"qoeBitrate":36250,"qoeRebuffer":0,"qoeLatency":18542.400000000005,"qoeBitrateSwitch":3000,"qoePlaybackSpeed":137.54922582060848},"chunk-stream4-00036":{"qoeTotal":15653.850774179386,"qoeBitrate":38250,"qoeRebuffer":0,"qoeLatency":19458.600000000006,"qoeBitrateSwitch":3000,"qoePlaybackSpeed":137.54922582060848},"chunk-stream4-00037":{"qoeTotal":16734.050774179388,"qoeBitrate":40250,"qoeRebuffer":0,"qoeLatency":20378.400000000005,"qoeBitrateSwitch":3000,"qoePlaybackSpeed":137.54922582060848},"chunk-stream4-00038":{"qoeTotal":17817.850774179387,"qoeBitrate":42250,"qoeRebuffer":0,"qoeLatency":21294.600000000006,"qoeBitrateSwitch":3000,"qoePlaybackSpeed":137.54922582060848},"chunk-stream4-00039":{"qoeTotal":18893.850774179387,"qoeBitrate":44250,"qoeRebuffer":0,"qoeLatency":22218.600000000006,"qoeBitrateSwitch":3000,"qoePlaybackSpeed":137.54922582060848},"chunk-stream4-00040":{"qoeTotal":19977.050774179388,"qoeBitrate":46250,"qoeRebuffer":0,"qoeLatency":23135.400000000005,"qoeBitrateSwitch":3000,"qoePlaybackSpeed":137.54922582060848},"chunk-stream4-00041":{"qoeTotal":21056.650774179387,"qoeBitrate":48250,"qoeRebuffer":0,"qoeLatency":24055.800000000007,"qoeBitrateSwitch":3000,"qoePlaybackSpeed":137.54922582060848},"chunk-stream4-00042":{"qoeTotal":22135.050774179388,"qoeBitrate":50250,"qoeRebuffer":0,"qoeLatency":24977.400000000005,"qoeBitrateSwitch":3000,"qoePlaybackSpeed":137.54922582060848},"chunk-stream4-00043":{"qoeTotal":23218.850774179387,"qoeBitrate":52250,"qoeRebuffer":0,"qoeLatency":25893.600000000006,"qoeBitrateSwitch":3000,"qoePlaybackSpeed":137.54922582060848},"chunk-stream4-00044":{"qoeTotal":24302.650774179387,"qoeBitrate":54250,"qoeRebuffer":0,"qoeLatency":26809.800000000007,"qoeBitrateSwitch":3000,"qoePlaybackSpeed":137.54922582060848},"chunk-stream4-00045":{"qoeTotal":25379.250774179385,"qoeBitrate":56250,"qoeRebuffer":0,"qoeLatency":27733.200000000008,"qoeBitrateSwitch":3000,"qoePlaybackSpeed":137.54922582060848},"chunk-stream4-00046":{"qoeTotal":26463.050774179384,"qoeBitrate":58250,"qoeRebuffer":0,"qoeLatency":28649.40000000001,"qoeBitrateSwitch":3000,"qoePlaybackSpeed":137.54922582060848},"chunk-stream4-00047":{"qoeTotal":27540.850774179384,"qoeBitrate":60250,"qoeRebuffer":0,"qoeLatency":29571.60000000001,"qoeBitrateSwitch":3000,"qoePlaybackSpeed":137.54922582060848},"chunk-stream4-00048":{"qoeTotal":28624.650774179383,"qoeBitrate":62250,"qoeRebuffer":0,"qoeLatency":30487.80000000001,"qoeBitrateSwitch":3000,"qoePlaybackSpeed":137.54922582060848},"chunk-stream4-00049":{"qoeTotal":29708.450774179382,"qoeBitrate":64250,"qoeRebuffer":0,"qoeLatency":31404.00000000001,"qoeBitrateSwitch":3000,"qoePlaybackSpeed":137.54922582060848},"chunk-stream3-00050":{"qoeTotal":28535.05077417938,"qoeBitrate":65500,"qoeRebuffer":0,"qoeLatency":32327.400000000012,"qoeBitrateSwitch":4500,"qoePlaybackSpeed":137.54922582060848},"chunk-stream3-00051":{"qoeTotal":28868.85077417938,"qoeBitrate":66750,"qoeRebuffer":0,"qoeLatency":33243.60000000001,"qoeBitrateSwitch":4500,"qoePlaybackSpeed":137.54922582060848},"chunk-stream3-00052":{"qoeTotal":29202.650774179383,"qoeBitrate":68000,"qoeRebuffer":0,"qoeLatency":34159.80000000001,"qoeBitrateSwitch":4500,"qoePlaybackSpeed":137.54922582060848},"chunk-stream3-00053":{"qoeTotal":29532.25077417938,"qoeBitrate":69250,"qoeRebuffer":0,"qoeLatency":35080.20000000001,"qoeBitrateSwitch":4500,"qoePlaybackSpeed":137.54922582060848},"chunk-stream3-00054":{"qoeTotal":29861.25077417938,"qoeBitrate":70500,"qoeRebuffer":0,"qoeLatency":36001.20000000001,"qoeBitrateSwitch":4500,"qoePlaybackSpeed":137.54922582060848},"chunk-stream3-00055":{"qoeTotal":30195.050774179384,"qoeBitrate":71750,"qoeRebuffer":0,"qoeLatency":36917.40000000001,"qoeBitrateSwitch":4500,"qoePlaybackSpeed":137.54922582060848},"chunk-stream3-00056":{"qoeTotal":30528.850774179387,"qoeBitrate":73000,"qoeRebuffer":0,"qoeLatency":37833.600000000006,"qoeBitrateSwitch":4500,"qoePlaybackSpeed":137.54922582060848},"chunk-stream3-00057":{"qoeTotal":30862.65077417939,"qoeBitrate":74250,"qoeRebuffer":0,"qoeLatency":38749.8,"qoeBitrateSwitch":4500,"qoePlaybackSpeed":137.54922582060848},"chunk-stream3-00058":{"qoeTotal":31195.850774179387,"qoeBitrate":75500,"qoeRebuffer":0,"qoeLatency":39666.600000000006,"qoeBitrateSwitch":4500,"qoePlaybackSpeed":137.54922582060848},"chunk-stream3-00059":{"qoeTotal":31529.65077417939,"qoeBitrate":76750,"qoeRebuffer":0,"qoeLatency":40582.8,"qoeBitrateSwitch":4500,"qoePlaybackSpeed":137.54922582060848},"chunk-stream3-00060":{"qoeTotal":31863.450774179393,"qoeBitrate":78000,"qoeRebuffer":0,"qoeLatency":41499,