{"chunk-stream2-00018":{"qoeTotal":-468.7706524724875,"qoeBitrate":500,"qoeRebuffer":0,"qoeLatency":936,"qoeBitrateSwitch":0,"qoePlaybackSpeed":32.77065247248749},"init-stream0":{"qoeTotal":-2142.341304944975,"qoeBitrate":600,"qoeRebuffer":0,"qoeLatency":1876.8000000000002,"qoeBitrateSwitch":800,"qoePlaybackSpeed":65.54130494497498},"chunk-stream0-00019":{"qoeTotal":-3017.1119574174627,"qoeBitrate":700,"qoeRebuffer":0,"qoeLatency":2818.8,"qoeBitrateSwitch":800,"qoePlaybackSpeed":98.31195741746248},"chunk-stream0-00020":{"qoeTotal":-3893.08260988995,"qoeBitrate":800,"qoeRebuffer":0,"qoeLatency":3762,"qoeBitrateSwitch":800,"qoePlaybackSpeed":131.08260988994996},"chunk-stream0-00021":{"qoeTotal":-4765.659386826162,"qoeBitrate":900,"qoeRebuffer":0,"qoeLatency":4719.6,"qoeBitrateSwitch":800,"qoePlaybackSpeed":146.05938682616147},"init-stream5":{"qoeTotal":-8526.389932287966,"qoeBitrate":3900,"qoeRebuffer":0,"qoeLatency":5668.200000000001,"qoeBitrateSwitch":6600,"qoePlaybackSpeed":158.18993228796583},"chunk-stream5-00022":{"qoeTotal":-6476.320477749771,"qoeBitrate":6900,"qoeRebuffer":0,"qoeLatency":6606.000000000001,"qoeBitrateSwitch":6600,"qoePlaybackSpeed":170.3204777497702},"chunk-stream5-00023":{"qoeTotal":-4407.476832766134,"qoeBitrate":9900,"qoeRebuffer":0,"qoeLatency":7529.400000000001,"qoeBitrateSwitch":6600,"qoePlaybackSpeed":178.0768327661337},"chunk-stream5-00024":{"qoeTotal":-2323.676832766134,"qoeBitrate":12900,"qoeRebuffer":0,"qoeLatency":8445.6,"qoeBitrateSwitch":6600,"qoePlaybackSpeed":178.0768327661337},"chunk-stream5-00025":{"qoeTotal":-245.27683276613442,"qoeBitrate":15900,"qoeRebuffer":0,"qoeLatency":9367.2,"qoeBitrateSwitch":6600,"qoePlaybackSpeed":178.0768327661337},"chunk-stream5-00026":{"qoeTotal":1838.5231672338648,"qoeBitrate":18900,"qoeRebuffer":0,"qoeLatency":10283.400000000001,"qoeBitrateSwitch":6600,"qoePlaybackSpeed":178.0768327661337},"chunk-stream5-00027":{"qoeTotal":3922.3231672338643,"qoeBitrate":21900,"qoeRebuffer":0,"qoeLatency":11199.600000000002,"qoeBitrateSwitch":6600,"qoePlaybackSpeed":178.0768327661337},"chunk-stream5-00028":{"qoeTotal":6006.123167233864,"qoeBitrate":24900,"qoeRebuffer":0,"qoeLatency":12115.800000000003,"qoeBitrateSwitch":6600,"qoePlaybackSpeed":178.0768327661337},"chunk-stream5-00029":{"qoeTotal":8089.923167233863,"qoeBitrate":27900,"qoeRebuffer":0,"qoeLatency":13032.000000000004,"qoeBitrateSwitch":6600,"qoePlaybackSpeed":178.0768327661337},"chunk-stream5-00030":{"qoeTotal":10173.723167233862,"qoeBitrate":30900,"qoeRebuffer":0,"qoeLatency":13948.200000000004,"qoeBitrateSwitch":6600,"qoePlaybackSpeed":178.0768327661337},"chunk-stream5-00031":{"qoeTotal":12257.523167233861,"qoeBitrate":33900,"qoeRebuffer":0,"qoeLatency":14864.400000000005,"qoeBitrateSwitch":6600,"qoePlaybackSpeed":178.0768327661337},"chunk-stream5-00032":{"qoeTotal":14341.32316723386,"qoeBitrate":36900,"qoeRebuffer":0,"qoeLatency":15780.600000000006,"qoeBitrateSwitch":6600,"qoePlaybackSpeed":178.0768327661337},"chunk-stream5-00033":{"qoeTotal":16425.123167233858,"qoeBitrate":39900,"qoeRebuffer":0,"qoeLatency":16696.800000000007,"qoeBitrateSwitch":6600,"qoePlaybackSpeed":178.0768327661337},"chunk-stream5-00034":{"qoeTotal":18508.923167233857,"qoeBitrate":42900,"qoeRebuffer":0,"qoeLatency":17613.000000000007,"qoeBitrateSwitch":6600,"qoePlaybackSpeed":178.0768327661337},"chunk-stream5-00035":{"qoeTotal":20584.923167233857,"qoeBitrate":45900,"qoeRebuffer":0,"qoeLatency":18537.000000000007,"qoeBitrateSwitch":6600,"qoePlaybackSpeed":178.0768327661337},"chunk-stream5-00036":{"qoeTotal":22660.923167233857,"qoeBitrate":48900,"qoeRebuffer":0,"qoeLatency":19461.000000000007,"qoeBitrateSwitch":6600,"qoePlaybackSpeed":178.0768327661337},"chunk-stream5-00037":{"qoeTotal":24745.32316723386,"qoeBitrate":51900,"qoeRebuffer":0,"qoeLatency":20376.600000000006,"qoeBitrateSwitch":6600,"qoePlaybackSpeed":178.0768327661337},"chunk-stream5-00038":{"qoeTotal":26829.123167233858,"qoeBitrate":54900,"qoeRebuffer":0,"qoeLatency":21292.800000000007,"qoeBitrateSwitch":6600,"qoePlaybackSpeed":178.0768327661337},"chunk-stream5-00039":{"qoeTotal":28912.923167233857,"qoeBitrate":57900,"qoeRebuffer":0,"qoeLatency":22209.000000000007,"qoeBitrateSwitch":6600,"qoePlaybackSpeed":178.0768327661337},"chunk-stream5-00040":{"qoeTotal":30996.723167233857,"qoeBitrate":60900,"qoeRebuffer":0,"qoeLatency":23125.200000000008,"qoeBitrateSwitch":6600,"qoePlaybackSpeed":178.0768327661337},"chunk-stream5-00041":{"qoeTotal":33081.12316723386,"qoeBitrate":63900,"qoeRebuffer":0,"qoeLatency":24040.800000000007,"qoeBitrateSwitch":6600,"qoePlaybackSpeed":178.0768327661337},"chunk-stream5-00042":{"qoeTotal":35164.92316723386,"qoeBitrate":66900,"qoeRebuffer":0,"qoeLatency":24957.000000000007,"qoeBitrateSwitch":6600,"qoePlaybackSpeed":178.0768327661337},"chunk-stream5-00043":{"qoeTotal":37249.32316723386,"qoeBitrate":69900,"qoeRebuffer":0,"qoeLatency":25872.600000000006,"qoeBitrateSwitch":6600,"qoePlaybackSpeed":178.0768327661337},"chunk-stream5-00044":{"qoeTotal":39333.12316723386,"qoeBitrate":72900,"qoeRebuffer":0,"qoeLatency":26788.800000000007,"qoeBitrateSwitch":6600,"qoePlaybackSpeed":178.0768327661337},"chunk-stream5-00045":{"qoeTotal":41416.92316723386,"qoeBitrate":75900,"qoeRebuffer":0,"qoeLatency":27705.000000000007,"qoeBitrateSwitch":6600,"qoePlaybackSpeed":178.0768327661337},"chunk-stream5-00046":{"qoeTotal":43500.72316723385,"qoeBitrate":78900,"qoeRebuffer":0,"qoeLatency":28621.200000000008,"qoeBitrateSwitch":6600,"qoePlaybackSpeed":178.0768327661337},"chunk-stream5-00047":{"qoeTotal":45584.523167233856,"qoeBitrate":81900,"qoeRebuffer":0,"qoeLatency":29537.40000000001,"qoeBitrateSwitch":6600,"qoePlaybackSpeed":178.0768327661337},"chunk-stream5-00048":{"qoeTotal":47668.32316723386,"qoeBitrate":84900,"qoeRebuffer":0,"qoeLatency":30453.60000000001,"qoeBitrateSwitch":6600,"qoePlaybackSpeed":178.0768327661337},"chunk-stream5-00049":{"qoeTotal":49752.123167233854,"qoeBitrate":87900,"qoeRebuffer":0,"qoeLatency":31369.80000000001,"qoeBitrateSwitch":6600,"qoePlaybackSpeed":178.0768327661337},"chunk-stream5-00050":{"qoeTotal":51835.92316723385,"qoeBitrate":90900,"qoeRebuffer":0,"qoeLatency":32286.00000000001,"qoeBitrateSwitch":6600,"qoePlaybackSpeed":178.0768327661337},"chunk-stream5-00051":{"qoeTotal":53909.523167233856,"qoeBitrate":93900,"qoeRebuffer":0,"qoeLatency":33212.40000000001,"qoeBitrateSwitch":6600,"qoePlaybackSpeed":178.0768327661337},"chunk-stream5-00052":{"qoeTotal":55993.32316723386,"qoeBitrate":96900,"qoeRebuffer":0,"qoeLatency":34128.600000000006,"qoeBitrateSwitch":6600,"qoePlaybackSpeed":178.0768327661337},"chunk-stream5-00053":{"qoeTotal":58077.12316723386,"qoeBitrate":99900,"qoeRebuffer":0,"qoeLatency":35044.8,"qoeBitrateSwitch":6600,"qoePlaybackSpeed":178.0768327661337},"chunk-stream5-00054":{"qoeTotal":60157.32316723386,"qoeBitrate":102900,"qoeRebuffer":0,"qoeLatency":35964.600000000006,"qoeBitrateSwitch":6600,"qoePlaybackSpeed":178.0768327661337},"chunk-stream5-00055":{"qoeTotal":62241.12316723386,"qoeBitrate":105900,"qoeRebuffer":0,"qoeLatency":36880.8,"qoeBitrateSwitch":6600,"qoePlaybackSpeed":178.0768327661337},"chunk-stream5-00056":{"qoeTotal":64324.923167233865,"qoeBitrate":108900,"qoeRebuffer":0,"qoeLatency":37797,"qoeBitrateSwitch":6600,"qoePlaybackSpeed":178.0768327661337},"chunk-stream5-00057":{"qoeTotal":66408.72316723387,"qoeBitrate":111900,"qoeRebuffer":0,"qoeLatency":38713.2,"qoeBitrateSwitch":6600,"qoePlaybackSpeed":178.0768327661337},"chunk-stream5-00058":{"qoeTotal":68492.52316723387,"qoeBitrate":114900,"qoeRebuffer":0,"qoeLatency":39629.399999999994,"qoeBitrateSwitch":6600,"qoePlaybackSpeed":178.0768327661337},"chunk-stream5-00059":{"qoeTotal":70566.12316723388,"qoeBitrate":117900,"qoeRebuffer":0,"qoeLatency":40555.799999999996,"qoeBitrateSwitch":6600,"qoePlaybackSpeed":178.0768327661337},"chunk-stream5-00060":{"qoeTotal":72641.52316723387,"qoeBitrate":120900,"qoeRebuffer":0,"qoeLatency":41480.399999999994,"qoeBitrateSwitch":6600,