{"chunk-stream2-00018":{"qoeTotal":-530.8402289167944,"qoeBitrate":500,"qoeRebuffer":0,"qoeLatency":983.9999999999999,"qoeBitrateSwitch":0,"qoePlaybackSpeed":46.84022891679458},"init-stream5":{"qoeTotal":931.1195421664111,"qoeBitrate":3500,"qoeRebuffer":0,"qoeLatency":1975.1999999999998,"qoeBitrateSwitch":500,"qoePlaybackSpeed":93.68045783358916},"chunk-stream5-00019":{"qoeTotal":1204.6255320778787,"qoeBitrate":6500,"qoeRebuffer":1561.7999999821184,"qoeLatency":3096,"qoeBitrateSwitch":500,"qoePlaybackSpeed":137.57446794000273},"chunk-stream5-00020":{"qoeTotal":1312.0005158086224,"qoeBitrate":9500,"qoeRebuffer":3068.4000000357623,"qoeLatency":4441.2,"qoeBitrateSwitch":500,"qoePlaybackSpeed":178.39948415561497},"init-stream4":{"qoeTotal":1408.1668546041196,"qoeBitrate":11500,"qoeRebuffer":3068.4000000357623,"qoeLatency":6105.6,"qoeBitrateSwitch":700,"qoePlaybackSpeed":217.83314536011733},"chunk-stream4-00021":{"qoeTotal":320.23928832761027,"qoeBitrate":13500,"qoeRebuffer":4612.2000000178805,"qoeLatency":7620.6,"qoeBitrateSwitch":700,"qoePlaybackSpeed":246.96071165450888},"chunk-stream4-00022":{"qoeTotal":714.9935651096987,"qoeBitrate":15500,"qoeRebuffer":4612.2000000178805,"qoeLatency":9198.6,"qoeBitrateSwitch":700,"qoePlaybackSpeed":274.20643487241955},"chunk-stream4-00023":{"qoeTotal":1046.5760183029472,"qoeBitrate":17500,"qoeRebuffer":4612.2000000178805,"qoeLatency":10833,"qoeBitrateSwitch":700,"qoePlaybackSpeed":308.2239816791714},"chunk-stream4-00024":{"qoeTotal":-304.09062712457796,"qoeBitrate":19500,"qoeRebuffer":6149.400000035762,"qoeLatency":12601.8,"qoeBitrateSwitch":700,"qoePlaybackSpeed":352.8906270888159},"init-stream3":{"qoeTotal":-1057.1470983923948,"qoeBitrate":20750,"qoeRebuffer":6149.400000035762,"qoeLatency":14418,"qoeBitrateSwitch":850,"qoePlaybackSpeed":389.747098356632},"chunk-stream3-00025":{"qoeTotal":-3389.6184525970307,"qoeBitrate":22000,"qoeRebuffer":7722.599999964236,"qoeLatency":16400.4,"qoeBitrateSwitch":850,"qoePlaybackSpeed":416.61845263279207},"chunk-stream3-00026":{"qoeTotal":-5785.745858174057,"qoeBitrate":23250,"qoeRebuffer":9235.20000001788,"qoeLatency":18492.600000000002,"qoeBitrateSwitch":850,"qoePlaybackSpeed":457.94585815617444},"chunk-stream3-00027":{"qoeTotal":-8371.925384452285,"qoeBitrate":24500,"qoeRebuffer":10772.400000035761,"qoeLatency":20745.000000000004,"qoeBitrateSwitch":850,"qoePlaybackSpeed":504.5253844165193},"chunk-stream3-00028":{"qoeTotal":-11148.62108478202,"qoeBitrate":25750,"qoeRebuffer":12309.599999964235,"qoeLatency":23196.000000000004,"qoeBitrateSwitch":850,"qoePlaybackSpeed":543.0210848177804},"chunk-stream3-00029":{"qoeTotal":-14119.092631289259,"qoeBitrate":27000,"qoeRebuffer":13811.999999910591,"qoeLatency":25870.200000000004,"qoeBitrateSwitch":850,"qoePlaybackSpeed":586.8926313786637},"chunk-stream3-00030":{"qoeTotal":-19044.656013460102,"qoeBitrate":28250,"qoeRebuffer":16961.999999910593,"qoeLatency":28848.000000000004,"qoeBitrateSwitch":850,"qoePlaybackSpeed":634.6560135495056},"init-stream2":{"qoeTotal":-28397.85601342434,"qoeBitrate":28750,"qoeRebuffer":18540.59999987483,"qoeLatency":36972.600000000006,"qoeBitrateSwitch":1000,"qoePlaybackSpeed":634.6560135495056},"chunk-stream2-00031":{"qoeTotal":-32491.290599997483,"qoeBitrate":29250,"qoeRebuffer":20081.39999985695,"qoeLatency":39984.00000000001,"qoeBitrateSwitch":1000,"qoePlaybackSpeed":675.8906001405265},"chunk-stream3-00032":{"qoeTotal":-34438.45972179982,"qoeBitrate":30500,"qoeRebuffer":20081.39999985695,"qoeLatency":43025.40000000001,"qoeBitrateSwitch":1150,"qoePlaybackSpeed":681.6597219428651},"chunk-stream3-00033":{"qoeTotal":-36280.66183898723,"qoeBitrate":31750,"qoeRebuffer":20081.39999985695,"qoeLatency":46092.00000000001,"qoeBitrateSwitch":1150,"qoePlaybackSpeed":707.2618391302768},"chunk-stream3-00034":{"qoeTotal":-38135.10505161597,"qoeBitrate":33000,"qoeRebuffer":20081.39999985695,"qoeLatency":49192.80000000001,"qoeBitrateSwitch":1150,"qoePlaybackSpeed":710.9050517590076},"chunk-stream3-00035":{"qoeTotal":-39973.72641151932,"qoeBitrate":34250,"qoeRebuffer":20081.39999985695,"qoeLatency":52273.20000000001,"qoeBitrateSwitch":1150,"qoePlaybackSpeed":719.1264116623585},"chunk-stream3-00036":{"qoeTotal":-41809.016979814165,"qoeBitrate":35500,"qoeRebuffer":20081.39999985695,"qoeLatency":55329.60000000001,"qoeBitrateSwitch":1150,"qoePlaybackSpeed":748.0169799572044},"chunk-stream3-00037":{"qoeTotal":-43652.848499694155,"qoeBitrate":36750,"qoeRebuffer":20081.39999985695,"qoeLatency":58409.400000000016,"qoeBitrateSwitch":1150,"qoePlaybackSpeed":762.0484998371927},"chunk-stream3-00038":{"qoeTotal":-45499.24698111644,"qoeBitrate":38000,"qoeRebuffer":20081.39999985695,"qoeLatency":61484.400000000016,"qoeBitrateSwitch":1150,"qoePlaybackSpeed":783.4469812594762},"chunk-stream3-00039":{"qoeTotal":-47376.28811180928,"qoeBitrate":39250,"qoeRebuffer":20081.39999985695,"qoeLatency":64587.000000000015,"qoeBitrateSwitch":1150,"qoePlaybackSpeed":807.8881119523111},"chunk-stream3-00040":{"qoeTotal":-49299.765054258416,"qoeBitrate":40500,"qoeRebuffer":20081.39999985695,"qoeLatency":67738.80000000002,"qoeBitrateSwitch":1150,"qoePlaybackSpeed":829.5650544014494},"chunk-stream3-00041":{"qoeTotal":-51310.05368347803,"qoeBitrate":41750,"qoeRebuffer":20081.39999985695,"qoeLatency":70955.40000000002,"qoeBitrateSwitch":1150,"qoePlaybackSpeed":873.253683621056},"chunk-stream3-00042":{"qoeTotal":-53399.971777918494,"qoeBitrate":43000,"qoeRebuffer":20081.39999985695,"qoeLatency":74254.20000000003,"qoeBitrateSwitch":1150,"qoePlaybackSpeed":914.3717780615198},"chunk-stream3-00043":{"qoeTotal":-57196.665600268694,"qoeBitrate":44250,"qoeRebuffer":21622.199999839067,"qoeLatency":77714.40000000002,"qoeBitrateSwitch":1150,"qoePlaybackSpeed":960.0656004296046},"chunk-stream2-00044":{"qoeTotal":-61983.770273035,"qoeBitrate":44750,"qoeRebuffer":23162.999999821186,"qoeLatency":81280.80000000002,"qoeBitrateSwitch":1300,"qoePlaybackSpeed":989.9702732137923},"chunk-stream2-00045":{"qoeTotal":-65082.73605695082,"qoeBitrate":45250,"qoeRebuffer":23162.999999821186,"qoeLatency":84871.20000000001,"qoeBitrateSwitch":1300,"qoePlaybackSpeed":998.5360571296217},"chunk-stream2-00046":{"qoeTotal":-68230.73605692905,"qoeBitrate":45750,"qoeRebuffer":23162.999999821186,"qoeLatency":88459.20000000001,"qoeBitrateSwitch":1300,"qoePlaybackSpeed":1058.5360571078468},"chunk-stream3-00046":{"qoeTotal":-70743.2330753265,"qoeBitrate":47000,"qoeRebuffer":23162.999999821186,"qoeLatency":92020.80000000002,"qoeBitrateSwitch":1450,"qoePlaybackSpeed":1109.4330755052974},"chunk-stream3-00047":{"qoeTotal":-73177.35223422614,"qoeBitrate":48250,"qoeRebuffer":23162.999999821186,"qoeLatency":95659.80000000002,"qoeBitrateSwitch":1450,"qoePlaybackSpeed":1154.5522344049405},"chunk-stream3-00048":{"qoeTotal":-77176.62777647482,"qoeBitrate":49500,"qoeRebuffer":24723.59999987483,"qoeLatency":99325.80000000002,"qoeBitrateSwitch":1450,"qoePlaybackSpeed":1177.2277765999709},"chunk-stream3-00049":{"qoeTotal":-79577.57186891507,"qoeBitrate":50750,"qoeRebuffer":24723.59999987483,"qoeLatency":102949.80000000002,"qoeBitrateSwitch":1450,"qoePlaybackSpeed":1204.1718690402165},"chunk-stream4-00050":{"qoeTotal":-83046.03523284105,"qoeBitrate":52750,"qoeRebuffer":26242.199999928474,"qoeLatency":106704.00000000001,"qoeBitrateSwitch":1600,"qoePlaybackSpeed":1249.8352329125596},"chunk-stream3-00051":{"qoeTotal":-87470.28778311638,"qoeBitrate":54000,"qoeRebuffer":27795,"qoeLatency":110630.40000000001,"qoeBitrateSwitch":1750,"qoePlaybackSpeed":1294.8877831163645},"chunk-stream3-00052":{"qoeTotal":-90203.55729226413,"qoeBitrate":55250,"qoeRebuffer":27795,"qoeLatency":114585.6,"qoeBitrateSwitch":1750,"qoePlaybackSpeed":1322.9572922641262},"chunk-stream4-00053":{"qoeTotal":-92274.06079781723,"qoeBitrate":57250,"qoeRebuffer":27795,"qoeLatency":118498.20000000001,"qoeBitrateSwitch":1900,"qoePlaybackSpeed":1330.8607978172286},"chunk-stream4-00054":{"qoeTotal":-94152.08096490553,"qoeBitrate":59250,"qoeRebuffer":27795,