{"init-stream2":{"qoeTotal":497.97,"qoeBitrate":500,"qoeRebuffer":0,"qoeLatency":2.0300000000000002,"qoeBitrateSwitch":0,"qoePlaybackSpeed":0},"chunk-stream2-00021":{"qoeTotal":967.2964398413409,"qoeBitrate":1000,"qoeRebuffer":0,"qoeLatency":5.9,"qoeBitrateSwitch":0,"qoePlaybackSpeed":26.803560158659188},"chunk-stream2-00022":{"qoeTotal":1441.2797054931139,"qoeBitrate":1500,"qoeRebuffer":0,"qoeLatency":10.38,"qoeBitrateSwitch":0,"qoePlaybackSpeed":48.34029450688597},"chunk-stream2-00023":{"qoeTotal":1924.5450627723276,"qoeBitrate":2000,"qoeRebuffer":0,"qoeLatency":15.290000000000001,"qoeBitrateSwitch":0,"qoePlaybackSpeed":60.16493722767244},"chunk-stream2-00024":{"qoeTotal":2413.2635268855865,"qoeBitrate":2500,"qoeRebuffer":0,"qoeLatency":20.47,"qoeBitrateSwitch":0,"qoePlaybackSpeed":66.26647311441387},"chunk-stream2-00025":{"qoeTotal":2905.8885788350844,"qoeBitrate":3000,"qoeRebuffer":0,"qoeLatency":25.75,"qoeBitrateSwitch":0,"qoePlaybackSpeed":68.36142116491553},"chunk-stream2-00026":{"qoeTotal":3398.453630784583,"qoeBitrate":3500,"qoeRebuffer":0,"qoeLatency":31.09,"qoeBitrateSwitch":0,"qoePlaybackSpeed":70.45636921541718},"chunk-stream2-00027":{"qoeTotal":3890.968682734081,"qoeBitrate":4000,"qoeRebuffer":0,"qoeLatency":36.480000000000004,"qoeBitrateSwitch":0,"qoePlaybackSpeed":72.55131726591884},"chunk-stream2-00028":{"qoeTotal":4383.433734683579,"qoeBitrate":4500,"qoeRebuffer":0,"qoeLatency":41.92,"qoeBitrateSwitch":0,"qoePlaybackSpeed":74.6462653164205},"chunk-stream2-00029":{"qoeTotal":4867.917675023301,"qoeBitrate":5000,"qoeRebuffer":0,"qoeLatency":47.43,"qoeBitrateSwitch":0,"qoePlaybackSpeed":84.6523249766986},"chunk-stream2-00030":{"qoeTotal":2275.5281005726424,"qoeBitrate":5500,"qoeRebuffer":3038.399999856949,"qoeLatency":55.54,"qoeBitrateSwitch":0,"qoePlaybackSpeed":130.5318995704087},"chunk-stream2-00031":{"qoeTotal":-396.2284278306506,"qoeBitrate":6000,"qoeRebuffer":6150,"qoeLatency":68.53999999999999,"qoeBitrateSwitch":0,"qoePlaybackSpeed":177.68842783065065},"chunk-stream2-00032":{"qoeTotal":-5790.384956520046,"qoeBitrate":6500,"qoeRebuffer":10852.800000429153,"qoeLatency":1212.74,"qoeBitrateSwitch":0,"qoePlaybackSpeed":224.8449560908926},"chunk-stream2-00033":{"qoeTotal":-11564.941484637236,"qoeBitrate":7000,"qoeRebuffer":15535.200000286102,"qoeLatency":2757.74,"qoeBitrateSwitch":0,"qoePlaybackSpeed":272.00148435113454},"chunk-stream2-00034":{"qoeTotal":-16952.41273686087,"qoeBitrate":7500,"qoeRebuffer":19574.400000572205,"qoeLatency":4563.139999999999,"qoeBitrateSwitch":0,"qoePlaybackSpeed":314.8727362886659},"chunk-stream2-00035":{"qoeTotal":-22523.429961347123,"qoeBitrate":8000,"qoeRebuffer":23544.60000014305,"qoeLatency":6617.539999999999,"qoeBitrateSwitch":0,"qoePlaybackSpeed":361.2899612040694},"chunk-stream2-00036":{"qoeTotal":-27994.1446456617,"qoeBitrate":8500,"qoeRebuffer":27179.400000214577,"qoeLatency":8907.14,"qoeBitrateSwitch":0,"qoePlaybackSpeed":407.6046454471263},"chunk-stream2-00037":{"qoeTotal":-33251.732139325424,"qoeBitrate":9000,"qoeRebuffer":30297.60000014305,"qoeLatency":11506.34,"qoeBitrateSwitch":0,"qoePlaybackSpeed":447.7921391823734},"chunk-stream2-00038":{"qoeTotal":-38767.08397561349,"qoeBitrate":9500,"qoeRebuffer":33401.40000021458,"qoeLatency":14373.14,"qoeBitrateSwitch":0,"qoePlaybackSpeed":492.5439753989104},"chunk-stream2-00039":{"qoeTotal":-44587.83581168697,"qoeBitrate":10000,"qoeRebuffer":36526.800000071526,"qoeLatency":17523.739999999998,"qoeBitrateSwitch":0,"qoePlaybackSpeed":537.2958116154474},"chunk-stream2-00040":{"qoeTotal":-51859.68300146295,"qoeBitrate":10500,"qoeRebuffer":40791,"qoeLatency":20988.14,"qoeBitrateSwitch":0,"qoePlaybackSpeed":580.5430014629521},"chunk-stream2-00041":{"qoeTotal":-59855.52986518643,"qoeBitrate":11000,"qoeRebuffer":45421.2000002861,"qoeLatency":24805.94,"qoeBitrateSwitch":0,"qoePlaybackSpeed":628.3898649003273},"chunk-stream2-00042":{"qoeTotal":-65881.66070184216,"qoeBitrate":11500,"qoeRebuffer":47913.000000715256,"qoeLatency":28792.94,"qoeBitrateSwitch":0,"qoePlaybackSpeed":675.7207011269036},"chunk-stream2-00043":{"qoeTotal":-74349.05187173457,"qoeBitrate":12000,"qoeRebuffer":52616.400000572205,"qoeLatency":33014.54,"qoeBitrateSwitch":0,"qoePlaybackSpeed":718.1118711623521},"chunk-stream2-00044":{"qoeTotal":-81477.89347895875,"qoeBitrate":12500,"qoeRebuffer":55736.400000572205,"qoeLatency":37480.340000000004,"qoeBitrateSwitch":0,"qoePlaybackSpeed":761.1534783865529},"chunk-stream2-00045":{"qoeTotal":-88912.17197929679,"qoeBitrate":13000,"qoeRebuffer":58894.20000064373,"qoeLatency":42210.740000000005,"qoeBitrateSwitch":0,"qoePlaybackSpeed":807.2319786530528},"chunk-stream2-00046":{"qoeTotal":-96623.0482328232,"qoeBitrate":13500,"qoeRebuffer":62078.400000572205,"qoeLatency":47192.54000000001,"qoeBitrateSwitch":0,"qoePlaybackSpeed":852.1082322509866},"chunk-stream2-00047":{"qoeTotal":-104547.9209004693,"qoeBitrate":14000,"qoeRebuffer":65211.60000050068,"qoeLatency":52442.54000000001,"qoeBitrateSwitch":0,"qoePlaybackSpeed":893.7808999686096},"chunk-stream2-00048":{"qoeTotal":-113085.61253551045,"qoeBitrate":14500,"qoeRebuffer":68719.20000064373,"qoeLatency":57936.14000000001,"qoeBitrateSwitch":0,"qoePlaybackSpeed":930.2725348667082},"chunk-stream2-00049":{"qoeTotal":-121621.10761760661,"qoeBitrate":15000,"qoeRebuffer":71889.00000035763,"qoeLatency":63756.14000000001,"qoeBitrateSwitch":0,"qoePlaybackSpeed":975.9676172489774},"chunk-stream2-00050":{"qoeTotal":-133343.10761753508,"qoeBitrate":15500,"qoeRebuffer":77833.2000002861,"qoeLatency":70033.94,"qoeBitrateSwitch":0,"qoePlaybackSpeed":975.9676172489774},"chunk-stream2-00051":{"qoeTotal":-142987.17787227195,"qoeBitrate":16000,"qoeRebuffer":81305.40000021458,"qoeLatency":76658.54000000001,"qoeBitrateSwitch":0,"qoePlaybackSpeed":1023.2378720573632},"chunk-stream2-00052":{"qoeTotal":-152520.80181797166,"qoeBitrate":16500,"qoeRebuffer":84434.40000021458,"qoeLatency":83523.74,"qoeBitrateSwitch":0,"qoePlaybackSpeed":1062.6618177570892},"chunk-stream2-00053":{"qoeTotal":-160663.02222674,"qoeBitrate":17000,"qoeRebuffer":85993.2000002861,"qoeLatency":90564.14,"qoeBitrateSwitch":0,"qoePlaybackSpeed":1105.6822264538766},"chunk-stream2-00054":{"qoeTotal":-168984.19286566804,"qoeBitrate":17500,"qoeRebuffer":87534.60000014305,"qoeLatency":97798.94,"qoeBitrateSwitch":0,"qoePlaybackSpeed":1150.6528655249797},"chunk-stream2-00055":{"qoeTotal":-179497.19286573958,"qoeBitrate":18000,"qoeRebuffer":90647.40000021458,"qoeLatency":105699.14,"qoeBitrateSwitch":0,"qoePlaybackSpeed":1150.6528655249797},"chunk-stream2-00056":{"qoeTotal":-200357.2218288887,"qoeBitrate":18500,"qoeRebuffer":103339.2000002861,"qoeLatency":114326.54,"qoeBitrateSwitch":0,"qoePlaybackSpeed":1191.481828602618},"chunk-stream2-00057":{"qoeTotal":-212015.19273115048,"qoeBitrate":19000,"qoeRebuffer":106437.60000050068,"qoeLatency":123339.73999999999,"qoeBitrateSwitch":0,"qoePlaybackSpeed":1237.852730649818},"chunk-stream2-00058":{"qoeTotal":-225044.7982299802,"qoeBitrate":19500,"qoeRebuffer":110595.60000050068,"qoeLatency":132666.13999999998,"qoeBitrateSwitch":0,"qoePlaybackSpeed":1283.0582294795424},"chunk-stream2-00059":{"qoeTotal":-237344.76768236377,"qoeBitrate":20000,"qoeRebuffer":113728.20000064373,"qoeLatency":142287.13999999998,"qoeBitrateSwitch":0,"qoePlaybackSpeed":1329.427681720072},"chunk-stream2-00060":{"qoeTotal":-250855.45506266615,"qoeBitrate":20500,"qoeRebuffer":117786.00000071526,"qoeLatency":152193.74,"qoeBitrateSwitch":0,"qoePlaybackSpeed":1375.7150619508948},"chunk-stream2-00061":{"qoeTotal":-263743.5998720257,"qoeBitrate":21000,"qoeRebuffer":120928.80000078678,"qoeLatency":162397.94,"qoeBitrateSwitch":0,"qoePlaybackSpeed":1416.8598712389187},"chunk-stream2-00062":{"qoeTotal":-277647.82633469603,"qoeBitrate":21500,"qoeRebuffer":124809.00000035763,"qoeLatency":172877.54,"qoeBitrateSwitch":0,"qoePlaybackSpeed":1461.2863343383547},"chunk-stream2-00063":{"qoeTotal":-291953.86659954156,"qoeBitrate":22000,"qoeRebuffer":128806.2000002861,