{"switchHistory":[{"start":8.695,"end":8.901395,"quality":{"mediaType":"video","bitrate":1000000,"width":640,"height":360,"scanType":null,"qualityIndex":2}},{"start":8.901395,"end":68.797101,"quality":{"mediaType":"video","bitrate":1000000,"width":640,"height":360,"scanType":null,"qualityIndex":2}}],"switchRequests":[],"stallDurationMs":6.8999998569488525,"numStalls":2,"averageLatency":1.5317369668246466,"averageBufferLength":1.4360023696682458,"averageBitrate":1000000.0000000001,"numSwitches":2,"averageBitrateVariations":0,"averagePlaybackRate":1.003584003360188,"averagePlaybackRateNonOne":1.0551040516628887}