{"chunk-stream2-00018":{"qoeTotal":-531.3815314408213,"qoeBitrate":500,"qoeRebuffer":0,"qoeLatency":984.6,"qoeBitrateSwitch":0,"qoePlaybackSpeed":46.781531440821226},"init-stream5":{"qoeTotal":-689.9815314408211,"qoeBitrate":3500,"qoeRebuffer":0,"qoeLatency":3643.2,"qoeBitrateSwitch":500,"qoePlaybackSpeed":46.781531440821226},"chunk-stream5-00019":{"qoeTotal":-457.1411815377732,"qoeBitrate":6500,"qoeRebuffer":1586.4000000357628,"qoeLatency":4780.799999999999,"qoeBitrateSwitch":500,"qoePlaybackSpeed":89.94118150201116},"init-stream4":{"qoeTotal":-5739.541181537775,"qoeBitrate":8500,"qoeRebuffer":1586.4000000357628,"qoeLatency":11803.2,"qoeBitrateSwitch":700,"qoePlaybackSpeed":149.94118150201112},"chunk-stream4-00020":{"qoeTotal":-6599.349261695974,"qoeBitrate":10500,"qoeRebuffer":3088.2000001072884,"qoeLatency":13117.2,"qoeBitrateSwitch":700,"qoePlaybackSpeed":193.94926158868452},"chunk-stream4-00021":{"qoeTotal":-7575.234918620734,"qoeBitrate":12500,"qoeRebuffer":4669.200000107288,"qoeLatency":14481.6,"qoeBitrateSwitch":700,"qoePlaybackSpeed":224.43491851344544},"chunk-stream4-00022":{"qoeTotal":-7028.205690938556,"qoeBitrate":14500,"qoeRebuffer":4669.200000107288,"qoeLatency":15907.8,"qoeBitrateSwitch":700,"qoePlaybackSpeed":251.20569083126762},"chunk-stream4-00023":{"qoeTotal":-6532.130077523825,"qoeBitrate":16500,"qoeRebuffer":4669.200000107288,"qoeLatency":17383.2,"qoeBitrateSwitch":700,"qoePlaybackSpeed":279.7300774165358},"chunk-stream4-00024":{"qoeTotal":-6085.634058879005,"qoeBitrate":18500,"qoeRebuffer":4669.200000107288,"qoeLatency":18914.4,"qoeBitrateSwitch":700,"qoePlaybackSpeed":302.0340587717153},"chunk-stream4-00025":{"qoeTotal":-5703.94804296376,"qoeBitrate":20500,"qoeRebuffer":4669.200000107288,"qoeLatency":20496,"qoeBitrateSwitch":700,"qoePlaybackSpeed":338.74804285647105},"chunk-stream4-00026":{"qoeTotal":-5380.4656877650605,"qoeBitrate":22500,"qoeRebuffer":4669.200000107288,"qoeLatency":22137.6,"qoeBitrateSwitch":700,"qoePlaybackSpeed":373.66568765777316},"chunk-stream4-00027":{"qoeTotal":-5117.946820411021,"qoeBitrate":24500,"qoeRebuffer":4669.200000107288,"qoeLatency":23839.8,"qoeBitrateSwitch":700,"qoePlaybackSpeed":408.94682030373303},"chunk-stream4-00028":{"qoeTotal":-6421.888211817602,"qoeBitrate":26500,"qoeRebuffer":6182.40000012517,"qoeLatency":25595.399999999998,"qoeBitrateSwitch":700,"qoePlaybackSpeed":444.08821169243424},"chunk-stream4-00029":{"qoeTotal":-7884.657788463023,"qoeBitrate":28500,"qoeRebuffer":7760.40000012517,"qoeLatency":27443.999999999996,"qoeBitrateSwitch":700,"qoePlaybackSpeed":480.25778833785694},"chunk-stream4-00030":{"qoeTotal":-9347.945308348395,"qoeBitrate":30500,"qoeRebuffer":9273.600000143051,"qoeLatency":29360.999999999996,"qoeBitrateSwitch":700,"qoePlaybackSpeed":513.3453082053468},"chunk-stream4-00031":{"qoeTotal":-10925.224157423369,"qoeBitrate":32500,"qoeRebuffer":10844.400000214577,"qoeLatency":31336.799999999996,"qoeBitrateSwitch":700,"qoePlaybackSpeed":544.0241572087969},"chunk-stream4-00032":{"qoeTotal":-12521.496560574069,"qoeBitrate":34500,"qoeRebuffer":12384.000000178814,"qoeLatency":33360.6,"qoeBitrateSwitch":700,"qoePlaybackSpeed":576.8965603952562},"chunk-stream4-00033":{"qoeTotal":-14198.552399760427,"qoeBitrate":36500,"qoeRebuffer":13888.200000196695,"qoeLatency":35489.4,"qoeBitrateSwitch":700,"qoePlaybackSpeed":620.9523995637294},"chunk-stream4-00034":{"qoeTotal":-15978.309082025118,"qoeBitrate":38500,"qoeRebuffer":15438.00000026822,"qoeLatency":37687.8,"qoeBitrateSwitch":700,"qoePlaybackSpeed":652.5090817568951},"chunk-stream4-00035":{"qoeTotal":-16260.50313721975,"qoeBitrate":40500,"qoeRebuffer":15438.00000026822,"qoeLatency":39949.200000000004,"qoeBitrateSwitch":700,"qoePlaybackSpeed":673.3031369515251},"chunk-stream4-00036":{"qoeTotal":-16568.32797344917,"qoeBitrate":42500,"qoeRebuffer":15438.00000026822,"qoeLatency":42239.4,"qoeBitrateSwitch":700,"qoePlaybackSpeed":690.9279731809476},"chunk-stream4-00037":{"qoeTotal":-16922.446628736518,"qoeBitrate":44500,"qoeRebuffer":15438.00000026822,"qoeLatency":44572.8,"qoeBitrateSwitch":700,"qoePlaybackSpeed":711.6466284682924},"chunk-stream4-00038":{"qoeTotal":-17319.10113897382,"qoeBitrate":46500,"qoeRebuffer":15438.00000026822,"qoeLatency":46941.600000000006,"qoeBitrateSwitch":700,"qoePlaybackSpeed":739.501138705594},"chunk-stream4-00039":{"qoeTotal":-17765.71319309661,"qoeBitrate":48500,"qoeRebuffer":15438.00000026822,"qoeLatency":49362.600000000006,"qoeBitrateSwitch":700,"qoePlaybackSpeed":765.1131928283826},"chunk-stream4-00040":{"qoeTotal":-18247.505093607757,"qoeBitrate":50500,"qoeRebuffer":15438.00000026822,"qoeLatency":51810.600000000006,"qoeBitrateSwitch":700,"qoePlaybackSpeed":798.9050933395317},"chunk-stream4-00041":{"qoeTotal":-18766.838084909796,"qoeBitrate":52500,"qoeRebuffer":15438.00000026822,"qoeLatency":54307.200000000004,"qoeBitrateSwitch":700,"qoePlaybackSpeed":821.6380846415701},"chunk-stream4-00042":{"qoeTotal":-19288.869442038453,"qoeBitrate":54500,"qoeRebuffer":15438.00000026822,"qoeLatency":56820.00000000001,"qoeBitrateSwitch":700,"qoePlaybackSpeed":830.8694417702247},"chunk-stream4-00043":{"qoeTotal":-19796.910346793164,"qoeBitrate":56500,"qoeRebuffer":15438.00000026822,"qoeLatency":59323.200000000004,"qoeBitrateSwitch":700,"qoePlaybackSpeed":835.7103465249386},"chunk-stream4-00044":{"qoeTotal":-20275.170063216014,"qoeBitrate":58500,"qoeRebuffer":15438.00000026822,"qoeLatency":61791.00000000001,"qoeBitrateSwitch":700,"qoePlaybackSpeed":846.1700629477873},"chunk-stream4-00045":{"qoeTotal":-20768.769797347977,"qoeBitrate":60500,"qoeRebuffer":15438.00000026822,"qoeLatency":64224.600000000006,"qoeBitrateSwitch":700,"qoePlaybackSpeed":906.16979707975},"chunk-stream4-00046":{"qoeTotal":-21156.689076555504,"qoeBitrate":62500,"qoeRebuffer":15438.00000026822,"qoeLatency":66610.8,"qoeBitrateSwitch":700,"qoePlaybackSpeed":907.8890762872808},"chunk-stream4-00047":{"qoeTotal":-21555.137932161728,"qoeBitrate":64500,"qoeRebuffer":15438.00000026822,"qoeLatency":68998.2,"qoeBitrateSwitch":700,"qoePlaybackSpeed":918.9379318935087},"chunk-stream4-00048":{"qoeTotal":-21945.53745013561,"qoeBitrate":66500,"qoeRebuffer":15438.00000026822,"qoeLatency":71328.59999999999,"qoeBitrateSwitch":700,"qoePlaybackSpeed":978.9374498673981},"chunk-stream4-00049":{"qoeTotal":-22264.46967210112,"qoeBitrate":68500,"qoeRebuffer":15438.00000026822,"qoeLatency":73638.59999999999,"qoeBitrateSwitch":700,"qoePlaybackSpeed":987.8696718329097},"chunk-stream4-00050":{"qoeTotal":-22637.81102626987,"qoeBitrate":70500,"qoeRebuffer":15438.00000026822,"qoeLatency":75986.4,"qoeBitrateSwitch":700,"qoePlaybackSpeed":1013.4110260016544},"chunk-stream4-00051":{"qoeTotal":-23054.184372991975,"qoeBitrate":72500,"qoeRebuffer":15438.00000026822,"qoeLatency":78381.59999999999,"qoeBitrateSwitch":700,"qoePlaybackSpeed":1034.584372723761},"chunk-stream4-00052":{"qoeTotal":-23484.70459999822,"qoeBitrate":74500,"qoeRebuffer":15438.00000026822,"qoeLatency":80795.4,"qoeBitrateSwitch":700,"qoePlaybackSpeed":1051.3045997300032},"chunk-stream4-00053":{"qoeTotal":-23915.636895361524,"qoeBitrate":76500,"qoeRebuffer":15438.00000026822,"qoeLatency":83218.2,"qoeBitrateSwitch":700,"qoePlaybackSpeed":1059.4368950933058},"chunk-stream4-00054":{"qoeTotal":-24345.636532870656,"qoeBitrate":78500,"qoeRebuffer":15438.00000026822,"qoeLatency":85588.2,"qoeBitrateSwitch":700,"qoePlaybackSpeed":1119.4365326024385},"chunk-stream5-00054":{"qoeTotal":-23890.33355126811,"qoeBitrate":81500,"qoeRebuffer":15438.00000026822,"qoeLatency":87882,"qoeBitrateSwitch":900,"qoePlaybackSpeed":1170.3335509998892},"chunk-stream4-00055":{"qoeTotal":-27918.073634556928,"qoeBitrate":83500,"qoeRebuffer":18561.00000026822,"qoeLatency":90550.2,"qoeBitrateSwitch":1100,"qoePlaybackSpeed":1206.8736342887094},"chunk-stream5-00056":{"qoeTotal":-36283.324763555225,"qoeBitrate":86500,"qoeRebuffer":26374.200000286102,"qoeLatency":93871.2,"qoeBitrateSwitch":1300,"qoePlaybackSpeed":1237.924763269129},