{"chunk-stream2-00018":{"qoeTotal":-507.82317116026616,"qoeBitrate":500,"qoeRebuffer":0,"qoeLatency":963,"qoeBitrateSwitch":0,"qoePlaybackSpeed":44.82317116026615},"init-stream0":{"qoeTotal":-1499.2463423205322,"qoeBitrate":600,"qoeRebuffer":0,"qoeLatency":1929.6,"qoeBitrateSwitch":80,"qoePlaybackSpeed":89.6463423205323},"chunk-stream0-00019":{"qoeTotal":-2414.2695134807987,"qoeBitrate":700,"qoeRebuffer":0,"qoeLatency":2899.8,"qoeBitrateSwitch":80,"qoePlaybackSpeed":134.46951348079844},"chunk-stream0-00020":{"qoeTotal":-3332.892684641065,"qoeBitrate":800,"qoeRebuffer":0,"qoeLatency":3873.6000000000004,"qoeBitrateSwitch":80,"qoePlaybackSpeed":179.2926846410646},"chunk-stream0-00021":{"qoeTotal":-4243.324748244903,"qoeBitrate":900,"qoeRebuffer":0,"qoeLatency":4862.400000000001,"qoeBitrateSwitch":80,"qoePlaybackSpeed":200.9247482449024},"init-stream5":{"qoeTotal":-2737.7247482449025,"qoeBitrate":3900,"qoeRebuffer":0,"qoeLatency":5776.8,"qoeBitrateSwitch":660,"qoePlaybackSpeed":200.9247482449024},"chunk-stream5-00022":{"qoeTotal":-699.537520126073,"qoeBitrate":6900,"qoeRebuffer":0,"qoeLatency":6724.2,"qoeBitrateSwitch":660,"qoePlaybackSpeed":215.3375201260732},"chunk-stream5-00023":{"qoeTotal":1358.9827577488213,"qoeBitrate":9900,"qoeRebuffer":0,"qoeLatency":7656.599999999999,"qoeBitrateSwitch":660,"qoePlaybackSpeed":224.41724225117912},"chunk-stream5-00024":{"qoeTotal":3432.7512247188447,"qoeBitrate":12900,"qoeRebuffer":0,"qoeLatency":8577,"qoeBitrateSwitch":660,"qoePlaybackSpeed":230.24877528115525},"chunk-stream5-00025":{"qoeTotal":5518.951224718846,"qoeBitrate":15900,"qoeRebuffer":0,"qoeLatency":9490.8,"qoeBitrateSwitch":660,"qoePlaybackSpeed":230.24877528115525},"chunk-stream5-00026":{"qoeTotal":7604.551224718846,"qoeBitrate":18900,"qoeRebuffer":0,"qoeLatency":10405.199999999999,"qoeBitrateSwitch":660,"qoePlaybackSpeed":230.24877528115525},"chunk-stream5-00027":{"qoeTotal":9690.751224718846,"qoeBitrate":21900,"qoeRebuffer":0,"qoeLatency":11318.999999999998,"qoeBitrateSwitch":660,"qoePlaybackSpeed":230.24877528115525},"chunk-stream5-00028":{"qoeTotal":11776.351224718846,"qoeBitrate":24900,"qoeRebuffer":0,"qoeLatency":12233.399999999998,"qoeBitrateSwitch":660,"qoePlaybackSpeed":230.24877528115525},"chunk-stream5-00029":{"qoeTotal":13862.551224718847,"qoeBitrate":27900,"qoeRebuffer":0,"qoeLatency":13147.199999999997,"qoeBitrateSwitch":660,"qoePlaybackSpeed":230.24877528115525},"chunk-stream5-00030":{"qoeTotal":15948.751224718848,"qoeBitrate":30900,"qoeRebuffer":0,"qoeLatency":14060.999999999996,"qoeBitrateSwitch":660,"qoePlaybackSpeed":230.24877528115525},"chunk-stream5-00031":{"qoeTotal":18034.95122471885,"qoeBitrate":33900,"qoeRebuffer":0,"qoeLatency":14974.799999999996,"qoeBitrateSwitch":660,"qoePlaybackSpeed":230.24877528115525},"chunk-stream5-00032":{"qoeTotal":20120.55122471885,"qoeBitrate":36900,"qoeRebuffer":0,"qoeLatency":15889.199999999995,"qoeBitrateSwitch":660,"qoePlaybackSpeed":230.24877528115525},"chunk-stream5-00033":{"qoeTotal":22206.75122471885,"qoeBitrate":39900,"qoeRebuffer":0,"qoeLatency":16802.999999999996,"qoeBitrateSwitch":660,"qoePlaybackSpeed":230.24877528115525},"chunk-stream5-00034":{"qoeTotal":24292.95122471885,"qoeBitrate":42900,"qoeRebuffer":0,"qoeLatency":17716.799999999996,"qoeBitrateSwitch":660,"qoePlaybackSpeed":230.24877528115525},"chunk-stream5-00035":{"qoeTotal":26379.15122471885,"qoeBitrate":45900,"qoeRebuffer":0,"qoeLatency":18630.599999999995,"qoeBitrateSwitch":660,"qoePlaybackSpeed":230.24877528115525},"chunk-stream5-00036":{"qoeTotal":28464.75122471885,"qoeBitrate":48900,"qoeRebuffer":0,"qoeLatency":19544.999999999996,"qoeBitrateSwitch":660,"qoePlaybackSpeed":230.24877528115525},"chunk-stream5-00037":{"qoeTotal":30550.35122471885,"qoeBitrate":51900,"qoeRebuffer":0,"qoeLatency":20459.399999999998,"qoeBitrateSwitch":660,"qoePlaybackSpeed":230.24877528115525},"chunk-stream5-00038":{"qoeTotal":32627.55122471885,"qoeBitrate":54900,"qoeRebuffer":0,"qoeLatency":21382.199999999997,"qoeBitrateSwitch":660,"qoePlaybackSpeed":230.24877528115525},"chunk-stream5-00039":{"qoeTotal":34713.151224718844,"qoeBitrate":57900,"qoeRebuffer":0,"qoeLatency":22296.6,"qoeBitrateSwitch":660,"qoePlaybackSpeed":230.24877528115525},"chunk-stream5-00040":{"qoeTotal":36799.35122471885,"qoeBitrate":60900,"qoeRebuffer":0,"qoeLatency":23210.399999999998,"qoeBitrateSwitch":660,"qoePlaybackSpeed":230.24877528115525},"chunk-stream5-00041":{"qoeTotal":38885.551224718845,"qoeBitrate":63900,"qoeRebuffer":0,"qoeLatency":24124.199999999997,"qoeBitrateSwitch":660,"qoePlaybackSpeed":230.24877528115525},"chunk-stream5-00042":{"qoeTotal":40963.95122471885,"qoeBitrate":66900,"qoeRebuffer":0,"qoeLatency":25045.799999999996,"qoeBitrateSwitch":660,"qoePlaybackSpeed":230.24877528115525},"chunk-stream5-00043":{"qoeTotal":43042.35122471885,"qoeBitrate":69900,"qoeRebuffer":0,"qoeLatency":25967.399999999994,"qoeBitrateSwitch":660,"qoePlaybackSpeed":230.24877528115525},"chunk-stream5-00044":{"qoeTotal":45128.551224718845,"qoeBitrate":72900,"qoeRebuffer":0,"qoeLatency":26881.199999999993,"qoeBitrateSwitch":660,"qoePlaybackSpeed":230.24877528115525},"chunk-stream5-00045":{"qoeTotal":47214.15122471885,"qoeBitrate":75900,"qoeRebuffer":0,"qoeLatency":27795.599999999995,"qoeBitrateSwitch":660,"qoePlaybackSpeed":230.24877528115525},"chunk-stream5-00046":{"qoeTotal":49291.35122471885,"qoeBitrate":78900,"qoeRebuffer":0,"qoeLatency":28718.399999999994,"qoeBitrateSwitch":660,"qoePlaybackSpeed":230.24877528115525},"chunk-stream5-00047":{"qoeTotal":51367.95122471885,"qoeBitrate":81900,"qoeRebuffer":0,"qoeLatency":29641.799999999996,"qoeBitrateSwitch":660,"qoePlaybackSpeed":230.24877528115525},"chunk-stream5-00048":{"qoeTotal":53445.15122471885,"qoeBitrate":84900,"qoeRebuffer":0,"qoeLatency":30564.599999999995,"qoeBitrateSwitch":660,"qoePlaybackSpeed":230.24877528115525},"chunk-stream5-00049":{"qoeTotal":55521.15122471885,"qoeBitrate":87900,"qoeRebuffer":0,"qoeLatency":31488.599999999995,"qoeBitrateSwitch":660,"qoePlaybackSpeed":230.24877528115525},"chunk-stream5-00050":{"qoeTotal":57607.35122471885,"qoeBitrate":90900,"qoeRebuffer":0,"qoeLatency":32402.399999999994,"qoeBitrateSwitch":660,"qoePlaybackSpeed":230.24877528115525},"chunk-stream5-00051":{"qoeTotal":59692.95122471885,"qoeBitrate":93900,"qoeRebuffer":0,"qoeLatency":33316.799999999996,"qoeBitrateSwitch":660,"qoePlaybackSpeed":230.24877528115525},"chunk-stream5-00052":{"qoeTotal":61778.551224718845,"qoeBitrate":96900,"qoeRebuffer":0,"qoeLatency":34231.2,"qoeBitrateSwitch":660,"qoePlaybackSpeed":230.24877528115525},"chunk-stream5-00053":{"qoeTotal":63864.75122471884,"qoeBitrate":99900,"qoeRebuffer":0,"qoeLatency":35145,"qoeBitrateSwitch":660,"qoePlaybackSpeed":230.24877528115525},"chunk-stream5-00054":{"qoeTotal":65943.75122471884,"qoeBitrate":102900,"qoeRebuffer":0,"qoeLatency":36066,"qoeBitrateSwitch":660,"qoePlaybackSpeed":230.24877528115525},"chunk-stream5-00055":{"qoeTotal":68029.95122471884,"qoeBitrate":105900,"qoeRebuffer":0,"qoeLatency":36979.8,"qoeBitrateSwitch":660,"qoePlaybackSpeed":230.24877528115525},"chunk-stream5-00056":{"qoeTotal":70115.55122471883,"qoeBitrate":108900,"qoeRebuffer":0,"qoeLatency":37894.200000000004,"qoeBitrateSwitch":660,"qoePlaybackSpeed":230.24877528115525},"init-stream2":{"qoeTotal":69201.75122471884,"qoeBitrate":109400,"qoeRebuffer":0,"qoeLatency":38808.00000000001,"qoeBitrateSwitch":1160,"qoePlaybackSpeed":230.24877528115525},"chunk-stream2-00057":{"qoeTotal":68787.95122471882,"qoeBitrate":109900,"qoeRebuffer":0,"qoeLatency":39721.80000000001,"qoeBitrateSwitch":1160,"qoePlaybackSpeed":230.24877528115525}}