{"chunk-stream2-00018":{"qoeTotal":-651.5639430938967,"qoeBitrate":500,"qoeRebuffer":0,"qoeLatency":1106.4,"qoeBitrateSwitch":0,"qoePlaybackSpeed":45.16394309389664},"chunk-stream2-00019":{"qoeTotal":-2874.3328308522932,"qoeBitrate":1000,"qoeRebuffer":1536,"qoeLatency":2263.2,"qoeBitrateSwitch":0,"qoePlaybackSpeed":75.1328308522933},"chunk-stream2-00020":{"qoeTotal":-3615.0752438774402,"qoeBitrate":1500,"qoeRebuffer":1536,"qoeLatency":3464.3999999999996,"qoeBitrateSwitch":0,"qoePlaybackSpeed":114.67524387744055},"chunk-stream2-00021":{"qoeTotal":-4365.184065634058,"qoeBitrate":2000,"qoeRebuffer":1536,"qoeLatency":4663.2,"qoeBitrateSwitch":0,"qoePlaybackSpeed":165.98406563405842},"init-stream3":{"qoeTotal":-5770.183781910625,"qoeBitrate":3250,"qoeRebuffer":1536,"qoeLatency":7108.2,"qoeBitrateSwitch":150,"qoePlaybackSpeed":225.98378191062537},"chunk-stream3-00022":{"qoeTotal":-5756.623674834432,"qoeBitrate":4500,"qoeRebuffer":1536,"qoeLatency":8319,"qoeBitrateSwitch":150,"qoePlaybackSpeed":251.62367483443202},"chunk-stream3-00023":{"qoeTotal":-7403.831590743163,"qoeBitrate":5750,"qoeRebuffer":3104.400000035763,"qoeLatency":9609,"qoeBitrateSwitch":150,"qoePlaybackSpeed":290.4315907074004},"chunk-stream3-00024":{"qoeTotal":-9172.534649222775,"qoeBitrate":7000,"qoeRebuffer":4627.200000017881,"qoeLatency":11069.4,"qoeBitrateSwitch":150,"qoePlaybackSpeed":325.93464920489265},"init-stream2":{"qoeTotal":-11137.224456390342,"qoeBitrate":7500,"qoeRebuffer":4627.200000017881,"qoeLatency":13348.2,"qoeBitrateSwitch":300,"qoePlaybackSpeed":361.8244563724605},"chunk-stream2-00025":{"qoeTotal":-12158.327514887835,"qoeBitrate":8000,"qoeRebuffer":4627.200000017881,"qoeLatency":14833.800000000001,"qoeBitrateSwitch":300,"qoePlaybackSpeed":397.3275148699527},"chunk-stream3-00026":{"qoeTotal":-12588.082594549765,"qoeBitrate":9250,"qoeRebuffer":4627.200000017881,"qoeLatency":16337.400000000001,"qoeBitrateSwitch":450,"qoePlaybackSpeed":423.4825945318822},"chunk-stream3-00027":{"qoeTotal":-12897.554268073747,"qoeBitrate":10500,"qoeRebuffer":4627.200000017881,"qoeLatency":17881.2,"qoeBitrateSwitch":450,"qoePlaybackSpeed":439.1542680558649},"chunk-stream3-00028":{"qoeTotal":-13226.462096382598,"qoeBitrate":11750,"qoeRebuffer":4627.200000017881,"qoeLatency":19451.4,"qoeBitrateSwitch":450,"qoePlaybackSpeed":447.8620963647162},"chunk-stream3-00029":{"qoeTotal":-13579.302515003406,"qoeBitrate":13000,"qoeRebuffer":4627.200000017881,"qoeLatency":21042,"qoeBitrateSwitch":450,"qoePlaybackSpeed":460.10251498552475},"init-stream4":{"qoeTotal":-13321.152734016272,"qoeBitrate":15000,"qoeRebuffer":4627.200000017881,"qoeLatency":22632.6,"qoeBitrateSwitch":600,"qoePlaybackSpeed":461.35273399839207},"chunk-stream4-00030":{"qoeTotal":-13044.874886477026,"qoeBitrate":17000,"qoeRebuffer":4627.200000017881,"qoeLatency":24312,"qoeBitrateSwitch":600,"qoePlaybackSpeed":505.6748864591451},"chunk-stream3-00031":{"qoeTotal":-17095.24350481014,"qoeBitrate":18250,"qoeRebuffer":7782.600000053644,"qoeLatency":26267.4,"qoeBitrateSwitch":750,"qoePlaybackSpeed":545.2435047564926},"chunk-stream3-00032":{"qoeTotal":-19597.495236001407,"qoeBitrate":19500,"qoeRebuffer":9358.800000071526,"qoeLatency":28403.4,"qoeBitrateSwitch":750,"qoePlaybackSpeed":585.295235929878},"chunk-stream3-00033":{"qoeTotal":-20612.882517633367,"qoeBitrate":20750,"qoeRebuffer":9358.800000071526,"qoeLatency":30627,"qoeBitrateSwitch":750,"qoePlaybackSpeed":627.0825175618403},"chunk-stream3-00034":{"qoeTotal":-21685.323761220046,"qoeBitrate":22000,"qoeRebuffer":9358.800000071526,"qoeLatency":32910,"qoeBitrateSwitch":750,"qoePlaybackSpeed":666.5237611485213},"chunk-stream3-00035":{"qoeTotal":-22795.346816105037,"qoeBitrate":23250,"qoeRebuffer":9358.800000071526,"qoeLatency":35245.8,"qoeBitrateSwitch":750,"qoePlaybackSpeed":690.7468160335083},"chunk-stream3-00036":{"qoeTotal":-23946.648918403895,"qoeBitrate":24500,"qoeRebuffer":9358.800000071526,"qoeLatency":37621.8,"qoeBitrateSwitch":750,"qoePlaybackSpeed":716.0489183323658},"chunk-stream3-00037":{"qoeTotal":-25165.659115313934,"qoeBitrate":25750,"qoeRebuffer":9358.800000071526,"qoeLatency":40057.8,"qoeBitrateSwitch":750,"qoePlaybackSpeed":749.059115242406},"chunk-stream3-00038":{"qoeTotal":-26435.967608605228,"qoeBitrate":27000,"qoeRebuffer":9358.800000071526,"qoeLatency":42553.200000000004,"qoeBitrateSwitch":750,"qoePlaybackSpeed":773.9676085336987},"chunk-stream3-00039":{"qoeTotal":-27744.02905926612,"qoeBitrate":28250,"qoeRebuffer":9358.800000071526,"qoeLatency":45088.200000000004,"qoeBitrateSwitch":750,"qoePlaybackSpeed":797.0290591945875},"chunk-stream3-00040":{"qoeTotal":-29085.355426827573,"qoeBitrate":29500,"qoeRebuffer":9358.800000071526,"qoeLatency":47670.00000000001,"qoeBitrateSwitch":750,"qoePlaybackSpeed":806.5554267560414},"chunk-stream3-00041":{"qoeTotal":-30473.622913192612,"qoeBitrate":30750,"qoeRebuffer":9358.800000071526,"qoeLatency":50280.00000000001,"qoeBitrateSwitch":750,"qoePlaybackSpeed":834.8229131210788},"chunk-stream3-00042":{"qoeTotal":-31892.04076672221,"qoeBitrate":32000,"qoeRebuffer":9358.800000071526,"qoeLatency":52921.200000000004,"qoeBitrateSwitch":750,"qoePlaybackSpeed":862.0407666506815},"chunk-stream3-00043":{"qoeTotal":-33246.84115268301,"qoeBitrate":33250,"qoeRebuffer":9358.800000071526,"qoeLatency":55519.8,"qoeBitrateSwitch":750,"qoePlaybackSpeed":868.2411526114788},"chunk-stream3-00044":{"qoeTotal":-34570.515777994406,"qoeBitrate":34500,"qoeRebuffer":9358.800000071526,"qoeLatency":58068,"qoeBitrateSwitch":750,"qoePlaybackSpeed":893.7157779228826},"chunk-stream3-00045":{"qoeTotal":-35962.51946157795,"qoeBitrate":35750,"qoeRebuffer":9358.800000071526,"qoeLatency":60680.4,"qoeBitrateSwitch":750,"qoePlaybackSpeed":923.3194615064224},"chunk-stream3-00046":{"qoeTotal":-39113.41315384563,"qoeBitrate":37000,"qoeRebuffer":10897.800000071526,"qoeLatency":63499.8,"qoeBitrateSwitch":750,"qoePlaybackSpeed":965.8131537740994},"chunk-stream3-00047":{"qoeTotal":-44115.06587201579,"qoeBitrate":38250,"qoeRebuffer":14001.000000089407,"qoeLatency":66601.8,"qoeBitrateSwitch":750,"qoePlaybackSpeed":1012.2658719263803},"chunk-stream2-00048":{"qoeTotal":-48569.229711747445,"qoeBitrate":38750,"qoeRebuffer":15527.40000012517,"qoeLatency":69844.8,"qoeBitrateSwitch":900,"qoePlaybackSpeed":1047.0297116222707},"chunk-stream2-00049":{"qoeTotal":-51389.04512207941,"qoeBitrate":39250,"qoeRebuffer":15527.40000012517,"qoeLatency":73140,"qoeBitrateSwitch":900,"qoePlaybackSpeed":1071.6451219542437},"chunk-stream2-00050":{"qoeTotal":-54235.32337351368,"qoeBitrate":39750,"qoeRebuffer":15527.40000012517,"qoeLatency":76464,"qoeBitrateSwitch":900,"qoePlaybackSpeed":1093.9233733885133},"chunk-stream2-00051":{"qoeTotal":-57122.323373329535,"qoeBitrate":40250,"qoeRebuffer":15527.40000012517,"qoeLatency":79791,"qoeBitrateSwitch":900,"qoePlaybackSpeed":1153.923373204362},"chunk-stream3-00052":{"qoeTotal":-59342.72337301978,"qoeBitrate":41500,"qoeRebuffer":15527.40000012517,"qoeLatency":83051.4,"qoeBitrateSwitch":1050,"qoePlaybackSpeed":1213.9233728946144},"chunk-stream3-00053":{"qoeTotal":-61394.52337262798,"qoeBitrate":42750,"qoeRebuffer":15527.40000012517,"qoeLatency":86293.2,"qoeBitrateSwitch":1050,"qoePlaybackSpeed":1273.923372502812},"chunk-stream3-00054":{"qoeTotal":-63354.204065284095,"qoeBitrate":44000,"qoeRebuffer":15527.40000012517,"qoeLatency":89498.4,"qoeBitrateSwitch":1050,"qoePlaybackSpeed":1278.4040651589291},"chunk-stream3-00055":{"qoeTotal":-65576.05516714987,"qoeBitrate":45250,"qoeRebuffer":15527.40000012517,"qoeLatency":92943.59999999999,"qoeBitrateSwitch":1050,"qoePlaybackSpeed":1305.0551670247096},"chunk-stream3-00056":{"qoeTotal":-92811.01428613666,"qoeBitrate":46500,"qoeRebuffer":38708.400000303984,"qoeLatency":98199.59999999999,"qoeBitrateSwitch":1050,"qoePlaybackSpeed":1353.014285832694},"chunk-stream3-00057":{"qoeTotal":-120534.97340490889,"qoeBitrate":47750,"qoeRebuffer":60432.00000026822,"qoeLatency":105401.99999999999,"qoeBitrateSwitch":1050,