{"chunk-stream2-00018":{"qoeTotal":-652.1091838638997,"qoeBitrate":500,"qoeRebuffer":0,"qoeLatency":1107,"qoeBitrateSwitch":0,"qoePlaybackSpeed":45.1091838638997},"chunk-stream2-00019":{"qoeTotal":-2911.323176959539,"qoeBitrate":1000,"qoeRebuffer":1565.4000005722048,"qoeLatency":2268,"qoeBitrateSwitch":0,"qoePlaybackSpeed":77.92317638733451},"chunk-stream2-00020":{"qoeTotal":-3628.4519384283353,"qoeBitrate":1500,"qoeRebuffer":1565.4000005722048,"qoeLatency":3477,"qoeBitrateSwitch":0,"qoePlaybackSpeed":86.05193785613052},"chunk-stream2-00021":{"qoeTotal":-4379.537362310719,"qoeBitrate":2000,"qoeRebuffer":1565.4000005722048,"qoeLatency":4704,"qoeBitrateSwitch":0,"qoePlaybackSpeed":110.1373617385143},"chunk-stream2-00022":{"qoeTotal":-5096.3985180367,"qoeBitrate":2500,"qoeRebuffer":1565.4000005722048,"qoeLatency":5872.2,"qoeBitrateSwitch":0,"qoePlaybackSpeed":158.7985174644952},"chunk-stream2-00023":{"qoeTotal":-5741.2484849114135,"qoeBitrate":3000,"qoeRebuffer":1565.4000005722048,"qoeLatency":6999,"qoeBitrateSwitch":0,"qoePlaybackSpeed":176.84848433920862},"chunk-stream2-00024":{"qoeTotal":-6384.164021069587,"qoeBitrate":3500,"qoeRebuffer":1565.4000005722048,"qoeLatency":8113.8,"qoeBitrateSwitch":0,"qoePlaybackSpeed":204.96402049738248},"chunk-stream2-00025":{"qoeTotal":-7051.516687095158,"qoeBitrate":4000,"qoeRebuffer":1565.4000005722048,"qoeLatency":9258,"qoeBitrateSwitch":0,"qoePlaybackSpeed":228.1166865229534},"init-stream1":{"qoeTotal":-7707.716687095159,"qoeBitrate":4300,"qoeRebuffer":1565.4000005722048,"qoeLatency":10174.2,"qoeBitrateSwitch":40,"qoePlaybackSpeed":228.1166865229534},"chunk-stream1-00026":{"qoeTotal":-8601.922743567164,"qoeBitrate":4600,"qoeRebuffer":1565.4000005722048,"qoeLatency":11356.2,"qoeBitrateSwitch":40,"qoePlaybackSpeed":240.32274299495862},"chunk-stream1-00027":{"qoeTotal":-9539.190117665086,"qoeBitrate":4900,"qoeRebuffer":1565.4000005722048,"qoeLatency":12543,"qoeBitrateSwitch":40,"qoePlaybackSpeed":290.7901170928812},"chunk-stream1-00028":{"qoeTotal":-10419.485767022432,"qoeBitrate":5200,"qoeRebuffer":1565.4000005722048,"qoeLatency":13677.6,"qoeBitrateSwitch":40,"qoePlaybackSpeed":336.48576645022706},"chunk-stream1-00029":{"qoeTotal":-11225.525615744838,"qoeBitrate":5500,"qoeRebuffer":1565.4000005722048,"qoeLatency":14783.4,"qoeBitrateSwitch":40,"qoePlaybackSpeed":336.7256151726338},"chunk-stream1-00030":{"qoeTotal":-12034.401781470748,"qoeBitrate":5800,"qoeRebuffer":1565.4000005722048,"qoeLatency":15853.199999999999,"qoeBitrateSwitch":40,"qoePlaybackSpeed":375.8017808985443},"chunk-stream1-00031":{"qoeTotal":-12795.02475549063,"qoeBitrate":6100,"qoeRebuffer":1565.4000005722048,"qoeLatency":16881.6,"qoeBitrateSwitch":40,"qoePlaybackSpeed":408.02475491842637},"chunk-stream1-00032":{"qoeTotal":-13516.093225647866,"qoeBitrate":6400,"qoeRebuffer":1565.4000005722048,"qoeLatency":17880,"qoeBitrateSwitch":40,"qoePlaybackSpeed":430.69322507566096},"chunk-stream1-00033":{"qoeTotal":-14202.875758308044,"qoeBitrate":6700,"qoeRebuffer":1565.4000005722048,"qoeLatency":18846.6,"qoeBitrateSwitch":40,"qoePlaybackSpeed":450.87575773584086},"chunk-stream1-00034":{"qoeTotal":-14871.393101240037,"qoeBitrate":7000,"qoeRebuffer":1565.4000005722048,"qoeLatency":19800,"qoeBitrateSwitch":40,"qoePlaybackSpeed":465.9931006678333},"chunk-stream1-00035":{"qoeTotal":-15525.067442466676,"qoeBitrate":7300,"qoeRebuffer":1565.4000005722048,"qoeLatency":20741.4,"qoeBitrateSwitch":40,"qoePlaybackSpeed":478.26744189446896},"chunk-stream1-00036":{"qoeTotal":-16166.678567687695,"qoeBitrate":7600,"qoeRebuffer":1565.4000005722048,"qoeLatency":21673.2,"qoeBitrateSwitch":40,"qoePlaybackSpeed":488.0785671154893},"chunk-stream1-00037":{"qoeTotal":-16797.407120004573,"qoeBitrate":7900,"qoeRebuffer":1565.4000005722048,"qoeLatency":22597.8,"qoeBitrateSwitch":40,"qoePlaybackSpeed":494.20711943237035},"chunk-stream1-00038":{"qoeTotal":-17416.00712000457,"qoeBitrate":8200,"qoeRebuffer":1565.4000005722048,"qoeLatency":23516.399999999998,"qoeBitrateSwitch":40,"qoePlaybackSpeed":494.20711943237035},"chunk-stream1-00039":{"qoeTotal":-18033.407120004573,"qoeBitrate":8500,"qoeRebuffer":1565.4000005722048,"qoeLatency":24433.8,"qoeBitrateSwitch":40,"qoePlaybackSpeed":494.20711943237035},"init-stream2":{"qoeTotal":-18820.145783277017,"qoeBitrate":9000,"qoeRebuffer":1565.4000005722048,"qoeLatency":25679.399999999998,"qoeBitrateSwitch":80,"qoePlaybackSpeed":495.34578270481677},"chunk-stream2-00040":{"qoeTotal":-19235.145783277017,"qoeBitrate":9500,"qoeRebuffer":1565.4000005722048,"qoeLatency":26594.399999999998,"qoeBitrateSwitch":80,"qoePlaybackSpeed":495.34578270481677},"chunk-stream2-00041":{"qoeTotal":-19649.54578327702,"qoeBitrate":10000,"qoeRebuffer":1565.4000005722048,"qoeLatency":27508.8,"qoeBitrateSwitch":80,"qoePlaybackSpeed":495.34578270481677},"init-stream4":{"qoeTotal":-23154.015304195567,"qoeBitrate":12000,"qoeRebuffer":1565.4000005722048,"qoeLatency":32664.6,"qoeBitrateSwitch":380,"qoePlaybackSpeed":544.0153036233656},"chunk-stream4-00042":{"qoeTotal":-22069.015304195567,"qoeBitrate":14000,"qoeRebuffer":1565.4000005722048,"qoeLatency":33579.6,"qoeBitrateSwitch":380,"qoePlaybackSpeed":544.0153036233656},"init-stream5":{"qoeTotal":-20183.41530419557,"qoeBitrate":17000,"qoeRebuffer":1565.4000005722048,"qoeLatency":34494,"qoeBitrateSwitch":580,"qoePlaybackSpeed":544.0153036233656},"chunk-stream5-00043":{"qoeTotal":-18098.41530419557,"qoeBitrate":20000,"qoeRebuffer":1565.4000005722048,"qoeLatency":35409,"qoeBitrateSwitch":580,"qoePlaybackSpeed":544.0153036233656},"chunk-stream5-00044":{"qoeTotal":-16012.815304195572,"qoeBitrate":23000,"qoeRebuffer":1565.4000005722048,"qoeLatency":36323.4,"qoeBitrateSwitch":580,"qoePlaybackSpeed":544.0153036233656},"chunk-stream5-00045":{"qoeTotal":-13927.215304195573,"qoeBitrate":26000,"qoeRebuffer":1565.4000005722048,"qoeLatency":37237.8,"qoeBitrateSwitch":580,"qoePlaybackSpeed":544.0153036233656},"chunk-stream5-00046":{"qoeTotal":-11841.615304195575,"qoeBitrate":29000,"qoeRebuffer":1565.4000005722048,"qoeLatency":38152.200000000004,"qoeBitrateSwitch":580,"qoePlaybackSpeed":544.0153036233656},"chunk-stream5-00047":{"qoeTotal":-9764.415304195578,"qoeBitrate":32000,"qoeRebuffer":1565.4000005722048,"qoeLatency":39075.00000000001,"qoeBitrateSwitch":580,"qoePlaybackSpeed":544.0153036233656},"chunk-stream5-00048":{"qoeTotal":-7686.015304195576,"qoeBitrate":35000,"qoeRebuffer":1565.4000005722048,"qoeLatency":39996.600000000006,"qoeBitrateSwitch":580,"qoePlaybackSpeed":544.0153036233656},"chunk-stream5-00049":{"qoeTotal":-5601.015304195576,"qoeBitrate":38000,"qoeRebuffer":1565.4000005722048,"qoeLatency":40911.600000000006,"qoeBitrateSwitch":580,"qoePlaybackSpeed":544.0153036233656},"chunk-stream5-00050":{"qoeTotal":-3515.4153041955774,"qoeBitrate":41000,"qoeRebuffer":1565.4000005722048,"qoeLatency":41826.00000000001,"qoeBitrateSwitch":580,"qoePlaybackSpeed":544.0153036233656},"chunk-stream5-00051":{"qoeTotal":-1429.8153041955788,"qoeBitrate":44000,"qoeRebuffer":1565.4000005722048,"qoeLatency":42740.40000000001,"qoeBitrateSwitch":580,"qoePlaybackSpeed":544.0153036233656},"chunk-stream5-00052":{"qoeTotal":648.5846958044225,"qoeBitrate":47000,"qoeRebuffer":1565.4000005722048,"qoeLatency":43662.00000000001,"qoeBitrateSwitch":580,"qoePlaybackSpeed":544.0153036233656},"chunk-stream5-00053":{"qoeTotal":2726.984695804424,"qoeBitrate":50000,"qoeRebuffer":1565.4000005722048,"qoeLatency":44583.600000000006,"qoeBitrateSwitch":580,"qoePlaybackSpeed":544.0153036233656},"chunk-stream5-00054":{"qoeTotal":4805.384695804425,"qoeBitrate":53000,"qoeRebuffer":1565.4000005722048,"qoeLatency":45505.200000000004,"qoeBitrateSwitch":580,"qoePlaybackSpeed":544.0153036233656},"chunk-stream5-00055":{"qoeTotal":6890.984695804424,"qoeBitrate":56000,"qoeRebuffer":1565.4000005722048,"qoeLatency":46419.600000000006,"qoeBitrateSwitch":580,"qoePlaybackSpeed":544.0153036233656},"chunk-stream5-00056":{"qoeTotal":8254.784695804427,"qoeBitrate":59000,