{"chunk-stream2-00018":{"qoeTotal":-661.9487042886954,"qoeBitrate":500,"qoeRebuffer":0,"qoeLatency":1114.2,"qoeBitrateSwitch":0,"qoePlaybackSpeed":47.748704288695286},"chunk-stream2-00019":{"qoeTotal":-2878.9529481169525,"qoeBitrate":1000,"qoeRebuffer":1516.7999997138977,"qoeLatency":2287.8,"qoeBitrateSwitch":0,"qoePlaybackSpeed":74.35294840305444},"chunk-stream2-00020":{"qoeTotal":-3619.771597590937,"qoeBitrate":1500,"qoeRebuffer":1516.7999997138977,"qoeLatency":3496.8,"qoeBitrateSwitch":0,"qoePlaybackSpeed":106.1715978770388},"chunk-stream2-00021":{"qoeTotal":-4353.124167546239,"qoeBitrate":2000,"qoeRebuffer":1516.7999997138977,"qoeLatency":4729.2,"qoeBitrateSwitch":0,"qoePlaybackSpeed":107.12416783234119},"chunk-stream2-00022":{"qoeTotal":-5031.146895169543,"qoeBitrate":2500,"qoeRebuffer":1516.7999997138977,"qoeLatency":5904.6,"qoeBitrateSwitch":0,"qoePlaybackSpeed":109.74689545564515},"chunk-stream2-00023":{"qoeTotal":-5694.328666081372,"qoeBitrate":3000,"qoeRebuffer":1516.7999997138977,"qoeLatency":7050,"qoeBitrateSwitch":0,"qoePlaybackSpeed":127.5286663674741},"chunk-stream2-00024":{"qoeTotal":-6355.425649181083,"qoeBitrate":3500,"qoeRebuffer":1516.7999997138977,"qoeLatency":8196.6,"qoeBitrateSwitch":0,"qoePlaybackSpeed":142.0256494671848},"chunk-stream2-00025":{"qoeTotal":-7062.961055532662,"qoeBitrate":4000,"qoeRebuffer":1516.7999997138977,"qoeLatency":9366.6,"qoeBitrateSwitch":0,"qoePlaybackSpeed":179.5610558187636},"init-stream1":{"qoeTotal":-7717.361055532661,"qoeBitrate":4300,"qoeRebuffer":1516.7999997138977,"qoeLatency":10281,"qoeBitrateSwitch":40,"qoePlaybackSpeed":179.5610558187636},"chunk-stream1-00026":{"qoeTotal":-8658.495842803692,"qoeBitrate":4600,"qoeRebuffer":1516.7999997138977,"qoeLatency":11484,"qoeBitrateSwitch":40,"qoePlaybackSpeed":217.69584308979438},"chunk-stream1-00027":{"qoeTotal":-9564.62129290283,"qoeBitrate":4900,"qoeRebuffer":1516.7999997138977,"qoeLatency":12684.6,"qoeBitrateSwitch":40,"qoePlaybackSpeed":223.22129318893235},"chunk-stream1-00028":{"qoeTotal":-10450.39060074099,"qoeBitrate":5200,"qoeRebuffer":1516.7999997138977,"qoeLatency":13869.6,"qoeBitrateSwitch":40,"qoePlaybackSpeed":223.99060102709217},"chunk-stream1-00029":{"qoeTotal":-11337.723003167033,"qoeBitrate":5500,"qoeRebuffer":1516.7999997138977,"qoeLatency":15010.2,"qoeBitrateSwitch":40,"qoePlaybackSpeed":270.7230034531356},"chunk-stream1-00030":{"qoeTotal":-12172.406627076172,"qoeBitrate":5800,"qoeRebuffer":1516.7999997138977,"qoeLatency":16102.2,"qoeBitrateSwitch":40,"qoePlaybackSpeed":313.40662736227335},"chunk-stream1-00031":{"qoeTotal":-12956.96376080491,"qoeBitrate":6100,"qoeRebuffer":1516.7999997138977,"qoeLatency":17150.4,"qoeBitrateSwitch":40,"qoePlaybackSpeed":349.76376109101176},"chunk-stream1-00032":{"qoeTotal":-13699.34303880543,"qoeBitrate":6400,"qoeRebuffer":1516.7999997138977,"qoeLatency":18163.2,"qoeBitrateSwitch":40,"qoePlaybackSpeed":379.3430390915312},"chunk-stream1-00033":{"qoeTotal":-14401.72557146561,"qoeBitrate":6700,"qoeRebuffer":1516.7999997138977,"qoeLatency":19145.4,"qoeBitrateSwitch":40,"qoePlaybackSpeed":399.5255717517111},"chunk-stream1-00034":{"qoeTotal":-15082.438609780242,"qoeBitrate":7000,"qoeRebuffer":1516.7999997138977,"qoeLatency":20109.600000000002,"qoeBitrateSwitch":40,"qoePlaybackSpeed":416.0386100663421},"chunk-stream1-00035":{"qoeTotal":-15746.542566913471,"qoeBitrate":7300,"qoeRebuffer":1516.7999997138977,"qoeLatency":21060.000000000004,"qoeBitrateSwitch":40,"qoePlaybackSpeed":429.74256719956946},"chunk-stream1-00036":{"qoeTotal":-16395.772597145093,"qoeBitrate":7600,"qoeRebuffer":1516.7999997138977,"qoeLatency":21998.400000000005,"qoeBitrateSwitch":40,"qoePlaybackSpeed":440.57259743119147},"chunk-stream1-00037":{"qoeTotal":-17032.486051184063,"qoeBitrate":7900,"qoeRebuffer":1516.7999997138977,"qoeLatency":22927.800000000007,"qoeBitrateSwitch":40,"qoePlaybackSpeed":447.8860514701574},"chunk-stream1-00038":{"qoeTotal":-17658.99950522303,"qoeBitrate":8200,"qoeRebuffer":1516.7999997138977,"qoeLatency":23847.000000000007,"qoeBitrateSwitch":40,"qoePlaybackSpeed":455.1995055091233},"chunk-stream1-00039":{"qoeTotal":-18277.59950522303,"qoeBitrate":8500,"qoeRebuffer":1516.7999997138977,"qoeLatency":24765.600000000006,"qoeBitrateSwitch":40,"qoePlaybackSpeed":455.1995055091233},"init-stream2":{"qoeTotal":-19343.279349799974,"qoeBitrate":9000,"qoeRebuffer":1516.7999997138977,"qoeLatency":26287.200000000004,"qoeBitrateSwitch":80,"qoePlaybackSpeed":459.27935008607346},"chunk-stream2-00040":{"qoeTotal":-19761.879349799972,"qoeBitrate":9500,"qoeRebuffer":1516.7999997138977,"qoeLatency":27205.800000000003,"qoeBitrateSwitch":80,"qoePlaybackSpeed":459.27935008607346},"chunk-stream2-00041":{"qoeTotal":-20181.079349799977,"qoeBitrate":10000,"qoeRebuffer":1516.7999997138977,"qoeLatency":28125.000000000004,"qoeBitrateSwitch":80,"qoePlaybackSpeed":459.27935008607346},"init-stream3":{"qoeTotal":-25348.33215702433,"qoeBitrate":11250,"qoeRebuffer":6262.799999713898,"qoeLatency":29598.000000000004,"qoeBitrateSwitch":230,"qoePlaybackSpeed":507.5321573104294},"chunk-stream3-00042":{"qoeTotal":-25018.732157024333,"qoeBitrate":12500,"qoeRebuffer":6262.799999713898,"qoeLatency":30518.400000000005,"qoeBitrateSwitch":230,"qoePlaybackSpeed":507.5321573104294},"init-stream4":{"qoeTotal":-45740.984964248695,"qoeBitrate":14500,"qoeRebuffer":20647.799999713898,"qoeLatency":38657.40000000001,"qoeBitrateSwitch":380,"qoePlaybackSpeed":555.7849645347853},"chunk-stream4-00043":{"qoeTotal":-44662.584964248694,"qoeBitrate":16500,"qoeRebuffer":20647.799999713898,"qoeLatency":39579.00000000001,"qoeBitrateSwitch":380,"qoePlaybackSpeed":555.7849645347853},"init-stream5":{"qoeTotal":-46214.38496424867,"qoeBitrate":19500,"qoeRebuffer":20647.799999713898,"qoeLatency":43870.80000000001,"qoeBitrateSwitch":580,"qoePlaybackSpeed":615.7849645347567},"chunk-stream5-00044":{"qoeTotal":-44139.584964248665,"qoeBitrate":22500,"qoeRebuffer":20647.799999713898,"qoeLatency":44796.00000000001,"qoeBitrateSwitch":580,"qoePlaybackSpeed":615.7849645347567},"chunk-stream5-00045":{"qoeTotal":-42055.18496424866,"qoeBitrate":25500,"qoeRebuffer":20647.799999713898,"qoeLatency":45711.600000000006,"qoeBitrateSwitch":580,"qoePlaybackSpeed":615.7849645347567},"chunk-stream5-00046":{"qoeTotal":-39979.18496424866,"qoeBitrate":28500,"qoeRebuffer":20647.799999713898,"qoeLatency":46635.600000000006,"qoeBitrateSwitch":580,"qoePlaybackSpeed":615.7849645347567},"chunk-stream5-00047":{"qoeTotal":-37895.38496424866,"qoeBitrate":31500,"qoeRebuffer":20647.799999713898,"qoeLatency":47551.8,"qoeBitrateSwitch":580,"qoePlaybackSpeed":615.7849645347567},"chunk-stream5-00048":{"qoeTotal":-35819.38496424866,"qoeBitrate":34500,"qoeRebuffer":20647.799999713898,"qoeLatency":48475.8,"qoeBitrateSwitch":580,"qoePlaybackSpeed":615.7849645347567},"chunk-stream5-00049":{"qoeTotal":-33735.58496424866,"qoeBitrate":37500,"qoeRebuffer":20647.799999713898,"qoeLatency":49392,"qoeBitrateSwitch":580,"qoePlaybackSpeed":615.7849645347567},"chunk-stream5-00050":{"qoeTotal":-31651.78496424865,"qoeBitrate":40500,"qoeRebuffer":20647.799999713898,"qoeLatency":50308.2,"qoeBitrateSwitch":580,"qoePlaybackSpeed":615.7849645347567},"chunk-stream5-00051":{"qoeTotal":-29567.38496424865,"qoeBitrate":43500,"qoeRebuffer":20647.799999713898,"qoeLatency":51223.799999999996,"qoeBitrateSwitch":580,"qoePlaybackSpeed":615.7849645347567},"chunk-stream5-00052":{"qoeTotal":-27488.984964248648,"qoeBitrate":46500,"qoeRebuffer":20647.799999713898,"qoeLatency":52145.399999999994,"qoeBitrateSwitch":580,"qoePlaybackSpeed":615.7849645347567},"chunk-stream5-00053":{"qoeTotal":-25411.184964248645,"qoeBitrate":49500,"qoeRebuffer":20647.799999713898,"qoeLatency":53067.59999999999,"qoeBitrateSwitch":580,"qoePlaybackSpeed":615.7849645347567},"chunk-stream5-00054":{"qoeTotal":-23333.984964248648,"qoeBitrate":52500,"qoeRebuffer":20647.799999713898,"qoeLatency":53990.399999999994,"qoeBitrateSwitch":580,"qoePlaybackSpeed":615.7849645347567},