{"chunk-stream2-00018":{"qoeTotal":-660.803597514266,"qoeBitrate":500,"qoeRebuffer":0,"qoeLatency":1113,"qoeBitrateSwitch":0,"qoePlaybackSpeed":47.803597514265995},"chunk-stream2-00019":{"qoeTotal":-1359.0728267253876,"qoeBitrate":1000,"qoeRebuffer":0,"qoeLatency":2280,"qoeBitrateSwitch":0,"qoePlaybackSpeed":79.07282672538756},"chunk-stream2-00020":{"qoeTotal":-2084.723039998737,"qoeBitrate":1500,"qoeRebuffer":0,"qoeLatency":3496.8,"qoeBitrateSwitch":0,"qoePlaybackSpeed":87.92303999873693},"chunk-stream2-00021":{"qoeTotal":-2833.929203900457,"qoeBitrate":2000,"qoeRebuffer":0,"qoeLatency":4728,"qoeBitrateSwitch":0,"qoePlaybackSpeed":105.92920390045731},"chunk-stream2-00022":{"qoeTotal":-3510.9886937597357,"qoeBitrate":2500,"qoeRebuffer":0,"qoeLatency":5904,"qoeBitrateSwitch":0,"qoePlaybackSpeed":106.98869375973571},"chunk-stream2-00023":{"qoeTotal":-4184.467306616538,"qoeBitrate":3000,"qoeRebuffer":0,"qoeLatency":7069.8,"qoeBitrateSwitch":0,"qoePlaybackSpeed":114.66730661653736},"chunk-stream2-00024":{"qoeTotal":-4840.7858407385465,"qoeBitrate":3500,"qoeRebuffer":0,"qoeLatency":8207.4,"qoeBitrateSwitch":0,"qoePlaybackSpeed":133.3858407385468},"chunk-stream2-00025":{"qoeTotal":-5521.32272202027,"qoeBitrate":4000,"qoeRebuffer":0,"qoeLatency":9371.4,"qoeBitrateSwitch":0,"qoePlaybackSpeed":149.92272202026984},"init-stream1":{"qoeTotal":-6178.722722020269,"qoeBitrate":4300,"qoeRebuffer":0,"qoeLatency":10288.8,"qoeBitrateSwitch":40,"qoePlaybackSpeed":149.92272202026984},"chunk-stream1-00026":{"qoeTotal":-7102.334235652172,"qoeBitrate":4600,"qoeRebuffer":0,"qoeLatency":11483.4,"qoeBitrateSwitch":40,"qoePlaybackSpeed":178.9342356521721},"chunk-stream1-00027":{"qoeTotal":-7975.591210613006,"qoeBitrate":4900,"qoeRebuffer":0,"qoeLatency":12652.199999999999,"qoeBitrateSwitch":40,"qoePlaybackSpeed":183.39121061300753},"chunk-stream1-00028":{"qoeTotal":-8815.89615798723,"qoeBitrate":5200,"qoeRebuffer":0,"qoeLatency":13792.199999999999,"qoeBitrateSwitch":40,"qoePlaybackSpeed":183.69615798723143},"chunk-stream1-00029":{"qoeTotal":-9686.401736779924,"qoeBitrate":5500,"qoeRebuffer":0,"qoeLatency":14917.199999999999,"qoeBitrateSwitch":40,"qoePlaybackSpeed":229.20173677992625},"chunk-stream1-00030":{"qoeTotal":-10500.075669147844,"qoeBitrate":5800,"qoeRebuffer":0,"qoeLatency":15991.199999999999,"qoeBitrateSwitch":40,"qoePlaybackSpeed":268.875669147844},"chunk-stream1-00031":{"qoeTotal":-11265.038768297632,"qoeBitrate":6100,"qoeRebuffer":0,"qoeLatency":17023.199999999997,"qoeBitrateSwitch":40,"qoePlaybackSpeed":301.8387682976354},"chunk-stream1-00032":{"qoeTotal":-11992.129318979547,"qoeBitrate":6400,"qoeRebuffer":0,"qoeLatency":18022.799999999996,"qoeBitrateSwitch":40,"qoePlaybackSpeed":329.32931897955217},"chunk-stream1-00033":{"qoeTotal":-12683.705676785308,"qoeBitrate":6700,"qoeRebuffer":0,"qoeLatency":18995.399999999994,"qoeBitrateSwitch":40,"qoePlaybackSpeed":348.3056767853143},"chunk-stream1-00034":{"qoeTotal":-13356.383499863437,"qoeBitrate":7000,"qoeRebuffer":0,"qoeLatency":19952.399999999994,"qoeBitrateSwitch":40,"qoePlaybackSpeed":363.9834998634432},"chunk-stream1-00035":{"qoeTotal":-14012.744990029118,"qoeBitrate":7300,"qoeRebuffer":0,"qoeLatency":20896.199999999993,"qoeBitrateSwitch":40,"qoePlaybackSpeed":376.54499002912434},"chunk-stream1-00036":{"qoeTotal":-14656.784525980902,"qoeBitrate":7600,"qoeRebuffer":0,"qoeLatency":21831.599999999995,"qoeBitrateSwitch":40,"qoePlaybackSpeed":385.1845259809065},"chunk-stream1-00037":{"qoeTotal":-15291.224061932682,"qoeBitrate":7900,"qoeRebuffer":0,"qoeLatency":22757.399999999994,"qoeBitrateSwitch":40,"qoePlaybackSpeed":393.8240619326887},"chunk-stream1-00038":{"qoeTotal":-15911.024061932681,"qoeBitrate":8200,"qoeRebuffer":0,"qoeLatency":23677.199999999993,"qoeBitrateSwitch":40,"qoePlaybackSpeed":393.8240619326887},"chunk-stream1-00039":{"qoeTotal":-16530.824061932683,"qoeBitrate":8500,"qoeRebuffer":0,"qoeLatency":24596.999999999993,"qoeBitrateSwitch":40,"qoePlaybackSpeed":393.8240619326887},"init-stream2":{"qoeTotal":-25691.147507061156,"qoeBitrate":9000,"qoeRebuffer":1595.3999998569489,"qoeLatency":32573.399999999994,"qoeBitrateSwitch":80,"qoePlaybackSpeed":442.34750720421255},"chunk-stream2-00040":{"qoeTotal":-26111.547507061157,"qoeBitrate":9500,"qoeRebuffer":1595.3999998569489,"qoeLatency":33493.799999999996,"qoeBitrateSwitch":80,"qoePlaybackSpeed":442.34750720421255},"chunk-stream2-00041":{"qoeTotal":-26528.34750706116,"qoeBitrate":10000,"qoeRebuffer":1595.3999998569489,"qoeLatency":34410.6,"qoeBitrateSwitch":80,"qoePlaybackSpeed":442.34750720421255},"init-stream4":{"qoeTotal":-30080.670952332686,"qoeBitrate":12000,"qoeRebuffer":1595.3999998569489,"qoeLatency":39614.4,"qoeBitrateSwitch":380,"qoePlaybackSpeed":490.87095247573643},"chunk-stream4-00042":{"qoeTotal":-29003.47095233269,"qoeBitrate":14000,"qoeRebuffer":1595.3999998569489,"qoeLatency":40537.200000000004,"qoeBitrateSwitch":380,"qoePlaybackSpeed":490.87095247573643},"init-stream5":{"qoeTotal":-30555.270952332667,"qoeBitrate":17000,"qoeRebuffer":1595.3999998569489,"qoeLatency":44829.00000000001,"qoeBitrateSwitch":580,"qoePlaybackSpeed":550.8709524757098},"chunk-stream5-00043":{"qoeTotal":-28472.07095233267,"qoeBitrate":20000,"qoeRebuffer":1595.3999998569489,"qoeLatency":45745.80000000001,"qoeBitrateSwitch":580,"qoePlaybackSpeed":550.8709524757098},"chunk-stream5-00044":{"qoeTotal":-26389.47095233267,"qoeBitrate":23000,"qoeRebuffer":1595.3999998569489,"qoeLatency":46663.20000000001,"qoeBitrateSwitch":580,"qoePlaybackSpeed":550.8709524757098},"chunk-stream5-00045":{"qoeTotal":-24306.270952332674,"qoeBitrate":26000,"qoeRebuffer":1595.3999998569489,"qoeLatency":47580.000000000015,"qoeBitrateSwitch":580,"qoePlaybackSpeed":550.8709524757098},"chunk-stream5-00046":{"qoeTotal":-22230.870952332672,"qoeBitrate":29000,"qoeRebuffer":1595.3999998569489,"qoeLatency":48504.60000000001,"qoeBitrateSwitch":580,"qoePlaybackSpeed":550.8709524757098},"chunk-stream5-00047":{"qoeTotal":-20154.870952332672,"qoeBitrate":32000,"qoeRebuffer":1595.3999998569489,"qoeLatency":49428.60000000001,"qoeBitrateSwitch":580,"qoePlaybackSpeed":550.8709524757098},"chunk-stream5-00048":{"qoeTotal":-18080.07095233267,"qoeBitrate":35000,"qoeRebuffer":1595.3999998569489,"qoeLatency":50353.80000000001,"qoeBitrateSwitch":580,"qoePlaybackSpeed":550.8709524757098},"chunk-stream5-00049":{"qoeTotal":-16007.07095233267,"qoeBitrate":38000,"qoeRebuffer":1595.3999998569489,"qoeLatency":51280.80000000001,"qoeBitrateSwitch":580,"qoePlaybackSpeed":550.8709524757098},"chunk-stream5-00050":{"qoeTotal":-13923.870952332672,"qoeBitrate":41000,"qoeRebuffer":1595.3999998569489,"qoeLatency":52197.60000000001,"qoeBitrateSwitch":580,"qoePlaybackSpeed":550.8709524757098},"chunk-stream5-00051":{"qoeTotal":-11840.670952332675,"qoeBitrate":44000,"qoeRebuffer":1595.3999998569489,"qoeLatency":53114.400000000016,"qoeBitrateSwitch":580,"qoePlaybackSpeed":550.8709524757098},"chunk-stream5-00052":{"qoeTotal":-9762.270952332674,"qoeBitrate":47000,"qoeRebuffer":1595.3999998569489,"qoeLatency":54036.000000000015,"qoeBitrateSwitch":580,"qoePlaybackSpeed":550.8709524757098},"chunk-stream5-00053":{"qoeTotal":-7686.270952332673,"qoeBitrate":50000,"qoeRebuffer":1595.3999998569489,"qoeLatency":54960.000000000015,"qoeBitrateSwitch":580,"qoePlaybackSpeed":550.8709524757098},"chunk-stream5-00054":{"qoeTotal":-5603.070952332676,"qoeBitrate":53000,"qoeRebuffer":1595.3999998569489,"qoeLatency":55876.80000000002,"qoeBitrateSwitch":580,"qoePlaybackSpeed":550.8709524757098},"chunk-stream5-00055":{"qoeTotal":-3520.4709523326774,"qoeBitrate":56000,"qoeRebuffer":1595.3999998569489,"qoeLatency":56794.20000000002,"qoeBitrateSwitch":580,"qoePlaybackSpeed":550.8709524757098},"chunk-stream5-00056":{"qoeTotal":-2168.070952332676,"qoeBitrate":59000,"qoeRebuffer":1595.3999998569489,"qoeLatency":58441.80000000002,"qoeBitrateSwitch":580,"qoePlaybackSpeed":550.8709524757098},"chunk-stream5-00057":{"qoeTotal":-8815.351831158143,"qoeBitrate":62000,