{"chunk-stream2-00018":{"qoeTotal":-663.7416144224378,"qoeBitrate":500,"qoeRebuffer":0,"qoeLatency":1113,"qoeBitrateSwitch":0,"qoePlaybackSpeed":50.741614422437834},"chunk-stream2-00019":{"qoeTotal":-3264.4619290650835,"qoeBitrate":1000,"qoeRebuffer":1811.4000000357628,"qoeLatency":2364,"qoeBitrateSwitch":0,"qoePlaybackSpeed":89.06192902932086},"chunk-stream2-00020":{"qoeTotal":-4067.9067270424257,"qoeBitrate":1500,"qoeRebuffer":1811.4000000357628,"qoeLatency":3656.3999999999996,"qoeBitrateSwitch":0,"qoePlaybackSpeed":100.10672700666339},"chunk-stream2-00021":{"qoeTotal":-4893.266532662529,"qoeBitrate":2000,"qoeRebuffer":1811.4000000357628,"qoeLatency":4964.4,"qoeBitrateSwitch":0,"qoePlaybackSpeed":117.46653262676651},"chunk-stream2-00022":{"qoeTotal":-5703.3209698805385,"qoeBitrate":2500,"qoeRebuffer":1811.4000000357628,"qoeLatency":6220.2,"qoeBitrateSwitch":0,"qoePlaybackSpeed":171.7209698447762},"chunk-stream2-00023":{"qoeTotal":-6422.271463357994,"qoeBitrate":3000,"qoeRebuffer":1811.4000000357628,"qoeLatency":7426.8,"qoeBitrateSwitch":0,"qoePlaybackSpeed":184.0714633222316},"chunk-stream2-00024":{"qoeTotal":-7138.207196247196,"qoeBitrate":3500,"qoeRebuffer":1811.4000000357628,"qoeLatency":8624.4,"qoeBitrateSwitch":0,"qoePlaybackSpeed":202.40719621143427},"chunk-stream2-00025":{"qoeTotal":-7929.180466764011,"qoeBitrate":4000,"qoeRebuffer":1811.4000000357628,"qoeLatency":9875.4,"qoeBitrateSwitch":0,"qoePlaybackSpeed":242.38046672824868},"init-stream1":{"qoeTotal":-8585.980466764011,"qoeBitrate":4300,"qoeRebuffer":1811.4000000357628,"qoeLatency":10792.199999999999,"qoeBitrateSwitch":40,"qoePlaybackSpeed":242.38046672824868},"chunk-stream1-00026":{"qoeTotal":-9612.03016986634,"qoeBitrate":4600,"qoeRebuffer":1811.4000000357628,"qoeLatency":12087.599999999999,"qoeBitrateSwitch":40,"qoePlaybackSpeed":273.0301698305795},"chunk-stream1-00027":{"qoeTotal":-10640.922492024216,"qoeBitrate":4900,"qoeRebuffer":1811.4000000357628,"qoeLatency":13407.599999999999,"qoeBitrateSwitch":40,"qoePlaybackSpeed":281.9224919884546},"chunk-stream1-00028":{"qoeTotal":-11686.808561980799,"qoeBitrate":5200,"qoeRebuffer":1811.4000000357628,"qoeLatency":14740.8,"qoeBitrateSwitch":40,"qoePlaybackSpeed":294.6085619450377},"chunk-stream1-00029":{"qoeTotal":-12727.647843625766,"qoeBitrate":5500,"qoeRebuffer":1811.4000000357628,"qoeLatency":16024.8,"qoeBitrateSwitch":40,"qoePlaybackSpeed":351.4478435900037},"chunk-stream1-00030":{"qoeTotal":-13701.451040637317,"qoeBitrate":5800,"qoeRebuffer":1811.4000000357628,"qoeLatency":17244.6,"qoeBitrateSwitch":40,"qoePlaybackSpeed":405.4510406015556},"chunk-stream1-00031":{"qoeTotal":-14607.098501539256,"qoeBitrate":6100,"qoeRebuffer":1811.4000000357628,"qoeLatency":18402.6,"qoeBitrateSwitch":40,"qoePlaybackSpeed":453.09850150349496},"chunk-stream1-00032":{"qoeTotal":-15457.793753898164,"qoeBitrate":6400,"qoeRebuffer":1811.4000000357628,"qoeLatency":19509.6,"qoeBitrateSwitch":40,"qoePlaybackSpeed":496.7937538624036},"chunk-stream1-00033":{"qoeTotal":-16256.803120269109,"qoeBitrate":6700,"qoeRebuffer":1811.4000000357628,"qoeLatency":20568.6,"qoeBitrateSwitch":40,"qoePlaybackSpeed":536.8031202333484},"chunk-stream1-00034":{"qoeTotal":-17020.002194904482,"qoeBitrate":7000,"qoeRebuffer":1811.4000000357628,"qoeLatency":21597.6,"qoeBitrateSwitch":40,"qoePlaybackSpeed":571.0021948687213},"chunk-stream1-00035":{"qoeTotal":-17748.89680739698,"qoeBitrate":7300,"qoeRebuffer":1811.4000000357628,"qoeLatency":22599.6,"qoeBitrateSwitch":40,"qoePlaybackSpeed":597.8968073612195},"chunk-stream1-00036":{"qoeTotal":-18452.541659331524,"qoeBitrate":7600,"qoeRebuffer":1811.4000000357628,"qoeLatency":23582.399999999998,"qoeBitrateSwitch":40,"qoePlaybackSpeed":618.7416592957621},"chunk-stream1-00037":{"qoeTotal":-19132.193240349385,"qoeBitrate":7900,"qoeRebuffer":1811.4000000357628,"qoeLatency":24545.399999999998,"qoeBitrateSwitch":40,"qoePlaybackSpeed":635.3932403136232},"chunk-stream1-00038":{"qoeTotal":-19794.812524629593,"qoeBitrate":8200,"qoeRebuffer":1811.4000000357628,"qoeLatency":25494.6,"qoeBitrateSwitch":40,"qoePlaybackSpeed":648.8125245938317},"chunk-stream1-00039":{"qoeTotal":-20438.18760204153,"qoeBitrate":8500,"qoeRebuffer":1811.4000000357628,"qoeLatency":26427,"qoeBitrateSwitch":40,"qoePlaybackSpeed":659.7876020057653},"init-stream2":{"qoeTotal":-21594.895584083413,"qoeBitrate":9000,"qoeRebuffer":1811.4000000357628,"qoeLatency":28041.6,"qoeBitrateSwitch":80,"qoePlaybackSpeed":661.8955840476516},"chunk-stream2-00040":{"qoeTotal":-22023.217250948765,"qoeBitrate":9500,"qoeRebuffer":1811.4000000357628,"qoeLatency":28963.199999999997,"qoeBitrateSwitch":80,"qoePlaybackSpeed":668.6172509130059},"chunk-stream2-00041":{"qoeTotal":-22441.817250948763,"qoeBitrate":10000,"qoeRebuffer":1811.4000000357628,"qoeLatency":29881.799999999996,"qoeBitrateSwitch":80,"qoePlaybackSpeed":668.6172509130059},"init-stream3":{"qoeTotal":-27755.209315182117,"qoeBitrate":11250,"qoeRebuffer":6620.400000035763,"qoeLatency":31438.199999999997,"qoeBitrateSwitch":230,"qoePlaybackSpeed":716.609315146358},"chunk-stream3-00042":{"qoeTotal":-27425.60931518212,"qoeBitrate":12500,"qoeRebuffer":6620.400000035763,"qoeLatency":32358.6,"qoeBitrateSwitch":230,"qoePlaybackSpeed":716.609315146358},"init-stream5":{"qoeTotal":-29113.009315182087,"qoeBitrate":15500,"qoeRebuffer":6620.400000035763,"qoeLatency":36636,"qoeBitrateSwitch":580,"qoePlaybackSpeed":776.6093151463251},"chunk-stream5-00043":{"qoeTotal":-27035.80931518209,"qoeBitrate":18500,"qoeRebuffer":6620.400000035763,"qoeLatency":37558.8,"qoeBitrateSwitch":580,"qoePlaybackSpeed":776.6093151463251},"chunk-stream5-00044":{"qoeTotal":-24951.40931518209,"qoeBitrate":21500,"qoeRebuffer":6620.400000035763,"qoeLatency":38474.4,"qoeBitrateSwitch":580,"qoePlaybackSpeed":776.6093151463251},"chunk-stream5-00045":{"qoeTotal":-22877.20931518209,"qoeBitrate":24500,"qoeRebuffer":6620.400000035763,"qoeLatency":39400.200000000004,"qoeBitrateSwitch":580,"qoePlaybackSpeed":776.6093151463251},"chunk-stream5-00046":{"qoeTotal":-20800.609315182093,"qoeBitrate":27500,"qoeRebuffer":6620.400000035763,"qoeLatency":40323.600000000006,"qoeBitrateSwitch":580,"qoePlaybackSpeed":776.6093151463251},"chunk-stream5-00047":{"qoeTotal":-18724.609315182093,"qoeBitrate":30500,"qoeRebuffer":6620.400000035763,"qoeLatency":41247.600000000006,"qoeBitrateSwitch":580,"qoePlaybackSpeed":776.6093151463251},"chunk-stream5-00048":{"qoeTotal":-16648.009315182095,"qoeBitrate":33500,"qoeRebuffer":6620.400000035763,"qoeLatency":42171.00000000001,"qoeBitrateSwitch":580,"qoePlaybackSpeed":776.6093151463251},"chunk-stream5-00049":{"qoeTotal":-14563.609315182093,"qoeBitrate":36500,"qoeRebuffer":6620.400000035763,"qoeLatency":43086.600000000006,"qoeBitrateSwitch":580,"qoePlaybackSpeed":776.6093151463251},"chunk-stream5-00050":{"qoeTotal":-12479.80931518209,"qoeBitrate":39500,"qoeRebuffer":6620.400000035763,"qoeLatency":44002.8,"qoeBitrateSwitch":580,"qoePlaybackSpeed":776.6093151463251},"chunk-stream5-00051":{"qoeTotal":-10396.009315182087,"qoeBitrate":42500,"qoeRebuffer":6620.400000035763,"qoeLatency":44919,"qoeBitrateSwitch":580,"qoePlaybackSpeed":776.6093151463251},"chunk-stream5-00052":{"qoeTotal":-8320.609315182086,"qoeBitrate":45500,"qoeRebuffer":6620.400000035763,"qoeLatency":45843.6,"qoeBitrateSwitch":580,"qoePlaybackSpeed":776.6093151463251},"chunk-stream5-00053":{"qoeTotal":-6244.009315182087,"qoeBitrate":48500,"qoeRebuffer":6620.400000035763,"qoeLatency":46767,"qoeBitrateSwitch":580,"qoePlaybackSpeed":776.6093151463251},"chunk-stream5-00054":{"qoeTotal":-4166.80931518209,"qoeBitrate":51500,"qoeRebuffer":6620.400000035763,"qoeLatency":47689.8,"qoeBitrateSwitch":580,"qoePlaybackSpeed":776.6093151463251},"chunk-stream5-00055":{"qoeTotal":-2083.009315182088,"qoeBitrate":54500,"qoeRebuffer":6620.400000035763,"qoeLatency":48606,"qoeBitrateSwitch":580,"qoePlaybackSpeed":776.6093151463251},"chunk-stream5-00056":{"qoeTotal":-695.8093151820908,"qoeBitrate":57500,"qoeRebuffer":6620.400000035763,