{"chunk-stream2-00018":{"qoeTotal":-601.5349548590451,"qoeBitrate":500,"qoeRebuffer":0,"qoeLatency":1051.2,"qoeBitrateSwitch":0,"qoePlaybackSpeed":50.33495485904502},"init-stream3":{"qoeTotal":-7623.74393691738,"qoeBitrate":1750,"qoeRebuffer":0,"qoeLatency":9145.2,"qoeBitrateSwitch":150,"qoePlaybackSpeed":78.54393691737874},"chunk-stream3-00019":{"qoeTotal":-10711.56066533562,"qoeBitrate":3000,"qoeRebuffer":3088.2000000178814,"qoeLatency":10357.2,"qoeBitrateSwitch":150,"qoePlaybackSpeed":116.16066531773787},"chunk-stream3-00020":{"qoeTotal":-12421.043528371987,"qoeBitrate":4250,"qoeRebuffer":4645.800000071526,"qoeLatency":11720.400000000001,"qoeBitrateSwitch":150,"qoePlaybackSpeed":154.84352830046026},"chunk-stream3-00021":{"qoeTotal":-14293.657537892124,"qoeBitrate":5500,"qoeRebuffer":6198.600000143051,"qoeLatency":13251.000000000002,"qoeBitrateSwitch":150,"qoePlaybackSpeed":194.0575377490722},"init-stream2":{"qoeTotal":-17318.03586034731,"qoeBitrate":6000,"qoeRebuffer":6198.600000143051,"qoeLatency":16596,"qoeBitrateSwitch":300,"qoePlaybackSpeed":223.4358602042588},"chunk-stream2-00022":{"qoeTotal":-18418.497238326123,"qoeBitrate":6500,"qoeRebuffer":6198.600000143051,"qoeLatency":18162.6,"qoeBitrateSwitch":300,"qoePlaybackSpeed":257.29723818307247},"chunk-stream3-00023":{"qoeTotal":-19032.579614649767,"qoeBitrate":7750,"qoeRebuffer":6198.600000143051,"qoeLatency":19830.6,"qoeBitrateSwitch":450,"qoePlaybackSpeed":303.3796145067173},"chunk-stream3-00024":{"qoeTotal":-22960.728023323212,"qoeBitrate":9000,"qoeRebuffer":9345.600000143051,"qoeLatency":21820.199999999997,"qoeBitrateSwitch":450,"qoePlaybackSpeed":344.92802318016345},"chunk-stream2-00025":{"qoeTotal":-24700.906947649964,"qoeBitrate":9500,"qoeRebuffer":9345.600000143051,"qoeLatency":23884.799999999996,"qoeBitrateSwitch":600,"qoePlaybackSpeed":370.5069475069189},"chunk-stream2-00026":{"qoeTotal":-27878.227759528654,"qoeBitrate":10000,"qoeRebuffer":10889.400000214577,"qoeLatency":25988.999999999996,"qoeBitrateSwitch":600,"qoePlaybackSpeed":399.82775931408224},"chunk-stream2-00027":{"qoeTotal":-29518.826747349332,"qoeBitrate":10500,"qoeRebuffer":10889.400000214577,"qoeLatency":28115.999999999996,"qoeBitrateSwitch":600,"qoePlaybackSpeed":413.4267471347598},"chunk-stream3-00028":{"qoeTotal":-32190.398277380733,"qoeBitrate":11750,"qoeRebuffer":12427.800000160933,"qoeLatency":30302.399999999998,"qoeBitrateSwitch":750,"qoePlaybackSpeed":460.1982772198035},"chunk-stream2-00029":{"qoeTotal":-35733.84597304156,"qoeBitrate":12250,"qoeRebuffer":13939.200000196695,"qoeLatency":32657.399999999998,"qoeBitrateSwitch":900,"qoePlaybackSpeed":487.24597284487356},"chunk-stream2-00030":{"qoeTotal":-37673.081845780995,"qoeBitrate":12750,"qoeRebuffer":13939.200000196695,"qoeLatency":35060.399999999994,"qoeBitrateSwitch":900,"qoePlaybackSpeed":523.4818455843085},"chunk-stream2-00031":{"qoeTotal":-39638.40809238825,"qoeBitrate":13250,"qoeRebuffer":13939.200000196695,"qoeLatency":37498.799999999996,"qoeBitrateSwitch":900,"qoePlaybackSpeed":550.4080921915612},"chunk-stream2-00032":{"qoeTotal":-41623.58244086652,"qoeBitrate":13750,"qoeRebuffer":13939.200000196695,"qoeLatency":39965.399999999994,"qoeBitrateSwitch":900,"qoePlaybackSpeed":568.9824406698303},"chunk-stream2-00033":{"qoeTotal":-43642.20160489863,"qoeBitrate":14250,"qoeRebuffer":13939.200000196695,"qoeLatency":42462.59999999999,"qoeBitrateSwitch":900,"qoePlaybackSpeed":590.4016047019453},"chunk-stream2-00034":{"qoeTotal":-45673.92681598513,"qoeBitrate":14750,"qoeRebuffer":13939.200000196695,"qoeLatency":44980.19999999999,"qoeBitrateSwitch":900,"qoePlaybackSpeed":604.5268157884385},"chunk-stream2-00035":{"qoeTotal":-47741.32665553214,"qoeBitrate":15250,"qoeRebuffer":13939.200000196695,"qoeLatency":47487.59999999999,"qoeBitrateSwitch":900,"qoePlaybackSpeed":664.5266553354547},"chunk-stream2-00036":{"qoeTotal":-49770.926495079155,"qoeBitrate":15750,"qoeRebuffer":13939.200000196695,"qoeLatency":49957.19999999999,"qoeBitrateSwitch":900,"qoePlaybackSpeed":724.526494882471},"chunk-stream3-00036":{"qoeTotal":-51109.326334626174,"qoeBitrate":17000,"qoeRebuffer":13939.200000196695,"qoeLatency":52335.59999999999,"qoeBitrateSwitch":1050,"qoePlaybackSpeed":784.5263344294872},"chunk-stream3-00037":{"qoeTotal":-52309.82955193788,"qoeBitrate":18250,"qoeRebuffer":13939.200000196695,"qoeLatency":54755.99999999999,"qoeBitrateSwitch":1050,"qoePlaybackSpeed":814.6295517411953},"init-stream4":{"qoeTotal":-52910.93276924959,"qoeBitrate":20250,"qoeRebuffer":13939.200000196695,"qoeLatency":57176.99999999999,"qoeBitrateSwitch":1200,"qoePlaybackSpeed":844.7327690529034},"chunk-stream4-00038":{"qoeTotal":-55007.59765848073,"qoeBitrate":22250,"qoeRebuffer":15473.40000012517,"qoeLatency":59696.99999999999,"qoeBitrateSwitch":1200,"qoePlaybackSpeed":887.1976583555671},"chunk-stream3-00039":{"qoeTotal":-58122.85617019785,"qoeBitrate":23500,"qoeRebuffer":17047.800000160933,"qoeLatency":62302.799999999996,"qoeBitrateSwitch":1350,"qoePlaybackSpeed":922.2561700369189},"chunk-stream3-00040":{"qoeTotal":-59563.4492058269,"qoeBitrate":24750,"qoeRebuffer":17047.800000160933,"qoeLatency":64966.799999999996,"qoeBitrateSwitch":1350,"qoePlaybackSpeed":948.8492056659749},"chunk-stream3-00041":{"qoeTotal":-61054.9919104944,"qoeBitrate":26000,"qoeRebuffer":17047.800000160933,"qoeLatency":67680,"qoeBitrateSwitch":1350,"qoePlaybackSpeed":977.1919103334674},"chunk-stream3-00042":{"qoeTotal":-62557.5671086184,"qoeBitrate":27250,"qoeRebuffer":17047.800000160933,"qoeLatency":70420.2,"qoeBitrateSwitch":1350,"qoePlaybackSpeed":989.5671084574734},"chunk-stream3-00043":{"qoeTotal":-64067.56707506957,"qoeBitrate":28500,"qoeRebuffer":17047.800000160933,"qoeLatency":73120.2,"qoeBitrateSwitch":1350,"qoePlaybackSpeed":1049.5670749086423},"chunk-stream3-00044":{"qoeTotal":-65510.36574692141,"qoeBitrate":29750,"qoeRebuffer":17047.800000160933,"qoeLatency":75792.59999999999,"qoeBitrateSwitch":1350,"qoePlaybackSpeed":1069.9657467604877},"chunk-stream3-00045":{"qoeTotal":-66953.76568455655,"qoeBitrate":31000,"qoeRebuffer":17047.800000160933,"qoeLatency":78425.99999999999,"qoeBitrateSwitch":1350,"qoePlaybackSpeed":1129.9656843956398},"chunk-stream3-00046":{"qoeTotal":-68296.75860554542,"qoeBitrate":32250,"qoeRebuffer":17047.800000160933,"qoeLatency":81007.19999999998,"qoeBitrateSwitch":1350,"qoePlaybackSpeed":1141.7586053845002},"chunk-stream3-00047":{"qoeTotal":-69642.6148577538,"qoeBitrate":33500,"qoeRebuffer":17047.800000160933,"qoeLatency":83583.59999999998,"qoeBitrateSwitch":1350,"qoePlaybackSpeed":1161.2148575928861},"chunk-stream3-00048":{"qoeTotal":-70959.61533677707,"qoeBitrate":34750,"qoeRebuffer":17047.800000160933,"qoeLatency":86121.59999999998,"qoeBitrateSwitch":1350,"qoePlaybackSpeed":1190.2153366161701},"chunk-stream3-00049":{"qoeTotal":-72260.60620210166,"qoeBitrate":36000,"qoeRebuffer":17047.800000160933,"qoeLatency":88666.19999999998,"qoeBitrateSwitch":1350,"qoePlaybackSpeed":1196.6062019407364},"chunk-stream3-00050":{"qoeTotal":-73621.36213144996,"qoeBitrate":37250,"qoeRebuffer":17047.800000160933,"qoeLatency":91254.59999999998,"qoeBitrateSwitch":1350,"qoePlaybackSpeed":1218.9621312890508},"chunk-stream3-00051":{"qoeTotal":-79424.7043439137,"qoeBitrate":38500,"qoeRebuffer":21199.800000160933,"qoeLatency":94108.19999999998,"qoeBitrateSwitch":1350,"qoePlaybackSpeed":1266.704343752794},"chunk-stream3-00052":{"qoeTotal":-84496.27788711582,"qoeBitrate":39750,"qoeRebuffer":24363.60000014305,"qoeLatency":97222.79999999999,"qoeBitrateSwitch":1350,"qoePlaybackSpeed":1309.877886972779},"chunk-stream3-00053":{"qoeTotal":-89787.45620957101,"qoeBitrate":41000,"qoeRebuffer":27531.60000014305,"qoeLatency":100566.59999999999,"qoeBitrateSwitch":1350,"qoePlaybackSpeed":1339.2562094279656},"chunk-stream2-00054":{"qoeTotal":-92846.0345320262,"qoeBitrate":41500,"qoeRebuffer":27531.60000014305,"qoeLatency":103945.79999999999,"qoeBitrateSwitch":1500,"qoePlaybackSpeed":1368.6345318831522},