{"switchHistory":[{"start":8.6605,"end":9.057831,"quality":{"mediaType":"video","bitrate":1000000,"width":640,"height":360,"scanType":null,"qualityIndex":2}},{"start":9.057831,"end":68.681253,"quality":{"mediaType":"video","bitrate":200000,"width":320,"height":180,"scanType":null,"qualityIndex":0}}],"switchRequests":[{"timeAbsolute":1700804813.887,"timeRelative":8.876783,"quality":{"mediaType":"video","bitrate":200000,"width":320,"height":180,"scanType":null,"qualityIndex":0}}],"stallDurationMs":260.90000009536743,"numStalls":1,"averageLatency":1.5478136792452832,"averageBufferLength":1.3667570754716984,"averageBitrate":205295.91489796867,"numSwitches":2,"averageBitrateVariations":800000,"averagePlaybackRate":1.0059968843826002,"averagePlaybackRateNonOne":1.0531152616744601}