{"chunk-stream2-00018":{"qoeTotal":-538.3988248293359,"qoeBitrate":500,"qoeRebuffer":0,"qoeLatency":989.4,"qoeBitrateSwitch":0,"qoePlaybackSpeed":48.998824829335994},"init-stream1":{"qoeTotal":-1323.997649658672,"qoeBitrate":800,"qoeRebuffer":0,"qoeLatency":1986,"qoeBitrateSwitch":40,"qoePlaybackSpeed":97.99764965867199},"chunk-stream1-00019":{"qoeTotal":-2083.996474488008,"qoeBitrate":1100,"qoeRebuffer":0,"qoeLatency":2997,"qoeBitrateSwitch":40,"qoePlaybackSpeed":146.99647448800798},"init-stream3":{"qoeTotal":-2107.6132437215515,"qoeBitrate":2350,"qoeRebuffer":0,"qoeLatency":4051.8,"qoeBitrateSwitch":230,"qoePlaybackSpeed":175.81324372155115},"chunk-stream3-00020":{"qoeTotal":-1864.7838336677469,"qoeBitrate":3600,"qoeRebuffer":0,"qoeLatency":5037.6,"qoeBitrateSwitch":230,"qoePlaybackSpeed":197.18383366774646},"chunk-stream3-00021":{"qoeTotal":-1601.9997607747055,"qoeBitrate":4850,"qoeRebuffer":0,"qoeLatency":6007.200000000001,"qoeBitrateSwitch":230,"qoePlaybackSpeed":214.79976077470474},"chunk-stream3-00022":{"qoeTotal":-1310.4980526739475,"qoeBitrate":6100,"qoeRebuffer":0,"qoeLatency":6954.000000000001,"qoeBitrateSwitch":230,"qoePlaybackSpeed":226.49805267394666},"chunk-stream3-00023":{"qoeTotal":-1009.4844253955275,"qoeBitrate":7350,"qoeRebuffer":0,"qoeLatency":7894.200000000001,"qoeBitrateSwitch":230,"qoePlaybackSpeed":235.28442539552685},"chunk-stream3-00024":{"qoeTotal":-698.2707981171078,"qoeBitrate":8600,"qoeRebuffer":0,"qoeLatency":8824.2,"qoeBitrateSwitch":230,"qoePlaybackSpeed":244.07079811710705},"chunk-stream3-00025":{"qoeTotal":-371.5023311470835,"qoeBitrate":9850,"qoeRebuffer":0,"qoeLatency":9741.6,"qoeBitrateSwitch":230,"qoePlaybackSpeed":249.90233114708317},"chunk-stream3-00026":{"qoeTotal":-35.30233114708281,"qoeBitrate":11100,"qoeRebuffer":0,"qoeLatency":10655.4,"qoeBitrateSwitch":230,"qoePlaybackSpeed":249.90233114708317},"chunk-stream3-00027":{"qoeTotal":294.89766885291795,"qoeBitrate":12350,"qoeRebuffer":0,"qoeLatency":11575.199999999999,"qoeBitrateSwitch":230,"qoePlaybackSpeed":249.90233114708317},"chunk-stream3-00028":{"qoeTotal":631.0976688529187,"qoeBitrate":13600,"qoeRebuffer":0,"qoeLatency":12488.999999999998,"qoeBitrateSwitch":230,"qoePlaybackSpeed":249.90233114708317},"chunk-stream3-00029":{"qoeTotal":967.2976688529194,"qoeBitrate":14850,"qoeRebuffer":0,"qoeLatency":13402.799999999997,"qoeBitrateSwitch":230,"qoePlaybackSpeed":249.90233114708317},"chunk-stream3-00030":{"qoeTotal":1303.49766885292,"qoeBitrate":16100,"qoeRebuffer":0,"qoeLatency":14316.599999999997,"qoeBitrateSwitch":230,"qoePlaybackSpeed":249.90233114708317},"chunk-stream3-00031":{"qoeTotal":1633.0976688529204,"qoeBitrate":17350,"qoeRebuffer":0,"qoeLatency":15236.999999999996,"qoeBitrateSwitch":230,"qoePlaybackSpeed":249.90233114708317},"chunk-stream3-00032":{"qoeTotal":1968.6976688529207,"qoeBitrate":18600,"qoeRebuffer":0,"qoeLatency":16151.399999999996,"qoeBitrateSwitch":230,"qoePlaybackSpeed":249.90233114708317},"chunk-stream3-00033":{"qoeTotal":2298.297668852921,"qoeBitrate":19850,"qoeRebuffer":0,"qoeLatency":17071.799999999996,"qoeBitrateSwitch":230,"qoePlaybackSpeed":249.90233114708317},"chunk-stream3-00034":{"qoeTotal":2634.497668852922,"qoeBitrate":21100,"qoeRebuffer":0,"qoeLatency":17985.599999999995,"qoeBitrateSwitch":230,"qoePlaybackSpeed":249.90233114708317},"chunk-stream3-00035":{"qoeTotal":2965.8976688529233,"qoeBitrate":22350,"qoeRebuffer":0,"qoeLatency":18904.199999999993,"qoeBitrateSwitch":230,"qoePlaybackSpeed":249.90233114708317},"chunk-stream3-00036":{"qoeTotal":3302.097668852924,"qoeBitrate":23600,"qoeRebuffer":0,"qoeLatency":19817.999999999993,"qoeBitrateSwitch":230,"qoePlaybackSpeed":249.90233114708317},"chunk-stream3-00037":{"qoeTotal":3632.8976688529233,"qoeBitrate":24850,"qoeRebuffer":0,"qoeLatency":20737.199999999993,"qoeBitrateSwitch":230,"qoePlaybackSpeed":249.90233114708317},"chunk-stream3-00038":{"qoeTotal":3969.097668852924,"qoeBitrate":26100,"qoeRebuffer":0,"qoeLatency":21650.999999999993,"qoeBitrateSwitch":230,"qoePlaybackSpeed":249.90233114708317},"chunk-stream3-00039":{"qoeTotal":4299.297668852925,"qoeBitrate":27350,"qoeRebuffer":0,"qoeLatency":22570.799999999992,"qoeBitrateSwitch":230,"qoePlaybackSpeed":249.90233114708317},"chunk-stream3-00040":{"qoeTotal":4629.497668852926,"qoeBitrate":28600,"qoeRebuffer":0,"qoeLatency":23490.59999999999,"qoeBitrateSwitch":230,"qoePlaybackSpeed":249.90233114708317},"chunk-stream3-00041":{"qoeTotal":4959.697668852927,"qoeBitrate":29850,"qoeRebuffer":0,"qoeLatency":24410.39999999999,"qoeBitrateSwitch":230,"qoePlaybackSpeed":249.90233114708317},"chunk-stream3-00042":{"qoeTotal":5290.497668852926,"qoeBitrate":31100,"qoeRebuffer":0,"qoeLatency":25329.59999999999,"qoeBitrateSwitch":230,"qoePlaybackSpeed":249.90233114708317},"chunk-stream3-00043":{"qoeTotal":5626.697668852927,"qoeBitrate":32350,"qoeRebuffer":0,"qoeLatency":26243.39999999999,"qoeBitrateSwitch":230,"qoePlaybackSpeed":249.90233114708317},"chunk-stream3-00044":{"qoeTotal":5962.897668852927,"qoeBitrate":33600,"qoeRebuffer":0,"qoeLatency":27157.19999999999,"qoeBitrateSwitch":230,"qoePlaybackSpeed":249.90233114708317},"chunk-stream3-00045":{"qoeTotal":6299.097668852928,"qoeBitrate":34850,"qoeRebuffer":0,"qoeLatency":28070.99999999999,"qoeBitrateSwitch":230,"qoePlaybackSpeed":249.90233114708317},"chunk-stream3-00046":{"qoeTotal":6629.897668852927,"qoeBitrate":36100,"qoeRebuffer":0,"qoeLatency":28990.19999999999,"qoeBitrateSwitch":230,"qoePlaybackSpeed":249.90233114708317},"chunk-stream3-00047":{"qoeTotal":6942.835222786259,"qoeBitrate":37350,"qoeRebuffer":0,"qoeLatency":29909.99999999999,"qoeBitrateSwitch":230,"qoePlaybackSpeed":267.16477721375213},"init-stream4":{"qoeTotal":7878.435222786257,"qoeBitrate":39350,"qoeRebuffer":0,"qoeLatency":30824.39999999999,"qoeBitrateSwitch":380,"qoePlaybackSpeed":267.16477721375213},"chunk-stream4-00046":{"qoeTotal":8964.035222786257,"qoeBitrate":41350,"qoeRebuffer":0,"qoeLatency":31738.799999999992,"qoeBitrateSwitch":380,"qoePlaybackSpeed":267.16477721375213},"chunk-stream4-00048":{"qoeTotal":10041.25514310876,"qoeBitrate":43350,"qoeRebuffer":0,"qoeLatency":32655.59999999999,"qoeBitrateSwitch":380,"qoePlaybackSpeed":273.14485689124945},"chunk-stream3-00049":{"qoeTotal":10226.855143108758,"qoeBitrate":44600,"qoeRebuffer":0,"qoeLatency":33569.99999999999,"qoeBitrateSwitch":530,"qoePlaybackSpeed":273.14485689124945},"chunk-stream4-00049":{"qoeTotal":11084.516544124876,"qoeBitrate":46600,"qoeRebuffer":0,"qoeLatency":34518.59999999999,"qoeBitrateSwitch":680,"qoePlaybackSpeed":316.88345587513373},"chunk-stream3-00050":{"qoeTotal":9578.09977517743,"qoeBitrate":47850,"qoeRebuffer":1540.7999997138977,"qoeLatency":35555.399999999994,"qoeBitrateSwitch":830,"qoePlaybackSpeed":345.70022510867693},"init-stream2":{"qoeTotal":8858.283005943887,"qoeBitrate":48350,"qoeRebuffer":1540.7999997138977,"qoeLatency":36596.399999999994,"qoeBitrateSwitch":980,"qoePlaybackSpeed":374.5169943422201},"chunk-stream2-00051":{"qoeTotal":8275.266236710348,"qoeBitrate":48850,"qoeRebuffer":1540.7999997138977,"qoeLatency":37650.59999999999,"qoeBitrateSwitch":980,"qoePlaybackSpeed":403.3337635757632},"chunk-stream3-00052":{"qoeTotal":8307.267162074972,"qoeBitrate":50100,"qoeRebuffer":1540.7999997138977,"qoeLatency":38684.399999999994,"qoeBitrateSwitch":1130,"qoePlaybackSpeed":437.5328382111361},"chunk-stream3-00053":{"qoeTotal":8519.618127815816,"qoeBitrate":51350,"qoeRebuffer":1540.7999997138977,"qoeLatency":39695.99999999999,"qoeBitrateSwitch":1130,"qoePlaybackSpeed":463.58187247029275},"chunk-stream3-00054":{"qoeTotal":8752.369093556663,"qoeBitrate":52600,"qoeRebuffer":1540.7999997138977,"qoeLatency":40687.19999999999,"qoeBitrateSwitch":1130,"qoePlaybackSpeed":489.6309067294494},"chunk-stream3-00055":{"qoeTotal":9030.979161948137,"qoeBitrate":53850,"qoeRebuffer":1540.7999997138977,"qoeLatency":41641.79999999999,"qoeBitrateSwitch":1130,"qoePlaybackSpeed":506.4208383379775},"chunk-stream3-00056":{"qoeTotal":9328.604084536202,