{"chunk-stream2-00018":{"qoeTotal":-477.16697752073566,"qoeBitrate":500,"qoeRebuffer":0,"qoeLatency":939.6,"qoeBitrateSwitch":0,"qoePlaybackSpeed":37.566977520735655},"init-stream3":{"qoeTotal":-1711.5339550414715,"qoeBitrate":1750,"qoeRebuffer":0,"qoeLatency":1886.4,"qoeBitrateSwitch":1500,"qoePlaybackSpeed":75.13395504147131},"chunk-stream3-00019":{"qoeTotal":-1456.700932562207,"qoeBitrate":3000,"qoeRebuffer":0,"qoeLatency":2844,"qoeBitrateSwitch":1500,"qoePlaybackSpeed":112.70093256220696},"chunk-stream3-00020":{"qoeTotal":-1189.6752373959948,"qoeBitrate":4250,"qoeRebuffer":0,"qoeLatency":3810.6,"qoeBitrateSwitch":1500,"qoePlaybackSpeed":129.07523739599492},"init-stream4":{"qoeTotal":-1670.249542229783,"qoeBitrate":6250,"qoeRebuffer":0,"qoeLatency":4774.8,"qoeBitrateSwitch":3000,"qoePlaybackSpeed":145.44954222978288},"chunk-stream4-00021":{"qoeTotal":-650.2238470635714,"qoeBitrate":8250,"qoeRebuffer":0,"qoeLatency":5738.400000000001,"qoeBitrateSwitch":3000,"qoePlaybackSpeed":161.82384706357084},"chunk-stream4-00022":{"qoeTotal":396.9461227048066,"qoeBitrate":10250,"qoeRebuffer":0,"qoeLatency":6680.400000000001,"qoeBitrateSwitch":3000,"qoePlaybackSpeed":172.65387729519284},"chunk-stream4-00023":{"qoeTotal":1457.9726144919412,"qoeBitrate":12250,"qoeRebuffer":0,"qoeLatency":7612.8,"qoeBitrateSwitch":3000,"qoePlaybackSpeed":179.2273855080586},"chunk-stream4-00024":{"qoeTotal":2535.1991062790757,"qoeBitrate":14250,"qoeRebuffer":0,"qoeLatency":8529,"qoeBitrateSwitch":3000,"qoePlaybackSpeed":185.80089372092436},"chunk-stream4-00025":{"qoeTotal":3619.5991062790754,"qoeBitrate":16250,"qoeRebuffer":0,"qoeLatency":9444.6,"qoeBitrateSwitch":3000,"qoePlaybackSpeed":185.80089372092436},"chunk-stream4-00026":{"qoeTotal":4703.999106279075,"qoeBitrate":18250,"qoeRebuffer":0,"qoeLatency":10360.2,"qoeBitrateSwitch":3000,"qoePlaybackSpeed":185.80089372092436},"chunk-stream4-00027":{"qoeTotal":5781.199106279076,"qoeBitrate":20250,"qoeRebuffer":0,"qoeLatency":11283,"qoeBitrateSwitch":3000,"qoePlaybackSpeed":185.80089372092436},"chunk-stream4-00028":{"qoeTotal":6864.999106279075,"qoeBitrate":22250,"qoeRebuffer":0,"qoeLatency":12199.2,"qoeBitrateSwitch":3000,"qoePlaybackSpeed":185.80089372092436},"chunk-stream4-00029":{"qoeTotal":7942.199106279076,"qoeBitrate":24250,"qoeRebuffer":0,"qoeLatency":13122,"qoeBitrateSwitch":3000,"qoePlaybackSpeed":185.80089372092436},"chunk-stream4-00030":{"qoeTotal":9026.599106279074,"qoeBitrate":26250,"qoeRebuffer":0,"qoeLatency":14037.6,"qoeBitrateSwitch":3000,"qoePlaybackSpeed":185.80089372092436},"chunk-stream4-00031":{"qoeTotal":10110.999106279074,"qoeBitrate":28250,"qoeRebuffer":0,"qoeLatency":14953.2,"qoeBitrateSwitch":3000,"qoePlaybackSpeed":185.80089372092436},"chunk-stream4-00032":{"qoeTotal":11194.799106279073,"qoeBitrate":30250,"qoeRebuffer":0,"qoeLatency":15869.400000000001,"qoeBitrateSwitch":3000,"qoePlaybackSpeed":185.80089372092436},"chunk-stream4-00033":{"qoeTotal":12278.599106279073,"qoeBitrate":32250,"qoeRebuffer":0,"qoeLatency":16785.600000000002,"qoeBitrateSwitch":3000,"qoePlaybackSpeed":185.80089372092436},"chunk-stream4-00034":{"qoeTotal":13362.999106279074,"qoeBitrate":34250,"qoeRebuffer":0,"qoeLatency":17701.2,"qoeBitrateSwitch":3000,"qoePlaybackSpeed":185.80089372092436},"chunk-stream4-00035":{"qoeTotal":14441.399106279076,"qoeBitrate":36250,"qoeRebuffer":0,"qoeLatency":18622.8,"qoeBitrateSwitch":3000,"qoePlaybackSpeed":185.80089372092436},"chunk-stream4-00036":{"qoeTotal":15525.199106279075,"qoeBitrate":38250,"qoeRebuffer":0,"qoeLatency":19539,"qoeBitrateSwitch":3000,"qoePlaybackSpeed":185.80089372092436},"chunk-stream4-00037":{"qoeTotal":16605.399106279077,"qoeBitrate":40250,"qoeRebuffer":0,"qoeLatency":20458.8,"qoeBitrateSwitch":3000,"qoePlaybackSpeed":185.80089372092436},"chunk-stream4-00038":{"qoeTotal":17680.199106279077,"qoeBitrate":42250,"qoeRebuffer":0,"qoeLatency":21384,"qoeBitrateSwitch":3000,"qoePlaybackSpeed":185.80089372092436},"chunk-stream4-00039":{"qoeTotal":18756.799106279075,"qoeBitrate":44250,"qoeRebuffer":0,"qoeLatency":22307.4,"qoeBitrateSwitch":3000,"qoePlaybackSpeed":185.80089372092436},"chunk-stream4-00040":{"qoeTotal":19840.599106279074,"qoeBitrate":46250,"qoeRebuffer":0,"qoeLatency":23223.600000000002,"qoeBitrateSwitch":3000,"qoePlaybackSpeed":185.80089372092436},"chunk-stream4-00041":{"qoeTotal":20924.999106279076,"qoeBitrate":48250,"qoeRebuffer":0,"qoeLatency":24139.2,"qoeBitrateSwitch":3000,"qoePlaybackSpeed":185.80089372092436},"chunk-stream4-00042":{"qoeTotal":22005.799106279075,"qoeBitrate":50250,"qoeRebuffer":0,"qoeLatency":25058.4,"qoeBitrateSwitch":3000,"qoePlaybackSpeed":185.80089372092436},"chunk-stream4-00043":{"qoeTotal":23089.599106279074,"qoeBitrate":52250,"qoeRebuffer":0,"qoeLatency":25974.600000000002,"qoeBitrateSwitch":3000,"qoePlaybackSpeed":185.80089372092436},"chunk-stream4-00044":{"qoeTotal":24173.999106279076,"qoeBitrate":54250,"qoeRebuffer":0,"qoeLatency":26890.2,"qoeBitrateSwitch":3000,"qoePlaybackSpeed":185.80089372092436},"chunk-stream4-00045":{"qoeTotal":25258.399106279077,"qoeBitrate":56250,"qoeRebuffer":0,"qoeLatency":27805.8,"qoeBitrateSwitch":3000,"qoePlaybackSpeed":185.80089372092436},"chunk-stream4-00046":{"qoeTotal":26342.199106279077,"qoeBitrate":58250,"qoeRebuffer":0,"qoeLatency":28722,"qoeBitrateSwitch":3000,"qoePlaybackSpeed":185.80089372092436},"chunk-stream4-00047":{"qoeTotal":27426.599106279078,"qoeBitrate":60250,"qoeRebuffer":0,"qoeLatency":29637.6,"qoeBitrateSwitch":3000,"qoePlaybackSpeed":185.80089372092436},"chunk-stream4-00048":{"qoeTotal":28510.99910627908,"qoeBitrate":62250,"qoeRebuffer":0,"qoeLatency":30553.199999999997,"qoeBitrateSwitch":3000,"qoePlaybackSpeed":185.80089372092436},"chunk-stream4-00049":{"qoeTotal":29586.99910627908,"qoeBitrate":64250,"qoeRebuffer":0,"qoeLatency":31477.199999999997,"qoeBitrateSwitch":3000,"qoePlaybackSpeed":185.80089372092436},"chunk-stream4-00050":{"qoeTotal":30671.39910627908,"qoeBitrate":66250,"qoeRebuffer":0,"qoeLatency":32392.799999999996,"qoeBitrateSwitch":3000,"qoePlaybackSpeed":185.80089372092436},"chunk-stream4-00051":{"qoeTotal":31755.199106279084,"qoeBitrate":68250,"qoeRebuffer":0,"qoeLatency":33308.99999999999,"qoeBitrateSwitch":3000,"qoePlaybackSpeed":185.80089372092436},"chunk-stream4-00052":{"qoeTotal":32839.599106279085,"qoeBitrate":70250,"qoeRebuffer":0,"qoeLatency":34224.59999999999,"qoeBitrateSwitch":3000,"qoePlaybackSpeed":185.80089372092436},"chunk-stream4-00053":{"qoeTotal":33923.99910627909,"qoeBitrate":72250,"qoeRebuffer":0,"qoeLatency":35140.19999999999,"qoeBitrateSwitch":3000,"qoePlaybackSpeed":185.80089372092436},"chunk-stream4-00054":{"qoeTotal":35008.39910627909,"qoeBitrate":74250,"qoeRebuffer":0,"qoeLatency":36055.79999999999,"qoeBitrateSwitch":3000,"qoePlaybackSpeed":185.80089372092436},"chunk-stream4-00055":{"qoeTotal":36092.79910627909,"qoeBitrate":76250,"qoeRebuffer":0,"qoeLatency":36971.39999999999,"qoeBitrateSwitch":3000,"qoePlaybackSpeed":185.80089372092436},"chunk-stream4-00056":{"qoeTotal":37167.59910627909,"qoeBitrate":78250,"qoeRebuffer":0,"qoeLatency":37896.599999999984,"qoeBitrateSwitch":3000,"qoePlaybackSpeed":185.80089372092436},"chunk-stream4-00057":{"qoeTotal":38243.59910627909,"qoeBitrate":80250,"qoeRebuffer":0,"qoeLatency":38820.599999999984,"qoeBitrateSwitch":3000,"qoePlaybackSpeed":185.80089372092436},"chunk-stream4-00058":{"qoeTotal":39327.999106279094,"qoeBitrate":82250,"qoeRebuffer":0,"qoeLatency":39736.19999999998,"qoeBitrateSwitch":3000,"qoePlaybackSpeed":185.80089372092436},"chunk-stream4-00059":{"qoeTotal":40412.399106279096,"qoeBitrate":84250,"qoeRebuffer":0,"qoeLatency":40651.79999999998,"qoeBitrateSwitch":3000,"qoePlaybackSpeed":185.80089372092436},"chunk-stream4-00060":{"qoeTotal":41496.7991062791,"qoeBitrate":86250,"qoeRebuffer":0,"qoeLatency":41567.39999999998,"qoeBitrateSwitch":3000,"qoePlaybackSpeed":185.80089372092436},"chunk-stream4-00061":{"qoeTotal":42581.1991062791,"qoeBitrate":88250,"qoeRebuffer":0,"qoeLatency":42482.99999999998,