{"chunk-stream2-00018":{"qoeTotal":-481.78147218034127,"qoeBitrate":500,"qoeRebuffer":0,"qoeLatency":945,"qoeBitrateSwitch":0,"qoePlaybackSpeed":36.78147218034127},"init-stream5":{"qoeTotal":1033.4370556393174,"qoeBitrate":3500,"qoeRebuffer":0,"qoeLatency":1893,"qoeBitrateSwitch":500,"qoePlaybackSpeed":73.56294436068254},"chunk-stream5-00019":{"qoeTotal":3048.708966879139,"qoeBitrate":6500,"qoeRebuffer":0,"qoeLatency":2860.8,"qoeBitrateSwitch":500,"qoePlaybackSpeed":90.4910331208606},"chunk-stream5-00020":{"qoeTotal":5078.32098633658,"qoeBitrate":9500,"qoeRebuffer":0,"qoeLatency":3817.2000000000003,"qoeBitrateSwitch":500,"qoePlaybackSpeed":104.47901366341888},"chunk-stream5-00021":{"qoeTotal":7118.733005794023,"qoeBitrate":12500,"qoeRebuffer":0,"qoeLatency":4762.8,"qoeBitrateSwitch":500,"qoePlaybackSpeed":118.46699420597716},"chunk-stream5-00022":{"qoeTotal":9160.523588930086,"qoeBitrate":15500,"qoeRebuffer":0,"qoeLatency":5709.6,"qoeBitrateSwitch":500,"qoePlaybackSpeed":129.87641106991325},"chunk-stream5-00023":{"qoeTotal":11221.51417206615,"qoeBitrate":18500,"qoeRebuffer":0,"qoeLatency":6637.200000000001,"qoeBitrateSwitch":500,"qoePlaybackSpeed":141.28582793384933},"chunk-stream5-00024":{"qoeTotal":13297.244429514323,"qoeBitrate":21500,"qoeRebuffer":0,"qoeLatency":7554.6,"qoeBitrateSwitch":500,"qoePlaybackSpeed":148.155570485676},"chunk-stream5-00025":{"qoeTotal":15380.444429514324,"qoeBitrate":24500,"qoeRebuffer":0,"qoeLatency":8471.4,"qoeBitrateSwitch":500,"qoePlaybackSpeed":148.155570485676},"chunk-stream5-00026":{"qoeTotal":17464.244429514325,"qoeBitrate":27500,"qoeRebuffer":0,"qoeLatency":9387.6,"qoeBitrateSwitch":500,"qoePlaybackSpeed":148.155570485676},"chunk-stream5-00027":{"qoeTotal":19539.644429514323,"qoeBitrate":30500,"qoeRebuffer":0,"qoeLatency":10312.2,"qoeBitrateSwitch":500,"qoePlaybackSpeed":148.155570485676},"chunk-stream5-00028":{"qoeTotal":21622.844429514324,"qoeBitrate":33500,"qoeRebuffer":0,"qoeLatency":11229,"qoeBitrateSwitch":500,"qoePlaybackSpeed":148.155570485676},"chunk-stream5-00029":{"qoeTotal":23698.844429514324,"qoeBitrate":36500,"qoeRebuffer":0,"qoeLatency":12153,"qoeBitrateSwitch":500,"qoePlaybackSpeed":148.155570485676},"chunk-stream5-00030":{"qoeTotal":25782.044429514324,"qoeBitrate":39500,"qoeRebuffer":0,"qoeLatency":13069.8,"qoeBitrateSwitch":500,"qoePlaybackSpeed":148.155570485676},"chunk-stream5-00031":{"qoeTotal":27865.244429514325,"qoeBitrate":42500,"qoeRebuffer":0,"qoeLatency":13986.599999999999,"qoeBitrateSwitch":500,"qoePlaybackSpeed":148.155570485676},"chunk-stream5-00032":{"qoeTotal":29948.444429514326,"qoeBitrate":45500,"qoeRebuffer":0,"qoeLatency":14903.399999999998,"qoeBitrateSwitch":500,"qoePlaybackSpeed":148.155570485676},"chunk-stream5-00033":{"qoeTotal":32031.644429514326,"qoeBitrate":48500,"qoeRebuffer":0,"qoeLatency":15820.199999999997,"qoeBitrateSwitch":500,"qoePlaybackSpeed":148.155570485676},"chunk-stream5-00034":{"qoeTotal":34114.84442951433,"qoeBitrate":51500,"qoeRebuffer":0,"qoeLatency":16736.999999999996,"qoeBitrateSwitch":500,"qoePlaybackSpeed":148.155570485676},"chunk-stream5-00035":{"qoeTotal":36190.84442951433,"qoeBitrate":54500,"qoeRebuffer":0,"qoeLatency":17660.999999999996,"qoeBitrateSwitch":500,"qoePlaybackSpeed":148.155570485676},"chunk-stream5-00036":{"qoeTotal":38266.244429514336,"qoeBitrate":57500,"qoeRebuffer":0,"qoeLatency":18585.599999999995,"qoeBitrateSwitch":500,"qoePlaybackSpeed":148.155570485676},"chunk-stream5-00037":{"qoeTotal":40341.64442951433,"qoeBitrate":60500,"qoeRebuffer":0,"qoeLatency":19510.199999999993,"qoeBitrateSwitch":500,"qoePlaybackSpeed":148.155570485676},"chunk-stream5-00038":{"qoeTotal":42417.04442951434,"qoeBitrate":63500,"qoeRebuffer":0,"qoeLatency":20434.799999999992,"qoeBitrateSwitch":500,"qoePlaybackSpeed":148.155570485676},"chunk-stream5-00039":{"qoeTotal":44491.844429514334,"qoeBitrate":66500,"qoeRebuffer":0,"qoeLatency":21359.999999999993,"qoeBitrateSwitch":500,"qoePlaybackSpeed":148.155570485676},"chunk-stream5-00040":{"qoeTotal":46575.04442951434,"qoeBitrate":69500,"qoeRebuffer":0,"qoeLatency":22276.799999999992,"qoeBitrateSwitch":500,"qoePlaybackSpeed":148.155570485676},"chunk-stream5-00041":{"qoeTotal":48648.04442951434,"qoeBitrate":72500,"qoeRebuffer":0,"qoeLatency":23203.799999999992,"qoeBitrateSwitch":500,"qoePlaybackSpeed":148.155570485676},"chunk-stream5-00042":{"qoeTotal":50731.244429514336,"qoeBitrate":75500,"qoeRebuffer":0,"qoeLatency":24120.59999999999,"qoeBitrateSwitch":500,"qoePlaybackSpeed":148.155570485676},"chunk-stream5-00043":{"qoeTotal":52807.844429514334,"qoeBitrate":78500,"qoeRebuffer":0,"qoeLatency":25043.999999999993,"qoeBitrateSwitch":500,"qoePlaybackSpeed":148.155570485676},"chunk-stream5-00044":{"qoeTotal":54891.04442951434,"qoeBitrate":81500,"qoeRebuffer":0,"qoeLatency":25960.799999999992,"qoeBitrateSwitch":500,"qoePlaybackSpeed":148.155570485676},"chunk-stream5-00045":{"qoeTotal":56974.244429514336,"qoeBitrate":84500,"qoeRebuffer":0,"qoeLatency":26877.59999999999,"qoeBitrateSwitch":500,"qoePlaybackSpeed":148.155570485676},"chunk-stream5-00046":{"qoeTotal":59047.244429514336,"qoeBitrate":87500,"qoeRebuffer":0,"qoeLatency":27804.59999999999,"qoeBitrateSwitch":500,"qoePlaybackSpeed":148.155570485676},"chunk-stream5-00047":{"qoeTotal":61130.44442951433,"qoeBitrate":90500,"qoeRebuffer":0,"qoeLatency":28721.39999999999,"qoeBitrateSwitch":500,"qoePlaybackSpeed":148.155570485676},"chunk-stream5-00048":{"qoeTotal":63204.04442951434,"qoeBitrate":93500,"qoeRebuffer":0,"qoeLatency":29647.799999999992,"qoeBitrateSwitch":500,"qoePlaybackSpeed":148.155570485676},"chunk-stream5-00049":{"qoeTotal":65276.44442951433,"qoeBitrate":96500,"qoeRebuffer":0,"qoeLatency":30575.39999999999,"qoeBitrateSwitch":500,"qoePlaybackSpeed":148.155570485676},"chunk-stream5-00050":{"qoeTotal":67359.64442951434,"qoeBitrate":99500,"qoeRebuffer":0,"qoeLatency":31492.19999999999,"qoeBitrateSwitch":500,"qoePlaybackSpeed":148.155570485676},"chunk-stream5-00051":{"qoeTotal":69432.64442951434,"qoeBitrate":102500,"qoeRebuffer":0,"qoeLatency":32419.19999999999,"qoeBitrateSwitch":500,"qoePlaybackSpeed":148.155570485676},"chunk-stream5-00052":{"qoeTotal":71509.24442951434,"qoeBitrate":105500,"qoeRebuffer":0,"qoeLatency":33342.59999999999,"qoeBitrateSwitch":500,"qoePlaybackSpeed":148.155570485676},"chunk-stream5-00053":{"qoeTotal":73584.64442951434,"qoeBitrate":108500,"qoeRebuffer":0,"qoeLatency":34267.19999999999,"qoeBitrateSwitch":500,"qoePlaybackSpeed":148.155570485676},"chunk-stream5-00054":{"qoeTotal":75659.44442951433,"qoeBitrate":111500,"qoeRebuffer":0,"qoeLatency":35192.39999999999,"qoeBitrateSwitch":500,"qoePlaybackSpeed":148.155570485676},"chunk-stream5-00055":{"qoeTotal":77742.64442951434,"qoeBitrate":114500,"qoeRebuffer":0,"qoeLatency":36109.19999999999,"qoeBitrateSwitch":500,"qoePlaybackSpeed":148.155570485676},"chunk-stream5-00056":{"qoeTotal":79826.44442951433,"qoeBitrate":117500,"qoeRebuffer":0,"qoeLatency":37025.39999999999,"qoeBitrateSwitch":500,"qoePlaybackSpeed":148.155570485676},"chunk-stream5-00057":{"qoeTotal":81909.64442951434,"qoeBitrate":120500,"qoeRebuffer":0,"qoeLatency":37942.19999999999,"qoeBitrateSwitch":500,"qoePlaybackSpeed":148.155570485676},"chunk-stream5-00058":{"qoeTotal":83978.44442951433,"qoeBitrate":123500,"qoeRebuffer":0,"qoeLatency":38873.39999999999,"qoeBitrateSwitch":500,"qoePlaybackSpeed":148.155570485676},"chunk-stream5-00059":{"qoeTotal":86053.24442951435,"qoeBitrate":126500,"qoeRebuffer":0,"qoeLatency":39798.599999999984,"qoeBitrateSwitch":500,"qoePlaybackSpeed":148.155570485676},"chunk-stream5-00060":{"qoeTotal":88136.44442951433,"qoeBitrate":129500,"qoeRebuffer":0,"qoeLatency":40715.39999999999,"qoeBitrateSwitch":500,"qoePlaybackSpeed":148.155570485676},"chunk-stream5-00061":{"qoeTotal":90219.64442951434,"qoeBitrate":132500,"qoeRebuffer":0,"qoeLatency":41632.19999999999,"qoeBitrateSwitch":500,"qoePlaybackSpeed":148.155570485676},"chunk-stream5-00062":{"qoeTotal":92302.84442951433,"qoeBitrate":135500,