{"chunk-stream2-00018":{"qoeTotal":-940.4091843473694,"qoeBitrate":500,"qoeRebuffer":0,"qoeLatency":1392.6000000000001,"qoeBitrateSwitch":0,"qoePlaybackSpeed":47.809184347369296},"chunk-stream2-00019":{"qoeTotal":-5894.662651465732,"qoeBitrate":1000,"qoeRebuffer":3742.2000000178814,"qoeLatency":3060,"qoeBitrateSwitch":0,"qoePlaybackSpeed":92.46265144785073},"chunk-stream2-00020":{"qoeTotal":-10535.11897459754,"qoeBitrate":1500,"qoeRebuffer":6903.600000053644,"qoeLatency":4992.6,"qoeBitrateSwitch":0,"qoePlaybackSpeed":138.9189745438967},"chunk-stream2-00021":{"qoeTotal":-15449.639053317907,"qoeBitrate":2000,"qoeRebuffer":10081.200000017881,"qoeLatency":7183.200000000001,"qoeBitrateSwitch":0,"qoePlaybackSpeed":185.23905330002577},"chunk-stream2-00022":{"qoeTotal":-20576.278473620652,"qoeBitrate":2500,"qoeRebuffer":13191.600000053644,"qoeLatency":9657,"qoeBitrateSwitch":0,"qoePlaybackSpeed":227.678473567009},"chunk-stream2-00023":{"qoeTotal":-26732.35588272907,"qoeBitrate":3000,"qoeRebuffer":17052.000000178814,"qoeLatency":12405.6,"qoeBitrateSwitch":0,"qoePlaybackSpeed":274.7558825502552},"chunk-stream2-00024":{"qoeTotal":-32430.844841457776,"qoeBitrate":3500,"qoeRebuffer":20190.000000178814,"qoeLatency":15418.2,"qoeBitrateSwitch":0,"qoePlaybackSpeed":322.64484127896174},"chunk-stream2-00025":{"qoeTotal":-38423.06032572959,"qoeBitrate":4000,"qoeRebuffer":23346.000000178814,"qoeLatency":18712.2,"qoeBitrateSwitch":0,"qoePlaybackSpeed":364.8603255507742},"chunk-stream2-00026":{"qoeTotal":-44721.25552054189,"qoeBitrate":4500,"qoeRebuffer":26512.80000025034,"qoeLatency":22296.600000000002,"qoeBitrateSwitch":0,"qoePlaybackSpeed":411.85552029154314},"chunk-stream2-00027":{"qoeTotal":-51292.71311478548,"qoeBitrate":5000,"qoeRebuffer":29691.600000321865,"qoeLatency":26143.800000000003,"qoeBitrateSwitch":0,"qoePlaybackSpeed":457.31311446361445},"chunk-stream2-00028":{"qoeTotal":-58066.30841095591,"qoeBitrate":5500,"qoeRebuffer":32799.00000026822,"qoeLatency":30269.4,"qoeBitrateSwitch":0,"qoePlaybackSpeed":497.9084106876891},"chunk-stream2-00029":{"qoeTotal":-65095.7223717858,"qoeBitrate":6000,"qoeRebuffer":35917.80000033975,"qoeLatency":34633.200000000004,"qoeBitrateSwitch":0,"qoePlaybackSpeed":544.7223714460513},"chunk-stream2-00030":{"qoeTotal":-72455.33199859939,"qoeBitrate":6500,"qoeRebuffer":39082.20000037551,"qoeLatency":39289.200000000004,"qoeBitrateSwitch":0,"qoePlaybackSpeed":583.9319982238712},"chunk-stream2-00031":{"qoeTotal":-80061.55157963521,"qoeBitrate":7000,"qoeRebuffer":42246.60000041127,"qoeLatency":44187.00000000001,"qoeBitrateSwitch":0,"qoePlaybackSpeed":627.9515792239328},"chunk-stream2-00032":{"qoeTotal":-88913.91181672389,"qoeBitrate":7500,"qoeRebuffer":46383.600000321865,"qoeLatency":49357.20000000001,"qoeBitrateSwitch":0,"qoePlaybackSpeed":673.1118164020118},"chunk-stream2-00033":{"qoeTotal":-98801.7118167239,"qoeBitrate":8000,"qoeRebuffer":51282.600000321865,"qoeLatency":54846.000000000015,"qoeBitrateSwitch":0,"qoePlaybackSpeed":673.1118164020118},"init-stream1":{"qoeTotal":-104194.32216675955,"qoeBitrate":8300,"qoeRebuffer":55434.00000035763,"qoeLatency":56347.20000000001,"qoeBitrateSwitch":40,"qoePlaybackSpeed":673.1221664019085},"chunk-stream1-00034":{"qoeTotal":-112100.84255605807,"qoeBitrate":8600,"qoeRebuffer":58058.40000039339,"qoeLatency":61891.20000000001,"qoeBitrateSwitch":40,"qoePlaybackSpeed":711.2425556646574},"init-stream2":{"qoeTotal":-113210.91175709123,"qoeBitrate":9100,"qoeRebuffer":58058.40000039339,"qoeLatency":63402.000000000015,"qoeBitrateSwitch":80,"qoePlaybackSpeed":770.5117566978336},"chunk-stream2-00035":{"qoeTotal":-120040.44185235533,"qoeBitrate":9600,"qoeRebuffer":59641.80000042915,"qoeLatency":69105.00000000001,"qoeBitrateSwitch":80,"qoePlaybackSpeed":813.6418519261649},"chunk-stream1-00036":{"qoeTotal":-127186.50183615062,"qoeBitrate":9900,"qoeRebuffer":61200.000000447035,"qoeLatency":74912.40000000001,"qoeBitrateSwitch":120,"qoePlaybackSpeed":854.1018357035772},"chunk-stream2-00037":{"qoeTotal":-134269.96548526848,"qoeBitrate":10400,"qoeRebuffer":62703.60000050068,"qoeLatency":80908.20000000001,"qoeBitrateSwitch":160,"qoePlaybackSpeed":898.1654847677964},"chunk-stream2-00038":{"qoeTotal":-143213.3536885748,"qoeBitrate":10900,"qoeRebuffer":65875.80000051856,"qoeLatency":87136.80000000002,"qoeBitrateSwitch":160,"qoePlaybackSpeed":940.7536880562269},"chunk-stream2-00039":{"qoeTotal":-150732.0570862328,"qoeBitrate":11400,"qoeRebuffer":67398.60000050068,"qoeLatency":93589.20000000001,"qoeBitrateSwitch":160,"qoePlaybackSpeed":984.2570857320923},"chunk-stream2-00040":{"qoeTotal":-158542.38510717484,"qoeBitrate":11900,"qoeRebuffer":68971.80000051856,"qoeLatency":100281.00000000001,"qoeBitrateSwitch":160,"qoePlaybackSpeed":1029.585106656275},"chunk-stream2-00041":{"qoeTotal":-168356.76951960742,"qoeBitrate":12400,"qoeRebuffer":72267.00000044703,"qoeLatency":107253.60000000002,"qoeBitrateSwitch":160,"qoePlaybackSpeed":1076.1695191603442},"chunk-stream2-00042":{"qoeTotal":-178060.34269739472,"qoeBitrate":12900,"qoeRebuffer":75321.60000041127,"qoeLatency":114355.80000000002,"qoeBitrateSwitch":160,"qoePlaybackSpeed":1122.9426969834426},"chunk-stream2-00043":{"qoeTotal":-186402.37549703647,"qoeBitrate":13400,"qoeRebuffer":76863.60000041127,"qoeLatency":121611.60000000002,"qoeBitrateSwitch":160,"qoePlaybackSpeed":1167.1754966251528},"chunk-stream2-00044":{"qoeTotal":-194922.96464914994,"qoeBitrate":13900,"qoeRebuffer":78405.00000035763,"qoeLatency":129051.00000000001,"qoeBitrateSwitch":160,"qoePlaybackSpeed":1206.9646487923246},"chunk-stream2-00045":{"qoeTotal":-203625.69866712598,"qoeBitrate":14400,"qoeRebuffer":79920.60000032187,"qoeLatency":136696.2,"qoeBitrateSwitch":160,"qoePlaybackSpeed":1248.8986668041068},"chunk-stream2-00046":{"qoeTotal":-212616.2689488874,"qoeBitrate":14900,"qoeRebuffer":81502.80000033975,"qoeLatency":144562.80000000002,"qoeBitrateSwitch":160,"qoePlaybackSpeed":1290.6689485476145},"chunk-stream2-00047":{"qoeTotal":-221752.3577720993,"qoeBitrate":15400,"qoeRebuffer":83032.2000002861,"qoeLatency":152634.00000000003,"qoeBitrateSwitch":160,"qoePlaybackSpeed":1326.1577718131632},"chunk-stream2-00071":{"qoeTotal":-229964.97161427353,"qoeBitrate":15900,"qoeRebuffer":83032.2000002861,"qoeLatency":161307.00000000003,"qoeBitrateSwitch":160,"qoePlaybackSpeed":1365.7716139873883},"chunk-stream2-00072":{"qoeTotal":-237159.42591182434,"qoeBitrate":16400,"qoeRebuffer":88818.00000026822,"qoeLatency":163180.80000000002,"qoeBitrateSwitch":160,"qoePlaybackSpeed":1400.6259115561052},"chunk-stream2-00073":{"qoeTotal":-240301.8209128478,"qoeBitrate":16900,"qoeRebuffer":90343.80000025034,"qoeLatency":165255.00000000003,"qoeBitrateSwitch":160,"qoePlaybackSpeed":1443.0209125974252},"chunk-stream2-00074":{"qoeTotal":-245845.17755572335,"qoeBitrate":17400,"qoeRebuffer":93999.00000026822,"qoeLatency":167597.40000000002,"qoeBitrateSwitch":160,"qoePlaybackSpeed":1488.7775554551047},"chunk-stream1-00075":{"qoeTotal":-249655.82153392883,"qoeBitrate":17700,"qoeRebuffer":95517.00000026822,"qoeLatency":170104.80000000002,"qoeBitrateSwitch":200,"qoePlaybackSpeed":1534.0215336605993},"chunk-stream2-00076":{"qoeTotal":-256133.4479786358,"qoeBitrate":18200,"qoeRebuffer":99645.60000032187,"qoeLatency":172870.2,"qoeBitrateSwitch":240,"qoePlaybackSpeed":1577.6479783139434},"chunk-stream1-00077":{"qoeTotal":-260398.90851395877,"qoeBitrate":18500,"qoeRebuffer":101182.2000002861,"qoeLatency":175813.80000000002,"qoeBitrateSwitch":280,"qoePlaybackSpeed":1622.9085136726405},"chunk-stream1-00078":{"qoeTotal":-264667.89289571554,"qoeBitrate":18800,"qoeRebuffer":102699.60000032187,"qoeLatency":178824.6,"qoeBitrateSwitch":280,"qoePlaybackSpeed":1663.6928953937036},"chunk-stream1-00079":{"qoeTotal":-269046.4906939921,"qoeBitrate":19100,"qoeRebuffer":104245.2000002861,"qoeLatency":181924.80000000002,"qoeBitrateSwitch":280,"qoePlaybackSpeed":1696.490693705985},"chunk-stream2-00080":{"qoeTotal":-274543.8906939921,"qoeBitrate":19600,