{"chunk-stream2-00018":{"qoeTotal":-508.78401922581236,"qoeBitrate":500,"qoeRebuffer":0,"qoeLatency":963.6,"qoeBitrateSwitch":0,"qoePlaybackSpeed":45.18401922581234},"init-stream4":{"qoeTotal":175.83196154837515,"qoeBitrate":2500,"qoeRebuffer":0,"qoeLatency":1933.8000000000002,"qoeBitrateSwitch":300,"qoePlaybackSpeed":90.36803845162468},"chunk-stream4-00019":{"qoeTotal":1135.8670085844878,"qoeBitrate":4500,"qoeRebuffer":0,"qoeLatency":2943,"qoeBitrateSwitch":300,"qoePlaybackSpeed":121.13299141551215},"chunk-stream4-00020":{"qoeTotal":2085.0371010844774,"qoeBitrate":6500,"qoeRebuffer":0,"qoeLatency":3965.4,"qoeBitrateSwitch":300,"qoePlaybackSpeed":149.56289891552257},"chunk-stream4-00021":{"qoeTotal":3066.8465908843436,"qoeBitrate":8500,"qoeRebuffer":0,"qoeLatency":4958.4,"qoeBitrateSwitch":300,"qoePlaybackSpeed":174.75340911565692},"chunk-stream4-00022":{"qoeTotal":4078.197947195821,"qoeBitrate":10500,"qoeRebuffer":0,"qoeLatency":5927.4,"qoeBitrateSwitch":300,"qoePlaybackSpeed":194.40205280417922},"chunk-stream4-00023":{"qoeTotal":5113.606863506239,"qoeBitrate":12500,"qoeRebuffer":0,"qoeLatency":6879,"qoeBitrateSwitch":300,"qoePlaybackSpeed":207.39313649376095},"chunk-stream4-00024":{"qoeTotal":6164.0673188883375,"qoeBitrate":14500,"qoeRebuffer":0,"qoeLatency":7818,"qoeBitrateSwitch":300,"qoePlaybackSpeed":217.9326811116623},"chunk-stream4-00025":{"qoeTotal":7225.927774270436,"qoeBitrate":16500,"qoeRebuffer":0,"qoeLatency":8745.6,"qoeBitrateSwitch":300,"qoePlaybackSpeed":228.47222572956366},"chunk-stream4-00026":{"qoeTotal":8299.702505892303,"qoeBitrate":18500,"qoeRebuffer":0,"qoeLatency":9665.4,"qoeBitrateSwitch":300,"qoePlaybackSpeed":234.8974941076978},"chunk-stream4-00027":{"qoeTotal":9383.502505892302,"qoeBitrate":20500,"qoeRebuffer":0,"qoeLatency":10581.6,"qoeBitrateSwitch":300,"qoePlaybackSpeed":234.8974941076978},"chunk-stream4-00028":{"qoeTotal":10467.302505892301,"qoeBitrate":22500,"qoeRebuffer":0,"qoeLatency":11497.800000000001,"qoeBitrateSwitch":300,"qoePlaybackSpeed":234.8974941076978},"chunk-stream4-00029":{"qoeTotal":11543.902505892302,"qoeBitrate":24500,"qoeRebuffer":0,"qoeLatency":12421.2,"qoeBitrateSwitch":300,"qoePlaybackSpeed":234.8974941076978},"chunk-stream4-00030":{"qoeTotal":12627.7025058923,"qoeBitrate":26500,"qoeRebuffer":0,"qoeLatency":13337.400000000001,"qoeBitrateSwitch":300,"qoePlaybackSpeed":234.8974941076978},"chunk-stream4-00031":{"qoeTotal":13704.902505892302,"qoeBitrate":28500,"qoeRebuffer":0,"qoeLatency":14260.2,"qoeBitrateSwitch":300,"qoePlaybackSpeed":234.8974941076978},"chunk-stream4-00032":{"qoeTotal":14788.102505892302,"qoeBitrate":30500,"qoeRebuffer":0,"qoeLatency":15177,"qoeBitrateSwitch":300,"qoePlaybackSpeed":234.8974941076978},"chunk-stream4-00033":{"qoeTotal":15864.702505892303,"qoeBitrate":32500,"qoeRebuffer":0,"qoeLatency":16100.4,"qoeBitrateSwitch":300,"qoePlaybackSpeed":234.8974941076978},"chunk-stream4-00034":{"qoeTotal":16948.502505892302,"qoeBitrate":34500,"qoeRebuffer":0,"qoeLatency":17016.6,"qoeBitrateSwitch":300,"qoePlaybackSpeed":234.8974941076978},"chunk-stream4-00035":{"qoeTotal":18025.702505892303,"qoeBitrate":36500,"qoeRebuffer":0,"qoeLatency":17939.399999999998,"qoeBitrateSwitch":300,"qoePlaybackSpeed":234.8974941076978},"chunk-stream4-00036":{"qoeTotal":19109.502505892302,"qoeBitrate":38500,"qoeRebuffer":0,"qoeLatency":18855.6,"qoeBitrateSwitch":300,"qoePlaybackSpeed":234.8974941076978},"chunk-stream4-00037":{"qoeTotal":20193.3025058923,"qoeBitrate":40500,"qoeRebuffer":0,"qoeLatency":19771.8,"qoeBitrateSwitch":300,"qoePlaybackSpeed":234.8974941076978},"chunk-stream4-00038":{"qoeTotal":21270.502505892302,"qoeBitrate":42500,"qoeRebuffer":0,"qoeLatency":20694.6,"qoeBitrateSwitch":300,"qoePlaybackSpeed":234.8974941076978},"chunk-stream4-00039":{"qoeTotal":22344.702505892303,"qoeBitrate":44500,"qoeRebuffer":0,"qoeLatency":21620.399999999998,"qoeBitrateSwitch":300,"qoePlaybackSpeed":234.8974941076978},"chunk-stream4-00040":{"qoeTotal":23421.902505892303,"qoeBitrate":46500,"qoeRebuffer":0,"qoeLatency":22543.199999999997,"qoeBitrateSwitch":300,"qoePlaybackSpeed":234.8974941076978},"chunk-stream4-00041":{"qoeTotal":24505.102505892304,"qoeBitrate":48500,"qoeRebuffer":0,"qoeLatency":23459.999999999996,"qoeBitrateSwitch":300,"qoePlaybackSpeed":234.8974941076978},"chunk-stream4-00042":{"qoeTotal":25583.502505892306,"qoeBitrate":50500,"qoeRebuffer":0,"qoeLatency":24381.599999999995,"qoeBitrateSwitch":300,"qoePlaybackSpeed":234.8974941076978},"chunk-stream4-00043":{"qoeTotal":26661.902505892307,"qoeBitrate":52500,"qoeRebuffer":0,"qoeLatency":25303.199999999993,"qoeBitrateSwitch":300,"qoePlaybackSpeed":234.8974941076978},"chunk-stream4-00044":{"qoeTotal":27737.902505892307,"qoeBitrate":54500,"qoeRebuffer":0,"qoeLatency":26227.199999999993,"qoeBitrateSwitch":300,"qoePlaybackSpeed":234.8974941076978},"chunk-stream4-00045":{"qoeTotal":28815.102505892308,"qoeBitrate":56500,"qoeRebuffer":0,"qoeLatency":27149.999999999993,"qoeBitrateSwitch":300,"qoePlaybackSpeed":234.8974941076978},"chunk-stream4-00046":{"qoeTotal":29892.30250589231,"qoeBitrate":58500,"qoeRebuffer":0,"qoeLatency":28072.799999999992,"qoeBitrateSwitch":300,"qoePlaybackSpeed":234.8974941076978},"chunk-stream4-00047":{"qoeTotal":30968.902505892307,"qoeBitrate":60500,"qoeRebuffer":0,"qoeLatency":28996.199999999993,"qoeBitrateSwitch":300,"qoePlaybackSpeed":234.8974941076978},"chunk-stream4-00048":{"qoeTotal":32052.702505892306,"qoeBitrate":62500,"qoeRebuffer":0,"qoeLatency":29912.399999999994,"qoeBitrateSwitch":300,"qoePlaybackSpeed":234.8974941076978},"chunk-stream4-00049":{"qoeTotal":33126.30250589231,"qoeBitrate":64500,"qoeRebuffer":0,"qoeLatency":30838.799999999996,"qoeBitrateSwitch":300,"qoePlaybackSpeed":234.8974941076978},"chunk-stream4-00050":{"qoeTotal":34209.50250589231,"qoeBitrate":66500,"qoeRebuffer":0,"qoeLatency":31755.599999999995,"qoeBitrateSwitch":300,"qoePlaybackSpeed":234.8974941076978},"chunk-stream4-00051":{"qoeTotal":35286.102505892304,"qoeBitrate":68500,"qoeRebuffer":0,"qoeLatency":32678.999999999996,"qoeBitrateSwitch":300,"qoePlaybackSpeed":234.8974941076978},"chunk-stream4-00052":{"qoeTotal":36362.102505892304,"qoeBitrate":70500,"qoeRebuffer":0,"qoeLatency":33603,"qoeBitrateSwitch":300,"qoePlaybackSpeed":234.8974941076978},"chunk-stream4-00053":{"qoeTotal":37440.502505892306,"qoeBitrate":72500,"qoeRebuffer":0,"qoeLatency":34524.6,"qoeBitrateSwitch":300,"qoePlaybackSpeed":234.8974941076978},"chunk-stream4-00054":{"qoeTotal":38518.90250589231,"qoeBitrate":74500,"qoeRebuffer":0,"qoeLatency":35446.2,"qoeBitrateSwitch":300,"qoePlaybackSpeed":234.8974941076978},"chunk-stream4-00055":{"qoeTotal":39602.70250589231,"qoeBitrate":76500,"qoeRebuffer":0,"qoeLatency":36362.399999999994,"qoeBitrateSwitch":300,"qoePlaybackSpeed":234.8974941076978},"chunk-stream4-00056":{"qoeTotal":40686.50250589231,"qoeBitrate":78500,"qoeRebuffer":0,"qoeLatency":37278.59999999999,"qoeBitrateSwitch":300,"qoePlaybackSpeed":234.8974941076978},"chunk-stream4-00057":{"qoeTotal":41760.10250589231,"qoeBitrate":80500,"qoeRebuffer":0,"qoeLatency":38204.99999999999,"qoeBitrateSwitch":300,"qoePlaybackSpeed":234.8974941076978},"chunk-stream4-00058":{"qoeTotal":42843.902505892314,"qoeBitrate":82500,"qoeRebuffer":0,"qoeLatency":39121.19999999999,"qoeBitrateSwitch":300,"qoePlaybackSpeed":234.8974941076978},"chunk-stream4-00059":{"qoeTotal":43927.10250589231,"qoeBitrate":84500,"qoeRebuffer":0,"qoeLatency":40037.99999999999,"qoeBitrateSwitch":300,"qoePlaybackSpeed":234.8974941076978},"chunk-stream4-00060":{"qoeTotal":45010.30250589231,"qoeBitrate":86500,"qoeRebuffer":0,"qoeLatency":40954.799999999996,"qoeBitrateSwitch":300,"qoePlaybackSpeed":234.8974941076978},"chunk-stream4-00061":{"qoeTotal":46094.10250589231,"qoeBitrate":88500,"qoeRebuffer":0,"qoeLatency":41870.99999999999,"qoeBitrateSwitch":300,"qoePlaybackSpeed":234.8974941076978},"chunk-stream4-00062":{"qoeTotal":47170.10250589231,"qoeBitrate":90500,"qoeRebuffer":0,"qoeLatency":42794.99999999999,