{"chunk-stream2-00018":{"qoeTotal":-604.1982203303616,"qoeBitrate":500,"qoeRebuffer":0,"qoeLatency":1053.6,"qoeBitrateSwitch":0,"qoePlaybackSpeed":50.598220330361656},"init-stream3":{"qoeTotal":-7564.2502578186495,"qoeBitrate":1750,"qoeRebuffer":0,"qoeLatency":9071.4,"qoeBitrateSwitch":150,"qoePlaybackSpeed":92.85025781864974},"chunk-stream3-00019":{"qoeTotal":-10603.142163009308,"qoeBitrate":3000,"qoeRebuffer":3038.399999946356,"qoeLatency":10283.4,"qoeBitrateSwitch":150,"qoePlaybackSpeed":131.34216306295232},"chunk-stream3-00020":{"qoeTotal":-12249.602556013384,"qoeBitrate":4250,"qoeRebuffer":4543.799999982119,"qoeLatency":11636.4,"qoeBitrateSwitch":150,"qoePlaybackSpeed":169.40255603126647},"chunk-stream3-00021":{"qoeTotal":-14070.182530573853,"qoeBitrate":5500,"qoeRebuffer":6054,"qoeLatency":13159.8,"qoeBitrateSwitch":150,"qoePlaybackSpeed":206.38253057385438},"init-stream2":{"qoeTotal":-18471.39178345185,"qoeBitrate":6000,"qoeRebuffer":6054,"qoeLatency":17872.8,"qoeBitrateSwitch":300,"qoePlaybackSpeed":244.59178345185154},"chunk-stream2-00022":{"qoeTotal":-19568.552008791125,"qoeBitrate":6500,"qoeRebuffer":6054,"qoeLatency":19430.399999999998,"qoeBitrateSwitch":300,"qoePlaybackSpeed":284.1520087911272},"chunk-stream3-00023":{"qoeTotal":-20144.651637658804,"qoeBitrate":7750,"qoeRebuffer":6054,"qoeLatency":21068.399999999998,"qoeBitrateSwitch":450,"qoePlaybackSpeed":322.2516376588081},"chunk-stream3-00024":{"qoeTotal":-22237.356328572543,"qoeBitrate":9000,"qoeRebuffer":7561.799999982119,"qoeLatency":22859.999999999996,"qoeBitrateSwitch":450,"qoePlaybackSpeed":365.55632859042726},"chunk-stream3-00025":{"qoeTotal":-24511.44385943844,"qoeBitrate":10250,"qoeRebuffer":9066.599999964237,"qoeLatency":24832.799999999996,"qoeBitrateSwitch":450,"qoePlaybackSpeed":412.0438594742081},"chunk-stream2-00026":{"qoeTotal":-26224.407028430396,"qoeBitrate":10750,"qoeRebuffer":9066.599999964237,"qoeLatency":26849.999999999996,"qoeBitrateSwitch":600,"qoePlaybackSpeed":457.807028466162},"chunk-stream3-00027":{"qoeTotal":-28848.423706046655,"qoeBitrate":12000,"qoeRebuffer":10629.599999964237,"qoeLatency":28970.399999999998,"qoeBitrateSwitch":750,"qoePlaybackSpeed":498.42370608242044},"chunk-stream3-00028":{"qoeTotal":-29793.62517770749,"qoeBitrate":13250,"qoeRebuffer":10629.599999964237,"qoeLatency":31147.8,"qoeBitrateSwitch":750,"qoePlaybackSpeed":516.2251777432526},"chunk-stream3-00029":{"qoeTotal":-30782.857053199776,"qoeBitrate":14500,"qoeRebuffer":10629.599999964237,"qoeLatency":33353.4,"qoeBitrateSwitch":750,"qoePlaybackSpeed":549.8570532355379},"chunk-stream3-00030":{"qoeTotal":-31805.654977642418,"qoeBitrate":15750,"qoeRebuffer":10629.599999964237,"qoeLatency":35566.200000000004,"qoeBitrateSwitch":750,"qoePlaybackSpeed":609.854977678177},"init-stream4":{"qoeTotal":-37974.05497764242,"qoeBitrate":17750,"qoeRebuffer":10629.599999964237,"qoeLatency":43524.600000000006,"qoeBitrateSwitch":900,"qoePlaybackSpeed":669.854977678177},"chunk-stream4-00031":{"qoeTotal":-38190.361040760145,"qoeBitrate":19750,"qoeRebuffer":10629.599999964237,"qoeLatency":45715.200000000004,"qoeBitrateSwitch":900,"qoePlaybackSpeed":695.5610407959041},"chunk-stream4-00032":{"qoeTotal":-40019.4712163701,"qoeBitrate":21750,"qoeRebuffer":12176.399999946356,"qoeLatency":47964.600000000006,"qoeBitrateSwitch":900,"qoePlaybackSpeed":728.4712164237324},"chunk-stream4-00033":{"qoeTotal":-41916.820560569584,"qoeBitrate":23750,"qoeRebuffer":13687.799999892712,"qoeLatency":50306.40000000001,"qoeBitrateSwitch":900,"qoePlaybackSpeed":772.6205606768615},"chunk-stream4-00034":{"qoeTotal":-42353.34436607658,"qoeBitrate":25750,"qoeRebuffer":13687.799999892712,"qoeLatency":52709.40000000001,"qoeBitrateSwitch":900,"qoePlaybackSpeed":806.1443661838573},"chunk-stream4-00035":{"qoeTotal":-42842.859433290185,"qoeBitrate":27750,"qoeRebuffer":13687.799999892712,"qoeLatency":55165.80000000001,"qoeBitrateSwitch":900,"qoePlaybackSpeed":839.2594333974594},"chunk-stream4-00036":{"qoeTotal":-43372.113468794916,"qoeBitrate":29750,"qoeRebuffer":13687.799999892712,"qoeLatency":57672.00000000001,"qoeBitrateSwitch":900,"qoePlaybackSpeed":862.3134689021975},"chunk-stream4-00037":{"qoeTotal":-43963.26773976854,"qoeBitrate":31750,"qoeRebuffer":13687.799999892712,"qoeLatency":60225.00000000001,"qoeBitrateSwitch":900,"qoePlaybackSpeed":900.4677398758184},"chunk-stream4-00038":{"qoeTotal":-44597.76837143273,"qoeBitrate":33750,"qoeRebuffer":13687.799999892712,"qoeLatency":62828.40000000001,"qoeBitrateSwitch":900,"qoePlaybackSpeed":931.5683715400095},"chunk-stream4-00039":{"qoeTotal":-46965.49835181307,"qoeBitrate":35750,"qoeRebuffer":15254.399999946356,"qoeLatency":65583.00000000001,"qoeBitrateSwitch":900,"qoePlaybackSpeed":978.0983518666978},"chunk-stream3-00040":{"qoeTotal":-52034.732565423656,"qoeBitrate":37000,"qoeRebuffer":18429.599999964237,"qoeLatency":68535.60000000002,"qoeBitrateSwitch":1050,"qoePlaybackSpeed":1019.5325654593997},"chunk-stream3-00041":{"qoeTotal":-55438.01634998166,"qoeBitrate":38250,"qoeRebuffer":19974.599999964237,"qoeLatency":71613.60000000002,"qoeBitrateSwitch":1050,"qoePlaybackSpeed":1049.8163500174057},"chunk-stream3-00042":{"qoeTotal":-57338.01634857249,"qoeBitrate":39500,"qoeRebuffer":19974.599999964237,"qoeLatency":74703.60000000002,"qoeBitrateSwitch":1050,"qoePlaybackSpeed":1109.8163486082337},"chunk-stream4-00043":{"qoeTotal":-58569.616347163326,"qoeBitrate":41500,"qoeRebuffer":19974.599999964237,"qoeLatency":77725.20000000003,"qoeBitrateSwitch":1200,"qoePlaybackSpeed":1169.8163471990617},"chunk-stream4-00044":{"qoeTotal":-59617.016343979754,"qoeBitrate":43500,"qoeRebuffer":19974.599999964237,"qoeLatency":80712.60000000002,"qoeBitrateSwitch":1200,"qoePlaybackSpeed":1229.8163440154947},"chunk-stream4-00045":{"qoeTotal":-60612.216339301136,"qoeBitrate":45500,"qoeRebuffer":19974.599999964237,"qoeLatency":83647.80000000002,"qoeBitrateSwitch":1200,"qoePlaybackSpeed":1289.816339336879},"chunk-stream4-00046":{"qoeTotal":-61543.81633170225,"qoeBitrate":47500,"qoeRebuffer":19974.599999964237,"qoeLatency":86519.40000000002,"qoeBitrateSwitch":1200,"qoePlaybackSpeed":1349.8163317379885},"chunk-stream4-00047":{"qoeTotal":-62428.61631898446,"qoeBitrate":49500,"qoeRebuffer":19974.599999964237,"qoeLatency":89344.20000000003,"qoeBitrateSwitch":1200,"qoePlaybackSpeed":1409.8163190201935},"chunk-stream4-00048":{"qoeTotal":-63233.20880418689,"qoeBitrate":51500,"qoeRebuffer":19974.599999964237,"qoeLatency":92131.20000000003,"qoeBitrateSwitch":1200,"qoePlaybackSpeed":1427.4088042226308},"chunk-stream4-00049":{"qoeTotal":-63986.265431120795,"qoeBitrate":53500,"qoeRebuffer":19974.599999964237,"qoeLatency":94879.20000000003,"qoeBitrateSwitch":1200,"qoePlaybackSpeed":1432.4654311565305},"chunk-stream4-00050":{"qoeTotal":-64806.807488077015,"qoeBitrate":55500,"qoeRebuffer":19974.599999964237,"qoeLatency":97674.00000000003,"qoeBitrateSwitch":1200,"qoePlaybackSpeed":1458.2074881127496},"chunk-stream4-00051":{"qoeTotal":-67395.72643117621,"qoeBitrate":57500,"qoeRebuffer":21522.599999964237,"qoeLatency":100667.40000000002,"qoeBitrateSwitch":1200,"qoePlaybackSpeed":1505.7264312119453},"chunk-stream4-00052":{"qoeTotal":-71797.98828350662,"qoeBitrate":59500,"qoeRebuffer":24707.999999910593,"qoeLatency":103840.20000000003,"qoeBitrateSwitch":1200,"qoePlaybackSpeed":1549.7882835960008},"chunk-stream3-00053":{"qoeTotal":-73961.89733608707,"qoeBitrate":60750,"qoeRebuffer":24707.999999910593,"qoeLatency":107058.00000000003,"qoeBitrateSwitch":1350,"qoePlaybackSpeed":1595.8973361764522},"chunk-stream3-00054":{"qoeTotal":-75961.07150334101,"qoeBitrate":62000,"qoeRebuffer":24707.999999910593,"qoeLatency":110294.40000000002,"qoeBitrateSwitch":1350,"qoePlaybackSpeed":1608.6715034303943},"chunk-stream3-00055":{"qoeTotal":-78095.677068873,"qoeBitrate":63250,"qoeRebuffer":24707.999999910593,"qoeLatency":113644.20000000003,"qoeBitrateSwitch":1350,"qoePlaybackSpeed":1643.4770689623906},"chunk-stream4-00056":{"qoeTotal":-89917.05035180684,