{"chunk-stream2-00018":{"qoeTotal":-507.47822077503565,"qoeBitrate":500,"qoeRebuffer":0,"qoeLatency":958.1999999999999,"qoeBitrateSwitch":0,"qoePlaybackSpeed":49.27822077503574},"chunk-stream2-00019":{"qoeTotal":-1025.7564415500713,"qoeBitrate":1000,"qoeRebuffer":0,"qoeLatency":1927.1999999999998,"qoeBitrateSwitch":0,"qoePlaybackSpeed":98.55644155007148},"init-stream3":{"qoeTotal":-2301.8346623251073,"qoeBitrate":2250,"qoeRebuffer":0,"qoeLatency":2904,"qoeBitrateSwitch":1500,"qoePlaybackSpeed":147.83466232510722},"chunk-stream3-00020":{"qoeTotal":-2051.4112950349845,"qoeBitrate":3500,"qoeRebuffer":0,"qoeLatency":3882.6,"qoeBitrateSwitch":1500,"qoePlaybackSpeed":168.8112950349848},"chunk-stream3-00021":{"qoeTotal":-1783.8773461898772,"qoeBitrate":4750,"qoeRebuffer":0,"qoeLatency":4848,"qoeBitrateSwitch":1500,"qoePlaybackSpeed":185.87734618987727},"chunk-stream3-00022":{"qoeTotal":-1503.0653267324353,"qoeBitrate":6000,"qoeRebuffer":0,"qoeLatency":5803.2,"qoeBitrateSwitch":1500,"qoePlaybackSpeed":199.86532673243556},"chunk-stream3-00023":{"qoeTotal":-1202.1300990845327,"qoeBitrate":7250,"qoeRebuffer":0,"qoeLatency":6741,"qoeBitrateSwitch":1500,"qoePlaybackSpeed":211.13009908453267},"chunk-stream3-00024":{"qoeTotal":-882.5478325771116,"qoeBitrate":8500,"qoeRebuffer":0,"qoeLatency":7664.4,"qoeBitrateSwitch":1500,"qoePlaybackSpeed":218.147832577112},"chunk-stream3-00025":{"qoeTotal":-552.0394140183616,"qoeBitrate":9750,"qoeRebuffer":0,"qoeLatency":8579.4,"qoeBitrateSwitch":1500,"qoePlaybackSpeed":222.63941401836195},"chunk-stream3-00026":{"qoeTotal":-215.83941401836086,"qoeBitrate":11000,"qoeRebuffer":0,"qoeLatency":9493.199999999999,"qoeBitrateSwitch":1500,"qoePlaybackSpeed":222.63941401836195},"chunk-stream3-00027":{"qoeTotal":120.36058598163987,"qoeBitrate":12250,"qoeRebuffer":0,"qoeLatency":10406.999999999998,"qoeBitrateSwitch":1500,"qoePlaybackSpeed":222.63941401836195},"chunk-stream3-00028":{"qoeTotal":455.96058598164024,"qoeBitrate":13500,"qoeRebuffer":0,"qoeLatency":11321.399999999998,"qoeBitrateSwitch":1500,"qoePlaybackSpeed":222.63941401836195},"chunk-stream3-00029":{"qoeTotal":792.1605859816409,"qoeBitrate":14750,"qoeRebuffer":0,"qoeLatency":12235.199999999997,"qoeBitrateSwitch":1500,"qoePlaybackSpeed":222.63941401836195},"chunk-stream3-00030":{"qoeTotal":1128.3605859816416,"qoeBitrate":16000,"qoeRebuffer":0,"qoeLatency":13148.999999999996,"qoeBitrateSwitch":1500,"qoePlaybackSpeed":222.63941401836195},"chunk-stream3-00031":{"qoeTotal":1460.960585981642,"qoeBitrate":17250,"qoeRebuffer":0,"qoeLatency":14066.399999999996,"qoeBitrateSwitch":1500,"qoePlaybackSpeed":222.63941401836195},"chunk-stream3-00032":{"qoeTotal":1797.1605859816427,"qoeBitrate":18500,"qoeRebuffer":0,"qoeLatency":14980.199999999995,"qoeBitrateSwitch":1500,"qoePlaybackSpeed":222.63941401836195},"chunk-stream3-00033":{"qoeTotal":2133.3605859816435,"qoeBitrate":19750,"qoeRebuffer":0,"qoeLatency":15893.999999999995,"qoeBitrateSwitch":1500,"qoePlaybackSpeed":222.63941401836195},"chunk-stream3-00034":{"qoeTotal":2469.5605859816424,"qoeBitrate":21000,"qoeRebuffer":0,"qoeLatency":16807.799999999996,"qoeBitrateSwitch":1500,"qoePlaybackSpeed":222.63941401836195},"chunk-stream3-00035":{"qoeTotal":2805.760585981643,"qoeBitrate":22250,"qoeRebuffer":0,"qoeLatency":17721.599999999995,"qoeBitrateSwitch":1500,"qoePlaybackSpeed":222.63941401836195},"chunk-stream3-00036":{"qoeTotal":3141.3605859816416,"qoeBitrate":23500,"qoeRebuffer":0,"qoeLatency":18635.999999999996,"qoeBitrateSwitch":1500,"qoePlaybackSpeed":222.63941401836195},"chunk-stream3-00037":{"qoeTotal":3477.5605859816424,"qoeBitrate":24750,"qoeRebuffer":0,"qoeLatency":19549.799999999996,"qoeBitrateSwitch":1500,"qoePlaybackSpeed":222.63941401836195},"chunk-stream3-00038":{"qoeTotal":3813.760585981643,"qoeBitrate":26000,"qoeRebuffer":0,"qoeLatency":20463.599999999995,"qoeBitrateSwitch":1500,"qoePlaybackSpeed":222.63941401836195},"chunk-stream3-00039":{"qoeTotal":4149.960585981644,"qoeBitrate":27250,"qoeRebuffer":0,"qoeLatency":21377.399999999994,"qoeBitrateSwitch":1500,"qoePlaybackSpeed":222.63941401836195},"chunk-stream3-00040":{"qoeTotal":4486.1605859816445,"qoeBitrate":28500,"qoeRebuffer":0,"qoeLatency":22291.199999999993,"qoeBitrateSwitch":1500,"qoePlaybackSpeed":222.63941401836195},"chunk-stream3-00041":{"qoeTotal":4822.360585981645,"qoeBitrate":29750,"qoeRebuffer":0,"qoeLatency":23204.999999999993,"qoeBitrateSwitch":1500,"qoePlaybackSpeed":222.63941401836195},"chunk-stream3-00042":{"qoeTotal":5158.560585981646,"qoeBitrate":31000,"qoeRebuffer":0,"qoeLatency":24118.799999999992,"qoeBitrateSwitch":1500,"qoePlaybackSpeed":222.63941401836195},"chunk-stream3-00043":{"qoeTotal":5494.760585981647,"qoeBitrate":32250,"qoeRebuffer":0,"qoeLatency":25032.59999999999,"qoeBitrateSwitch":1500,"qoePlaybackSpeed":222.63941401836195},"chunk-stream3-00044":{"qoeTotal":5830.360585981645,"qoeBitrate":33500,"qoeRebuffer":0,"qoeLatency":25946.999999999993,"qoeBitrateSwitch":1500,"qoePlaybackSpeed":222.63941401836195},"chunk-stream3-00045":{"qoeTotal":6166.560585981646,"qoeBitrate":34750,"qoeRebuffer":0,"qoeLatency":26860.799999999992,"qoeBitrateSwitch":1500,"qoePlaybackSpeed":222.63941401836195},"chunk-stream3-00046":{"qoeTotal":6502.760585981647,"qoeBitrate":36000,"qoeRebuffer":0,"qoeLatency":27774.59999999999,"qoeBitrateSwitch":1500,"qoePlaybackSpeed":222.63941401836195},"chunk-stream3-00047":{"qoeTotal":6833.560585981646,"qoeBitrate":37250,"qoeRebuffer":0,"qoeLatency":28693.799999999992,"qoeBitrateSwitch":1500,"qoePlaybackSpeed":222.63941401836195},"chunk-stream3-00048":{"qoeTotal":7169.760585981647,"qoeBitrate":38500,"qoeRebuffer":0,"qoeLatency":29607.59999999999,"qoeBitrateSwitch":1500,"qoePlaybackSpeed":222.63941401836195},"chunk-stream3-00049":{"qoeTotal":7505.9605859816475,"qoeBitrate":39750,"qoeRebuffer":0,"qoeLatency":30521.39999999999,"qoeBitrateSwitch":1500,"qoePlaybackSpeed":222.63941401836195},"chunk-stream3-00050":{"qoeTotal":7842.160585981648,"qoeBitrate":41000,"qoeRebuffer":0,"qoeLatency":31435.19999999999,"qoeBitrateSwitch":1500,"qoePlaybackSpeed":222.63941401836195},"chunk-stream3-00051":{"qoeTotal":8177.760585981647,"qoeBitrate":42250,"qoeRebuffer":0,"qoeLatency":32349.59999999999,"qoeBitrateSwitch":1500,"qoePlaybackSpeed":222.63941401836195},"chunk-stream3-00052":{"qoeTotal":8513.960585981644,"qoeBitrate":43500,"qoeRebuffer":0,"qoeLatency":33263.399999999994,"qoeBitrateSwitch":1500,"qoePlaybackSpeed":222.63941401836195},"chunk-stream3-00053":{"qoeTotal":8850.16058598164,"qoeBitrate":44750,"qoeRebuffer":0,"qoeLatency":34177.2,"qoeBitrateSwitch":1500,"qoePlaybackSpeed":222.63941401836195},"chunk-stream3-00054":{"qoeTotal":9186.360585981638,"qoeBitrate":46000,"qoeRebuffer":0,"qoeLatency":35091,"qoeBitrateSwitch":1500,"qoePlaybackSpeed":222.63941401836195},"chunk-stream3-00055":{"qoeTotal":9522.560585981635,"qoeBitrate":47250,"qoeRebuffer":0,"qoeLatency":36004.8,"qoeBitrateSwitch":1500,"qoePlaybackSpeed":222.63941401836195},"chunk-stream3-00056":{"qoeTotal":9858.760585981632,"qoeBitrate":48500,"qoeRebuffer":0,"qoeLatency":36918.600000000006,"qoeBitrateSwitch":1500,"qoePlaybackSpeed":222.63941401836195},"chunk-stream3-00057":{"qoeTotal":10194.96058598163,"qoeBitrate":49750,"qoeRebuffer":0,"qoeLatency":37832.40000000001,"qoeBitrateSwitch":1500,"qoePlaybackSpeed":222.63941401836195},"chunk-stream3-00058":{"qoeTotal":10531.160585981626,"qoeBitrate":51000,"qoeRebuffer":0,"qoeLatency":38746.20000000001,"qoeBitrateSwitch":1500,"qoePlaybackSpeed":222.63941401836195},"chunk-stream3-00059":{"qoeTotal":10867.360585981623,"qoeBitrate":52250,"qoeRebuffer":0,"qoeLatency":39660.000000000015,"qoeBitrateSwitch":1500,"qoePlaybackSpeed":222.63941401836195},"chunk-stream3-00060":{"qoeTotal":11203.56058598162,"qoeBitrate":53500,"qoeRebuffer":0,"qoeLatency":40573.80000000002,"qoeBitrateSwitch":1500,"qoePlaybackSpeed":222.63941401836195},"chunk-stream3-00061":{"qoeTotal":11539.760585981618,"qoeBitrate":54750,"qoeRebuffer":0,"qoeLatency":41487.60000000002,