{"chunk-stream2-00018":{"qoeTotal":-513.4000000000001,"qoeBitrate":500,"qoeRebuffer":0,"qoeLatency":1013.4000000000001,"qoeBitrateSwitch":0,"qoePlaybackSpeed":0},"chunk-stream2-00019":{"qoeTotal":-1026.2,"qoeBitrate":1000,"qoeRebuffer":0,"qoeLatency":2026.2,"qoeBitrateSwitch":0,"qoePlaybackSpeed":0},"chunk-stream2-00020":{"qoeTotal":-1560.4826672132763,"qoeBitrate":1500,"qoeRebuffer":0,"qoeLatency":3034.8,"qoeBitrateSwitch":0,"qoePlaybackSpeed":25.68266721327617},"chunk-stream2-00021":{"qoeTotal":-2071.122169961899,"qoeBitrate":2000,"qoeRebuffer":0,"qoeLatency":4024.2000000000003,"qoeBitrateSwitch":0,"qoePlaybackSpeed":46.92216996189891},"chunk-stream2-00022":{"qoeTotal":-2561.8009267089947,"qoeBitrate":2500,"qoeRebuffer":0,"qoeLatency":4997.400000000001,"qoeBitrateSwitch":0,"qoePlaybackSpeed":64.40092670899435},"chunk-stream2-00023":{"qoeTotal":-3030.777703645206,"qoeBitrate":3000,"qoeRebuffer":0,"qoeLatency":5951.400000000001,"qoeBitrateSwitch":0,"qoePlaybackSpeed":79.37770364520586},"chunk-stream2-00024":{"qoeTotal":-3470.7761016625964,"qoeBitrate":3500,"qoeRebuffer":0,"qoeLatency":6883.200000000001,"qoeBitrateSwitch":0,"qoePlaybackSpeed":87.57610166259563},"chunk-stream2-00025":{"qoeTotal":-3901.7744996799865,"qoeBitrate":4000,"qoeRebuffer":0,"qoeLatency":7806.000000000001,"qoeBitrateSwitch":0,"qoePlaybackSpeed":95.77449967998541},"chunk-stream2-00026":{"qoeTotal":-4320.974499679986,"qoeBitrate":4500,"qoeRebuffer":0,"qoeLatency":8725.2,"qoeBitrateSwitch":0,"qoePlaybackSpeed":95.77449967998541},"chunk-stream2-00027":{"qoeTotal":-4740.174499679987,"qoeBitrate":5000,"qoeRebuffer":0,"qoeLatency":9644.400000000001,"qoeBitrateSwitch":0,"qoePlaybackSpeed":95.77449967998541},"chunk-stream2-00028":{"qoeTotal":-5159.374499679988,"qoeBitrate":5500,"qoeRebuffer":0,"qoeLatency":10563.600000000002,"qoeBitrateSwitch":0,"qoePlaybackSpeed":95.77449967998541},"init-stream3":{"qoeTotal":-4976.174499679987,"qoeBitrate":6750,"qoeRebuffer":0,"qoeLatency":11480.400000000001,"qoeBitrateSwitch":150,"qoePlaybackSpeed":95.77449967998541},"chunk-stream3-00027":{"qoeTotal":-4648.374499679988,"qoeBitrate":8000,"qoeRebuffer":0,"qoeLatency":12402.600000000002,"qoeBitrateSwitch":150,"qoePlaybackSpeed":95.77449967998541},"init-stream2":{"qoeTotal":-5214.574499679989,"qoeBitrate":8500,"qoeRebuffer":0,"qoeLatency":13318.800000000003,"qoeBitrateSwitch":300,"qoePlaybackSpeed":95.77449967998541},"chunk-stream2-00029":{"qoeTotal":-5633.774499679989,"qoeBitrate":9000,"qoeRebuffer":0,"qoeLatency":14238.000000000004,"qoeBitrateSwitch":300,"qoePlaybackSpeed":95.77449967998541},"chunk-stream2-00030":{"qoeTotal":-6050.574499679989,"qoeBitrate":9500,"qoeRebuffer":0,"qoeLatency":15154.800000000003,"qoeBitrateSwitch":300,"qoePlaybackSpeed":95.77449967998541},"chunk-stream2-00031":{"qoeTotal":-6466.774499679989,"qoeBitrate":10000,"qoeRebuffer":0,"qoeLatency":16071.000000000004,"qoeBitrateSwitch":300,"qoePlaybackSpeed":95.77449967998541},"chunk-stream2-00032":{"qoeTotal":-6885.97449967999,"qoeBitrate":10500,"qoeRebuffer":0,"qoeLatency":16990.200000000004,"qoeBitrateSwitch":300,"qoePlaybackSpeed":95.77449967998541},"chunk-stream2-00033":{"qoeTotal":-7305.174499679991,"qoeBitrate":11000,"qoeRebuffer":0,"qoeLatency":17909.400000000005,"qoeBitrateSwitch":300,"qoePlaybackSpeed":95.77449967998541},"chunk-stream2-00034":{"qoeTotal":-7721.3744996799915,"qoeBitrate":11500,"qoeRebuffer":0,"qoeLatency":18825.600000000006,"qoeBitrateSwitch":300,"qoePlaybackSpeed":95.77449967998541},"chunk-stream3-00033":{"qoeTotal":-7544.174499679991,"qoeBitrate":12750,"qoeRebuffer":0,"qoeLatency":19748.400000000005,"qoeBitrateSwitch":450,"qoePlaybackSpeed":95.77449967998541},"chunk-stream3-00034":{"qoeTotal":-7210.3744996799915,"qoeBitrate":14000,"qoeRebuffer":0,"qoeLatency":20664.600000000006,"qoeBitrateSwitch":450,"qoePlaybackSpeed":95.77449967998541}}