{"chunk-stream2-00018":{"qoeTotal":-532.0694918655494,"qoeBitrate":500,"qoeRebuffer":0,"qoeLatency":985.1999999999999,"qoeBitrateSwitch":0,"qoePlaybackSpeed":46.869491865549406},"init-stream5":{"qoeTotal":-638.2675954838822,"qoeBitrate":3500,"qoeRebuffer":0,"qoeLatency":3583.2,"qoeBitrateSwitch":500,"qoePlaybackSpeed":55.0675954838824},"chunk-stream5-00019":{"qoeTotal":-356.8688604168244,"qoeBitrate":6500,"qoeRebuffer":1560,"qoeLatency":4698,"qoeBitrateSwitch":500,"qoePlaybackSpeed":98.8688604168244},"chunk-stream5-00020":{"qoeTotal":-219.58062351592835,"qoeBitrate":9500,"qoeRebuffer":3060.599999964237,"qoeLatency":6018.6,"qoeBitrateSwitch":500,"qoePlaybackSpeed":140.38062355169077},"init-stream4":{"qoeTotal":-18022.78062355169,"qoeBitrate":11500,"qoeRebuffer":13968,"qoeLatency":14714.400000000001,"qoeBitrateSwitch":700,"qoePlaybackSpeed":140.38062355169077},"chunk-stream4-00021":{"qoeTotal":-19096.371921400943,"qoeBitrate":13500,"qoeRebuffer":15519.599999964237,"qoeLatency":16194.600000000002,"qoeBitrateSwitch":700,"qoePlaybackSpeed":182.17192143670556},"chunk-stream4-00022":{"qoeTotal":-18664.56193565416,"qoeBitrate":15500,"qoeRebuffer":15519.599999964237,"qoeLatency":17730.000000000004,"qoeBitrateSwitch":700,"qoePlaybackSpeed":214.96193568992123},"chunk-stream4-00023":{"qoeTotal":-18279.362340579442,"qoeBitrate":17500,"qoeRebuffer":15519.599999964237,"qoeLatency":19308.600000000002,"qoeBitrateSwitch":700,"qoePlaybackSpeed":251.16234061520456},"chunk-stream4-00024":{"qoeTotal":-17928.548615064665,"qoeBitrate":19500,"qoeRebuffer":15519.599999964237,"qoeLatency":20930.4,"qoeBitrateSwitch":700,"qoePlaybackSpeed":278.54861510042764},"chunk-stream4-00025":{"qoeTotal":-17637.931217400397,"qoeBitrate":21500,"qoeRebuffer":15519.599999964237,"qoeLatency":22598.4,"qoeBitrateSwitch":700,"qoePlaybackSpeed":319.9312174361593},"chunk-stream4-00026":{"qoeTotal":-17372.95232645658,"qoeBitrate":23500,"qoeRebuffer":15519.599999964237,"qoeLatency":24299.4,"qoeBitrateSwitch":700,"qoePlaybackSpeed":353.9523264923421},"chunk-stream4-00027":{"qoeTotal":-17130.238338805702,"qoeBitrate":25500,"qoeRebuffer":15519.599999964237,"qoeLatency":26038.2,"qoeBitrateSwitch":700,"qoePlaybackSpeed":372.43833884146363},"chunk-stream4-00028":{"qoeTotal":-16927.61741266944,"qoeBitrate":27500,"qoeRebuffer":15519.599999964237,"qoeLatency":27815.4,"qoeBitrateSwitch":700,"qoePlaybackSpeed":392.6174127052006},"chunk-stream4-00029":{"qoeTotal":-16755.10371285344,"qoeBitrate":29500,"qoeRebuffer":15519.599999964237,"qoeLatency":29628,"qoeBitrateSwitch":700,"qoePlaybackSpeed":407.50371288920445},"chunk-stream4-00030":{"qoeTotal":-16615.375967715856,"qoeBitrate":31500,"qoeRebuffer":15519.599999964237,"qoeLatency":31471.2,"qoeBitrateSwitch":700,"qoePlaybackSpeed":424.5759677516182},"chunk-stream4-00031":{"qoeTotal":-16487.78730761294,"qoeBitrate":33500,"qoeRebuffer":15519.599999964237,"qoeLatency":33340.8,"qoeBitrateSwitch":700,"qoePlaybackSpeed":427.3873076487004},"chunk-stream4-00032":{"qoeTotal":-16371.33906744774,"qoeBitrate":35500,"qoeRebuffer":15519.599999964237,"qoeLatency":35221.8,"qoeBitrateSwitch":700,"qoePlaybackSpeed":429.9390674835002},"chunk-stream5-00033":{"qoeTotal":-15576.236721655743,"qoeBitrate":38500,"qoeRebuffer":15519.599999964237,"qoeLatency":37185,"qoeBitrateSwitch":900,"qoePlaybackSpeed":471.6367216915065},"chunk-stream4-00034":{"qoeTotal":-15837.435566616843,"qoeBitrate":40500,"qoeRebuffer":15519.599999964237,"qoeLatency":39201.6,"qoeBitrateSwitch":1100,"qoePlaybackSpeed":516.2355666526072},"chunk-stream4-00035":{"qoeTotal":-17471.48222439443,"qoeBitrate":42500,"qoeRebuffer":17044.79999989271,"qoeLatency":41270.4,"qoeBitrateSwitch":1100,"qoePlaybackSpeed":556.2822245017171},"chunk-stream4-00036":{"qoeTotal":-17601.33314458558,"qoeBitrate":44500,"qoeRebuffer":17044.79999989271,"qoeLatency":43380.6,"qoeBitrateSwitch":1100,"qoePlaybackSpeed":575.9331446928716},"chunk-stream4-00037":{"qoeTotal":-17796.486902069286,"qoeBitrate":46500,"qoeRebuffer":17044.79999989271,"qoeLatency":45550.2,"qoeBitrateSwitch":1100,"qoePlaybackSpeed":601.4869021765775},"chunk-stream4-00038":{"qoeTotal":-18051.765687729116,"qoeBitrate":48500,"qoeRebuffer":17044.79999989271,"qoeLatency":47768.399999999994,"qoeBitrateSwitch":1100,"qoePlaybackSpeed":638.5656878364097},"chunk-stream4-00039":{"qoeTotal":-18370.516133496334,"qoeBitrate":50500,"qoeRebuffer":17044.79999989271,"qoeLatency":50048.399999999994,"qoeBitrateSwitch":1100,"qoePlaybackSpeed":677.3161336036296},"chunk-stream4-00040":{"qoeTotal":-18745.343276584932,"qoeBitrate":52500,"qoeRebuffer":17044.79999989271,"qoeLatency":52391.99999999999,"qoeBitrateSwitch":1100,"qoePlaybackSpeed":708.5432766922273},"chunk-stream4-00041":{"qoeTotal":-19192.8165771789,"qoeBitrate":54500,"qoeRebuffer":17044.79999989271,"qoeLatency":54797.399999999994,"qoeBitrateSwitch":1100,"qoePlaybackSpeed":750.6165772861924},"chunk-stream4-00042":{"qoeTotal":-19657.543851244787,"qoeBitrate":56500,"qoeRebuffer":17044.79999989271,"qoeLatency":57243.59999999999,"qoeBitrateSwitch":1100,"qoePlaybackSpeed":769.1438513520854},"chunk-stream4-00043":{"qoeTotal":-20136.535353370753,"qoeBitrate":58500,"qoeRebuffer":17044.79999989271,"qoeLatency":59708.399999999994,"qoeBitrateSwitch":1100,"qoePlaybackSpeed":783.3353534780485},"chunk-stream4-00044":{"qoeTotal":-20602.7415820372,"qoeBitrate":60500,"qoeRebuffer":17044.79999989271,"qoeLatency":62150.399999999994,"qoeBitrateSwitch":1100,"qoePlaybackSpeed":807.5415821444964},"chunk-stream4-00045":{"qoeTotal":-21078.876014171707,"qoeBitrate":62500,"qoeRebuffer":17044.79999989271,"qoeLatency":64611.59999999999,"qoeBitrateSwitch":1100,"qoePlaybackSpeed":822.4760142790041},"chunk-stream4-00046":{"qoeTotal":-21591.28120959609,"qoeBitrate":64500,"qoeRebuffer":17044.79999989271,"qoeLatency":67097.99999999999,"qoeBitrateSwitch":1100,"qoePlaybackSpeed":848.481209703395},"chunk-stream4-00047":{"qoeTotal":-22158.081016536158,"qoeBitrate":66500,"qoeRebuffer":17044.79999989271,"qoeLatency":69604.79999999999,"qoeBitrateSwitch":1100,"qoePlaybackSpeed":908.4810166434586},"chunk-stream4-00048":{"qoeTotal":-22611.44936196351,"qoeBitrate":68500,"qoeRebuffer":17044.79999989271,"qoeLatency":72047.4,"qoeBitrateSwitch":1100,"qoePlaybackSpeed":919.2493620708042},"chunk-stream4-00049":{"qoeTotal":-23116.364441036905,"qoeBitrate":70500,"qoeRebuffer":17044.79999989271,"qoeLatency":74534.4,"qoeBitrateSwitch":1100,"qoePlaybackSpeed":937.1644411441977},"chunk-stream4-00050":{"qoeTotal":-23706.018723215093,"qoeBitrate":72500,"qoeRebuffer":17044.79999989271,"qoeLatency":77088.59999999999,"qoeBitrateSwitch":1100,"qoePlaybackSpeed":972.6187233223892},"chunk-stream4-00051":{"qoeTotal":-25895.892120474382,"qoeBitrate":74500,"qoeRebuffer":18579.59999987483,"qoeLatency":79700.99999999999,"qoeBitrateSwitch":1100,"qoePlaybackSpeed":1015.2921205995646},"init-stream3":{"qoeTotal":-31949.772859474877,"qoeBitrate":75750,"qoeRebuffer":18579.59999987483,"qoeLatency":86840.39999999998,"qoeBitrateSwitch":1250,"qoePlaybackSpeed":1029.772859600068},"chunk-stream3-00052":{"qoeTotal":-33378.360860343804,"qoeBitrate":77000,"qoeRebuffer":18579.59999987483,"qoeLatency":89482.79999999997,"qoeBitrateSwitch":1250,"qoePlaybackSpeed":1065.9608604689977},"chunk-stream4-00053":{"qoeTotal":-34196.76293592879,"qoeBitrate":79000,"qoeRebuffer":18579.59999987483,"qoeLatency":92142.59999999998,"qoeBitrateSwitch":1400,"qoePlaybackSpeed":1074.5629360539808},"chunk-stream4-00054":{"qoeTotal":-34801.76103954713,"qoeBitrate":81000,"qoeRebuffer":18579.59999987483,"qoeLatency":94739.39999999998,"qoeBitrateSwitch":1400,"qoePlaybackSpeed":1082.761039672314},"chunk-stream5-00055":{"qoeTotal":-34911.76103954713,"qoeBitrate":84000,"qoeRebuffer":18579.59999987483,"qoeLatency":97649.39999999998,"qoeBitrateSwitch":1600,"qoePlaybackSpeed":1082.761039672314},"chunk-stream5-00056":{"qoeTotal":-46904.164085994715,"qoeBitrate":87000,"qoeRebuffer":29957.999999910593,"qoeLatency":101228.99999999999,"qoeBitrateSwitch":1600,