{"chunk-stream2-00018":{"qoeTotal":-804.2876117625747,"qoeBitrate":500,"qoeRebuffer":0,"qoeLatency":1257.6000000000001,"qoeBitrateSwitch":0,"qoePlaybackSpeed":46.68761176257452},"chunk-stream2-00019":{"qoeTotal":-4901.828608503778,"qoeBitrate":1000,"qoeRebuffer":3108,"qoeLatency":2703.6000000000004,"qoeBitrateSwitch":0,"qoePlaybackSpeed":90.22860850377725},"chunk-stream2-00020":{"qoeTotal":-7660.6142680483745,"qoeBitrate":1500,"qoeRebuffer":4686.599999964237,"qoeLatency":4345.200000000001,"qoeBitrateSwitch":0,"qoePlaybackSpeed":128.81426808413622},"chunk-stream2-00021":{"qoeTotal":-10562.47289969823,"qoeBitrate":2000,"qoeRebuffer":6228.599999964237,"qoeLatency":6168.6,"qoeBitrateSwitch":0,"qoePlaybackSpeed":165.2728997339926},"chunk-stream2-00022":{"qoeTotal":-13611.973065136212,"qoeBitrate":2500,"qoeRebuffer":7750.799999982119,"qoeLatency":8160.6,"qoeBitrateSwitch":0,"qoePlaybackSpeed":200.57306515409306},"chunk-stream2-00023":{"qoeTotal":-16827.67722225076,"qoeBitrate":3000,"qoeRebuffer":9260.399999946356,"qoeLatency":10330.8,"qoeBitrateSwitch":0,"qoePlaybackSpeed":236.47722230440442},"chunk-stream2-00024":{"qoeTotal":-20294.1783019399,"qoeBitrate":3500,"qoeRebuffer":10844.999999910593,"qoeLatency":12672.599999999999,"qoeBitrateSwitch":0,"qoePlaybackSpeed":276.5783020293086},"chunk-stream2-00025":{"qoeTotal":-23842.99330890583,"qoeBitrate":4000,"qoeRebuffer":12418.199999839067,"qoeLatency":15109.8,"qoeBitrateSwitch":0,"qoePlaybackSpeed":314.99330906676323},"chunk-stream2-00026":{"qoeTotal":-27427.405382816283,"qoeBitrate":4500,"qoeRebuffer":13922.399999856949,"qoeLatency":17653.2,"qoeBitrateSwitch":0,"qoePlaybackSpeed":351.80538295933445},"chunk-stream2-00027":{"qoeTotal":-31122.444088796023,"qoeBitrate":5000,"qoeRebuffer":15458.399999856949,"qoeLatency":20275.2,"qoeBitrateSwitch":0,"qoePlaybackSpeed":388.844088939072},"chunk-stream2-00028":{"qoeTotal":-34935.82905847405,"qoeBitrate":5500,"qoeRebuffer":17036.999999821186,"qoeLatency":22973.4,"qoeBitrateSwitch":0,"qoePlaybackSpeed":425.4290586528684},"chunk-stream2-00029":{"qoeTotal":-38811.70309482308,"qoeBitrate":6000,"qoeRebuffer":18580.799999803305,"qoeLatency":25774.2,"qoeBitrateSwitch":0,"qoePlaybackSpeed":456.70309501978284},"chunk-stream2-00030":{"qoeTotal":-41216.94856321774,"qoeBitrate":6500,"qoeRebuffer":18580.799999803305,"qoeLatency":28639.8,"qoeBitrateSwitch":0,"qoePlaybackSpeed":496.3485634144315},"chunk-stream2-00031":{"qoeTotal":-43692.391039729,"qoeBitrate":7000,"qoeRebuffer":18580.799999803305,"qoeLatency":31573.2,"qoeBitrateSwitch":0,"qoePlaybackSpeed":538.3910399257028},"chunk-stream2-00032":{"qoeTotal":-46239.4913306309,"qoeBitrate":7500,"qoeRebuffer":18580.799999803305,"qoeLatency":34578.6,"qoeBitrateSwitch":0,"qoePlaybackSpeed":580.0913308275964},"chunk-stream2-00033":{"qoeTotal":-48866.56819476403,"qoeBitrate":8000,"qoeRebuffer":18580.799999803305,"qoeLatency":37663.2,"qoeBitrateSwitch":0,"qoePlaybackSpeed":622.5681949607323},"chunk-stream2-00034":{"qoeTotal":-51555.235408260385,"qoeBitrate":8500,"qoeRebuffer":18580.799999803305,"qoeLatency":40809,"qoeBitrateSwitch":0,"qoePlaybackSpeed":665.4354084570821},"chunk-stream2-00035":{"qoeTotal":-54283.48671443754,"qoeBitrate":9000,"qoeRebuffer":18580.799999803305,"qoeLatency":44008.8,"qoeBitrateSwitch":0,"qoePlaybackSpeed":693.8867146342279},"chunk-stream2-00036":{"qoeTotal":-57054.7838693508,"qoeBitrate":9500,"qoeRebuffer":18580.799999803305,"qoeLatency":47258.4,"qoeBitrateSwitch":0,"qoePlaybackSpeed":715.5838695474943},"chunk-stream2-00037":{"qoeTotal":-59876.63266015545,"qoeBitrate":10000,"qoeRebuffer":18580.799999803305,"qoeLatency":50554.200000000004,"qoeBitrateSwitch":0,"qoePlaybackSpeed":741.6326603521381},"chunk-stream2-00038":{"qoeTotal":-62753.10070661324,"qoeBitrate":10500,"qoeRebuffer":18580.799999803305,"qoeLatency":53902.200000000004,"qoeBitrateSwitch":0,"qoePlaybackSpeed":770.1007068099244},"chunk-stream2-00039":{"qoeTotal":-65684.54342611758,"qoeBitrate":11000,"qoeRebuffer":18580.799999803305,"qoeLatency":57296.4,"qoeBitrateSwitch":0,"qoePlaybackSpeed":807.3434263142759},"chunk-stream2-00040":{"qoeTotal":-68654.07962134096,"qoeBitrate":11500,"qoeRebuffer":18580.799999803305,"qoeLatency":60742.8,"qoeBitrateSwitch":0,"qoePlaybackSpeed":830.4796215376487},"chunk-stream2-00041":{"qoeTotal":-71689.85595196128,"qoeBitrate":12000,"qoeRebuffer":18580.799999803305,"qoeLatency":64239,"qoeBitrateSwitch":0,"qoePlaybackSpeed":870.0559521579665},"chunk-stream2-00042":{"qoeTotal":-74718.44846594468,"qoeBitrate":12500,"qoeRebuffer":18580.799999803305,"qoeLatency":67754.4,"qoeBitrateSwitch":0,"qoePlaybackSpeed":883.2484661413724},"chunk-stream2-00043":{"qoeTotal":-77721.60098257467,"qoeBitrate":13000,"qoeRebuffer":18580.799999803305,"qoeLatency":71254.79999999999,"qoeBitrateSwitch":0,"qoePlaybackSpeed":886.0009827713866},"chunk-stream2-00044":{"qoeTotal":-80725.00098250726,"qoeBitrate":13500,"qoeRebuffer":18580.799999803305,"qoeLatency":74698.19999999998,"qoeBitrateSwitch":0,"qoePlaybackSpeed":946.0009827039789},"chunk-stream2-00045":{"qoeTotal":-83647.12562684603,"qoeBitrate":14000,"qoeRebuffer":18580.799999803305,"qoeLatency":78106.19999999998,"qoeBitrateSwitch":0,"qoePlaybackSpeed":960.1256270427359},"chunk-stream2-00046":{"qoeTotal":-86624.12562675639,"qoeBitrate":14500,"qoeRebuffer":18580.799999803305,"qoeLatency":81523.19999999998,"qoeBitrateSwitch":0,"qoePlaybackSpeed":1020.1256269530999},"chunk-stream2-00047":{"qoeTotal":-89555.52562662266,"qoeBitrate":15000,"qoeRebuffer":18580.799999803305,"qoeLatency":84894.59999999998,"qoeBitrateSwitch":0,"qoePlaybackSpeed":1080.1256268193786},"chunk-stream2-00048":{"qoeTotal":-92396.62449813387,"qoeBitrate":15500,"qoeRebuffer":18580.799999803305,"qoeLatency":88217.39999999998,"qoeBitrateSwitch":0,"qoePlaybackSpeed":1098.4244983305828},"chunk-stream2-00049":{"qoeTotal":-95239.01027943437,"qoeBitrate":16000,"qoeRebuffer":18580.799999803305,"qoeLatency":91542.59999999998,"qoeBitrateSwitch":0,"qoePlaybackSpeed":1115.6102796310925},"chunk-stream2-00050":{"qoeTotal":-98127.07643494691,"qoeBitrate":16500,"qoeRebuffer":18580.799999803305,"qoeLatency":94907.99999999997,"qoeBitrateSwitch":0,"qoePlaybackSpeed":1138.2764351436308},"chunk-stream2-00051":{"qoeTotal":-101053.74790041996,"qoeBitrate":17000,"qoeRebuffer":18580.799999803305,"qoeLatency":98311.79999999997,"qoeBitrateSwitch":0,"qoePlaybackSpeed":1161.1479006166796},"chunk-stream2-00052":{"qoeTotal":-103995.31707607378,"qoeBitrate":17500,"qoeRebuffer":18580.799999803305,"qoeLatency":101737.79999999997,"qoeBitrateSwitch":0,"qoePlaybackSpeed":1176.7170762705093},"chunk-stream2-00053":{"qoeTotal":-106911.74072091065,"qoeBitrate":18000,"qoeRebuffer":18580.799999803305,"qoeLatency":105143.99999999997,"qoeBitrateSwitch":0,"qoePlaybackSpeed":1186.9407211073772},"chunk-stream2-00054":{"qoeTotal":-109800.28655322129,"qoeBitrate":18500,"qoeRebuffer":18580.799999803305,"qoeLatency":108511.19999999997,"qoeBitrateSwitch":0,"qoePlaybackSpeed":1208.2865534180214},"chunk-stream2-00055":{"qoeTotal":-112608.43259635061,"qoeBitrate":19000,"qoeRebuffer":18580.799999803305,"qoeLatency":111805.79999999997,"qoeBitrateSwitch":0,"qoePlaybackSpeed":1221.8325965473337},"chunk-stream2-00056":{"qoeTotal":-118860.13197651238,"qoeBitrate":19500,"qoeRebuffer":21725.999999821186,"qoeLatency":115383.59999999998,"qoeBitrateSwitch":0,"qoePlaybackSpeed":1250.531976691217},"chunk-stream2-00057":{"qoeTotal":-122022.25525005195,"qoeBitrate":20000,"qoeRebuffer":21725.999999821186,"qoeLatency":119011.79999999997,"qoeBitrateSwitch":0,"qoePlaybackSpeed":1284.4552502307893},"chunk-stream2-00058":{"qoeTotal":-125209.50844405017,"qoeBitrate":20500,"qoeRebuffer":21725.999999821186,"qoeLatency":122685.59999999998,"qoeBitrateSwitch":0,"qoePlaybackSpeed":1297.9084442290016},"chunk-stream2-00059":{"qoeTotal":-128412.07446676568,"qoeBitrate":21000,"qoeRebuffer":21725.999999821186,"qoeLatency":126377.39999999998,"qoeBitrateSwitch":0,"qoePlaybackSpeed":1308.6744669445163},