{"chunk-stream2-00018":{"qoeTotal":-600.3127150423052,"qoeBitrate":500,"qoeRebuffer":0,"qoeLatency":1050,"qoeBitrateSwitch":0,"qoePlaybackSpeed":50.312715042305186},"init-stream1":{"qoeTotal":-1431.5294038872898,"qoeBitrate":800,"qoeRebuffer":0,"qoeLatency":2104.8,"qoeBitrateSwitch":40,"qoePlaybackSpeed":86.72940388728975},"chunk-stream1-00019":{"qoeTotal":-3723.135138500988,"qoeBitrate":1100,"qoeRebuffer":1501.2000002861023,"qoeLatency":3170.4,"qoeBitrateSwitch":40,"qoePlaybackSpeed":111.53513821488538},"init-stream2":{"qoeTotal":-4252.051169711206,"qoeBitrate":1600,"qoeRebuffer":1501.2000002861023,"qoeLatency":4139.4,"qoeBitrateSwitch":80,"qoePlaybackSpeed":131.45116942510379},"chunk-stream2-00020":{"qoeTotal":-4871.115787382327,"qoeBitrate":2100,"qoeRebuffer":1501.2000002861023,"qoeLatency":5220,"qoeBitrateSwitch":80,"qoePlaybackSpeed":169.91578709622456},"chunk-stream2-00021":{"qoeTotal":-5470.380405053448,"qoeBitrate":2600,"qoeRebuffer":1501.2000002861023,"qoeLatency":6280.8,"qoeBitrateSwitch":80,"qoePlaybackSpeed":208.38040476734534},"init-stream3":{"qoeTotal":-5287.780405053448,"qoeBitrate":3850,"qoeRebuffer":1501.2000002861023,"qoeLatency":7198.2,"qoeBitrateSwitch":230,"qoePlaybackSpeed":208.38040476734534},"chunk-stream3-00022":{"qoeTotal":-5081.042405783557,"qoeBitrate":5100,"qoeRebuffer":1501.2000002861023,"qoeLatency":8212.8,"qoeBitrateSwitch":230,"qoePlaybackSpeed":237.04240549745518},"chunk-stream3-00023":{"qoeTotal":-4825.958436993775,"qoeBitrate":6350,"qoeRebuffer":1501.2000002861023,"qoeLatency":9187.8,"qoeBitrateSwitch":230,"qoePlaybackSpeed":256.95843670767357},"chunk-stream2-00024":{"qoeTotal":-5449.193818912512,"qoeBitrate":6850,"qoeRebuffer":1501.2000002861023,"qoeLatency":10144.8,"qoeBitrateSwitch":380,"qoePlaybackSpeed":273.1938186264104},"chunk-stream2-00025":{"qoeTotal":-5907.470526986419,"qoeBitrate":7350,"qoeRebuffer":1501.2000002861023,"qoeLatency":11089.8,"qoeBitrateSwitch":380,"qoePlaybackSpeed":286.47052670031707},"chunk-stream2-00026":{"qoeTotal":-6352.416073859126,"qoeBitrate":7850,"qoeRebuffer":1501.2000002861023,"qoeLatency":12026.4,"qoeBitrateSwitch":380,"qoePlaybackSpeed":294.81607357302454},"chunk-stream2-00027":{"qoeTotal":-6785.361620731835,"qoeBitrate":8350,"qoeRebuffer":1501.2000002861023,"qoeLatency":12951,"qoeBitrateSwitch":380,"qoePlaybackSpeed":303.161620445732},"chunk-stream2-00028":{"qoeTotal":-7205.761620731834,"qoeBitrate":8850,"qoeRebuffer":1501.2000002861023,"qoeLatency":13871.4,"qoeBitrateSwitch":380,"qoePlaybackSpeed":303.161620445732},"chunk-stream2-00029":{"qoeTotal":-7625.5616207318335,"qoeBitrate":9350,"qoeRebuffer":1501.2000002861023,"qoeLatency":14791.199999999999,"qoeBitrateSwitch":380,"qoePlaybackSpeed":303.161620445732},"chunk-stream2-00030":{"qoeTotal":-8045.361620731833,"qoeBitrate":9850,"qoeRebuffer":1501.2000002861023,"qoeLatency":15710.999999999998,"qoeBitrateSwitch":380,"qoePlaybackSpeed":303.161620445732},"chunk-stream2-00031":{"qoeTotal":-8465.161620731833,"qoeBitrate":10350,"qoeRebuffer":1501.2000002861023,"qoeLatency":16630.8,"qoeBitrateSwitch":380,"qoePlaybackSpeed":303.161620445732},"chunk-stream2-00032":{"qoeTotal":-8885.561620731834,"qoeBitrate":10850,"qoeRebuffer":1501.2000002861023,"qoeLatency":17551.2,"qoeBitrateSwitch":380,"qoePlaybackSpeed":303.161620445732},"chunk-stream2-00033":{"qoeTotal":-9305.361620731834,"qoeBitrate":11350,"qoeRebuffer":1501.2000002861023,"qoeLatency":18471,"qoeBitrateSwitch":380,"qoePlaybackSpeed":303.161620445732},"chunk-stream2-00034":{"qoeTotal":-9725.161620731833,"qoeBitrate":11850,"qoeRebuffer":1501.2000002861023,"qoeLatency":19390.8,"qoeBitrateSwitch":380,"qoePlaybackSpeed":303.161620445732},"chunk-stream2-00035":{"qoeTotal":-10144.961620731832,"qoeBitrate":12350,"qoeRebuffer":1501.2000002861023,"qoeLatency":20310.6,"qoeBitrateSwitch":380,"qoePlaybackSpeed":303.161620445732},"chunk-stream2-00036":{"qoeTotal":-10564.761620731831,"qoeBitrate":12850,"qoeRebuffer":1501.2000002861023,"qoeLatency":21230.399999999998,"qoeBitrateSwitch":380,"qoePlaybackSpeed":303.161620445732},"chunk-stream2-00037":{"qoeTotal":-10984.56162073183,"qoeBitrate":13350,"qoeRebuffer":1501.2000002861023,"qoeLatency":22150.199999999997,"qoeBitrateSwitch":380,"qoePlaybackSpeed":303.161620445732},"chunk-stream2-00038":{"qoeTotal":-11404.961620731832,"qoeBitrate":13850,"qoeRebuffer":1501.2000002861023,"qoeLatency":23070.6,"qoeBitrateSwitch":380,"qoePlaybackSpeed":303.161620445732},"chunk-stream2-00039":{"qoeTotal":-11824.761620731831,"qoeBitrate":14350,"qoeRebuffer":1501.2000002861023,"qoeLatency":23990.399999999998,"qoeBitrateSwitch":380,"qoePlaybackSpeed":303.161620445732},"chunk-stream2-00040":{"qoeTotal":-12244.56162073183,"qoeBitrate":14850,"qoeRebuffer":1501.2000002861023,"qoeLatency":24910.199999999997,"qoeBitrateSwitch":380,"qoePlaybackSpeed":303.161620445732},"chunk-stream2-00041":{"qoeTotal":-12664.961620731832,"qoeBitrate":15350,"qoeRebuffer":1501.2000002861023,"qoeLatency":25830.6,"qoeBitrateSwitch":380,"qoePlaybackSpeed":303.161620445732},"chunk-stream2-00042":{"qoeTotal":-13084.161620731833,"qoeBitrate":15850,"qoeRebuffer":1501.2000002861023,"qoeLatency":26749.8,"qoeBitrateSwitch":380,"qoePlaybackSpeed":303.161620445732},"chunk-stream2-00043":{"qoeTotal":-13503.961620731832,"qoeBitrate":16350,"qoeRebuffer":1501.2000002861023,"qoeLatency":27669.6,"qoeBitrateSwitch":380,"qoePlaybackSpeed":303.161620445732},"chunk-stream2-00044":{"qoeTotal":-13923.761620731831,"qoeBitrate":16850,"qoeRebuffer":1501.2000002861023,"qoeLatency":28589.399999999998,"qoeBitrateSwitch":380,"qoePlaybackSpeed":303.161620445732},"chunk-stream2-00045":{"qoeTotal":-14344.161620731833,"qoeBitrate":17350,"qoeRebuffer":1501.2000002861023,"qoeLatency":29509.8,"qoeBitrateSwitch":380,"qoePlaybackSpeed":303.161620445732},"chunk-stream2-00046":{"qoeTotal":-14763.961620731832,"qoeBitrate":17850,"qoeRebuffer":1501.2000002861023,"qoeLatency":30429.6,"qoeBitrateSwitch":380,"qoePlaybackSpeed":303.161620445732},"chunk-stream2-00047":{"qoeTotal":-15183.761620731831,"qoeBitrate":18350,"qoeRebuffer":1501.2000002861023,"qoeLatency":31349.399999999998,"qoeBitrateSwitch":380,"qoePlaybackSpeed":303.161620445732},"chunk-stream3-00048":{"qoeTotal":-15005.36162073183,"qoeBitrate":19600,"qoeRebuffer":1501.2000002861023,"qoeLatency":32270.999999999996,"qoeBitrateSwitch":530,"qoePlaybackSpeed":303.161620445732},"chunk-stream3-00049":{"qoeTotal":-14678.16162073183,"qoeBitrate":20850,"qoeRebuffer":1501.2000002861023,"qoeLatency":33193.799999999996,"qoeBitrateSwitch":530,"qoePlaybackSpeed":303.161620445732}}