{"switchHistory":[{"start":8.69,"end":8.886966,"quality":{"mediaType":"video","bitrate":1000000,"width":640,"height":360,"scanType":null,"qualityIndex":2}},{"start":8.886966,"end":68.709114,"quality":{"mediaType":"video","bitrate":1000000,"width":640,"height":360,"scanType":null,"qualityIndex":2}}],"switchRequests":[],"stallDurationMs":254.29999995231628,"numStalls":1,"averageLatency":1.5394668246445502,"averageBufferLength":1.3949620853080564,"averageBitrate":999999.9999999999,"numSwitches":2,"averageBitrateVariations":0,"averagePlaybackRate":1.005519382262724,"averagePlaybackRateNonOne":1.0617167289377314}