{"chunk-stream2-00018":{"qoeTotal":-473.7282093024661,"qoeBitrate":500,"qoeRebuffer":0,"qoeLatency":940.8000000000001,"qoeBitrateSwitch":0,"qoePlaybackSpeed":32.928209302466},"init-stream5":{"qoeTotal":1099.7583366585682,"qoeBitrate":3500,"qoeRebuffer":0,"qoeLatency":1860,"qoeBitrateSwitch":500,"qoePlaybackSpeed":40.24166334143193},"chunk-stream5-00019":{"qoeTotal":3110.462065737272,"qoeBitrate":6500,"qoeRebuffer":0,"qoeLatency":2833.2,"qoeBitrateSwitch":500,"qoePlaybackSpeed":56.33793426272801},"chunk-stream5-00020":{"qoeTotal":5129.565794815976,"qoeBitrate":9500,"qoeRebuffer":0,"qoeLatency":3798,"qoeBitrateSwitch":500,"qoePlaybackSpeed":72.4342051840241},"chunk-stream5-00021":{"qoeTotal":7164.974711126394,"qoeBitrate":12500,"qoeRebuffer":0,"qoeLatency":4749.6,"qoeBitrateSwitch":500,"qoePlaybackSpeed":85.42528887360582},"chunk-stream5-00022":{"qoeTotal":9216.635166508491,"qoeBitrate":15500,"qoeRebuffer":0,"qoeLatency":5687.400000000001,"qoeBitrateSwitch":500,"qoePlaybackSpeed":95.96483349150716},"chunk-stream5-00023":{"qoeTotal":11277.80989813036,"qoeBitrate":18500,"qoeRebuffer":0,"qoeLatency":6619.8,"qoeBitrateSwitch":500,"qoePlaybackSpeed":102.39010186964131},"chunk-stream5-00024":{"qoeTotal":13359.80989813036,"qoeBitrate":21500,"qoeRebuffer":0,"qoeLatency":7537.8,"qoeBitrateSwitch":500,"qoePlaybackSpeed":102.39010186964131},"chunk-stream5-00025":{"qoeTotal":15433.409898130358,"qoeBitrate":24500,"qoeRebuffer":0,"qoeLatency":8464.2,"qoeBitrateSwitch":500,"qoePlaybackSpeed":102.39010186964131},"chunk-stream5-00026":{"qoeTotal":17516.60989813036,"qoeBitrate":27500,"qoeRebuffer":0,"qoeLatency":9381,"qoeBitrateSwitch":500,"qoePlaybackSpeed":102.39010186964131},"chunk-stream5-00027":{"qoeTotal":19600.409898130358,"qoeBitrate":30500,"qoeRebuffer":0,"qoeLatency":10297.2,"qoeBitrateSwitch":500,"qoePlaybackSpeed":102.39010186964131},"chunk-stream5-00028":{"qoeTotal":21684.209898130357,"qoeBitrate":33500,"qoeRebuffer":0,"qoeLatency":11213.400000000001,"qoeBitrateSwitch":500,"qoePlaybackSpeed":102.39010186964131},"chunk-stream5-00029":{"qoeTotal":23759.009898130356,"qoeBitrate":36500,"qoeRebuffer":0,"qoeLatency":12138.600000000002,"qoeBitrateSwitch":500,"qoePlaybackSpeed":102.39010186964131},"chunk-stream5-00030":{"qoeTotal":25835.009898130356,"qoeBitrate":39500,"qoeRebuffer":0,"qoeLatency":13062.600000000002,"qoeBitrateSwitch":500,"qoePlaybackSpeed":102.39010186964131},"chunk-stream5-00031":{"qoeTotal":27909.809898130356,"qoeBitrate":42500,"qoeRebuffer":0,"qoeLatency":13987.800000000003,"qoeBitrateSwitch":500,"qoePlaybackSpeed":102.39010186964131},"chunk-stream5-00032":{"qoeTotal":29953.205576890563,"qoeBitrate":45500,"qoeRebuffer":0,"qoeLatency":14931.000000000004,"qoeBitrateSwitch":500,"qoePlaybackSpeed":115.79442310943185},"init-stream3":{"qoeTotal":29903.801255650775,"qoeBitrate":46750,"qoeRebuffer":0,"qoeLatency":15867.000000000004,"qoeBitrateSwitch":850,"qoePlaybackSpeed":129.19874434922238},"chunk-stream3-00033":{"qoeTotal":30141.34964895761,"qoeBitrate":48000,"qoeRebuffer":0,"qoeLatency":16841.400000000005,"qoeBitrateSwitch":850,"qoePlaybackSpeed":167.25035104238611},"chunk-stream3-00034":{"qoeTotal":30403.42839720537,"qoeBitrate":49250,"qoeRebuffer":0,"qoeLatency":17821.200000000004,"qoeBitrateSwitch":850,"qoePlaybackSpeed":175.37160279462438},"chunk-stream3-00035":{"qoeTotal":30661.313776744963,"qoeBitrate":50500,"qoeRebuffer":0,"qoeLatency":18793.800000000003,"qoeBitrateSwitch":850,"qoePlaybackSpeed":194.88622325503425},"init-stream4":{"qoeTotal":31522.199156284554,"qoeBitrate":52500,"qoeRebuffer":0,"qoeLatency":19763.4,"qoeBitrateSwitch":1000,"qoePlaybackSpeed":214.40084371544413},"chunk-stream4-00036":{"qoeTotal":32544.902885363255,"qoeBitrate":54500,"qoeRebuffer":0,"qoeLatency":20724.600000000002,"qoeBitrateSwitch":1000,"qoePlaybackSpeed":230.4971146367402},"chunk-stream4-00037":{"qoeTotal":33592.96334074536,"qoeBitrate":56500,"qoeRebuffer":0,"qoeLatency":21666.000000000004,"qoeBitrateSwitch":1000,"qoePlaybackSpeed":241.03665925464156},"chunk-stream4-00038":{"qoeTotal":34642.82379612745,"qoeBitrate":58500,"qoeRebuffer":0,"qoeLatency":22605.600000000002,"qoeBitrateSwitch":1000,"qoePlaybackSpeed":251.57620387254292},"chunk-stream4-00039":{"qoeTotal":35709.11034208849,"qoeBitrate":60500,"qoeRebuffer":0,"qoeLatency":23532.000000000004,"qoeBitrateSwitch":1000,"qoePlaybackSpeed":258.88965791150883},"chunk-stream5-00040":{"qoeTotal":37594.11034208849,"qoeBitrate":63500,"qoeRebuffer":0,"qoeLatency":24447.000000000004,"qoeBitrateSwitch":1200,"qoePlaybackSpeed":258.88965791150883},"chunk-stream5-00041":{"qoeTotal":39670.11034208849,"qoeBitrate":66500,"qoeRebuffer":0,"qoeLatency":25371.000000000004,"qoeBitrateSwitch":1200,"qoePlaybackSpeed":258.88965791150883},"chunk-stream5-00042":{"qoeTotal":41755.11034208849,"qoeBitrate":69500,"qoeRebuffer":0,"qoeLatency":26286.000000000004,"qoeBitrateSwitch":1200,"qoePlaybackSpeed":258.88965791150883},"chunk-stream5-00043":{"qoeTotal":43833.510342088484,"qoeBitrate":72500,"qoeRebuffer":0,"qoeLatency":27207.600000000002,"qoeBitrateSwitch":1200,"qoePlaybackSpeed":258.88965791150883},"chunk-stream5-00044":{"qoeTotal":45910.71034208849,"qoeBitrate":75500,"qoeRebuffer":0,"qoeLatency":28130.4,"qoeBitrateSwitch":1200,"qoePlaybackSpeed":258.88965791150883},"chunk-stream5-00045":{"qoeTotal":47995.71034208849,"qoeBitrate":78500,"qoeRebuffer":0,"qoeLatency":29045.4,"qoeBitrateSwitch":1200,"qoePlaybackSpeed":258.88965791150883},"chunk-stream5-00046":{"qoeTotal":50073.510342088484,"qoeBitrate":81500,"qoeRebuffer":0,"qoeLatency":29967.600000000002,"qoeBitrateSwitch":1200,"qoePlaybackSpeed":258.88965791150883},"chunk-stream5-00047":{"qoeTotal":52150.11034208849,"qoeBitrate":84500,"qoeRebuffer":0,"qoeLatency":30891.000000000004,"qoeBitrateSwitch":1200,"qoePlaybackSpeed":258.88965791150883},"chunk-stream5-00048":{"qoeTotal":54227.31034208849,"qoeBitrate":87500,"qoeRebuffer":0,"qoeLatency":31813.800000000003,"qoeBitrateSwitch":1200,"qoePlaybackSpeed":258.88965791150883},"chunk-stream5-00049":{"qoeTotal":56312.31034208849,"qoeBitrate":90500,"qoeRebuffer":0,"qoeLatency":32728.800000000003,"qoeBitrateSwitch":1200,"qoePlaybackSpeed":258.88965791150883},"chunk-stream5-00050":{"qoeTotal":58397.31034208849,"qoeBitrate":93500,"qoeRebuffer":0,"qoeLatency":33643.8,"qoeBitrateSwitch":1200,"qoePlaybackSpeed":258.88965791150883},"chunk-stream5-00051":{"qoeTotal":60482.31034208849,"qoeBitrate":96500,"qoeRebuffer":0,"qoeLatency":34558.8,"qoeBitrateSwitch":1200,"qoePlaybackSpeed":258.88965791150883},"chunk-stream5-00052":{"qoeTotal":62560.11034208849,"qoeBitrate":99500,"qoeRebuffer":0,"qoeLatency":35481,"qoeBitrateSwitch":1200,"qoePlaybackSpeed":258.88965791150883},"chunk-stream5-00053":{"qoeTotal":64637.91034208849,"qoeBitrate":102500,"qoeRebuffer":0,"qoeLatency":36403.2,"qoeBitrateSwitch":1200,"qoePlaybackSpeed":258.88965791150883},"chunk-stream5-00054":{"qoeTotal":66715.7103420885,"qoeBitrate":105500,"qoeRebuffer":0,"qoeLatency":37325.399999999994,"qoeBitrateSwitch":1200,"qoePlaybackSpeed":258.88965791150883},"chunk-stream5-00055":{"qoeTotal":68800.7103420885,"qoeBitrate":108500,"qoeRebuffer":0,"qoeLatency":38240.399999999994,"qoeBitrateSwitch":1200,"qoePlaybackSpeed":258.88965791150883},"chunk-stream5-00056":{"qoeTotal":70885.7103420885,"qoeBitrate":111500,"qoeRebuffer":0,"qoeLatency":39155.399999999994,"qoeBitrateSwitch":1200,"qoePlaybackSpeed":258.88965791150883},"chunk-stream5-00057":{"qoeTotal":72959.9103420885,"qoeBitrate":114500,"qoeRebuffer":0,"qoeLatency":40081.2,"qoeBitrateSwitch":1200,"qoePlaybackSpeed":258.88965791150883},"chunk-stream5-00058":{"qoeTotal":75044.9103420885,"qoeBitrate":117500,"qoeRebuffer":0,"qoeLatency":40996.2,"qoeBitrateSwitch":1200,"qoePlaybackSpeed":258.88965791150883},"chunk-stream5-00059":{"qoeTotal":77119.7103420885,"qoeBitrate":120500,"qoeRebuffer":0,"qoeLatency":41921.399999999994,"qoeBitrateSwitch":1200,"qoePlaybackSpeed":258.88965791150883},"chunk-stream5-00060":{"qoeTotal":79193.9103420885,