{"chunk-stream2-00018":{"qoeTotal":-481.9215946107038,"qoeBitrate":500,"qoeRebuffer":0,"qoeLatency":945,"qoeBitrateSwitch":0,"qoePlaybackSpeed":36.92159461070379},"init-stream5":{"qoeTotal":1100.6784053892961,"qoeBitrate":3500,"qoeRebuffer":0,"qoeLatency":1862.4,"qoeBitrateSwitch":500,"qoePlaybackSpeed":36.92159461070379},"chunk-stream5-00019":{"qoeTotal":3114.6123542344035,"qoeBitrate":6500,"qoeRebuffer":0,"qoeLatency":2831.4,"qoeBitrateSwitch":500,"qoePlaybackSpeed":53.98764576559627},"chunk-stream5-00020":{"qoeTotal":5139.946303079511,"qoeBitrate":9500,"qoeRebuffer":0,"qoeLatency":3789,"qoeBitrateSwitch":500,"qoePlaybackSpeed":71.05369692048875},"chunk-stream5-00021":{"qoeTotal":7178.100252312569,"qoeBitrate":12500,"qoeRebuffer":0,"qoeLatency":4737,"qoeBitrateSwitch":500,"qoePlaybackSpeed":84.89974768743062},"chunk-stream5-00022":{"qoeTotal":9227.235479960473,"qoeBitrate":15500,"qoeRebuffer":0,"qoeLatency":5676.6,"qoeBitrateSwitch":500,"qoePlaybackSpeed":96.16452003952773},"chunk-stream5-00023":{"qoeTotal":11278.770707608375,"qoeBitrate":18500,"qoeRebuffer":0,"qoeLatency":6613.8,"qoeBitrateSwitch":500,"qoePlaybackSpeed":107.42929239162484},"chunk-stream5-00024":{"qoeTotal":13354.500965056548,"qoeBitrate":21500,"qoeRebuffer":0,"qoeLatency":7531.2,"qoeBitrateSwitch":500,"qoePlaybackSpeed":114.2990349434515},"chunk-stream5-00025":{"qoeTotal":15428.700965056549,"qoeBitrate":24500,"qoeRebuffer":0,"qoeLatency":8457,"qoeBitrateSwitch":500,"qoePlaybackSpeed":114.2990349434515},"chunk-stream5-00026":{"qoeTotal":17501.70096505655,"qoeBitrate":27500,"qoeRebuffer":0,"qoeLatency":9384,"qoeBitrateSwitch":500,"qoePlaybackSpeed":114.2990349434515},"chunk-stream5-00027":{"qoeTotal":19575.90096505655,"qoeBitrate":30500,"qoeRebuffer":0,"qoeLatency":10309.8,"qoeBitrateSwitch":500,"qoePlaybackSpeed":114.2990349434515},"chunk-stream5-00028":{"qoeTotal":21651.90096505655,"qoeBitrate":33500,"qoeRebuffer":0,"qoeLatency":11233.8,"qoeBitrateSwitch":500,"qoePlaybackSpeed":114.2990349434515},"chunk-stream5-00029":{"qoeTotal":23726.10096505655,"qoeBitrate":36500,"qoeRebuffer":0,"qoeLatency":12159.599999999999,"qoeBitrateSwitch":500,"qoePlaybackSpeed":114.2990349434515},"chunk-stream5-00030":{"qoeTotal":25797.90096505655,"qoeBitrate":39500,"qoeRebuffer":0,"qoeLatency":13087.8,"qoeBitrateSwitch":500,"qoePlaybackSpeed":114.2990349434515},"chunk-stream5-00031":{"qoeTotal":27872.70096505655,"qoeBitrate":42500,"qoeRebuffer":0,"qoeLatency":14013,"qoeBitrateSwitch":500,"qoePlaybackSpeed":114.2990349434515},"chunk-stream5-00032":{"qoeTotal":29910.0062560249,"qoeBitrate":45500,"qoeRebuffer":0,"qoeLatency":14958,"qoeBitrateSwitch":500,"qoePlaybackSpeed":131.9937439750998},"init-stream3":{"qoeTotal":29855.111546993252,"qoeBitrate":46750,"qoeRebuffer":0,"qoeLatency":15895.2,"qoeBitrateSwitch":850,"qoePlaybackSpeed":149.6884530067481},"chunk-stream3-00033":{"qoeTotal":30083.155830371466,"qoeBitrate":48000,"qoeRebuffer":0,"qoeLatency":16876.2,"qoeBitrateSwitch":850,"qoePlaybackSpeed":190.64416962853429},"chunk-stream3-00034":{"qoeTotal":30339.241209911055,"qoeBitrate":49250,"qoeRebuffer":0,"qoeLatency":17850.600000000002,"qoeBitrateSwitch":850,"qoePlaybackSpeed":210.15879008894416},"chunk-stream3-00035":{"qoeTotal":30609.313121150877,"qoeBitrate":50500,"qoeRebuffer":0,"qoeLatency":18813.600000000002,"qoeBitrateSwitch":850,"qoePlaybackSpeed":227.08687884912223},"init-stream4":{"qoeTotal":31481.7850323907,"qoeBitrate":52500,"qoeRebuffer":0,"qoeLatency":19774.2,"qoeBitrateSwitch":1000,"qoePlaybackSpeed":244.0149676093003},"chunk-stream4-00036":{"qoeTotal":32521.138981623757,"qoeBitrate":54500,"qoeRebuffer":0,"qoeLatency":20721,"qoeBitrateSwitch":1000,"qoePlaybackSpeed":257.86101837624216},"chunk-stream4-00037":{"qoeTotal":33574.01898962927,"qoeBitrate":56500,"qoeRebuffer":0,"qoeLatency":21657,"qoeBitrateSwitch":1000,"qoePlaybackSpeed":268.9810103707305},"chunk-stream4-00038":{"qoeTotal":34638.67344275656,"qoeBitrate":58500,"qoeRebuffer":0,"qoeLatency":22584,"qoeBitrateSwitch":1000,"qoePlaybackSpeed":277.32655724343795},"chunk-stream4-00039":{"qoeTotal":35714.07344275656,"qoeBitrate":60500,"qoeRebuffer":0,"qoeLatency":23508.6,"qoeBitrateSwitch":1000,"qoePlaybackSpeed":277.32655724343795},"chunk-stream5-00040":{"qoeTotal":37598.47344275656,"qoeBitrate":63500,"qoeRebuffer":0,"qoeLatency":24424.199999999997,"qoeBitrateSwitch":1200,"qoePlaybackSpeed":277.32655724343795},"chunk-stream5-00041":{"qoeTotal":39669.67344275656,"qoeBitrate":66500,"qoeRebuffer":0,"qoeLatency":25352.999999999996,"qoeBitrateSwitch":1200,"qoePlaybackSpeed":277.32655724343795},"chunk-stream5-00042":{"qoeTotal":41754.07344275657,"qoeBitrate":69500,"qoeRebuffer":0,"qoeLatency":26268.599999999995,"qoeBitrateSwitch":1200,"qoePlaybackSpeed":277.32655724343795},"chunk-stream5-00043":{"qoeTotal":43838.47344275656,"qoeBitrate":72500,"qoeRebuffer":0,"qoeLatency":27184.199999999993,"qoeBitrateSwitch":1200,"qoePlaybackSpeed":277.32655724343795},"chunk-stream5-00044":{"qoeTotal":45922.27344275657,"qoeBitrate":75500,"qoeRebuffer":0,"qoeLatency":28100.399999999994,"qoeBitrateSwitch":1200,"qoePlaybackSpeed":277.32655724343795},"chunk-stream5-00045":{"qoeTotal":48006.07344275657,"qoeBitrate":78500,"qoeRebuffer":0,"qoeLatency":29016.599999999995,"qoeBitrateSwitch":1200,"qoePlaybackSpeed":277.32655724343795},"chunk-stream5-00046":{"qoeTotal":50089.873442756565,"qoeBitrate":81500,"qoeRebuffer":0,"qoeLatency":29932.799999999996,"qoeBitrateSwitch":1200,"qoePlaybackSpeed":277.32655724343795},"chunk-stream5-00047":{"qoeTotal":52173.67344275656,"qoeBitrate":84500,"qoeRebuffer":0,"qoeLatency":30848.999999999996,"qoeBitrateSwitch":1200,"qoePlaybackSpeed":277.32655724343795},"chunk-stream5-00048":{"qoeTotal":54249.07344275657,"qoeBitrate":87500,"qoeRebuffer":0,"qoeLatency":31773.599999999995,"qoeBitrateSwitch":1200,"qoePlaybackSpeed":277.32655724343795},"chunk-stream5-00049":{"qoeTotal":56332.873442756565,"qoeBitrate":90500,"qoeRebuffer":0,"qoeLatency":32689.799999999996,"qoeBitrateSwitch":1200,"qoePlaybackSpeed":277.32655724343795},"chunk-stream5-00050":{"qoeTotal":58417.27344275657,"qoeBitrate":93500,"qoeRebuffer":0,"qoeLatency":33605.399999999994,"qoeBitrateSwitch":1200,"qoePlaybackSpeed":277.32655724343795},"chunk-stream5-00051":{"qoeTotal":60501.67344275657,"qoeBitrate":96500,"qoeRebuffer":0,"qoeLatency":34520.99999999999,"qoeBitrateSwitch":1200,"qoePlaybackSpeed":277.32655724343795},"chunk-stream5-00052":{"qoeTotal":62586.07344275657,"qoeBitrate":99500,"qoeRebuffer":0,"qoeLatency":35436.59999999999,"qoeBitrateSwitch":1200,"qoePlaybackSpeed":277.32655724343795},"chunk-stream5-00053":{"qoeTotal":64670.47344275657,"qoeBitrate":102500,"qoeRebuffer":0,"qoeLatency":36352.19999999999,"qoeBitrateSwitch":1200,"qoePlaybackSpeed":277.32655724343795},"chunk-stream5-00054":{"qoeTotal":66746.47344275659,"qoeBitrate":105500,"qoeRebuffer":0,"qoeLatency":37276.19999999999,"qoeBitrateSwitch":1200,"qoePlaybackSpeed":277.32655724343795},"chunk-stream5-00055":{"qoeTotal":68830.87344275658,"qoeBitrate":108500,"qoeRebuffer":0,"qoeLatency":38191.79999999999,"qoeBitrateSwitch":1200,"qoePlaybackSpeed":277.32655724343795},"chunk-stream5-00056":{"qoeTotal":70914.67344275658,"qoeBitrate":111500,"qoeRebuffer":0,"qoeLatency":39107.999999999985,"qoeBitrateSwitch":1200,"qoePlaybackSpeed":277.32655724343795},"chunk-stream5-00057":{"qoeTotal":72998.47344275659,"qoeBitrate":114500,"qoeRebuffer":0,"qoeLatency":40024.19999999998,"qoeBitrateSwitch":1200,"qoePlaybackSpeed":277.32655724343795},"chunk-stream5-00058":{"qoeTotal":75082.27344275659,"qoeBitrate":117500,"qoeRebuffer":0,"qoeLatency":40940.39999999998,"qoeBitrateSwitch":1200,"qoePlaybackSpeed":277.32655724343795},"chunk-stream5-00059":{"qoeTotal":77157.6734427566,"qoeBitrate":120500,"qoeRebuffer":0,"qoeLatency":41864.99999999998,"qoeBitrateSwitch":1200,"qoePlaybackSpeed":277.32655724343795},"chunk-stream5-00060":{"qoeTotal":79229.47344275659,"qoeBitrate":123500,"qoeRebuffer":0,"qoeLatency":42793.199999999975,