{"switchHistory":[{"start":8.6945,"end":8.888592,"quality":{"mediaType":"video","bitrate":1000000,"width":640,"height":360,"scanType":null,"qualityIndex":2}},{"start":8.888592,"end":68.714016,"quality":{"mediaType":"video","bitrate":1000000,"width":640,"height":360,"scanType":null,"qualityIndex":2}}],"switchRequests":[],"stallDurationMs":251.79999995231628,"numStalls":1,"averageLatency":1.5382174940898348,"averageBufferLength":1.3878037825059097,"averageBitrate":1000000.0000000001,"numSwitches":2,"averageBitrateVariations":0,"averagePlaybackRate":1.002670762169701,"averagePlaybackRateNonOne":1.029863976988475}