{"chunk-stream2-00018":{"qoeTotal":-611.2748024502168,"qoeBitrate":500,"qoeRebuffer":0,"qoeLatency":1063.2,"qoeBitrateSwitch":0,"qoePlaybackSpeed":48.07480245021682},"init-stream3":{"qoeTotal":-2696.5309444100926,"qoeBitrate":1750,"qoeRebuffer":0,"qoeLatency":4219.2,"qoeBitrateSwitch":150,"qoePlaybackSpeed":77.33094441009283},"chunk-stream3-00019":{"qoeTotal":-4290.4391402179335,"qoeBitrate":3000,"qoeRebuffer":1575,"qoeLatency":5448.599999999999,"qoeBitrateSwitch":150,"qoePlaybackSpeed":116.83914021793409},"chunk-stream3-00020":{"qoeTotal":-6078.229054996275,"qoeBitrate":4250,"qoeRebuffer":3136.2000000178814,"qoeLatency":6878.999999999999,"qoeBitrateSwitch":150,"qoePlaybackSpeed":163.02905497839512},"chunk-stream3-00021":{"qoeTotal":-9715.633019139,"qoeBitrate":5500,"qoeRebuffer":6268.799999982119,"qoeLatency":8596.8,"qoeBitrateSwitch":150,"qoePlaybackSpeed":200.03301915688323},"init-stream2":{"qoeTotal":-11912.80001475559,"qoeBitrate":6000,"qoeRebuffer":6268.799999982119,"qoeLatency":11098.199999999999,"qoeBitrateSwitch":300,"qoePlaybackSpeed":245.80001477347258},"chunk-stream2-00022":{"qoeTotal":-13174.139113700567,"qoeBitrate":6500,"qoeRebuffer":6268.799999982119,"qoeLatency":12842.999999999998,"qoeBitrateSwitch":300,"qoePlaybackSpeed":262.3391137184507},"chunk-stream3-00023":{"qoeTotal":-13869.572648517757,"qoeBitrate":7750,"qoeRebuffer":6268.799999982119,"qoeLatency":14618.399999999998,"qoeBitrateSwitch":450,"qoePlaybackSpeed":282.37264853563994},"chunk-stream3-00024":{"qoeTotal":-14443.55089976301,"qoeBitrate":9000,"qoeRebuffer":6268.799999982119,"qoeLatency":16430.399999999998,"qoeBitrateSwitch":450,"qoePlaybackSpeed":294.3508997808922},"chunk-stream3-00025":{"qoeTotal":-15057.026583931514,"qoeBitrate":10250,"qoeRebuffer":6268.799999982119,"qoeLatency":18272.399999999998,"qoeBitrateSwitch":450,"qoePlaybackSpeed":315.826583949398},"chunk-stream3-00026":{"qoeTotal":-15700.593489502717,"qoeBitrate":11500,"qoeRebuffer":6268.799999982119,"qoeLatency":20154.6,"qoeBitrateSwitch":450,"qoePlaybackSpeed":327.19348952059994},"chunk-stream3-00027":{"qoeTotal":-16380.162748563014,"qoeBitrate":12750,"qoeRebuffer":6268.799999982119,"qoeLatency":22063.199999999997,"qoeBitrateSwitch":450,"qoePlaybackSpeed":348.1627485808986},"init-stream4":{"qoeTotal":-17594.362745667964,"qoeBitrate":14750,"qoeRebuffer":6268.799999982119,"qoeLatency":25067.399999999998,"qoeBitrateSwitch":600,"qoePlaybackSpeed":408.16274568584885},"chunk-stream4-00028":{"qoeTotal":-17597.409581167103,"qoeBitrate":16750,"qoeRebuffer":6268.799999982119,"qoeLatency":27038.999999999996,"qoeBitrateSwitch":600,"qoePlaybackSpeed":439.60958118498917},"chunk-stream3-00029":{"qoeTotal":-18533.55741649487,"qoeBitrate":18000,"qoeRebuffer":6268.799999982119,"qoeLatency":29056.799999999996,"qoeBitrateSwitch":750,"qoePlaybackSpeed":457.95741651275546},"chunk-stream3-00030":{"qoeTotal":-19357.12450632605,"qoeBitrate":19250,"qoeRebuffer":6268.799999982119,"qoeLatency":31112.999999999996,"qoeBitrateSwitch":750,"qoePlaybackSpeed":475.3245063439372},"chunk-stream3-00031":{"qoeTotal":-20221.96500558415,"qoeBitrate":20500,"qoeRebuffer":6268.799999982119,"qoeLatency":33207,"qoeBitrateSwitch":750,"qoePlaybackSpeed":496.16500560203156},"chunk-stream3-00032":{"qoeTotal":-21140.265394877224,"qoeBitrate":21750,"qoeRebuffer":6268.799999982119,"qoeLatency":35343,"qoeBitrateSwitch":750,"qoePlaybackSpeed":528.4653948951038},"chunk-stream3-00033":{"qoeTotal":-22122.999048045207,"qoeBitrate":23000,"qoeRebuffer":6268.799999982119,"qoeLatency":37540.2,"qoeBitrateSwitch":750,"qoePlaybackSpeed":563.9990480630927},"chunk-stream3-00034":{"qoeTotal":-23136.543725373856,"qoeBitrate":24250,"qoeRebuffer":6268.799999982119,"qoeLatency":39783,"qoeBitrateSwitch":750,"qoePlaybackSpeed":584.7437253917386},"chunk-stream3-00035":{"qoeTotal":-24185.067016813755,"qoeBitrate":25500,"qoeRebuffer":6268.799999982119,"qoeLatency":42067.8,"qoeBitrateSwitch":750,"qoePlaybackSpeed":598.4670168316347},"chunk-stream3-00036":{"qoeTotal":-25280.48252978415,"qoeBitrate":26750,"qoeRebuffer":6268.799999982119,"qoeLatency":44389.8,"qoeBitrateSwitch":750,"qoePlaybackSpeed":621.8825298020257},"chunk-stream3-00037":{"qoeTotal":-26436.167462005484,"qoeBitrate":28000,"qoeRebuffer":6268.799999982119,"qoeLatency":46769.4,"qoeBitrateSwitch":750,"qoePlaybackSpeed":647.9674620233629},"chunk-stream3-00038":{"qoeTotal":-27669.34745897449,"qoeBitrate":29250,"qoeRebuffer":6268.799999982119,"qoeLatency":49216.8,"qoeBitrateSwitch":750,"qoePlaybackSpeed":683.7474589923712},"chunk-stream3-00039":{"qoeTotal":-30529.492967352173,"qoeBitrate":30500,"qoeRebuffer":7820.999999910593,"qoeLatency":51740.4,"qoeBitrateSwitch":750,"qoePlaybackSpeed":718.09296744158},"chunk-stream3-00040":{"qoeTotal":-31900.059044682548,"qoeBitrate":31750,"qoeRebuffer":7820.999999910593,"qoeLatency":54326.4,"qoeBitrateSwitch":750,"qoePlaybackSpeed":752.659044771955},"chunk-stream3-00041":{"qoeTotal":-33347.083942447694,"qoeBitrate":33000,"qoeRebuffer":7820.999999910593,"qoeLatency":56986.8,"qoeBitrateSwitch":750,"qoePlaybackSpeed":789.2839425370961},"chunk-stream3-00042":{"qoeTotal":-34845.421813675115,"qoeBitrate":34250,"qoeRebuffer":7820.999999910593,"qoeLatency":59697.600000000006,"qoeBitrateSwitch":750,"qoePlaybackSpeed":826.8218137645148},"chunk-stream3-00043":{"qoeTotal":-36367.48753902504,"qoeBitrate":35500,"qoeRebuffer":7820.999999910593,"qoeLatency":62448.00000000001,"qoeBitrateSwitch":750,"qoePlaybackSpeed":848.4875391144349},"chunk-stream3-00044":{"qoeTotal":-37895.44826476745,"qoeBitrate":36750,"qoeRebuffer":7820.999999910593,"qoeLatency":65216.40000000001,"qoeBitrateSwitch":750,"qoePlaybackSpeed":858.0482648568496},"chunk-stream3-00045":{"qoeTotal":-39466.27702981576,"qoeBitrate":38000,"qoeRebuffer":7820.999999910593,"qoeLatency":68016.6,"qoeBitrateSwitch":750,"qoePlaybackSpeed":878.6770299051628},"chunk-stream3-00046":{"qoeTotal":-41028.91352211525,"qoeBitrate":39250,"qoeRebuffer":7820.999999910593,"qoeLatency":70828.8,"qoeBitrateSwitch":750,"qoePlaybackSpeed":879.1135222046474},"chunk-stream3-00047":{"qoeTotal":-42619.313507775965,"qoeBitrate":40500,"qoeRebuffer":7820.999999910593,"qoeLatency":73609.2,"qoeBitrateSwitch":750,"qoePlaybackSpeed":939.1135078653738},"chunk-stream3-00048":{"qoeTotal":-44143.11349343669,"qoeBitrate":41750,"qoeRebuffer":7820.999999910593,"qoeLatency":76323,"qoeBitrateSwitch":750,"qoePlaybackSpeed":999.1134935261001},"chunk-stream4-00049":{"qoeTotal":-47894.713493418814,"qoeBitrate":43750,"qoeRebuffer":10630.799999892712,"qoeLatency":79114.8,"qoeBitrateSwitch":900,"qoePlaybackSpeed":999.1134935261001},"chunk-stream3-00050":{"qoeTotal":-53370.97001653953,"qoeBitrate":45000,"qoeRebuffer":14080.199999928474,"qoeLatency":82194.6,"qoeBitrateSwitch":1050,"qoePlaybackSpeed":1046.1700166110525},"chunk-stream3-00051":{"qoeTotal":-58636.882909451815,"qoeBitrate":46250,"qoeRebuffer":17227.199999928474,"qoeLatency":85515.6,"qoeBitrateSwitch":1050,"qoePlaybackSpeed":1094.0829095233328},"chunk-stream2-00052":{"qoeTotal":-61663.43425563799,"qoeBitrate":46750,"qoeRebuffer":17227.199999928474,"qoeLatency":88868.40000000001,"qoeBitrateSwitch":1200,"qoePlaybackSpeed":1117.834255709508},"chunk-stream3-00053":{"qoeTotal":-65574.02297449976,"qoeBitrate":48000,"qoeRebuffer":18783.59999987483,"qoeLatency":92293.8,"qoeBitrateSwitch":1350,"qoePlaybackSpeed":1146.6229746249305},"chunk-stream3-00054":{"qoeTotal":-69536.39600404828,"qoeBitrate":49250,"qoeRebuffer":20377.199999839067,"qoeLatency":95878.2,"qoeBitrateSwitch":1350,"qoePlaybackSpeed":1180.9960042092166},"chunk-stream3-00055":{"qoeTotal":-74180.79600401252,"qoeBitrate":50500,"qoeRebuffer":21964.799999803305,"qoeLatency":100185,"qoeBitrateSwitch":1350,"qoePlaybackSpeed":1180.9960042092166},"chunk-stream3-00056":{"qoeTotal":-94903.47891281241,"qoeBitrate":51750,"qoeRebuffer":38567.999999821186,"qoeLatency":105506.4,"qoeBitrateSwitch":1350,"qoePlaybackSpeed":1229.0789129912368},"chunk-stream2-00057":{"qoeTotal":-103654.34676200798,