{"chunk-stream2-00018":{"qoeTotal":-1032.7557251939206,"qoeBitrate":500,"qoeRebuffer":0,"qoeLatency":1482.6000000000001,"qoeBitrateSwitch":0,"qoePlaybackSpeed":50.15572519392049},"init-stream1":{"qoeTotal":-5297.861627583985,"qoeBitrate":800,"qoeRebuffer":0,"qoeLatency":5962.8,"qoeBitrateSwitch":40,"qoePlaybackSpeed":95.06162758398517},"chunk-stream1-00019":{"qoeTotal":-10593.604874744138,"qoeBitrate":1100,"qoeRebuffer":3843.5999999642368,"qoeLatency":7678.200000000001,"qoeBitrateSwitch":40,"qoePlaybackSpeed":131.80487477990022},"chunk-stream1-00020":{"qoeTotal":-13728.679482411608,"qoeBitrate":1400,"qoeRebuffer":5417.399999946356,"qoeLatency":9499.800000000001,"qoeBitrateSwitch":40,"qoePlaybackSpeed":171.47948246525047},"chunk-stream1-00021":{"qoeTotal":-16960.407661404242,"qoeBitrate":1700,"qoeRebuffer":6930,"qoeLatency":11477.400000000001,"qoeBitrateSwitch":40,"qoePlaybackSpeed":213.00766140424275},"chunk-stream1-00022":{"qoeTotal":-20354.23945257711,"qoeBitrate":2000,"qoeRebuffer":8441.400000035763,"qoeLatency":13618.2,"qoeBitrateSwitch":40,"qoePlaybackSpeed":254.63945254134558},"chunk-stream1-00023":{"qoeTotal":-23881.00884263746,"qoeBitrate":2300,"qoeRebuffer":9941.400000035763,"qoeLatency":15900,"qoeBitrateSwitch":40,"qoePlaybackSpeed":299.6088426016989},"init-stream2":{"qoeTotal":-31585.22790100862,"qoeBitrate":2800,"qoeRebuffer":9941.400000035763,"qoeLatency":24018.6,"qoeBitrateSwitch":80,"qoePlaybackSpeed":345.22790097285827},"chunk-stream2-00024":{"qoeTotal":-33467.40144148632,"qoeBitrate":3300,"qoeRebuffer":9941.400000035763,"qoeLatency":26360.399999999998,"qoeBitrateSwitch":80,"qoePlaybackSpeed":385.60144145056415},"chunk-stream2-00025":{"qoeTotal":-35387.541242341766,"qoeBitrate":3800,"qoeRebuffer":9941.400000035763,"qoeLatency":28747.8,"qoeBitrateSwitch":80,"qoePlaybackSpeed":418.3412423059988},"chunk-stream2-00026":{"qoeTotal":-37363.39337595425,"qoeBitrate":4300,"qoeRebuffer":9941.400000035763,"qoeLatency":31184.399999999998,"qoeBitrateSwitch":80,"qoePlaybackSpeed":457.59337591849345},"chunk-stream2-00027":{"qoeTotal":-39396.062943562305,"qoeBitrate":4800,"qoeRebuffer":9941.400000035763,"qoeLatency":33676.799999999996,"qoeBitrateSwitch":80,"qoePlaybackSpeed":497.8629435265495},"chunk-stream2-00028":{"qoeTotal":-43189.70012462346,"qoeBitrate":5300,"qoeRebuffer":11506.200000107288,"qoeLatency":36366.6,"qoeBitrateSwitch":80,"qoePlaybackSpeed":536.9001245161703},"chunk-stream2-00029":{"qoeTotal":-47138.298381166634,"qoeBitrate":5800,"qoeRebuffer":13039.200000107288,"qoeLatency":39246.6,"qoeBitrateSwitch":80,"qoePlaybackSpeed":572.4983810593469},"chunk-stream2-00030":{"qoeTotal":-51233.919169917965,"qoeBitrate":6300,"qoeRebuffer":14548.800000071526,"qoeLatency":42295.2,"qoeBitrateSwitch":80,"qoePlaybackSpeed":609.9191698464449},"chunk-stream2-00031":{"qoeTotal":-55523.549926605796,"qoeBitrate":6800,"qoeRebuffer":16050.600000053644,"qoeLatency":45539.399999999994,"qoeBitrateSwitch":80,"qoePlaybackSpeed":653.5499265521576},"chunk-stream2-00032":{"qoeTotal":-66492.74220617852,"qoeBitrate":7300,"qoeRebuffer":23661.600000053644,"qoeLatency":49349.99999999999,"qoeBitrateSwitch":80,"qoePlaybackSpeed":701.1422061248697},"chunk-stream2-00033":{"qoeTotal":-79206.86806559024,"qoeBitrate":7800,"qoeRebuffer":32355.000000089407,"qoeLatency":53822.99999999999,"qoeBitrateSwitch":80,"qoePlaybackSpeed":748.8680655008327},"chunk-stream1-00034":{"qoeTotal":-86659.12236548391,"qoeBitrate":8100,"qoeRebuffer":35401.20000010729,"qoeLatency":58442.99999999999,"qoeBitrateSwitch":120,"qoePlaybackSpeed":794.9223653766261},"chunk-stream1-00035":{"qoeTotal":-92783.46560930098,"qoeBitrate":8400,"qoeRebuffer":36953.40000012517,"qoeLatency":63271.799999999996,"qoeBitrateSwitch":120,"qoePlaybackSpeed":838.2656091758305},"chunk-stream1-00036":{"qoeTotal":-99083.30029851141,"qoeBitrate":8700,"qoeRebuffer":38464.80000016093,"qoeLatency":68317.2,"qoeBitrateSwitch":120,"qoePlaybackSpeed":881.3002983504906},"chunk-stream1-00037":{"qoeTotal":-105518.09304781216,"qoeBitrate":9000,"qoeRebuffer":40026.00000008941,"qoeLatency":73458,"qoeBitrateSwitch":120,"qoePlaybackSpeed":914.0930477227563},"chunk-stream1-00038":{"qoeTotal":-110446.25696626137,"qoeBitrate":9300,"qoeRebuffer":40026.00000008941,"qoeLatency":78648,"qoeBitrateSwitch":120,"qoePlaybackSpeed":952.2569661719563},"chunk-stream2-00039":{"qoeTotal":-116865.38865838926,"qoeBitrate":9800,"qoeRebuffer":41592.00000008941,"qoeLatency":83917.2,"qoeBitrateSwitch":160,"qoePlaybackSpeed":996.1886582998602},"chunk-stream2-00040":{"qoeTotal":-123311.16611815424,"qoeBitrate":10300,"qoeRebuffer":43108.80000016093,"qoeLatency":89301,"qoeBitrateSwitch":160,"qoePlaybackSpeed":1041.36611799331},"chunk-stream2-00041":{"qoeTotal":-129225.54101509742,"qoeBitrate":10800,"qoeRebuffer":44007.60000014305,"qoeLatency":94771.2,"qoeBitrateSwitch":160,"qoePlaybackSpeed":1086.7410149543718},"chunk-stream2-00042":{"qoeTotal":-135872.07434751125,"qoeBitrate":11300,"qoeRebuffer":45586.800000071526,"qoeLatency":100299,"qoeBitrateSwitch":160,"qoePlaybackSpeed":1126.2743474397219},"chunk-stream2-00043":{"qoeTotal":-140968.7512087184,"qoeBitrate":11800,"qoeRebuffer":45586.800000071526,"qoeLatency":105874.2,"qoeBitrateSwitch":160,"qoePlaybackSpeed":1147.7512086468694},"chunk-stream2-00044":{"qoeTotal":-146112.11292816667,"qoeBitrate":12300,"qoeRebuffer":45586.800000071526,"qoeLatency":111488.4,"qoeBitrateSwitch":160,"qoePlaybackSpeed":1176.912928095146},"chunk-stream2-00045":{"qoeTotal":-151289.3522549216,"qoeBitrate":12800,"qoeRebuffer":45586.800000071526,"qoeLatency":117146.4,"qoeBitrateSwitch":160,"qoePlaybackSpeed":1196.1522548500748},"chunk-stream2-00046":{"qoeTotal":-156510.99149768258,"qoeBitrate":13300,"qoeRebuffer":45586.800000071526,"qoeLatency":122852.4,"qoeBitrateSwitch":160,"qoePlaybackSpeed":1211.7914976110587},"chunk-stream2-00047":{"qoeTotal":-161805.28132806206,"qoeBitrate":13800,"qoeRebuffer":45586.800000071526,"qoeLatency":128608.79999999999,"qoeBitrateSwitch":160,"qoePlaybackSpeed":1249.6813279905384},"chunk-stream2-00048":{"qoeTotal":-168844.68873074185,"qoeBitrate":14300,"qoeRebuffer":47173.800000071526,"qoeLatency":134524.8,"qoeBitrateSwitch":160,"qoePlaybackSpeed":1286.0887306703503},"chunk-stream2-00049":{"qoeTotal":-176176.62257455583,"qoeBitrate":14800,"qoeRebuffer":48803.40000003576,"qoeLatency":140681.4,"qoeBitrateSwitch":160,"qoePlaybackSpeed":1331.8225745200764},"chunk-stream2-00050":{"qoeTotal":-186875.62257455583,"qoeBitrate":15300,"qoeRebuffer":53411.40000003576,"qoeLatency":147272.4,"qoeBitrateSwitch":160,"qoePlaybackSpeed":1331.8225745200764},"chunk-stream2-00051":{"qoeTotal":-197110.81345567736,"qoeBitrate":15800,"qoeRebuffer":57158.40000003576,"qoeLatency":154213.19999999998,"qoeBitrateSwitch":160,"qoePlaybackSpeed":1379.2134556416065},"chunk-stream2-00052":{"qoeTotal":-206900.14340658247,"qoeBitrate":16300,"qoeRebuffer":60263.40000003576,"qoeLatency":161355.59999999998,"qoeBitrateSwitch":160,"qoePlaybackSpeed":1421.1434065467365},"chunk-stream2-00053":{"qoeTotal":-213815.3736645821,"qoeBitrate":16800,"qoeRebuffer":60263.40000003576,"qoeLatency":168723.59999999998,"qoeBitrateSwitch":160,"qoePlaybackSpeed":1468.3736645463475},"chunk-stream2-00054":{"qoeTotal":-225613.5836596466,"qoeBitrate":17300,"qoeRebuffer":64950.600000053644,"qoeLatency":176287.19999999998,"qoeBitrateSwitch":160,"qoePlaybackSpeed":1515.7836595929723},"chunk-stream2-00055":{"qoeTotal":-236606.25499764006,"qoeBitrate":17800,"qoeRebuffer":68127.60000005364,"qoeLatency":184565.4,"qoeBitrateSwitch":160,"qoePlaybackSpeed":1553.2549975864154},"chunk-stream2-00080":{"qoeTotal":-245054.65499764006,"qoeBitrate":18300,"qoeRebuffer":68127.60000005364,"qoeLatency":193513.8,"qoeBitrateSwitch":160,"qoePlaybackSpeed":1553.2549975864154},"chunk-stream2-00081":{"qoeTotal":-254851.1683482473,"qoeBitrate":18800,"qoeRebuffer":76555.20000001788,"qoeLatency":195337.19999999998,"qoeBitrateSwitch":160,"qoePlaybackSpeed":1598.7683482294362},