{"chunk-stream2-00018":{"qoeTotal":-536.3973335454224,"qoeBitrate":500,"qoeRebuffer":0,"qoeLatency":987.5999999999999,"qoeBitrateSwitch":0,"qoePlaybackSpeed":48.797333545422525},"init-stream5":{"qoeTotal":-746.8116513544,"qoeBitrate":3500,"qoeRebuffer":0,"qoeLatency":3669.6,"qoeBitrateSwitch":500,"qoePlaybackSpeed":77.21165135440017},"chunk-stream5-00019":{"qoeTotal":-484.4784349044553,"qoeBitrate":6500,"qoeRebuffer":1543.7999999821184,"qoeLatency":4820.4,"qoeBitrateSwitch":500,"qoePlaybackSpeed":120.27843492233707},"init-stream4":{"qoeTotal":-2337.863206259822,"qoeBitrate":8500,"qoeRebuffer":1543.7999999821184,"qoeLatency":8440.8,"qoeBitrateSwitch":700,"qoePlaybackSpeed":153.26320627770443},"chunk-stream4-00020":{"qoeTotal":-3255.370454282854,"qoeBitrate":10500,"qoeRebuffer":3098.399999946356,"qoeLatency":9769.8,"qoeBitrateSwitch":700,"qoePlaybackSpeed":187.17045433649895},"chunk-stream4-00021":{"qoeTotal":-4220.724512543182,"qoeBitrate":12500,"qoeRebuffer":4630.199999928474,"qoeLatency":11170.199999999999,"qoeBitrateSwitch":700,"qoePlaybackSpeed":220.32451261470808},"chunk-stream4-00022":{"qoeTotal":-3723.122857976113,"qoeBitrate":14500,"qoeRebuffer":4630.199999928474,"qoeLatency":12641.999999999998,"qoeBitrateSwitch":700,"qoePlaybackSpeed":250.92285804764066},"chunk-stream4-00023":{"qoeTotal":-3287.531666543312,"qoeBitrate":16500,"qoeRebuffer":4630.199999928474,"qoeLatency":14166.599999999999,"qoeBitrateSwitch":700,"qoePlaybackSpeed":290.7316666148389},"chunk-stream4-00024":{"qoeTotal":-2910.8470161219625,"qoeBitrate":18500,"qoeRebuffer":4630.199999928474,"qoeLatency":15752.999999999998,"qoeBitrateSwitch":700,"qoePlaybackSpeed":327.6470161934898},"chunk-stream4-00025":{"qoeTotal":-2586.049166439846,"qoeBitrate":20500,"qoeRebuffer":4630.199999928474,"qoeLatency":17398.8,"qoeBitrateSwitch":700,"qoePlaybackSpeed":357.04916651137216},"chunk-stream4-00026":{"qoeTotal":-2334.822203286379,"qoeBitrate":22500,"qoeRebuffer":4630.199999928474,"qoeLatency":19111.8,"qoeBitrateSwitch":700,"qoePlaybackSpeed":392.8222033579053},"chunk-stream4-00027":{"qoeTotal":-2159.780006156784,"qoeBitrate":24500,"qoeRebuffer":4630.199999928474,"qoeLatency":20892.6,"qoeBitrateSwitch":700,"qoePlaybackSpeed":436.9800062283109},"chunk-stream4-00028":{"qoeTotal":-3557.8088327746705,"qoeBitrate":26500,"qoeRebuffer":6154.799999982119,"qoeLatency":22733.399999999998,"qoeBitrateSwitch":700,"qoePlaybackSpeed":469.6088327925542},"chunk-stream4-00029":{"qoeTotal":-5089.259074001762,"qoeBitrate":28500,"qoeRebuffer":7733.400000035763,"qoeLatency":24658.8,"qoeBitrateSwitch":700,"qoePlaybackSpeed":497.05907396600026},"chunk-stream4-00030":{"qoeTotal":-5107.17474923547,"qoeBitrate":30500,"qoeRebuffer":7733.400000035763,"qoeLatency":26644.8,"qoeBitrateSwitch":700,"qoePlaybackSpeed":528.9747491997074},"chunk-stream4-00031":{"qoeTotal":-5185.325107034193,"qoeBitrate":32500,"qoeRebuffer":7733.400000035763,"qoeLatency":28687.8,"qoeBitrateSwitch":700,"qoePlaybackSpeed":564.1251069984306},"chunk-stream4-00032":{"qoeTotal":-5320.320295163079,"qoeBitrate":34500,"qoeRebuffer":7733.400000035763,"qoeLatency":30799.2,"qoeBitrateSwitch":700,"qoePlaybackSpeed":587.720295127316},"chunk-stream4-00033":{"qoeTotal":-5535.647536377423,"qoeBitrate":36500,"qoeRebuffer":7733.400000035763,"qoeLatency":32973,"qoeBitrateSwitch":700,"qoePlaybackSpeed":629.2475363416605},"chunk-stream4-00034":{"qoeTotal":-5792.926412530957,"qoeBitrate":38500,"qoeRebuffer":7733.400000035763,"qoeLatency":35202.6,"qoeBitrateSwitch":700,"qoePlaybackSpeed":656.926412495196},"chunk-stream4-00035":{"qoeTotal":-6086.213608410104,"qoeBitrate":40500,"qoeRebuffer":7733.400000035763,"qoeLatency":37476,"qoeBitrateSwitch":700,"qoePlaybackSpeed":676.8136083743416},"chunk-stream4-00036":{"qoeTotal":-6410.563242688016,"qoeBitrate":42500,"qoeRebuffer":7733.400000035763,"qoeLatency":39783,"qoeBitrateSwitch":700,"qoePlaybackSpeed":694.163242652253},"chunk-stream4-00037":{"qoeTotal":-6783.033519733,"qoeBitrate":44500,"qoeRebuffer":7733.400000035763,"qoeLatency":42130.8,"qoeBitrateSwitch":700,"qoePlaybackSpeed":718.8335196972342},"chunk-stream4-00038":{"qoeTotal":-7196.802294913518,"qoeBitrate":46500,"qoeRebuffer":7733.400000035763,"qoeLatency":44514.600000000006,"qoeBitrateSwitch":700,"qoePlaybackSpeed":748.8022948777501},"chunk-stream4-00039":{"qoeTotal":-7658.3580978494665,"qoeBitrate":48500,"qoeRebuffer":7733.400000035763,"qoeLatency":46945.200000000004,"qoeBitrateSwitch":700,"qoePlaybackSpeed":779.7580978136989},"chunk-stream4-00040":{"qoeTotal":-8166.00898717512,"qoeBitrate":50500,"qoeRebuffer":7733.400000035763,"qoeLatency":49414.8,"qoeBitrateSwitch":700,"qoePlaybackSpeed":817.8089871393543},"chunk-stream4-00041":{"qoeTotal":-8706.330465100356,"qoeBitrate":52500,"qoeRebuffer":7733.400000035763,"qoeLatency":51931.8,"qoeBitrateSwitch":700,"qoePlaybackSpeed":841.1304650645912},"chunk-stream4-00042":{"qoeTotal":-9255.810780311569,"qoeBitrate":54500,"qoeRebuffer":7733.400000035763,"qoeLatency":54466.8,"qoeBitrateSwitch":700,"qoePlaybackSpeed":855.6107802758028},"chunk-stream4-00043":{"qoeTotal":-9829.810618246007,"qoeBitrate":56500,"qoeRebuffer":7733.400000035763,"qoeLatency":56980.8,"qoeBitrateSwitch":700,"qoePlaybackSpeed":915.6106182102419},"chunk-stream4-00044":{"qoeTotal":-10378.610411187674,"qoeBitrate":58500,"qoeRebuffer":7733.400000035763,"qoeLatency":59469.600000000006,"qoeBitrateSwitch":700,"qoePlaybackSpeed":975.6104111519048},"chunk-stream4-00045":{"qoeTotal":-10858.88189527731,"qoeBitrate":60500,"qoeRebuffer":7733.400000035763,"qoeLatency":61935.600000000006,"qoeBitrateSwitch":700,"qoePlaybackSpeed":989.8818952415426},"chunk-stream4-00046":{"qoeTotal":-11393.943179999958,"qoeBitrate":62500,"qoeRebuffer":7733.400000035763,"qoeLatency":64437.00000000001,"qoeBitrateSwitch":700,"qoePlaybackSpeed":1023.5431799641874},"chunk-stream4-00047":{"qoeTotal":-11959.543007912835,"qoeBitrate":64500,"qoeRebuffer":7733.400000035763,"qoeLatency":66942.6,"qoeBitrateSwitch":700,"qoePlaybackSpeed":1083.5430078770662},"chunk-stream4-00048":{"qoeTotal":-12459.844340166364,"qoeBitrate":66500,"qoeRebuffer":7733.400000035763,"qoeLatency":69412.20000000001,"qoeBitrateSwitch":700,"qoePlaybackSpeed":1114.2443401305902},"chunk-stream4-00049":{"qoeTotal":-12983.059080659583,"qoeBitrate":68500,"qoeRebuffer":7733.400000035763,"qoeLatency":71915.40000000001,"qoeBitrateSwitch":700,"qoePlaybackSpeed":1134.2590806238113},"chunk-stream4-00050":{"qoeTotal":-13603.281836829232,"qoeBitrate":70500,"qoeRebuffer":7733.400000035763,"qoeLatency":74499.6,"qoeBitrateSwitch":700,"qoePlaybackSpeed":1170.2818367934638},"chunk-stream4-00051":{"qoeTotal":-15901.422194456136,"qoeBitrate":72500,"qoeRebuffer":9324,"qoeLatency":77163.6,"qoeBitrateSwitch":700,"qoePlaybackSpeed":1213.8221944561305},"init-stream3":{"qoeTotal":-17504.762552118806,"qoeBitrate":73750,"qoeRebuffer":9324,"qoeLatency":79823.40000000001,"qoeBitrateSwitch":850,"qoePlaybackSpeed":1257.3625521187973},"chunk-stream3-00052":{"qoeTotal":-18982.513142313914,"qoeBitrate":75000,"qoeRebuffer":9324,"qoeLatency":82513.8,"qoeBitrateSwitch":850,"qoePlaybackSpeed":1294.7131423139108},"chunk-stream4-00053":{"qoeTotal":-19808.18749040191,"qoeBitrate":77000,"qoeRebuffer":9324,"qoeLatency":85189.2,"qoeBitrateSwitch":1000,"qoePlaybackSpeed":1294.987490401912},"chunk-stream4-00054":{"qoeTotal":-20514.40180821089,"qoeBitrate":79000,"qoeRebuffer":9324,"qoeLatency":87867,"qoeBitrateSwitch":1000,"qoePlaybackSpeed":1323.4018082108896},"chunk-stream5-00055":{"qoeTotal":-20668.801808210883,"qoeBitrate":82000,"qoeRebuffer":9324,"qoeLatency":90821.4,"qoeBitrateSwitch":1200,"qoePlaybackSpeed":1323.4018082108896},"chunk-stream5-00056":{"qoeTotal":-30759.586579619892,"qoeBitrate":85000,"qoeRebuffer":18765.600000053644,"qoeLatency":94437.59999999999,"qoeBitrateSwitch":1200,"qoePlaybackSpeed":1356.386579566257},"chunk-stream4-00057":{"qoeTotal":-32773.1865796199,"qoeBitrate":87000,"qoeRebuffer":18765.600000053644,"qoeLatency":98251.2,"qoeBitrateSwitch":1400,