{"chunk-stream2-00018":{"qoeTotal":-480.8129662524054,"qoeBitrate":500,"qoeRebuffer":0,"qoeLatency":946.8000000000001,"qoeBitrateSwitch":0,"qoePlaybackSpeed":34.012966252405285},"init-stream0":{"qoeTotal":-1444.0259325048105,"qoeBitrate":600,"qoeRebuffer":0,"qoeLatency":1896,"qoeBitrateSwitch":80,"qoePlaybackSpeed":68.02593250481057},"chunk-stream0-00019":{"qoeTotal":-2329.038898757216,"qoeBitrate":700,"qoeRebuffer":0,"qoeLatency":2847,"qoeBitrateSwitch":80,"qoePlaybackSpeed":102.03889875721586},"chunk-stream0-00020":{"qoeTotal":-3215.851865009621,"qoeBitrate":800,"qoeRebuffer":0,"qoeLatency":3799.8,"qoeBitrateSwitch":80,"qoePlaybackSpeed":136.05186500962114},"chunk-stream0-00021":{"qoeTotal":-4101.779953769799,"qoeBitrate":900,"qoeRebuffer":0,"qoeLatency":4768.8,"qoeBitrateSwitch":80,"qoePlaybackSpeed":152.9799537697992},"init-stream5":{"qoeTotal":-2597.979953769799,"qoeBitrate":3900,"qoeRebuffer":0,"qoeLatency":5685,"qoeBitrateSwitch":660,"qoePlaybackSpeed":152.9799537697992},"chunk-stream5-00022":{"qoeTotal":-552.8999457642877,"qoeBitrate":6900,"qoeRebuffer":0,"qoeLatency":6628.8,"qoeBitrateSwitch":660,"qoePlaybackSpeed":164.09994576428755},"chunk-stream5-00023":{"qoeTotal":1508.980062241224,"qoeBitrate":9900,"qoeRebuffer":0,"qoeLatency":7555.8,"qoeBitrateSwitch":660,"qoePlaybackSpeed":175.2199377587759},"chunk-stream5-00024":{"qoeTotal":3585.4583953758693,"qoeBitrate":12900,"qoeRebuffer":0,"qoeLatency":8472.6,"qoeBitrateSwitch":660,"qoePlaybackSpeed":181.9416046241303},"chunk-stream5-00025":{"qoeTotal":5659.05839537587,"qoeBitrate":15900,"qoeRebuffer":0,"qoeLatency":9399,"qoeBitrateSwitch":660,"qoePlaybackSpeed":181.9416046241303},"chunk-stream5-00026":{"qoeTotal":7742.858395375869,"qoeBitrate":18900,"qoeRebuffer":0,"qoeLatency":10315.2,"qoeBitrateSwitch":660,"qoePlaybackSpeed":181.9416046241303},"chunk-stream5-00027":{"qoeTotal":9818.25839537587,"qoeBitrate":21900,"qoeRebuffer":0,"qoeLatency":11239.800000000001,"qoeBitrateSwitch":660,"qoePlaybackSpeed":181.9416046241303},"chunk-stream5-00028":{"qoeTotal":11891.85839537587,"qoeBitrate":24900,"qoeRebuffer":0,"qoeLatency":12166.2,"qoeBitrateSwitch":660,"qoePlaybackSpeed":181.9416046241303},"chunk-stream5-00029":{"qoeTotal":13966.05839537587,"qoeBitrate":27900,"qoeRebuffer":0,"qoeLatency":13092,"qoeBitrateSwitch":660,"qoePlaybackSpeed":181.9416046241303},"chunk-stream5-00030":{"qoeTotal":16049.85839537587,"qoeBitrate":30900,"qoeRebuffer":0,"qoeLatency":14008.2,"qoeBitrateSwitch":660,"qoePlaybackSpeed":181.9416046241303},"chunk-stream5-00031":{"qoeTotal":18133.658395375867,"qoeBitrate":33900,"qoeRebuffer":0,"qoeLatency":14924.400000000001,"qoeBitrateSwitch":660,"qoePlaybackSpeed":181.9416046241303},"init-stream3":{"qoeTotal":18117.458395375867,"qoeBitrate":35150,"qoeRebuffer":0,"qoeLatency":15840.600000000002,"qoeBitrateSwitch":1010,"qoePlaybackSpeed":181.9416046241303},"chunk-stream3-00032":{"qoeTotal":18451.258395375866,"qoeBitrate":36400,"qoeRebuffer":0,"qoeLatency":16756.800000000003,"qoeBitrateSwitch":1010,"qoePlaybackSpeed":181.9416046241303},"chunk-stream3-00033":{"qoeTotal":18785.058395375865,"qoeBitrate":37650,"qoeRebuffer":0,"qoeLatency":17673.000000000004,"qoeBitrateSwitch":1010,"qoePlaybackSpeed":181.9416046241303},"chunk-stream3-00034":{"qoeTotal":19118.858395375864,"qoeBitrate":38900,"qoeRebuffer":0,"qoeLatency":18589.200000000004,"qoeBitrateSwitch":1010,"qoePlaybackSpeed":181.9416046241303},"chunk-stream3-00035":{"qoeTotal":19452.658395375864,"qoeBitrate":40150,"qoeRebuffer":0,"qoeLatency":19505.400000000005,"qoeBitrateSwitch":1010,"qoePlaybackSpeed":181.9416046241303},"chunk-stream3-00036":{"qoeTotal":19786.458395375863,"qoeBitrate":41400,"qoeRebuffer":0,"qoeLatency":20421.600000000006,"qoeBitrateSwitch":1010,"qoePlaybackSpeed":181.9416046241303},"chunk-stream3-00037":{"qoeTotal":20114.858395375864,"qoeBitrate":42650,"qoeRebuffer":0,"qoeLatency":21343.200000000004,"qoeBitrateSwitch":1010,"qoePlaybackSpeed":181.9416046241303},"chunk-stream3-00038":{"qoeTotal":20441.458395375863,"qoeBitrate":43900,"qoeRebuffer":0,"qoeLatency":22266.600000000006,"qoeBitrateSwitch":1010,"qoePlaybackSpeed":181.9416046241303},"chunk-stream3-00039":{"qoeTotal":20770.458395375863,"qoeBitrate":45150,"qoeRebuffer":0,"qoeLatency":23187.600000000006,"qoeBitrateSwitch":1010,"qoePlaybackSpeed":181.9416046241303},"init-stream4":{"qoeTotal":21704.258395375862,"qoeBitrate":47150,"qoeRebuffer":0,"qoeLatency":24103.800000000007,"qoeBitrateSwitch":1160,"qoePlaybackSpeed":181.9416046241303},"chunk-stream4-00040":{"qoeTotal":22787.458395375863,"qoeBitrate":49150,"qoeRebuffer":0,"qoeLatency":25020.600000000006,"qoeBitrateSwitch":1160,"qoePlaybackSpeed":181.9416046241303},"chunk-stream5-00041":{"qoeTotal":24671.258395375862,"qoeBitrate":52150,"qoeRebuffer":0,"qoeLatency":25936.800000000007,"qoeBitrateSwitch":1360,"qoePlaybackSpeed":181.9416046241303},"chunk-stream5-00042":{"qoeTotal":26755.05839537586,"qoeBitrate":55150,"qoeRebuffer":0,"qoeLatency":26853.000000000007,"qoeBitrateSwitch":1360,"qoePlaybackSpeed":181.9416046241303},"chunk-stream5-00043":{"qoeTotal":28831.65839537586,"qoeBitrate":58150,"qoeRebuffer":0,"qoeLatency":27776.40000000001,"qoeBitrateSwitch":1360,"qoePlaybackSpeed":181.9416046241303},"chunk-stream5-00044":{"qoeTotal":30905.25839537586,"qoeBitrate":61150,"qoeRebuffer":0,"qoeLatency":28702.80000000001,"qoeBitrateSwitch":1360,"qoePlaybackSpeed":181.9416046241303},"chunk-stream5-00045":{"qoeTotal":32989.058395375854,"qoeBitrate":64150,"qoeRebuffer":0,"qoeLatency":29619.00000000001,"qoeBitrateSwitch":1360,"qoePlaybackSpeed":181.9416046241303},"chunk-stream5-00046":{"qoeTotal":35062.058395375854,"qoeBitrate":67150,"qoeRebuffer":0,"qoeLatency":30546.00000000001,"qoeBitrateSwitch":1360,"qoePlaybackSpeed":181.9416046241303},"chunk-stream5-00047":{"qoeTotal":37135.65839537586,"qoeBitrate":70150,"qoeRebuffer":0,"qoeLatency":31472.400000000012,"qoeBitrateSwitch":1360,"qoePlaybackSpeed":181.9416046241303},"chunk-stream5-00048":{"qoeTotal":39211.65839537586,"qoeBitrate":73150,"qoeRebuffer":0,"qoeLatency":32396.400000000012,"qoeBitrateSwitch":1360,"qoePlaybackSpeed":181.9416046241303},"chunk-stream5-00049":{"qoeTotal":41295.458395375856,"qoeBitrate":76150,"qoeRebuffer":0,"qoeLatency":33312.60000000001,"qoeBitrateSwitch":1360,"qoePlaybackSpeed":181.9416046241303},"chunk-stream5-00050":{"qoeTotal":43366.058395375854,"qoeBitrate":79150,"qoeRebuffer":0,"qoeLatency":34242.000000000015,"qoeBitrateSwitch":1360,"qoePlaybackSpeed":181.9416046241303},"chunk-stream5-00051":{"qoeTotal":45449.85839537586,"qoeBitrate":82150,"qoeRebuffer":0,"qoeLatency":35158.20000000001,"qoeBitrateSwitch":1360,"qoePlaybackSpeed":181.9416046241303},"chunk-stream5-00052":{"qoeTotal":47526.458395375856,"qoeBitrate":85150,"qoeRebuffer":0,"qoeLatency":36081.60000000001,"qoeBitrateSwitch":1360,"qoePlaybackSpeed":181.9416046241303},"chunk-stream5-00053":{"qoeTotal":49610.25839537586,"qoeBitrate":88150,"qoeRebuffer":0,"qoeLatency":36997.80000000001,"qoeBitrateSwitch":1360,"qoePlaybackSpeed":181.9416046241303},"chunk-stream5-00054":{"qoeTotal":51686.85839537586,"qoeBitrate":91150,"qoeRebuffer":0,"qoeLatency":37921.20000000001,"qoeBitrateSwitch":1360,"qoePlaybackSpeed":181.9416046241303},"chunk-stream5-00055":{"qoeTotal":53770.65839537586,"qoeBitrate":94150,"qoeRebuffer":0,"qoeLatency":38837.40000000001,"qoeBitrateSwitch":1360,"qoePlaybackSpeed":181.9416046241303},"chunk-stream5-00056":{"qoeTotal":55838.85839537586,"qoeBitrate":97150,"qoeRebuffer":0,"qoeLatency":39769.20000000001,"qoeBitrateSwitch":1360,"qoePlaybackSpeed":181.9416046241303},"chunk-stream5-00057":{"qoeTotal":57912.458395375856,"qoeBitrate":100150,"qoeRebuffer":0,"qoeLatency":40695.60000000001,"qoeBitrateSwitch":1360,"qoePlaybackSpeed":181.9416046241303},"chunk-stream5-00058":{"qoeTotal":59986.65839537585,"qoeBitrate":103150,"qoeRebuffer":0,"qoeLatency":41621.400000000016,"qoeBitrateSwitch":1360,"qoePlaybackSpeed":181.9416046241303},"chunk-stream5-00059":{"qoeTotal":62062.058395375854,