{"chunk-stream2-00018":{"qoeTotal":-804.6829136939721,"qoeBitrate":500,"qoeRebuffer":0,"qoeLatency":1258.2,"qoeBitrateSwitch":0,"qoePlaybackSpeed":46.482913693972016},"chunk-stream2-00019":{"qoeTotal":-3388.1797125309026,"qoeBitrate":1000,"qoeRebuffer":1571.4000000357628,"qoeLatency":2730.6000000000004,"qoeBitrateSwitch":0,"qoePlaybackSpeed":86.17971249513931},"chunk-stream2-00020":{"qoeTotal":-6082.3382937339375,"qoeBitrate":1500,"qoeRebuffer":3091.8000000715256,"qoeLatency":4361.400000000001,"qoeBitrateSwitch":0,"qoePlaybackSpeed":129.1382936624118},"chunk-stream2-00021":{"qoeTotal":-8954.455960396428,"qoeBitrate":2000,"qoeRebuffer":4612.200000017881,"qoeLatency":6174.6,"qoeBitrateSwitch":0,"qoePlaybackSpeed":167.65596037854573},"chunk-stream2-00022":{"qoeTotal":-11985.372206908443,"qoeBitrate":2500,"qoeRebuffer":6115.200000017881,"qoeLatency":8167.200000000001,"qoeBitrateSwitch":0,"qoePlaybackSpeed":202.97220689056184},"chunk-stream2-00023":{"qoeTotal":-15249.703692420815,"qoeBitrate":3000,"qoeRebuffer":7684.200000017881,"qoeLatency":10324.800000000001,"qoeBitrateSwitch":0,"qoePlaybackSpeed":240.7036924029323},"chunk-stream2-00024":{"qoeTotal":-18697.90359869681,"qoeBitrate":3500,"qoeRebuffer":9250.200000017881,"qoeLatency":12667.2,"qoeBitrateSwitch":0,"qoePlaybackSpeed":280.5035986789261},"chunk-stream2-00025":{"qoeTotal":-22223.54351921072,"qoeBitrate":4000,"qoeRebuffer":10794.600000053644,"qoeLatency":15107.400000000001,"qoeBitrateSwitch":0,"qoePlaybackSpeed":321.5435191570746},"chunk-stream2-00026":{"qoeTotal":-25870.124255869418,"qoeBitrate":4500,"qoeRebuffer":12372.000000089407,"qoeLatency":17637,"qoeBitrateSwitch":0,"qoePlaybackSpeed":361.12425578001046},"chunk-stream2-00027":{"qoeTotal":-29539.21717889422,"qoeBitrate":5000,"qoeRebuffer":13885.800000071526,"qoeLatency":20254.8,"qoeBitrateSwitch":0,"qoePlaybackSpeed":398.61717882269727},"chunk-stream2-00028":{"qoeTotal":-33341.127775882924,"qoeBitrate":5500,"qoeRebuffer":15439.800000071526,"qoeLatency":22969.2,"qoeBitrateSwitch":0,"qoePlaybackSpeed":432.12777581140165},"chunk-stream2-00029":{"qoeTotal":-37247.379451695095,"qoeBitrate":6000,"qoeRebuffer":17023.800000071526,"qoeLatency":25759.2,"qoeBitrateSwitch":0,"qoePlaybackSpeed":464.37945162357073},"chunk-stream2-00030":{"qoeTotal":-39645.62397358667,"qoeBitrate":6500,"qoeRebuffer":17023.800000071526,"qoeLatency":28619.4,"qoeBitrateSwitch":0,"qoePlaybackSpeed":502.4239735151401},"chunk-stream2-00031":{"qoeTotal":-42115.50703479769,"qoeBitrate":7000,"qoeRebuffer":17023.800000071526,"qoeLatency":31545.600000000002,"qoeBitrateSwitch":0,"qoePlaybackSpeed":546.1070347261561},"chunk-stream2-00032":{"qoeTotal":-44646.749151072436,"qoeBitrate":7500,"qoeRebuffer":17023.800000071526,"qoeLatency":34546.8,"qoeBitrateSwitch":0,"qoePlaybackSpeed":576.1491510009087},"chunk-stream2-00033":{"qoeTotal":-48772.97352960043,"qoeBitrate":8000,"qoeRebuffer":18526.20000010729,"qoeLatency":37630.200000000004,"qoeBitrateSwitch":0,"qoePlaybackSpeed":616.573529493134},"chunk-stream2-00034":{"qoeTotal":-51452.53648408835,"qoeBitrate":8500,"qoeRebuffer":18526.20000010729,"qoeLatency":40774.200000000004,"qoeBitrateSwitch":0,"qoePlaybackSpeed":652.1364839810582},"chunk-stream2-00035":{"qoeTotal":-54180.4239585,"qoeBitrate":9000,"qoeRebuffer":18526.20000010729,"qoeLatency":43975.8,"qoeBitrateSwitch":0,"qoePlaybackSpeed":678.423958392715},"chunk-stream2-00036":{"qoeTotal":-56963.943477173954,"qoeBitrate":9500,"qoeRebuffer":18526.20000010729,"qoeLatency":47227.200000000004,"qoeBitrateSwitch":0,"qoePlaybackSpeed":710.5434770666583},"chunk-stream2-00037":{"qoeTotal":-59794.778685542326,"qoeBitrate":10000,"qoeRebuffer":18526.20000010729,"qoeLatency":50530.200000000004,"qoeBitrateSwitch":0,"qoePlaybackSpeed":738.3786854350342},"chunk-stream2-00038":{"qoeTotal":-62672.17934126679,"qoeBitrate":10500,"qoeRebuffer":18526.20000010729,"qoeLatency":53889.00000000001,"qoeBitrateSwitch":0,"qoePlaybackSpeed":756.9793411594944},"chunk-stream2-00039":{"qoeTotal":-65594.97037223731,"qoeBitrate":11000,"qoeRebuffer":18526.20000010729,"qoeLatency":57285.600000000006,"qoeBitrateSwitch":0,"qoePlaybackSpeed":783.1703721300102},"chunk-stream2-00040":{"qoeTotal":-68571.85065995196,"qoeBitrate":11500,"qoeRebuffer":18526.20000010729,"qoeLatency":60734.40000000001,"qoeBitrateSwitch":0,"qoePlaybackSpeed":811.2506598446589},"chunk-stream2-00041":{"qoeTotal":-71609.34511038158,"qoeBitrate":12000,"qoeRebuffer":18526.20000010729,"qoeLatency":64234.80000000001,"qoeBitrateSwitch":0,"qoePlaybackSpeed":848.3451102742733},"chunk-stream2-00042":{"qoeTotal":-74662.70805117328,"qoeBitrate":12500,"qoeRebuffer":18526.20000010729,"qoeLatency":67765.20000000001,"qoeBitrateSwitch":0,"qoePlaybackSpeed":871.3080510659713},"chunk-stream2-00043":{"qoeTotal":-77663.05636211518,"qoeBitrate":13000,"qoeRebuffer":18526.20000010729,"qoeLatency":71254.80000000002,"qoeBitrateSwitch":0,"qoePlaybackSpeed":882.0563620078805},"chunk-stream2-00044":{"qoeTotal":-80596.05515755872,"qoeBitrate":13500,"qoeRebuffer":18526.20000010729,"qoeLatency":74680.80000000002,"qoeBitrateSwitch":0,"qoePlaybackSpeed":889.055157451406},"chunk-stream2-00045":{"qoeTotal":-83579.6551574743,"qoeBitrate":14000,"qoeRebuffer":18526.20000010729,"qoeLatency":78104.40000000002,"qoeBitrateSwitch":0,"qoePlaybackSpeed":949.0551573669899},"chunk-stream2-00046":{"qoeTotal":-86511.07725689998,"qoeBitrate":14500,"qoeRebuffer":18526.20000010729,"qoeLatency":81504.00000000003,"qoeBitrateSwitch":0,"qoePlaybackSpeed":980.8772567926641},"chunk-stream2-00047":{"qoeTotal":-89373.01308477842,"qoeBitrate":15000,"qoeRebuffer":18526.20000010729,"qoeLatency":84864.00000000003,"qoeBitrateSwitch":0,"qoePlaybackSpeed":982.8130846710995},"chunk-stream2-00048":{"qoeTotal":-92264.21308459055,"qoeBitrate":15500,"qoeRebuffer":18526.20000010729,"qoeLatency":88195.20000000003,"qoeBitrateSwitch":0,"qoePlaybackSpeed":1042.8130844832283},"chunk-stream2-00049":{"qoeTotal":-95092.42658086769,"qoeBitrate":16000,"qoeRebuffer":18526.20000010729,"qoeLatency":91510.20000000003,"qoeBitrateSwitch":0,"qoePlaybackSpeed":1056.0265807603787},"chunk-stream2-00050":{"qoeTotal":-97966.11035072057,"qoeBitrate":16500,"qoeRebuffer":18526.20000010729,"qoeLatency":94858.20000000003,"qoeBitrateSwitch":0,"qoePlaybackSpeed":1081.7103506132623},"chunk-stream2-00051":{"qoeTotal":-100887.44176195373,"qoeBitrate":17000,"qoeRebuffer":18526.20000010729,"qoeLatency":98252.40000000002,"qoeBitrateSwitch":0,"qoePlaybackSpeed":1108.8417618464123},"chunk-stream2-00052":{"qoeTotal":-103856.64176185758,"qoeBitrate":17500,"qoeRebuffer":18526.20000010729,"qoeLatency":101661.60000000002,"qoeBitrateSwitch":0,"qoePlaybackSpeed":1168.8417617502769},"chunk-stream2-00053":{"qoeTotal":-106748.73055799809,"qoeBitrate":18000,"qoeRebuffer":18526.20000010729,"qoeLatency":105036.60000000002,"qoeBitrateSwitch":0,"qoePlaybackSpeed":1185.9305578907793},"chunk-stream2-00054":{"qoeTotal":-109606.61570585129,"qoeBitrate":18500,"qoeRebuffer":18526.20000010729,"qoeLatency":108394.20000000003,"qoeBitrateSwitch":0,"qoePlaybackSpeed":1186.215705743975},"chunk-stream2-00055":{"qoeTotal":-112399.6931358814,"qoeBitrate":19000,"qoeRebuffer":18526.20000010729,"qoeLatency":111678.60000000002,"qoeBitrateSwitch":0,"qoePlaybackSpeed":1194.8931357740883},"chunk-stream2-00056":{"qoeTotal":-119630.16447341979,"qoeBitrate":19500,"qoeRebuffer":22655.40000012517,"qoeLatency":115251.60000000002,"qoeBitrateSwitch":0,"qoePlaybackSpeed":1223.1644732946008},"chunk-stream2-00057":{"qoeTotal":-122787.30102446352,"qoeBitrate":20000,"qoeRebuffer":22655.40000012517,"qoeLatency":118875.00000000001,"qoeBitrateSwitch":0,"qoePlaybackSpeed":1256.901024338345},"chunk-stream2-00058":{"qoeTotal":-125962.99376488564,"qoeBitrate":20500,"qoeRebuffer":22655.40000012517,"qoeLatency":122542.20000000001,"qoeBitrateSwitch":0,"qoePlaybackSpeed":1265.3937647604594},"chunk-stream2-00059":{"qoeTotal":-129153.21715278177,"qoeBitrate":21000,"qoeRebuffer":22655.40000012517,"qoeLatency":126222.6,