{"switchHistory":[{"start":8.6945,"end":8.894371,"quality":{"mediaType":"video","bitrate":1000000,"width":640,"height":360,"scanType":null,"qualityIndex":2}},{"start":8.894371,"end":68.764665,"quality":{"mediaType":"video","bitrate":1000000,"width":640,"height":360,"scanType":null,"qualityIndex":2}}],"switchRequests":[],"stallDurationMs":262.7000000476837,"numStalls":3,"averageLatency":1.527342789598108,"averageBufferLength":1.3891465721040186,"averageBitrate":999999.9999999999,"numSwitches":2,"averageBitrateVariations":0,"averagePlaybackRate":1.0027228257615457,"averagePlaybackRateNonOne":1.0239219691907222}