{"chunk-stream2-00018":{"qoeTotal":-953.3346519048368,"qoeBitrate":500,"qoeRebuffer":0,"qoeLatency":1405.2,"qoeBitrateSwitch":0,"qoePlaybackSpeed":48.134651904836765},"chunk-stream2-00019":{"qoeTotal":-5597.861941773277,"qoeBitrate":1000,"qoeRebuffer":3409.7999999821186,"qoeLatency":3097.2,"qoeBitrateSwitch":0,"qoePlaybackSpeed":90.86194179115861},"chunk-stream2-00020":{"qoeTotal":-10214.723852983476,"qoeBitrate":1500,"qoeRebuffer":6519.599999964237,"qoeLatency":5060.4,"qoeBitrateSwitch":0,"qoePlaybackSpeed":134.72385301923825},"chunk-stream2-00021":{"qoeTotal":-15120.077859329755,"qoeBitrate":2000,"qoeRebuffer":9650.400000035763,"qoeLatency":7288.799999999999,"qoeBitrateSwitch":0,"qoePlaybackSpeed":180.87785929399325},"chunk-stream2-00022":{"qoeTotal":-20318.32525152309,"qoeBitrate":2500,"qoeRebuffer":12799.200000017881,"qoeLatency":9796.8,"qoeBitrateSwitch":0,"qoePlaybackSpeed":222.32525150520803},"chunk-stream2-00023":{"qoeTotal":-25819.98966082984,"qoeBitrate":3000,"qoeRebuffer":15958.200000017881,"qoeLatency":12595.199999999999,"qoeBitrateSwitch":0,"qoePlaybackSpeed":266.58966081196075},"chunk-stream2-00024":{"qoeTotal":-32757.787812110142,"qoeBitrate":3500,"qoeRebuffer":20248.20000001788,"qoeLatency":15696,"qoeBitrateSwitch":0,"qoePlaybackSpeed":313.58781209226095},"chunk-stream2-00025":{"qoeTotal":-38878.430925331944,"qoeBitrate":4000,"qoeRebuffer":23410.20000001788,"qoeLatency":19111.8,"qoeBitrateSwitch":0,"qoePlaybackSpeed":356.43092531405745},"chunk-stream2-00026":{"qoeTotal":-45305.59667754923,"qoeBitrate":4500,"qoeRebuffer":26567.400000035763,"qoeLatency":22838.4,"qoeBitrateSwitch":0,"qoePlaybackSpeed":399.7966775134627},"chunk-stream2-00027":{"qoeTotal":-53224.42146898443,"qoeBitrate":5000,"qoeRebuffer":30929.400000035763,"qoeLatency":26848.2,"qoeBitrateSwitch":0,"qoePlaybackSpeed":446.8214689486681},"chunk-stream2-00028":{"qoeTotal":-60268.502799574104,"qoeBitrate":5500,"qoeRebuffer":34092.59999996424,"qoeLatency":31185.6,"qoeBitrateSwitch":0,"qoePlaybackSpeed":490.30279960986644},"chunk-stream2-00029":{"qoeTotal":-68419.25865436163,"qoeBitrate":6000,"qoeRebuffer":38073.59999996424,"qoeLatency":35811,"qoeBitrateSwitch":0,"qoePlaybackSpeed":534.6586543973982},"chunk-stream2-00030":{"qoeTotal":-77331.26729386122,"qoeBitrate":6500,"qoeRebuffer":42532.79999989271,"qoeLatency":40718.4,"qoeBitrateSwitch":0,"qoePlaybackSpeed":580.0672939685221},"chunk-stream2-00031":{"qoeTotal":-85213.22714899646,"qoeBitrate":7000,"qoeRebuffer":45695.999999821186,"qoeLatency":45892.2,"qoeBitrateSwitch":0,"qoePlaybackSpeed":625.0271491752741},"chunk-stream2-00032":{"qoeTotal":-94932.61051729578,"qoeBitrate":7500,"qoeRebuffer":50376.59999978542,"qoeLatency":51387.6,"qoeBitrateSwitch":0,"qoePlaybackSpeed":668.4105175103501},"init-stream1":{"qoeTotal":-101897.6458146927,"qoeBitrate":7800,"qoeRebuffer":50376.59999978542,"qoeLatency":58570.2,"qoeBitrateSwitch":40,"qoePlaybackSpeed":710.8458149072811},"chunk-stream1-00033":{"qoeTotal":-108883.2707377554,"qoeBitrate":8100,"qoeRebuffer":51954.59999978542,"qoeLatency":64233.6,"qoeBitrateSwitch":40,"qoePlaybackSpeed":755.0707379699797},"chunk-stream1-00034":{"qoeTotal":-115843.53329953662,"qoeBitrate":8400,"qoeRebuffer":53461.19999983907,"qoeLatency":69952.2,"qoeBitrateSwitch":40,"qoePlaybackSpeed":790.1332996975495},"chunk-stream1-00035":{"qoeTotal":-121343.66050741503,"qoeBitrate":8700,"qoeRebuffer":53461.19999983907,"qoeLatency":75729,"qoeBitrateSwitch":40,"qoePlaybackSpeed":813.4605075759553},"init-stream2":{"qoeTotal":-129026.08186359712,"qoeBitrate":9200,"qoeRebuffer":53461.19999983907,"qoeLatency":83828.4,"qoeBitrateSwitch":80,"qoePlaybackSpeed":856.4818637580659},"chunk-stream2-00036":{"qoeTotal":-136054.91333330472,"qoeBitrate":9700,"qoeRebuffer":55042.19999983907,"qoeLatency":89731.2,"qoeBitrateSwitch":80,"qoePlaybackSpeed":901.5133334656334},"chunk-stream2-00037":{"qoeTotal":-145541.36843375047,"qoeBitrate":10200,"qoeRebuffer":58834.799999803305,"qoeLatency":95878.8,"qoeBitrateSwitch":80,"qoePlaybackSpeed":947.7684339471651},"chunk-stream2-00038":{"qoeTotal":-156215.2218380284,"qoeBitrate":10700,"qoeRebuffer":63527.39999976754,"qoeLatency":102313.2,"qoeBitrateSwitch":80,"qoePlaybackSpeed":994.6218382608491},"chunk-stream2-00039":{"qoeTotal":-165615.02071038462,"qoeBitrate":11200,"qoeRebuffer":66671.39999976754,"qoeLatency":109024.8,"qoeBitrateSwitch":80,"qoePlaybackSpeed":1038.8207106171003},"chunk-stream2-00040":{"qoeTotal":-175766.11124231678,"qoeBitrate":11700,"qoeRebuffer":70298.39999985695,"qoeLatency":116005.2,"qoeBitrateSwitch":80,"qoePlaybackSpeed":1082.5112424598271},"chunk-stream2-00041":{"qoeTotal":-186503.2028438581,"qoeBitrate":12200,"qoeRebuffer":74222.9999999106,"qoeLatency":123272.4,"qoeBitrateSwitch":80,"qoePlaybackSpeed":1127.8028439475163},"chunk-stream2-00042":{"qoeTotal":-195039.95339920087,"qoeBitrate":12700,"qoeRebuffer":75812.39999994636,"qoeLatency":130672.2,"qoeBitrateSwitch":80,"qoePlaybackSpeed":1175.3533992545015},"chunk-stream2-00043":{"qoeTotal":-203649.76595160743,"qoeBitrate":13200,"qoeRebuffer":77322,"qoeLatency":138235.2,"qoeBitrateSwitch":80,"qoePlaybackSpeed":1212.5659516074202},"chunk-stream2-00044":{"qoeTotal":-212446.2056424032,"qoeBitrate":13700,"qoeRebuffer":78824.39999994636,"qoeLatency":145990.80000000002,"qoeBitrateSwitch":80,"qoePlaybackSpeed":1251.0056424568106},"chunk-stream2-00045":{"qoeTotal":-221511.5225771001,"qoeBitrate":14200,"qoeRebuffer":80391.59999996424,"qoeLatency":153945.00000000003,"qoeBitrateSwitch":80,"qoePlaybackSpeed":1294.9225771358356},"chunk-stream2-00069":{"qoeTotal":-229749.82057048182,"qoeBitrate":14700,"qoeRebuffer":80391.59999996424,"qoeLatency":162635.40000000002,"qoeBitrateSwitch":80,"qoePlaybackSpeed":1342.820570517578},"chunk-stream2-00070":{"qoeTotal":-237168.68422153036,"qoeBitrate":15200,"qoeRebuffer":86370,"qoeLatency":164535.00000000003,"qoeBitrateSwitch":80,"qoePlaybackSpeed":1383.6842215303407},"chunk-stream2-00071":{"qoeTotal":-242014.7436715242,"qoeBitrate":15700,"qoeRebuffer":89535.59999996424,"qoeLatency":166669.80000000002,"qoeBitrateSwitch":80,"qoePlaybackSpeed":1429.3436715599241},"chunk-stream1-00072":{"qoeTotal":-245609.80312158953,"qoeBitrate":16000,"qoeRebuffer":91059,"qoeLatency":168955.80000000002,"qoeBitrateSwitch":120,"qoePlaybackSpeed":1475.0031215895076},"chunk-stream2-00073":{"qoeTotal":-249178.39068833855,"qoeBitrate":16500,"qoeRebuffer":92570.39999994636,"qoeLatency":171431.40000000002,"qoeBitrateSwitch":160,"qoePlaybackSpeed":1516.590688392184},"chunk-stream2-00074":{"qoeTotal":-254897.3906884101,"qoeBitrate":17000,"qoeRebuffer":96067.20000001788,"qoeLatency":174153.60000000003,"qoeBitrateSwitch":160,"qoePlaybackSpeed":1516.590688392184},"chunk-stream1-00075":{"qoeTotal":-262299.6796130513,"qoeBitrate":17300,"qoeRebuffer":100753.20000010729,"qoeLatency":177094.80000000005,"qoeBitrateSwitch":200,"qoePlaybackSpeed":1551.6796129439767},"chunk-stream1-00076":{"qoeTotal":-265039.3128065512,"qoeBitrate":17600,"qoeRebuffer":100753.20000010729,"qoeLatency":180093.00000000006,"qoeBitrateSwitch":200,"qoePlaybackSpeed":1593.112806443898},"chunk-stream1-00077":{"qoeTotal":-269440.58716581075,"qoeBitrate":17900,"qoeRebuffer":102350.40000012517,"qoeLatency":183162.60000000006,"qoeBitrateSwitch":200,"qoePlaybackSpeed":1627.587165685477},"chunk-stream2-00078":{"qoeTotal":-275547.20333173074,"qoeBitrate":18400,"qoeRebuffer":105540.0000000894,"qoeLatency":186497.40000000005,"qoeBitrateSwitch":240,"qoePlaybackSpeed":1669.8033316413307},"chunk-stream2-00079":{"qoeTotal":-281840.5246530204,"qoeBitrate":18900,"qoeRebuffer":108653.40000003576,"qoeLatency":190133.40000000005,"qoeBitrateSwitch":240,"qoePlaybackSpeed":1713.7246529845936},"chunk-stream2-00080":{"qoeTotal":-288437.5322989067,"qoeBitrate":19400,"qoeRebuffer":111774,"qoeLatency":194063.40000000005,"qoeBitrateSwitch":240,"qoePlaybackSpeed":1760.1322989066696},"chunk-stream2-00081":{"qoeTotal":-295262.52612023504,"qoeBitrate":19900,"qoeRebuffer":114892.19999992847,