{"switchHistory":[{"start":8.683,"end":8.87774,"quality":{"mediaType":"video","bitrate":1000000,"width":640,"height":360,"scanType":null,"qualityIndex":2}},{"start":8.87774,"end":68.752895,"quality":{"mediaType":"video","bitrate":1000000,"width":640,"height":360,"scanType":null,"qualityIndex":2}}],"switchRequests":[],"stallDurationMs":6.199999928474426,"numStalls":2,"averageLatency":1.528109004739336,"averageBufferLength":1.3944573459715628,"averageBitrate":1000000.0000000001,"numSwitches":2,"averageBitrateVariations":0,"averagePlaybackRate":1.0021677959476807,"averagePlaybackRateNonOne":1.020510684735748}