{"chunk-stream2-00018":{"qoeTotal":-528.5278465638606,"qoeBitrate":500,"qoeRebuffer":0,"qoeLatency":981.5999999999999,"qoeBitrateSwitch":0,"qoePlaybackSpeed":46.927846563860776},"init-stream0":{"qoeTotal":-2261.8556931277217,"qoeBitrate":600,"qoeRebuffer":0,"qoeLatency":1968,"qoeBitrateSwitch":800,"qoePlaybackSpeed":93.85569312772155},"chunk-stream0-00019":{"qoeTotal":-3199.9835396915823,"qoeBitrate":700,"qoeRebuffer":0,"qoeLatency":2959.2,"qoeBitrateSwitch":800,"qoePlaybackSpeed":140.78353969158232},"chunk-stream0-00020":{"qoeTotal":-4142.911386255443,"qoeBitrate":800,"qoeRebuffer":0,"qoeLatency":3955.2,"qoeBitrateSwitch":800,"qoePlaybackSpeed":187.7113862554431},"chunk-stream0-00021":{"qoeTotal":-5072.854258826381,"qoeBitrate":900,"qoeRebuffer":0,"qoeLatency":4960.2,"qoeBitrateSwitch":800,"qoePlaybackSpeed":212.65425882638084},"init-stream3":{"qoeTotal":-7126.569707159674,"qoeBitrate":2150,"qoeRebuffer":0,"qoeLatency":5943.599999999999,"qoeBitrateSwitch":3100,"qoePlaybackSpeed":232.96970715967436},"chunk-stream3-00022":{"qoeTotal":-6856.359638768202,"qoeBitrate":3400,"qoeRebuffer":0,"qoeLatency":6906.599999999999,"qoeBitrateSwitch":3100,"qoePlaybackSpeed":249.75963876820245},"init-stream4":{"qoeTotal":-7333.74957037673,"qoeBitrate":5400,"qoeRebuffer":0,"qoeLatency":7867.2,"qoeBitrateSwitch":4600,"qoePlaybackSpeed":266.5495703767305},"chunk-stream4-00023":{"qoeTotal":-6283.724647788665,"qoeBitrate":7400,"qoeRebuffer":0,"qoeLatency":8806.2,"qoeBitrateSwitch":4600,"qoePlaybackSpeed":277.52464778866414},"chunk-stream4-00024":{"qoeTotal":-5215.175796384519,"qoeBitrate":9400,"qoeRebuffer":0,"qoeLatency":9729.6,"qoeBitrateSwitch":4600,"qoePlaybackSpeed":285.57579638451864},"chunk-stream4-00025":{"qoeTotal":-4131.975796384519,"qoeBitrate":11400,"qoeRebuffer":0,"qoeLatency":10646.4,"qoeBitrateSwitch":4600,"qoePlaybackSpeed":285.57579638451864},"chunk-stream4-00026":{"qoeTotal":-3048.7757963845174,"qoeBitrate":13400,"qoeRebuffer":0,"qoeLatency":11563.199999999999,"qoeBitrateSwitch":4600,"qoePlaybackSpeed":285.57579638451864}}