{"init-stream2":{"qoeTotal":500,"qoeBitrate":500,"qoeRebuffer":0,"qoeLatency":0,"qoeBitrateSwitch":0,"qoePlaybackSpeed":0},"chunk-stream2-00002":{"qoeTotal":934.8182868796961,"qoeBitrate":1000,"qoeRebuffer":0,"qoeLatency":6.92,"qoeBitrateSwitch":0,"qoePlaybackSpeed":58.26171312030397},"init-stream4":{"qoeTotal":2569.286573759392,"qoeBitrate":3000,"qoeRebuffer":0,"qoeLatency":14.19,"qoeBitrateSwitch":300,"qoePlaybackSpeed":116.52342624060795},"chunk-stream4-00003":{"qoeTotal":4502.394860639089,"qoeBitrate":5000,"qoeRebuffer":0,"qoeLatency":22.82,"qoeBitrateSwitch":300,"qoePlaybackSpeed":174.78513936091193},"init-stream5":{"qoeTotal":7235.143147518784,"qoeBitrate":8000,"qoeRebuffer":0,"qoeLatency":31.810000000000002,"qoeBitrateSwitch":500,"qoePlaybackSpeed":233.0468524812159},"chunk-stream5-00004":{"qoeTotal":10172.878919419296,"qoeBitrate":11000,"qoeRebuffer":0,"qoeLatency":41.81,"qoeBitrateSwitch":500,"qoePlaybackSpeed":285.31108058070515},"chunk-stream5-00005":{"qoeTotal":13114.680537962768,"qoeBitrate":14000,"qoeRebuffer":0,"qoeLatency":53.1,"qoeBitrateSwitch":500,"qoePlaybackSpeed":332.2194620372316},"chunk-stream5-00006":{"qoeTotal":16066.053404234031,"qoeBitrate":17000,"qoeRebuffer":0,"qoeLatency":65.37,"qoeBitrateSwitch":500,"qoePlaybackSpeed":368.57659576597007},"chunk-stream5-00007":{"qoeTotal":19026.249051532108,"qoeBitrate":20000,"qoeRebuffer":0,"qoeLatency":78.52000000000001,"qoeBitrateSwitch":500,"qoePlaybackSpeed":395.230948467893},"chunk-stream5-00008":{"qoeTotal":21999.56106154834,"qoeBitrate":23000,"qoeRebuffer":0,"qoeLatency":92.79,"qoeBitrateSwitch":500,"qoePlaybackSpeed":407.6489384516602},"chunk-stream5-00009":{"qoeTotal":21076.635544790915,"qoeBitrate":26000,"qoeRebuffer":2296.8000000044703,"qoeLatency":1671.99,"qoeBitrateSwitch":500,"qoePlaybackSpeed":454.5744552046123},"chunk-stream5-00010":{"qoeTotal":-166689.88997195757,"qoeBitrate":29000,"qoeRebuffer":174528,"qoeLatency":20160.390000000003,"qoeBitrateSwitch":500,"qoePlaybackSpeed":501.49997195756447},"init-stream0":{"qoeTotal":-190503.41548871947,"qoeBitrate":29100,"qoeRebuffer":179283.60000000894,"qoeLatency":38691.39,"qoeBitrateSwitch":1080,"qoePlaybackSpeed":548.4254887105167},"chunk-stream0-00011":{"qoeTotal":-236915.0711087138,"qoeBitrate":29200,"qoeRebuffer":204709.80000002682,"qoeLatency":59736.99,"qoeBitrateSwitch":1080,"qoePlaybackSpeed":588.2811086870057},"chunk-stream2-00012":{"qoeTotal":-279938.99790465983,"qoeBitrate":29700,"qoeRebuffer":224962.20000004023,"qoeLatency":82880.79,"qoeBitrateSwitch":1160,"qoePlaybackSpeed":636.0079046196361},"chunk-stream0-00013":{"qoeTotal":-309406.4647912031,"qoeBitrate":29800,"qoeRebuffer":230973.0000000447,"qoeLatency":106325.79,"qoeBitrateSwitch":1240,"qoePlaybackSpeed":667.6747911584032},"init-stream1":{"qoeTotal":-332637.53167774185,"qoeBitrate":30100,"qoeRebuffer":230973.0000000447,"qoeLatency":129785.18999999999,"qoeBitrateSwitch":1280,"qoePlaybackSpeed":699.3416776971703},"chunk-stream1-00014":{"qoeTotal":-363694.7316777374,"qoeBitrate":30400,"qoeRebuffer":238180.20000004023,"qoeLatency":153935.19,"qoeBitrateSwitch":1280,"qoePlaybackSpeed":699.3416776971703},"chunk-stream0-00015":{"qoeTotal":-398548.58300720155,"qoeBitrate":30500,"qoeRebuffer":248159.40000008047,"qoeLatency":178832.79,"qoeBitrateSwitch":1320,"qoePlaybackSpeed":736.3930071210735},"chunk-stream0-00016":{"qoeTotal":-431459.2447249693,"qoeBitrate":30600,"qoeRebuffer":255650.40000008047,"qoeLatency":204305.19,"qoeBitrateSwitch":1320,"qoePlaybackSpeed":783.6547248888694},"chunk-stream1-00017":{"qoeTotal":-461650.3399942534,"qoeBitrate":30900,"qoeRebuffer":260195.4000000581,"qoeLatency":230168.19,"qoeBitrateSwitch":1360,"qoePlaybackSpeed":826.7499941952987},"chunk-stream0-00018":{"qoeTotal":-499021.33999424893,"qoeBitrate":31000,"qoeRebuffer":270795.60000005364,"qoeLatency":256998.99,"qoeBitrateSwitch":1400,"qoePlaybackSpeed":826.7499941952987},"chunk-stream0-00019":{"qoeTotal":-538899.8485803297,"qoeBitrate":31100,"qoeRebuffer":282888.00000006706,"qoeLatency":284840.79,"qoeBitrateSwitch":1400,"qoePlaybackSpeed":871.0585802625665},"chunk-stream2-00020":{"qoeTotal":-577627.3888753216,"qoeBitrate":31600,"qoeRebuffer":293188.2000000626,"qoeLatency":313640.79,"qoeBitrateSwitch":1480,"qoePlaybackSpeed":918.3988752590036},"chunk-stream0-00021":{"qoeTotal":-608130.4596040247,"qoeBitrate":31700,"qoeRebuffer":294749.4000000581,"qoeLatency":342567.38999999996,"qoeBitrateSwitch":1560,"qoePlaybackSpeed":953.6696039665968}}