{"chunk-stream2-00018":{"qoeTotal":-596.1792947862995,"qoeBitrate":500,"qoeRebuffer":0,"qoeLatency":1045.8,"qoeBitrateSwitch":0,"qoePlaybackSpeed":50.379294786299475},"init-stream3":{"qoeTotal":-9097.165541923092,"qoeBitrate":1750,"qoeRebuffer":1561.7999999821184,"qoeLatency":9041.4,"qoeBitrateSwitch":150,"qoePlaybackSpeed":93.96554194097455},"chunk-stream3-00019":{"qoeTotal":-10552.93756263121,"qoeBitrate":3000,"qoeRebuffer":3131.399999946356,"qoeLatency":10144.8,"qoeBitrateSwitch":150,"qoePlaybackSpeed":126.73756268485587},"chunk-stream3-00020":{"qoeTotal":-10468.668628860349,"qoeBitrate":4250,"qoeRebuffer":3131.399999946356,"qoeLatency":11294.4,"qoeBitrateSwitch":150,"qoePlaybackSpeed":142.86862891399358},"chunk-stream3-00021":{"qoeTotal":-10419.137869709324,"qoeBitrate":5500,"qoeRebuffer":3131.399999946356,"qoeLatency":12479.4,"qoeBitrateSwitch":150,"qoePlaybackSpeed":158.33786976296946},"chunk-stream3-00022":{"qoeTotal":-10426.139865957899,"qoeBitrate":6750,"qoeRebuffer":3131.399999946356,"qoeLatency":13710.6,"qoeBitrateSwitch":150,"qoePlaybackSpeed":184.1398660115428},"chunk-stream3-00023":{"qoeTotal":-10504.215406906973,"qoeBitrate":8000,"qoeRebuffer":3131.399999946356,"qoeLatency":14996.4,"qoeBitrateSwitch":150,"qoePlaybackSpeed":226.41540696061753},"chunk-stream3-00024":{"qoeTotal":-10641.71098125208,"qoeBitrate":9250,"qoeRebuffer":3131.399999946356,"qoeLatency":16346.4,"qoeBitrateSwitch":150,"qoePlaybackSpeed":263.9109813057241},"chunk-stream3-00025":{"qoeTotal":-12420.765162691354,"qoeBitrate":10500,"qoeRebuffer":4631.999999910593,"qoeLatency":17833.2,"qoeBitrateSwitch":150,"qoePlaybackSpeed":305.5651627807601},"chunk-stream3-00026":{"qoeTotal":-12755.826886795414,"qoeBitrate":11750,"qoeRebuffer":4631.999999910593,"qoeLatency":19380,"qoeBitrateSwitch":150,"qoePlaybackSpeed":343.82688688482114},"chunk-stream3-00027":{"qoeTotal":-13147.836288489254,"qoeBitrate":13000,"qoeRebuffer":4631.999999910593,"qoeLatency":20980.8,"qoeBitrateSwitch":150,"qoePlaybackSpeed":385.03628857866113},"chunk-stream3-00028":{"qoeTotal":-13592.421428576718,"qoeBitrate":14250,"qoeRebuffer":4631.999999910593,"qoeLatency":22641.6,"qoeBitrateSwitch":150,"qoePlaybackSpeed":418.82142866612605},"chunk-stream3-00029":{"qoeTotal":-14095.362414289384,"qoeBitrate":15500,"qoeRebuffer":4631.999999910593,"qoeLatency":24369,"qoeBitrateSwitch":150,"qoePlaybackSpeed":444.3624143787905},"chunk-stream3-00030":{"qoeTotal":-14687.617738351322,"qoeBitrate":16750,"qoeRebuffer":4631.999999910593,"qoeLatency":26165.4,"qoeBitrateSwitch":150,"qoePlaybackSpeed":490.21773844072726},"chunk-stream3-00031":{"qoeTotal":-16872.263865036228,"qoeBitrate":18000,"qoeRebuffer":6132.59999987483,"qoeLatency":28060.2,"qoeBitrateSwitch":150,"qoePlaybackSpeed":529.4638651613952},"chunk-stream3-00032":{"qoeTotal":-19160.393628042875,"qoeBitrate":19250,"qoeRebuffer":7670.399999856949,"qoeLatency":30033,"qoeBitrateSwitch":150,"qoePlaybackSpeed":556.9936281859276},"chunk-stream3-00033":{"qoeTotal":-19978.694250421202,"qoeBitrate":20500,"qoeRebuffer":7670.399999856949,"qoeLatency":32076,"qoeBitrateSwitch":150,"qoePlaybackSpeed":582.2942505642533},"chunk-stream3-00034":{"qoeTotal":-20821.347925705613,"qoeBitrate":21750,"qoeRebuffer":7670.399999856949,"qoeLatency":34149.6,"qoeBitrateSwitch":150,"qoePlaybackSpeed":601.3479258486657},"chunk-stream3-00035":{"qoeTotal":-21723.167522972755,"qoeBitrate":23000,"qoeRebuffer":7670.399999856949,"qoeLatency":36264,"qoeBitrateSwitch":150,"qoePlaybackSpeed":638.7675231158056},"chunk-stream3-00036":{"qoeTotal":-22596.965474392706,"qoeBitrate":24250,"qoeRebuffer":7670.399999856949,"qoeLatency":38382,"qoeBitrateSwitch":150,"qoePlaybackSpeed":644.5654745357558},"chunk-stream3-00037":{"qoeTotal":-23482.370136794463,"qoeBitrate":25500,"qoeRebuffer":7670.399999856949,"qoeLatency":40479.6,"qoeBitrateSwitch":150,"qoePlaybackSpeed":682.3701369375149},"chunk-stream3-00038":{"qoeTotal":-24399.75021961483,"qoeBitrate":26750,"qoeRebuffer":7670.399999856949,"qoeLatency":42612.6,"qoeBitrateSwitch":150,"qoePlaybackSpeed":716.750219757884},"chunk-stream3-00039":{"qoeTotal":-25318.279664481775,"qoeBitrate":28000,"qoeRebuffer":7670.399999856949,"qoeLatency":44761.799999999996,"qoeBitrateSwitch":150,"qoePlaybackSpeed":736.0796646248308},"chunk-stream3-00040":{"qoeTotal":-26287.894500093294,"qoeBitrate":29250,"qoeRebuffer":7670.399999856949,"qoeLatency":46947.6,"qoeBitrateSwitch":150,"qoePlaybackSpeed":769.894500236348},"chunk-stream3-00041":{"qoeTotal":-27225.87948125972,"qoeBitrate":30500,"qoeRebuffer":7670.399999856949,"qoeLatency":49134,"qoeBitrateSwitch":150,"qoePlaybackSpeed":771.4794814027698},"init-stream4":{"qoeTotal":-32270.12259027197,"qoeBitrate":32500,"qoeRebuffer":7670.399999856949,"qoeLatency":55999.2,"qoeBitrateSwitch":300,"qoePlaybackSpeed":800.5225904150245},"chunk-stream4-00042":{"qoeTotal":-32443.248894154854,"qoeBitrate":34500,"qoeRebuffer":7670.399999856949,"qoeLatency":58165.2,"qoeBitrateSwitch":300,"qoePlaybackSpeed":807.6488942979083},"chunk-stream4-00043":{"qoeTotal":-32659.386094223075,"qoeBitrate":36500,"qoeRebuffer":7670.399999856949,"qoeLatency":60362.399999999994,"qoeBitrateSwitch":300,"qoePlaybackSpeed":826.5860943661337},"chunk-stream4-00044":{"qoeTotal":-32972.23415154154,"qoeBitrate":38500,"qoeRebuffer":7670.399999856949,"qoeLatency":62635.799999999996,"qoeBitrateSwitch":300,"qoePlaybackSpeed":866.0341516845982},"chunk-stream3-00045":{"qoeTotal":-35868.82242747191,"qoeBitrate":39750,"qoeRebuffer":9246.59999987483,"qoeLatency":65016.6,"qoeBitrateSwitch":450,"qoePlaybackSpeed":905.6224275970814},"chunk-stream3-00046":{"qoeTotal":-38589.60764038551,"qoeBitrate":41000,"qoeRebuffer":10767.59999987483,"qoeLatency":67434.6,"qoeBitrateSwitch":450,"qoePlaybackSpeed":937.4076405106738},"chunk-stream3-00047":{"qoeTotal":-39845.16077996225,"qoeBitrate":42250,"qoeRebuffer":10767.59999987483,"qoeLatency":69901.20000000001,"qoeBitrateSwitch":450,"qoePlaybackSpeed":976.3607800874076},"chunk-stream3-00048":{"qoeTotal":-42586.17134094704,"qoeBitrate":43500,"qoeRebuffer":12269.999999910593,"qoeLatency":72385.80000000002,"qoeBitrateSwitch":450,"qoePlaybackSpeed":980.3713410364307},"chunk-stream4-00049":{"qoeTotal":-43288.28336980915,"qoeBitrate":45500,"qoeRebuffer":12269.999999910593,"qoeLatency":74897.40000000002,"qoeBitrateSwitch":600,"qoePlaybackSpeed":1020.8833698985359},"chunk-stream3-00050":{"qoeTotal":-46598.98475078731,"qoeBitrate":46750,"qoeRebuffer":13866.59999987483,"qoeLatency":77665.80000000002,"qoeBitrateSwitch":750,"qoePlaybackSpeed":1066.5847509124637},"chunk-stream3-00051":{"qoeTotal":-51523.03840292243,"qoeBitrate":48000,"qoeRebuffer":17015.999999821186,"qoeLatency":80643.00000000001,"qoeBitrateSwitch":750,"qoePlaybackSpeed":1114.0384031012275},"chunk-stream3-00052":{"qoeTotal":-53349.02195784613,"qoeBitrate":49250,"qoeRebuffer":17015.999999821186,"qoeLatency":83675.40000000001,"qoeBitrateSwitch":750,"qoePlaybackSpeed":1157.621958024939},"chunk-stream3-00053":{"qoeTotal":-55180.948698200395,"qoeBitrate":50500,"qoeRebuffer":17015.999999821186,"qoeLatency":86732.40000000001,"qoeBitrateSwitch":750,"qoePlaybackSpeed":1182.548698379198},"chunk-stream4-00054":{"qoeTotal":-56457.7209932491,"qoeBitrate":52500,"qoeRebuffer":17015.999999821186,"qoeLatency":89822.40000000001,"qoeBitrateSwitch":900,"qoePlaybackSpeed":1219.3209934279078},"chunk-stream4-00055":{"qoeTotal":-57803.32099324911,"qoeBitrate":54500,"qoeRebuffer":17015.999999821186,"qoeLatency":93168.00000000001,"qoeBitrateSwitch":900,"qoePlaybackSpeed":1219.3209934279078},"chunk-stream4-00056":{"qoeTotal":-70790.14887758675,"qoeBitrate":56500,"qoeRebuffer":27782.39999985695,"qoeLatency":97348.80000000002,"qoeBitrateSwitch":900,"qoePlaybackSpeed":1258.9488777297752},"chunk-stream4-00057":{"qoeTotal":-76484.69197669851,"qoeBitrate":58500,"qoeRebuffer":30899.999999821186,"qoeLatency":101884.20000000001,"qoeBitrateSwitch":900,"qoePlaybackSpeed":1300.4919768773118},"chunk-stream4-00058":{"qoeTotal":-80858.59085407366,