{"chunk-stream2-00018":{"qoeTotal":-585.2904285539374,"qoeBitrate":500,"qoeRebuffer":0,"qoeLatency":1035,"qoeBitrateSwitch":0,"qoePlaybackSpeed":50.29042855393748},"chunk-stream2-00019":{"qoeTotal":-2700.084007604273,"qoeBitrate":1000,"qoeRebuffer":1515.5999994277954,"qoeLatency":2098.2,"qoeBitrateSwitch":0,"qoePlaybackSpeed":86.28400817647795},"chunk-stream2-00020":{"qoeTotal":-3302.1419482560923,"qoeBitrate":1500,"qoeRebuffer":1515.5999994277954,"qoeLatency":3162.6,"qoeBitrateSwitch":0,"qoePlaybackSpeed":123.94194882829689},"chunk-stream2-00021":{"qoeTotal":-3871.4096299683815,"qoeBitrate":2000,"qoeRebuffer":1515.5999994277954,"qoeLatency":4198.8,"qoeBitrateSwitch":0,"qoePlaybackSpeed":157.0096305405857},"chunk-stream2-00022":{"qoeTotal":-4410.723077239639,"qoeBitrate":2500,"qoeRebuffer":1515.5999994277954,"qoeLatency":5209.8,"qoeBitrateSwitch":0,"qoePlaybackSpeed":185.3230778118435},"chunk-stream2-00023":{"qoeTotal":-4917.141743770867,"qoeBitrate":3000,"qoeRebuffer":1515.5999994277954,"qoeLatency":6191.4,"qoeBitrateSwitch":0,"qoePlaybackSpeed":210.14174434307157},"chunk-stream2-00024":{"qoeTotal":-5394.298716972522,"qoeBitrate":3500,"qoeRebuffer":1515.5999994277954,"qoeLatency":7152.599999999999,"qoeBitrateSwitch":0,"qoePlaybackSpeed":226.0987175447268},"chunk-stream2-00025":{"qoeTotal":-5854.089800662104,"qoeBitrate":4000,"qoeRebuffer":1515.5999994277954,"qoeLatency":8099.4,"qoeBitrateSwitch":0,"qoePlaybackSpeed":239.08980123430854},"chunk-stream2-00026":{"qoeTotal":-6295.229345280005,"qoeBitrate":4500,"qoeRebuffer":1515.5999994277954,"qoeLatency":9030,"qoeBitrateSwitch":0,"qoePlaybackSpeed":249.6293458522099},"chunk-stream2-00027":{"qoeTotal":-6721.306294428923,"qoeBitrate":5000,"qoeRebuffer":1515.5999994277954,"qoeLatency":9949.8,"qoeBitrateSwitch":0,"qoePlaybackSpeed":255.9062950011289},"chunk-stream2-00028":{"qoeTotal":-7141.706294428923,"qoeBitrate":5500,"qoeRebuffer":1515.5999994277954,"qoeLatency":10870.199999999999,"qoeBitrateSwitch":0,"qoePlaybackSpeed":255.9062950011289},"chunk-stream2-00029":{"qoeTotal":-7560.306294428923,"qoeBitrate":6000,"qoeRebuffer":1515.5999994277954,"qoeLatency":11788.8,"qoeBitrateSwitch":0,"qoePlaybackSpeed":255.9062950011289},"chunk-stream2-00030":{"qoeTotal":-7980.106294428922,"qoeBitrate":6500,"qoeRebuffer":1515.5999994277954,"qoeLatency":12708.599999999999,"qoeBitrateSwitch":0,"qoePlaybackSpeed":255.9062950011289},"chunk-stream2-00031":{"qoeTotal":-8398.706294428923,"qoeBitrate":7000,"qoeRebuffer":1515.5999994277954,"qoeLatency":13627.199999999999,"qoeBitrateSwitch":0,"qoePlaybackSpeed":255.9062950011289},"chunk-stream2-00032":{"qoeTotal":-8817.906294428924,"qoeBitrate":7500,"qoeRebuffer":1515.5999994277954,"qoeLatency":14546.4,"qoeBitrateSwitch":0,"qoePlaybackSpeed":255.9062950011289},"chunk-stream2-00033":{"qoeTotal":-9237.106294428924,"qoeBitrate":8000,"qoeRebuffer":1515.5999994277954,"qoeLatency":15465.6,"qoeBitrateSwitch":0,"qoePlaybackSpeed":255.9062950011289},"chunk-stream2-00034":{"qoeTotal":-9656.306294428923,"qoeBitrate":8500,"qoeRebuffer":1515.5999994277954,"qoeLatency":16384.8,"qoeBitrateSwitch":0,"qoePlaybackSpeed":255.9062950011289},"chunk-stream2-00035":{"qoeTotal":-10075.506294428924,"qoeBitrate":9000,"qoeRebuffer":1515.5999994277954,"qoeLatency":17304,"qoeBitrateSwitch":0,"qoePlaybackSpeed":255.9062950011289},"chunk-stream2-00036":{"qoeTotal":-10494.706294428925,"qoeBitrate":9500,"qoeRebuffer":1515.5999994277954,"qoeLatency":18223.2,"qoeBitrateSwitch":0,"qoePlaybackSpeed":255.9062950011289},"chunk-stream2-00037":{"qoeTotal":-10914.506294428924,"qoeBitrate":10000,"qoeRebuffer":1515.5999994277954,"qoeLatency":19143,"qoeBitrateSwitch":0,"qoePlaybackSpeed":255.9062950011289},"chunk-stream2-00038":{"qoeTotal":-11330.706294428925,"qoeBitrate":10500,"qoeRebuffer":1515.5999994277954,"qoeLatency":20059.2,"qoeBitrateSwitch":0,"qoePlaybackSpeed":255.9062950011289},"chunk-stream2-00039":{"qoeTotal":-11749.906294428925,"qoeBitrate":11000,"qoeRebuffer":1515.5999994277954,"qoeLatency":20978.4,"qoeBitrateSwitch":0,"qoePlaybackSpeed":255.9062950011289},"chunk-stream2-00040":{"qoeTotal":-12166.106294428926,"qoeBitrate":11500,"qoeRebuffer":1515.5999994277954,"qoeLatency":21894.600000000002,"qoeBitrateSwitch":0,"qoePlaybackSpeed":255.9062950011289},"init-stream3":{"qoeTotal":-12839.094049094858,"qoeBitrate":12750,"qoeRebuffer":1515.5999994277954,"qoeLatency":23607.600000000002,"qoeBitrateSwitch":150,"qoePlaybackSpeed":315.8940496670599},"chunk-stream3-00041":{"qoeTotal":-12509.49404909486,"qoeBitrate":14000,"qoeRebuffer":1515.5999994277954,"qoeLatency":24528.000000000004,"qoeBitrateSwitch":150,"qoePlaybackSpeed":315.8940496670599},"chunk-stream3-00042":{"qoeTotal":-12182.294049094859,"qoeBitrate":15250,"qoeRebuffer":1515.5999994277954,"qoeLatency":25450.800000000003,"qoeBitrateSwitch":150,"qoePlaybackSpeed":315.8940496670599},"init-stream4":{"qoeTotal":-11248.49404909486,"qoeBitrate":17250,"qoeRebuffer":1515.5999994277954,"qoeLatency":26367.000000000004,"qoeBitrateSwitch":300,"qoePlaybackSpeed":315.8940496670599},"chunk-stream4-00043":{"qoeTotal":-10170.69404909486,"qoeBitrate":19250,"qoeRebuffer":1515.5999994277954,"qoeLatency":27289.200000000004,"qoeBitrateSwitch":300,"qoePlaybackSpeed":315.8940496670599},"chunk-stream4-00044":{"qoeTotal":-15327.49404938096,"qoeBitrate":21250,"qoeRebuffer":7300.799999713898,"qoeLatency":28660.800000000003,"qoeBitrateSwitch":300,"qoePlaybackSpeed":315.8940496670599},"chunk-stream3-00045":{"qoeTotal":-26178.941003203996,"qoeBitrate":22500,"qoeRebuffer":17185.799996852875,"qoeLatency":30679.200000000004,"qoeBitrateSwitch":450,"qoePlaybackSpeed":363.941006351117},"chunk-stream3-00046":{"qoeTotal":-37022.58796217687,"qoeBitrate":23750,"qoeRebuffer":26525.399999141693,"qoeLatency":33385.200000000004,"qoeBitrateSwitch":450,"qoePlaybackSpeed":411.98796303517406},"chunk-stream3-00047":{"qoeTotal":-42514.2060098208,"qoeBitrate":25000,"qoeRebuffer":30228.600000858307,"qoeLatency":36385.8,"qoeBitrateSwitch":450,"qoePlaybackSpeed":449.80600896249234},"chunk-stream3-00048":{"qoeTotal":-46012.73700680096,"qoeBitrate":26250,"qoeRebuffer":31735.80000114441,"qoeLatency":39596.4,"qoeBitrateSwitch":450,"qoePlaybackSpeed":480.537005656548},"chunk-stream3-00049":{"qoeTotal":-49829.76780864908,"qoeBitrate":27500,"qoeRebuffer":33291.00000143051,"qoeLatency":43062,"qoeBitrateSwitch":450,"qoePlaybackSpeed":526.7678072185664},"chunk-stream3-00050":{"qoeTotal":-67895.94475306374,"qoeBitrate":28750,"qoeRebuffer":47876.39999914169,"qoeLatency":47745,"qoeBitrateSwitch":450,"qoePlaybackSpeed":574.5447539220427},"chunk-stream3-00051":{"qoeTotal":-81196.32169862279,"qoeBitrate":30000,"qoeRebuffer":57066.599997997284,"qoeLatency":53057.4,"qoeBitrateSwitch":450,"qoePlaybackSpeed":622.3217006255189},"chunk-stream3-00052":{"qoeTotal":-88737.13152031877,"qoeBitrate":31250,"qoeRebuffer":60236.99999856949,"qoeLatency":58642.200000000004,"qoeBitrateSwitch":450,"qoePlaybackSpeed":657.9315217492629},"chunk-stream3-00053":{"qoeTotal":-94778.42783691933,"qoeBitrate":32500,"qoeRebuffer":61810.799998283386,"qoeLatency":64328.4,"qoeBitrateSwitch":450,"qoePlaybackSpeed":689.2278386359496},"chunk-stream3-00054":{"qoeTotal":-100851.39498230106,"qoeBitrate":33750,"qoeRebuffer":63322.799998283386,"qoeLatency":70110,"qoeBitrateSwitch":450,"qoePlaybackSpeed":718.5949840176817},"chunk-stream3-00055":{"qoeTotal":-107717.50182960829,"qoeBitrate":35000,"qoeRebuffer":64867.799998283386,"qoeLatency":76642.2,"qoeBitrateSwitch":450,"qoePlaybackSpeed":757.5018313248964},"chunk-stream3-00056":{"qoeTotal":-130902.60050722816,"qoeBitrate":36250,"qoeRebuffer":81696.59999799728,"qoeLatency":84200.4,"qoeBitrateSwitch":450,"qoePlaybackSpeed":805.600509230884},"chunk-stream3-00082":{"qoeTotal":-139195.09918513414,"qoeBitrate":37500,"qoeRebuffer":81696.59999799728,"qoeLatency":93694.79999999999,"qoeBitrateSwitch":450,"qoePlaybackSpeed":853.6991871368715},"init-stream1":{"qoeTotal":-151874.79786275403,"qoeBitrate":37800,