{"chunk-stream2-00018":{"qoeTotal":-474.9485061536058,"qoeBitrate":500,"qoeRebuffer":0,"qoeLatency":940.8000000000001,"qoeBitrateSwitch":0,"qoePlaybackSpeed":34.148506153605766},"init-stream0":{"qoeTotal":-479.4013689058547,"qoeBitrate":600,"qoeRebuffer":0,"qoeLatency":955.1500000000001,"qoeBitrateSwitch":80,"qoePlaybackSpeed":44.25136890585466},"chunk-stream0-00019":{"qoeTotal":-1362.7498750594605,"qoeBitrate":700,"qoeRebuffer":0,"qoeLatency":1904.3500000000001,"qoeBitrateSwitch":80,"qoePlaybackSpeed":78.39987505946043},"chunk-stream0-00020":{"qoeTotal":-2247.8983812130664,"qoeBitrate":800,"qoeRebuffer":0,"qoeLatency":2855.3500000000004,"qoeBitrateSwitch":80,"qoePlaybackSpeed":112.5483812130662},"chunk-stream0-00021":{"qoeTotal":-3130.1337631318033,"qoeBitrate":900,"qoeRebuffer":0,"qoeLatency":3821.3500000000004,"qoeBitrateSwitch":80,"qoePlaybackSpeed":128.783763131803},"init-stream2":{"qoeTotal":-3676.0677371672027,"qoeBitrate":1400,"qoeRebuffer":0,"qoeLatency":4774.150000000001,"qoeBitrateSwitch":160,"qoePlaybackSpeed":141.917737167202},"chunk-stream2-00022":{"qoeTotal":-4128.752589254243,"qoeBitrate":1900,"qoeRebuffer":0,"qoeLatency":5716.150000000001,"qoeBitrateSwitch":160,"qoePlaybackSpeed":152.60258925424182},"chunk-stream2-00023":{"qoeTotal":-4564.726097467108,"qoeBitrate":2400,"qoeRebuffer":0,"qoeLatency":6645.55,"qoeBitrateSwitch":160,"qoePlaybackSpeed":159.17609746710758},"chunk-stream2-00024":{"qoeTotal":-4991.099605679974,"qoeBitrate":2900,"qoeRebuffer":0,"qoeLatency":7565.35,"qoeBitrateSwitch":160,"qoePlaybackSpeed":165.74960567997334},"init-stream1":{"qoeTotal":-5646.699605679974,"qoeBitrate":3200,"qoeRebuffer":0,"qoeLatency":8480.95,"qoeBitrateSwitch":200,"qoePlaybackSpeed":165.74960567997334},"chunk-stream1-00025":{"qoeTotal":-6265.299605679975,"qoeBitrate":3500,"qoeRebuffer":0,"qoeLatency":9399.550000000001,"qoeBitrateSwitch":200,"qoePlaybackSpeed":165.74960567997334},"chunk-stream1-00026":{"qoeTotal":-6024.58246814612,"qoeBitrate":3800,"qoeRebuffer":34.799999713897705,"qoeLatency":9413.93,"qoeBitrateSwitch":200,"qoePlaybackSpeed":175.85246843222225},"chunk-stream0-00027":{"qoeTotal":-5986.485922185087,"qoeBitrate":3900,"qoeRebuffer":34.799999713897705,"qoeLatency":9428.52,"qoeBitrateSwitch":240,"qoePlaybackSpeed":183.16592247118817},"chunk-stream0-00028":{"qoeTotal":-5901.235922185087,"qoeBitrate":4000,"qoeRebuffer":34.799999713897705,"qoeLatency":9443.27,"qoeBitrateSwitch":240,"qoePlaybackSpeed":183.16592247118817},"chunk-stream0-00029":{"qoeTotal":-5815.995922185087,"qoeBitrate":4100,"qoeRebuffer":34.799999713897705,"qoeLatency":9458.03,"qoeBitrateSwitch":240,"qoePlaybackSpeed":183.16592247118817},"chunk-stream0-00030":{"qoeTotal":-5730.755922185087,"qoeBitrate":4200,"qoeRebuffer":34.799999713897705,"qoeLatency":9472.79,"qoeBitrateSwitch":240,"qoePlaybackSpeed":183.16592247118817},"chunk-stream0-00031":{"qoeTotal":-5645.505922185087,"qoeBitrate":4300,"qoeRebuffer":34.799999713897705,"qoeLatency":9487.54,"qoeBitrateSwitch":240,"qoePlaybackSpeed":183.16592247118817},"chunk-stream0-00032":{"qoeTotal":-5560.255922185087,"qoeBitrate":4400,"qoeRebuffer":34.799999713897705,"qoeLatency":9502.29,"qoeBitrateSwitch":240,"qoePlaybackSpeed":183.16592247118817},"chunk-stream0-00033":{"qoeTotal":-5474.975922185086,"qoeBitrate":4500,"qoeRebuffer":34.799999713897705,"qoeLatency":9517.01,"qoeBitrateSwitch":240,"qoePlaybackSpeed":183.16592247118817},"chunk-stream0-00034":{"qoeTotal":-5389.695922185086,"qoeBitrate":4600,"qoeRebuffer":34.799999713897705,"qoeLatency":9531.73,"qoeBitrateSwitch":240,"qoePlaybackSpeed":183.16592247118817},"chunk-stream0-00035":{"qoeTotal":-5304.415922185085,"qoeBitrate":4700,"qoeRebuffer":34.799999713897705,"qoeLatency":9546.449999999999,"qoeBitrateSwitch":240,"qoePlaybackSpeed":183.16592247118817},"chunk-stream0-00036":{"qoeTotal":-5219.165922185085,"qoeBitrate":4800,"qoeRebuffer":34.799999713897705,"qoeLatency":9561.199999999999,"qoeBitrateSwitch":240,"qoePlaybackSpeed":183.16592247118817},"chunk-stream0-00037":{"qoeTotal":-5133.885922185084,"qoeBitrate":4900,"qoeRebuffer":34.799999713897705,"qoeLatency":9575.919999999998,"qoeBitrateSwitch":240,"qoePlaybackSpeed":183.16592247118817},"chunk-stream0-00038":{"qoeTotal":-5048.635922185084,"qoeBitrate":5000,"qoeRebuffer":34.799999713897705,"qoeLatency":9590.669999999998,"qoeBitrateSwitch":240,"qoePlaybackSpeed":183.16592247118817},"chunk-stream0-00039":{"qoeTotal":-4963.355922185084,"qoeBitrate":5100,"qoeRebuffer":34.799999713897705,"qoeLatency":9605.389999999998,"qoeBitrateSwitch":240,"qoePlaybackSpeed":183.16592247118817},"chunk-stream0-00040":{"qoeTotal":-4878.105922185084,"qoeBitrate":5200,"qoeRebuffer":34.799999713897705,"qoeLatency":9620.139999999998,"qoeBitrateSwitch":240,"qoePlaybackSpeed":183.16592247118817},"chunk-stream0-00041":{"qoeTotal":-4792.855922185084,"qoeBitrate":5300,"qoeRebuffer":34.799999713897705,"qoeLatency":9634.889999999998,"qoeBitrateSwitch":240,"qoePlaybackSpeed":183.16592247118817},"chunk-stream0-00042":{"qoeTotal":-4707.605922185084,"qoeBitrate":5400,"qoeRebuffer":34.799999713897705,"qoeLatency":9649.639999999998,"qoeBitrateSwitch":240,"qoePlaybackSpeed":183.16592247118817},"chunk-stream0-00043":{"qoeTotal":-4622.355922185084,"qoeBitrate":5500,"qoeRebuffer":34.799999713897705,"qoeLatency":9664.389999999998,"qoeBitrateSwitch":240,"qoePlaybackSpeed":183.16592247118817},"chunk-stream0-00044":{"qoeTotal":-4537.085922185083,"qoeBitrate":5600,"qoeRebuffer":34.799999713897705,"qoeLatency":9679.119999999997,"qoeBitrateSwitch":240,"qoePlaybackSpeed":183.16592247118817},"chunk-stream0-00045":{"qoeTotal":-4451.825922185083,"qoeBitrate":5700,"qoeRebuffer":34.799999713897705,"qoeLatency":9693.859999999997,"qoeBitrateSwitch":240,"qoePlaybackSpeed":183.16592247118817},"chunk-stream0-00046":{"qoeTotal":-4366.555922185083,"qoeBitrate":5800,"qoeRebuffer":34.799999713897705,"qoeLatency":9708.589999999997,"qoeBitrateSwitch":240,"qoePlaybackSpeed":183.16592247118817},"chunk-stream0-00047":{"qoeTotal":-4281.285922185082,"qoeBitrate":5900,"qoeRebuffer":34.799999713897705,"qoeLatency":9723.319999999996,"qoeBitrateSwitch":240,"qoePlaybackSpeed":183.16592247118817},"chunk-stream0-00048":{"qoeTotal":-4196.025922185082,"qoeBitrate":6000,"qoeRebuffer":34.799999713897705,"qoeLatency":9738.059999999996,"qoeBitrateSwitch":240,"qoePlaybackSpeed":183.16592247118817},"chunk-stream0-00049":{"qoeTotal":-4110.775922185082,"qoeBitrate":6100,"qoeRebuffer":34.799999713897705,"qoeLatency":9752.809999999996,"qoeBitrateSwitch":240,"qoePlaybackSpeed":183.16592247118817},"chunk-stream0-00050":{"qoeTotal":-4025.5259221850815,"qoeBitrate":6200,"qoeRebuffer":34.799999713897705,"qoeLatency":9767.559999999996,"qoeBitrateSwitch":240,"qoePlaybackSpeed":183.16592247118817},"chunk-stream0-00051":{"qoeTotal":-3940.2759221850815,"qoeBitrate":6300,"qoeRebuffer":34.799999713897705,"qoeLatency":9782.309999999996,"qoeBitrateSwitch":240,"qoePlaybackSpeed":183.16592247118817},"chunk-stream0-00052":{"qoeTotal":-3854.995922185081,"qoeBitrate":6400,"qoeRebuffer":34.799999713897705,"qoeLatency":9797.029999999995,"qoeBitrateSwitch":240,"qoePlaybackSpeed":183.16592247118817},"chunk-stream0-00053":{"qoeTotal":-3769.755922185081,"qoeBitrate":6500,"qoeRebuffer":34.799999713897705,"qoeLatency":9811.789999999995,"qoeBitrateSwitch":240,"qoePlaybackSpeed":183.16592247118817},"chunk-stream0-00054":{"qoeTotal":-3684.505922185081,"qoeBitrate":6600,"qoeRebuffer":34.799999713897705,"qoeLatency":9826.539999999995,"qoeBitrateSwitch":240,"qoePlaybackSpeed":183.16592247118817},"chunk-stream0-00055":{"qoeTotal":-3599.255922185081,"qoeBitrate":6700,"qoeRebuffer":34.799999713897705,"qoeLatency":9841.289999999995,"qoeBitrateSwitch":240,"qoePlaybackSpeed":183.16592247118817}}