{"chunk-stream2-00018":{"qoeTotal":-557.7925380866981,"qoeBitrate":500,"qoeRebuffer":0,"qoeLatency":1009.1999999999999,"qoeBitrateSwitch":0,"qoePlaybackSpeed":48.59253808669812},"chunk-stream2-00019":{"qoeTotal":-1115.285220513122,"qoeBitrate":1000,"qoeRebuffer":0,"qoeLatency":2037,"qoeBitrateSwitch":0,"qoePlaybackSpeed":78.28522051312211},"chunk-stream2-00020":{"qoeTotal":-1654.7779029395463,"qoeBitrate":1500,"qoeRebuffer":0,"qoeLatency":3046.8,"qoeBitrateSwitch":0,"qoePlaybackSpeed":107.97790293954611},"chunk-stream2-00021":{"qoeTotal":-2175.244723647481,"qoeBitrate":2000,"qoeRebuffer":0,"qoeLatency":4042.2000000000003,"qoeBitrateSwitch":0,"qoePlaybackSpeed":133.0447236474805},"chunk-stream2-00022":{"qoeTotal":-2677.6895755820233,"qoeBitrate":2500,"qoeRebuffer":0,"qoeLatency":5023.8,"qoeBitrateSwitch":0,"qoePlaybackSpeed":153.88957558202307},"chunk-stream2-00023":{"qoeTotal":-3159.555626736916,"qoeBitrate":3000,"qoeRebuffer":0,"qoeLatency":5988.6,"qoeBitrateSwitch":0,"qoePlaybackSpeed":170.95562673691555},"init-stream3":{"qoeTotal":-10091.16046671512,"qoeBitrate":4250,"qoeRebuffer":0,"qoeLatency":13977,"qoeBitrateSwitch":150,"qoePlaybackSpeed":214.16046671512112},"chunk-stream3-00024":{"qoeTotal":-9792.02523906722,"qoeBitrate":5500,"qoeRebuffer":0,"qoeLatency":14916.6,"qoeBitrateSwitch":150,"qoePlaybackSpeed":225.42523906721823},"chunk-stream3-00025":{"qoeTotal":-9481.581594083582,"qoeBitrate":6750,"qoeRebuffer":0,"qoeLatency":15848.4,"qoeBitrateSwitch":150,"qoePlaybackSpeed":233.18159408358173},"chunk-stream3-00026":{"qoeTotal":-9147.78159408358,"qoeBitrate":8000,"qoeRebuffer":0,"qoeLatency":16764.6,"qoeBitrateSwitch":150,"qoePlaybackSpeed":233.18159408358173},"chunk-stream3-00027":{"qoeTotal":-8819.981594083582,"qoeBitrate":9250,"qoeRebuffer":0,"qoeLatency":17686.8,"qoeBitrateSwitch":150,"qoePlaybackSpeed":233.18159408358173},"chunk-stream3-00028":{"qoeTotal":-8486.78159408358,"qoeBitrate":10500,"qoeRebuffer":0,"qoeLatency":18603.6,"qoeBitrateSwitch":150,"qoePlaybackSpeed":233.18159408358173},"chunk-stream3-00029":{"qoeTotal":-8158.381594083578,"qoeBitrate":11750,"qoeRebuffer":0,"qoeLatency":19525.199999999997,"qoeBitrateSwitch":150,"qoePlaybackSpeed":233.18159408358173},"chunk-stream3-00030":{"qoeTotal":-7824.581594083579,"qoeBitrate":13000,"qoeRebuffer":0,"qoeLatency":20441.399999999998,"qoeBitrateSwitch":150,"qoePlaybackSpeed":233.18159408358173},"chunk-stream3-00031":{"qoeTotal":-7491.381594083578,"qoeBitrate":14250,"qoeRebuffer":0,"qoeLatency":21358.199999999997,"qoeBitrateSwitch":150,"qoePlaybackSpeed":233.18159408358173},"chunk-stream3-00032":{"qoeTotal":-7158.181594083578,"qoeBitrate":15500,"qoeRebuffer":0,"qoeLatency":22274.999999999996,"qoeBitrateSwitch":150,"qoePlaybackSpeed":233.18159408358173},"chunk-stream3-00033":{"qoeTotal":-6824.381594083578,"qoeBitrate":16750,"qoeRebuffer":0,"qoeLatency":23191.199999999997,"qoeBitrateSwitch":150,"qoePlaybackSpeed":233.18159408358173},"chunk-stream3-00034":{"qoeTotal":-6495.981594083577,"qoeBitrate":18000,"qoeRebuffer":0,"qoeLatency":24112.799999999996,"qoeBitrateSwitch":150,"qoePlaybackSpeed":233.18159408358173},"chunk-stream3-00035":{"qoeTotal":-6166.981594083577,"qoeBitrate":19250,"qoeRebuffer":0,"qoeLatency":25033.799999999996,"qoeBitrateSwitch":150,"qoePlaybackSpeed":233.18159408358173},"chunk-stream3-00036":{"qoeTotal":-5833.181594083578,"qoeBitrate":20500,"qoeRebuffer":0,"qoeLatency":25949.999999999996,"qoeBitrateSwitch":150,"qoePlaybackSpeed":233.18159408358173},"chunk-stream3-00037":{"qoeTotal":-5504.781594083576,"qoeBitrate":21750,"qoeRebuffer":0,"qoeLatency":26871.599999999995,"qoeBitrateSwitch":150,"qoePlaybackSpeed":233.18159408358173},"chunk-stream3-00038":{"qoeTotal":-5176.981594083577,"qoeBitrate":23000,"qoeRebuffer":0,"qoeLatency":27793.799999999996,"qoeBitrateSwitch":150,"qoePlaybackSpeed":233.18159408358173},"chunk-stream3-00039":{"qoeTotal":-4848.5815940835755,"qoeBitrate":24250,"qoeRebuffer":0,"qoeLatency":28715.399999999994,"qoeBitrateSwitch":150,"qoePlaybackSpeed":233.18159408358173},"chunk-stream3-00040":{"qoeTotal":-4520.781594083576,"qoeBitrate":25500,"qoeRebuffer":0,"qoeLatency":29637.599999999995,"qoeBitrateSwitch":150,"qoePlaybackSpeed":233.18159408358173},"chunk-stream3-00041":{"qoeTotal":-4192.381594083575,"qoeBitrate":26750,"qoeRebuffer":0,"qoeLatency":30559.199999999993,"qoeBitrateSwitch":150,"qoePlaybackSpeed":233.18159408358173},"chunk-stream3-00042":{"qoeTotal":-3858.581594083576,"qoeBitrate":28000,"qoeRebuffer":0,"qoeLatency":31475.399999999994,"qoeBitrateSwitch":150,"qoePlaybackSpeed":233.18159408358173},"chunk-stream3-00043":{"qoeTotal":-3524.7815940835767,"qoeBitrate":29250,"qoeRebuffer":0,"qoeLatency":32391.599999999995,"qoeBitrateSwitch":150,"qoePlaybackSpeed":233.18159408358173},"chunk-stream3-00044":{"qoeTotal":-3195.781594083573,"qoeBitrate":30500,"qoeRebuffer":0,"qoeLatency":33312.59999999999,"qoeBitrateSwitch":150,"qoePlaybackSpeed":233.18159408358173},"chunk-stream3-00045":{"qoeTotal":-2862.581594083576,"qoeBitrate":31750,"qoeRebuffer":0,"qoeLatency":34229.399999999994,"qoeBitrateSwitch":150,"qoePlaybackSpeed":233.18159408358173},"chunk-stream3-00046":{"qoeTotal":-2529.381594083579,"qoeBitrate":33000,"qoeRebuffer":0,"qoeLatency":35146.2,"qoeBitrateSwitch":150,"qoePlaybackSpeed":233.18159408358173},"chunk-stream3-00047":{"qoeTotal":-2238.808912689431,"qoeBitrate":34250,"qoeRebuffer":0,"qoeLatency":36089.399999999994,"qoeBitrateSwitch":150,"qoePlaybackSpeed":249.40891268943676},"chunk-stream3-00048":{"qoeTotal":-1990.6809945578111,"qoeBitrate":35500,"qoeRebuffer":0,"qoeLatency":37076.399999999994,"qoeBitrateSwitch":150,"qoePlaybackSpeed":264.2809945578168},"chunk-stream3-00049":{"qoeTotal":-1806.7175844783387,"qoeBitrate":36750,"qoeRebuffer":0,"qoeLatency":38109.59999999999,"qoeBitrateSwitch":150,"qoePlaybackSpeed":297.11758447834734},"chunk-stream3-00050":{"qoeTotal":-3313.3248868580454,"qoeBitrate":38000,"qoeRebuffer":1578,"qoeLatency":39245.99999999999,"qoeBitrateSwitch":150,"qoePlaybackSpeed":339.3248868580525},"chunk-stream3-00051":{"qoeTotal":-4894.845870633377,"qoeBitrate":39250,"qoeRebuffer":3105,"qoeLatency":40505.399999999994,"qoeBitrateSwitch":150,"qoePlaybackSpeed":384.44587063338275},"chunk-stream3-00052":{"qoeTotal":-4975.841406455315,"qoeBitrate":40500,"qoeRebuffer":3105,"qoeLatency":41811.59999999999,"qoeBitrateSwitch":150,"qoePlaybackSpeed":409.24140645532435},"chunk-stream3-00053":{"qoeTotal":-5065.49193807794,"qoeBitrate":41750,"qoeRebuffer":3105,"qoeLatency":43141.19999999999,"qoeBitrateSwitch":150,"qoePlaybackSpeed":419.29193807795053},"chunk-stream3-00054":{"qoeTotal":-5175.169307414028,"qoeBitrate":43000,"qoeRebuffer":3105,"qoeLatency":44466.59999999999,"qoeBitrateSwitch":150,"qoePlaybackSpeed":453.5693074140365},"chunk-stream3-00055":{"qoeTotal":-7371.5693062696155,"qoeBitrate":44250,"qoeRebuffer":4606.199998855591,"qoeLatency":46411.79999999999,"qoeBitrateSwitch":150,"qoePlaybackSpeed":453.5693074140365},"chunk-stream3-00056":{"qoeTotal":-23939.817141403328,"qoeBitrate":45500,"qoeRebuffer":19569.599999427795,"qoeLatency":49226.999999999985,"qoeBitrateSwitch":150,"qoePlaybackSpeed":493.2171419755473},"chunk-stream3-00057":{"qoeTotal":-30635.919543611057,"qoeBitrate":46750,"qoeRebuffer":24258,"qoeLatency":52441.19999999998,"qoeBitrateSwitch":150,"qoePlaybackSpeed":536.7195436110753},"chunk-stream3-00058":{"qoeTotal":-36000.46545837557,"qoeBitrate":48000,"qoeRebuffer":27382.799999713898,"qoeLatency":55888.79999999998,"qoeBitrateSwitch":150,"qoePlaybackSpeed":578.865458661687},"chunk-stream3-00059":{"qoeTotal":-40017.85575756915,"qoeBitrate":49250,"qoeRebuffer":28959.599999427795,"qoeLatency":59542.19999999998,"qoeBitrateSwitch":150,"qoePlaybackSpeed":616.0557581413776},"chunk-stream3-00060":{"qoeTotal":-47785.88823100589,"qoeBitrate":50500,"qoeRebuffer":33948.599999427795,"qoeLatency":63523.19999999998,"qoeBitrateSwitch":150,"qoePlaybackSpeed":664.0882315781139},"chunk-stream3-00061":{"qoeTotal":-55025.967396403335,