{"chunk-stream2-00018":{"qoeTotal":-602.7208134065388,"qoeBitrate":500,"qoeRebuffer":0,"qoeLatency":1060.2,"qoeBitrateSwitch":0,"qoePlaybackSpeed":42.52081340653877},"chunk-stream2-00019":{"qoeTotal":-2742.44918640897,"qoeBitrate":1000,"qoeRebuffer":1516.800001144409,"qoeLatency":2163,"qoeBitrateSwitch":0,"qoePlaybackSpeed":62.649185264560955},"chunk-stream2-00020":{"qoeTotal":-3401.717121653572,"qoeBitrate":1500,"qoeRebuffer":1516.800001144409,"qoeLatency":3279,"qoeBitrateSwitch":0,"qoePlaybackSpeed":105.91712050916293},"chunk-stream2-00021":{"qoeTotal":-4010.424449992782,"qoeBitrate":2000,"qoeRebuffer":1516.800001144409,"qoeLatency":4350.6,"qoeBitrateSwitch":0,"qoePlaybackSpeed":143.02444884837226},"chunk-stream2-00022":{"qoeTotal":-4572.7916608433425,"qoeBitrate":2500,"qoeRebuffer":1516.800001144409,"qoeLatency":5382.6,"qoeBitrateSwitch":0,"qoePlaybackSpeed":173.39165969893276},"chunk-stream2-00023":{"qoeTotal":-5094.458481551277,"qoeBitrate":3000,"qoeRebuffer":1516.800001144409,"qoeLatency":6379.200000000001,"qoeBitrateSwitch":0,"qoePlaybackSpeed":198.45848040686715},"chunk-stream2-00024":{"qoeTotal":-5586.703333485819,"qoeBitrate":3500,"qoeRebuffer":1516.800001144409,"qoeLatency":7350.6,"qoeBitrateSwitch":0,"qoePlaybackSpeed":219.3033323414097},"chunk-stream2-00025":{"qoeTotal":-6056.491314028377,"qoeBitrate":4000,"qoeRebuffer":1516.800001144409,"qoeLatency":8306.4,"qoeBitrateSwitch":0,"qoePlaybackSpeed":233.29131288396798},"chunk-stream2-00026":{"qoeTotal":-6508.411306022865,"qoeBitrate":4500,"qoeRebuffer":1516.800001144409,"qoeLatency":9247.199999999999,"qoeBitrateSwitch":0,"qoePlaybackSpeed":244.41130487845632},"chunk-stream2-00027":{"qoeTotal":-6946.167661039228,"qoeBitrate":5000,"qoeRebuffer":1516.800001144409,"qoeLatency":10177.199999999999,"qoeBitrateSwitch":0,"qoePlaybackSpeed":252.16765989481985},"chunk-stream2-00028":{"qoeTotal":-7371.324016055591,"qoeBitrate":5500,"qoeRebuffer":1516.800001144409,"qoeLatency":11094.599999999999,"qoeBitrateSwitch":0,"qoePlaybackSpeed":259.92401491118335},"chunk-stream2-00029":{"qoeTotal":-7790.524016055591,"qoeBitrate":6000,"qoeRebuffer":1516.800001144409,"qoeLatency":12013.8,"qoeBitrateSwitch":0,"qoePlaybackSpeed":259.92401491118335},"chunk-stream2-00030":{"qoeTotal":-8209.724016055592,"qoeBitrate":6500,"qoeRebuffer":1516.800001144409,"qoeLatency":12933,"qoeBitrateSwitch":0,"qoePlaybackSpeed":259.92401491118335},"chunk-stream2-00031":{"qoeTotal":-8628.324016055592,"qoeBitrate":7000,"qoeRebuffer":1516.800001144409,"qoeLatency":13851.6,"qoeBitrateSwitch":0,"qoePlaybackSpeed":259.92401491118335},"chunk-stream2-00032":{"qoeTotal":-9048.124016055592,"qoeBitrate":7500,"qoeRebuffer":1516.800001144409,"qoeLatency":14771.4,"qoeBitrateSwitch":0,"qoePlaybackSpeed":259.92401491118335},"chunk-stream2-00033":{"qoeTotal":-9466.724016055592,"qoeBitrate":8000,"qoeRebuffer":1516.800001144409,"qoeLatency":15690,"qoeBitrateSwitch":0,"qoePlaybackSpeed":259.92401491118335},"chunk-stream2-00034":{"qoeTotal":-9885.32401605559,"qoeBitrate":8500,"qoeRebuffer":1516.800001144409,"qoeLatency":16608.6,"qoeBitrateSwitch":0,"qoePlaybackSpeed":259.92401491118335},"chunk-stream2-00035":{"qoeTotal":-10303.92401605559,"qoeBitrate":9000,"qoeRebuffer":1516.800001144409,"qoeLatency":17527.199999999997,"qoeBitrateSwitch":0,"qoePlaybackSpeed":259.92401491118335},"chunk-stream2-00036":{"qoeTotal":-10720.724016055588,"qoeBitrate":9500,"qoeRebuffer":1516.800001144409,"qoeLatency":18443.999999999996,"qoeBitrateSwitch":0,"qoePlaybackSpeed":259.92401491118335},"chunk-stream2-00037":{"qoeTotal":-11139.92401605559,"qoeBitrate":10000,"qoeRebuffer":1516.800001144409,"qoeLatency":19363.199999999997,"qoeBitrateSwitch":0,"qoePlaybackSpeed":259.92401491118335},"chunk-stream2-00038":{"qoeTotal":-11559.12401605559,"qoeBitrate":10500,"qoeRebuffer":1516.800001144409,"qoeLatency":20282.399999999998,"qoeBitrateSwitch":0,"qoePlaybackSpeed":259.92401491118335},"chunk-stream2-00039":{"qoeTotal":-11978.32401605559,"qoeBitrate":11000,"qoeRebuffer":1516.800001144409,"qoeLatency":21201.6,"qoeBitrateSwitch":0,"qoePlaybackSpeed":259.92401491118335},"chunk-stream2-00040":{"qoeTotal":-12397.524016055591,"qoeBitrate":11500,"qoeRebuffer":1516.800001144409,"qoeLatency":22120.8,"qoeBitrateSwitch":0,"qoePlaybackSpeed":259.92401491118335},"chunk-stream2-00041":{"qoeTotal":-12816.724016055592,"qoeBitrate":12000,"qoeRebuffer":1516.800001144409,"qoeLatency":23040,"qoeBitrateSwitch":0,"qoePlaybackSpeed":259.92401491118335},"chunk-stream2-00042":{"qoeTotal":-13235.924016055593,"qoeBitrate":12500,"qoeRebuffer":1516.800001144409,"qoeLatency":23959.2,"qoeBitrateSwitch":0,"qoePlaybackSpeed":259.92401491118335},"chunk-stream2-00043":{"qoeTotal":-13655.124016055594,"qoeBitrate":13000,"qoeRebuffer":1516.800001144409,"qoeLatency":24878.4,"qoeBitrateSwitch":0,"qoePlaybackSpeed":259.92401491118335},"chunk-stream2-00044":{"qoeTotal":-14074.324016055594,"qoeBitrate":13500,"qoeRebuffer":1516.800001144409,"qoeLatency":25797.600000000002,"qoeBitrateSwitch":0,"qoePlaybackSpeed":259.92401491118335},"chunk-stream2-00045":{"qoeTotal":-14493.524016055595,"qoeBitrate":14000,"qoeRebuffer":1516.800001144409,"qoeLatency":26716.800000000003,"qoeBitrateSwitch":0,"qoePlaybackSpeed":259.92401491118335},"init-stream3":{"qoeTotal":-14309.724016055596,"qoeBitrate":15250,"qoeRebuffer":1516.800001144409,"qoeLatency":27633.000000000004,"qoeBitrateSwitch":150,"qoePlaybackSpeed":259.92401491118335},"chunk-stream3-00046":{"qoeTotal":-13980.724016055596,"qoeBitrate":16500,"qoeRebuffer":1516.800001144409,"qoeLatency":28554.000000000004,"qoeBitrateSwitch":150,"qoePlaybackSpeed":259.92401491118335},"chunk-stream3-00047":{"qoeTotal":-13651.724016055596,"qoeBitrate":17750,"qoeRebuffer":1516.800001144409,"qoeLatency":29475.000000000004,"qoeBitrateSwitch":150,"qoePlaybackSpeed":259.92401491118335},"chunk-stream3-00048":{"qoeTotal":-13322.724016055596,"qoeBitrate":19000,"qoeRebuffer":1516.800001144409,"qoeLatency":30396.000000000004,"qoeBitrateSwitch":150,"qoePlaybackSpeed":259.92401491118335},"chunk-stream3-00049":{"qoeTotal":-12995.524016055595,"qoeBitrate":20250,"qoeRebuffer":1516.800001144409,"qoeLatency":31318.800000000003,"qoeBitrateSwitch":150,"qoePlaybackSpeed":259.92401491118335},"chunk-stream3-00050":{"qoeTotal":-12661.724016055596,"qoeBitrate":21500,"qoeRebuffer":1516.800001144409,"qoeLatency":32235.000000000004,"qoeBitrateSwitch":150,"qoePlaybackSpeed":259.92401491118335},"chunk-stream3-00051":{"qoeTotal":-12333.324016055598,"qoeBitrate":22750,"qoeRebuffer":1516.800001144409,"qoeLatency":33156.600000000006,"qoeBitrateSwitch":150,"qoePlaybackSpeed":259.92401491118335},"chunk-stream3-00052":{"qoeTotal":-11999.524016055595,"qoeBitrate":24000,"qoeRebuffer":1516.800001144409,"qoeLatency":34072.8,"qoeBitrateSwitch":150,"qoePlaybackSpeed":259.92401491118335},"chunk-stream3-00053":{"qoeTotal":-11669.924016055596,"qoeBitrate":25250,"qoeRebuffer":1516.800001144409,"qoeLatency":34993.200000000004,"qoeBitrateSwitch":150,"qoePlaybackSpeed":259.92401491118335},"chunk-stream3-00054":{"qoeTotal":-11340.324016055598,"qoeBitrate":26500,"qoeRebuffer":1516.800001144409,"qoeLatency":35913.600000000006,"qoeBitrateSwitch":150,"qoePlaybackSpeed":259.92401491118335},"chunk-stream3-00055":{"qoeTotal":-11014.324016055598,"qoeBitrate":27750,"qoeRebuffer":1516.800001144409,"qoeLatency":36837.600000000006,"qoeBitrateSwitch":150,"qoePlaybackSpeed":259.92401491118335},"chunk-stream3-00056":{"qoeTotal":-10687.7240160556,"qoeBitrate":29000,"qoeRebuffer":1516.800001144409,"qoeLatency":37761.00000000001,"qoeBitrateSwitch":150,"qoePlaybackSpeed":259.92401491118335},"chunk-stream3-00057":{"qoeTotal":-10362.838499193376,"qoeBitrate":30250,"qoeRebuffer":1516.800001144409,"qoeLatency":38684.40000000001,"qoeBitrateSwitch":150,"qoePlaybackSpeed":261.63849804895835},"chunk-stream3-00058":{"qoeTotal":-10034.898588865462,"qoeBitrate":31500,"qoeRebuffer":1516.800001144409,"qoeLatency":39605.40000000001,"qoeBitrateSwitch":150,