{"chunk-stream2-00018":{"qoeTotal":-846.7902077400424,"qoeBitrate":500,"qoeRebuffer":0,"qoeLatency":1299.6,"qoeBitrateSwitch":0,"qoePlaybackSpeed":47.19020774004248},"chunk-stream2-00019":{"qoeTotal":-5501.282527871704,"qoeBitrate":1000,"qoeRebuffer":3573,"qoeLatency":2835.6,"qoeBitrateSwitch":0,"qoePlaybackSpeed":92.68252787170357},"chunk-stream2-00020":{"qoeTotal":-9939.837036617359,"qoeBitrate":1500,"qoeRebuffer":6690.599999964237,"qoeLatency":4615.2,"qoeBitrateSwitch":0,"qoePlaybackSpeed":134.03703665312105},"chunk-stream2-00021":{"qoeTotal":-14624.129347844135,"qoeBitrate":2000,"qoeRebuffer":9839.999999910593,"qoeLatency":6604.799999999999,"qoeBitrateSwitch":0,"qoePlaybackSpeed":179.32934793354173},"chunk-stream2-00022":{"qoeTotal":-19502.77199282051,"qoeBitrate":2500,"qoeRebuffer":12945.599999964237,"qoeLatency":8841,"qoeBitrateSwitch":0,"qoePlaybackSpeed":216.17199285627333},"chunk-stream2-00023":{"qoeTotal":-23062.932267508706,"qoeBitrate":3000,"qoeRebuffer":14494.200000017881,"qoeLatency":11310,"qoeBitrateSwitch":0,"qoePlaybackSpeed":258.7322674908258},"chunk-stream2-00024":{"qoeTotal":-26887.38391879908,"qoeBitrate":3500,"qoeRebuffer":16080.599999964237,"qoeLatency":14007,"qoeBitrateSwitch":0,"qoePlaybackSpeed":299.78391883484295},"chunk-stream2-00025":{"qoeTotal":-32485.078661931053,"qoeBitrate":4000,"qoeRebuffer":19216.199999928474,"qoeLatency":16923.6,"qoeBitrateSwitch":0,"qoePlaybackSpeed":345.278662002581},"chunk-stream2-00026":{"qoeTotal":-38400.28501849024,"qoeBitrate":4500,"qoeRebuffer":22402.79999989271,"qoeLatency":20109,"qoeBitrateSwitch":0,"qoePlaybackSpeed":388.4850185975279},"chunk-stream2-00027":{"qoeTotal":-42877.65266147437,"qoeBitrate":5000,"qoeRebuffer":23921.999999821186,"qoeLatency":23524.8,"qoeBitrateSwitch":0,"qoePlaybackSpeed":430.8526616531835},"chunk-stream2-00028":{"qoeTotal":-47630.60794231213,"qoeBitrate":5500,"qoeRebuffer":25478.39999985695,"qoeLatency":27178.8,"qoeBitrateSwitch":0,"qoePlaybackSpeed":473.4079424551725},"chunk-stream2-00029":{"qoeTotal":-52547.417189706925,"qoeBitrate":6000,"qoeRebuffer":26986.199999839067,"qoeLatency":31046.399999999998,"qoeBitrateSwitch":0,"qoePlaybackSpeed":514.8171898678606},"chunk-stream2-00030":{"qoeTotal":-57709.21412653558,"qoeBitrate":6500,"qoeRebuffer":28542.59999987483,"qoeLatency":35110.799999999996,"qoeBitrateSwitch":0,"qoePlaybackSpeed":555.8141266607578},"chunk-stream2-00031":{"qoeTotal":-64659.50776051767,"qoeBitrate":7000,"qoeRebuffer":31664.39999985695,"qoeLatency":39392.99999999999,"qoeBitrateSwitch":0,"qoePlaybackSpeed":602.1077606607322},"chunk-stream2-00032":{"qoeTotal":-73676.70776044615,"qoeBitrate":7500,"qoeRebuffer":36657.59999978542,"qoeLatency":43916.99999999999,"qoeBitrateSwitch":0,"qoePlaybackSpeed":602.1077606607322},"chunk-stream2-00033":{"qoeTotal":-82879.60752928506,"qoeBitrate":8000,"qoeRebuffer":41398.79999962449,"qoeLatency":48835.19999999999,"qoeBitrateSwitch":0,"qoePlaybackSpeed":645.6075296605849},"chunk-stream2-00034":{"qoeTotal":-94752.8101254392,"qoeBitrate":8500,"qoeRebuffer":48452.99999946356,"qoeLatency":54106.19999999999,"qoeBitrateSwitch":0,"qoePlaybackSpeed":693.6101259756559},"init-stream1":{"qoeTotal":-100712.26561478696,"qoeBitrate":8800,"qoeRebuffer":48452.99999946356,"qoeLatency":60277.79999999999,"qoeBitrateSwitch":40,"qoePlaybackSpeed":741.4656153234145},"chunk-stream1-00035":{"qoeTotal":-109987.34620120103,"qoeBitrate":9100,"qoeRebuffer":52478.99999946356,"qoeLatency":65786.4,"qoeBitrateSwitch":40,"qoePlaybackSpeed":781.9462017374703},"chunk-stream1-00036":{"qoeTotal":-118058.30612357527,"qoeBitrate":9400,"qoeRebuffer":55167.5999995172,"qoeLatency":71422.79999999999,"qoeBitrateSwitch":40,"qoePlaybackSpeed":827.9061240580794},"chunk-stream1-00037":{"qoeTotal":-125185.44523083227,"qoeBitrate":9700,"qoeRebuffer":56745.5999995172,"qoeLatency":77230.19999999998,"qoeBitrateSwitch":40,"qoePlaybackSpeed":869.6452313150829},"chunk-stream1-00038":{"qoeTotal":-132489.40167949535,"qoeBitrate":10000,"qoeRebuffer":58311.5999995172,"qoeLatency":83226.59999999998,"qoeBitrateSwitch":40,"qoePlaybackSpeed":911.2016799781785},"chunk-stream1-00039":{"qoeTotal":-139967.97269134896,"qoeBitrate":10300,"qoeRebuffer":59852.39999958873,"qoeLatency":89421.59999999998,"qoeBitrateSwitch":40,"qoePlaybackSpeed":953.9726917602387},"chunk-stream1-00040":{"qoeTotal":-148471.84360557978,"qoeBitrate":10600,"qoeRebuffer":62249.999999552965,"qoeLatency":95781.59999999998,"qoeBitrateSwitch":40,"qoePlaybackSpeed":1000.2436060268315},"chunk-stream1-00041":{"qoeTotal":-160136.2759615303,"qoeBitrate":10900,"qoeRebuffer":67562.99999946356,"qoeLatency":102392.39999999998,"qoeBitrateSwitch":40,"qoePlaybackSpeed":1040.875962066787},"chunk-stream1-00042":{"qoeTotal":-168469.6749488476,"qoeBitrate":11200,"qoeRebuffer":69470.99999946356,"qoeLatency":109077.59999999998,"qoeBitrateSwitch":40,"qoePlaybackSpeed":1081.0749493840472},"chunk-stream1-00043":{"qoeTotal":-176555.9618744288,"qoeBitrate":11500,"qoeRebuffer":71050.19999948144,"qoeLatency":115853.39999999998,"qoeBitrateSwitch":40,"qoePlaybackSpeed":1112.3618749473853},"chunk-stream1-00044":{"qoeTotal":-183265.7618744288,"qoeBitrate":11800,"qoeRebuffer":71245.19999948144,"qoeLatency":122668.19999999998,"qoeBitrateSwitch":40,"qoePlaybackSpeed":1112.3618749473853},"chunk-stream1-00045":{"qoeTotal":-192951.24979917408,"qoeBitrate":12100,"qoeRebuffer":74260.79999953508,"qoeLatency":129595.79999999999,"qoeBitrateSwitch":40,"qoePlaybackSpeed":1154.6497996390044},"chunk-stream1-00046":{"qoeTotal":-201237.48645815946,"qoeBitrate":12400,"qoeRebuffer":75782.99999955297,"qoeLatency":136625.4,"qoeBitrateSwitch":40,"qoePlaybackSpeed":1189.0864586065088},"init-stream2":{"qoeTotal":-210883.28645815945,"qoeBitrate":12900,"qoeRebuffer":77780.99999955297,"qoeLatency":144733.19999999998,"qoeBitrateSwitch":80,"qoePlaybackSpeed":1189.0864586065088},"chunk-stream2-00047":{"qoeTotal":-219201.61783208372,"qoeBitrate":13400,"qoeRebuffer":79328.39999958873,"qoeLatency":151966.19999999998,"qoeBitrateSwitch":80,"qoePlaybackSpeed":1227.0178324950214},"chunk-stream2-00048":{"qoeTotal":-229323.20455968837,"qoeBitrate":13900,"qoeRebuffer":82444.19999957085,"qoeLatency":159430.8,"qoeBitrateSwitch":80,"qoePlaybackSpeed":1268.2045601175282},"chunk-stream2-00049":{"qoeTotal":-240505.6882894422,"qoeBitrate":14400,"qoeRebuffer":86300.39999967813,"qoeLatency":167211,"qoeBitrateSwitch":80,"qoePlaybackSpeed":1314.2882897640475},"chunk-stream2-00073":{"qoeTotal":-248715.2882894422,"qoeBitrate":14900,"qoeRebuffer":86300.39999967813,"qoeLatency":175920.6,"qoeBitrateSwitch":80,"qoePlaybackSpeed":1314.2882897640475},"chunk-stream2-00074":{"qoeTotal":-257913.72637071877,"qoeBitrate":15400,"qoeRebuffer":93982.79999962449,"qoeLatency":177892.80000000002,"qoeBitrateSwitch":80,"qoePlaybackSpeed":1358.1263710942674},"chunk-stream1-00075":{"qoeTotal":-261401.6031979808,"qoeBitrate":15700,"qoeRebuffer":95518.19999966025,"qoeLatency":180067.80000000002,"qoeBitrateSwitch":120,"qoePlaybackSpeed":1395.6031983205194},"chunk-stream1-00076":{"qoeTotal":-264991.753851299,"qoeBitrate":16000,"qoeRebuffer":97105.79999962449,"qoeLatency":182335.2,"qoeBitrateSwitch":120,"qoePlaybackSpeed":1430.7538516744874},"chunk-stream2-00077":{"qoeTotal":-268561.09748841845,"qoeBitrate":16500,"qoeRebuffer":98637.59999969602,"qoeLatency":184794.6,"qoeBitrateSwitch":160,"qoePlaybackSpeed":1468.8974887224635},"chunk-stream2-00078":{"qoeTotal":-272256.7658819695,"qoeBitrate":17000,"qoeRebuffer":100142.99999964237,"qoeLatency":187447.2,"qoeBitrateSwitch":160,"qoePlaybackSpeed":1506.565882327118},"chunk-stream2-00079":{"qoeTotal":-276221.03566449333,"qoeBitrate":17500,"qoeRebuffer":101717.99999964237,"qoeLatency":190299,"qoeBitrateSwitch":160,"qoePlaybackSpeed":1544.0356648509396},"chunk-stream2-00080":{"qoeTotal":-282803.57120529475,"qoeBitrate":18000,"qoeRebuffer":105691.7999997139,"qoeLatency":193362,"qoeBitrateSwitch":160,"qoePlaybackSpeed":1589.7712055808256},