{"init-stream2":{"qoeTotal":496.96,"qoeBitrate":500,"qoeRebuffer":0,"qoeLatency":3.04,"qoeBitrateSwitch":0,"qoePlaybackSpeed":0},"chunk-stream2-05522":{"qoeTotal":933.4315363966322,"qoeBitrate":1000,"qoeRebuffer":0,"qoeLatency":6.92,"qoeBitrateSwitch":0,"qoePlaybackSpeed":59.648463603367844},"chunk-stream2-05523":{"qoeTotal":1369.0230727932642,"qoeBitrate":1500,"qoeRebuffer":0,"qoeLatency":11.68,"qoeBitrateSwitch":0,"qoePlaybackSpeed":119.29692720673569},"init-stream4":{"qoeTotal":3004.3346091898966,"qoeBitrate":3500,"qoeRebuffer":0,"qoeLatency":16.72,"qoeBitrateSwitch":300,"qoePlaybackSpeed":178.94539081010353},"init-stream3":{"qoeTotal":3739.1461455865283,"qoeBitrate":4500,"qoeRebuffer":0,"qoeLatency":22.259999999999998,"qoeBitrateSwitch":500,"qoePlaybackSpeed":238.59385441347138},"chunk-stream3-05524":{"qoeTotal":4673.227681983161,"qoeBitrate":5500,"qoeRebuffer":0,"qoeLatency":28.529999999999998,"qoeBitrateSwitch":500,"qoePlaybackSpeed":298.24231801683925},"chunk-stream4-05525":{"qoeTotal":6405.279218379793,"qoeBitrate":7500,"qoeRebuffer":0,"qoeLatency":36.83,"qoeBitrateSwitch":700,"qoePlaybackSpeed":357.8907816202071},"chunk-stream4-05526":{"qoeTotal":8340.763742745768,"qoeBitrate":9500,"qoeRebuffer":0,"qoeLatency":46.72,"qoeBitrateSwitch":700,"qoePlaybackSpeed":412.5162572542327},"chunk-stream4-05527":{"qoeTotal":10280.0955980282,"qoeBitrate":11500,"qoeRebuffer":0,"qoeLatency":57.98,"qoeBitrateSwitch":700,"qoePlaybackSpeed":461.9244019718002},"chunk-stream4-05528":{"qoeTotal":12230.41005153094,"qoeBitrate":13500,"qoeRebuffer":0,"qoeLatency":70.19,"qoeBitrateSwitch":700,"qoePlaybackSpeed":499.3999484690586},"chunk-stream4-05529":{"qoeTotal":14185.842649643719,"qoeBitrate":15500,"qoeRebuffer":0,"qoeLatency":83.17999999999999,"qoeBitrateSwitch":700,"qoePlaybackSpeed":530.9773503562812},"chunk-stream4-05530":{"qoeTotal":16149.78103597113,"qoeBitrate":17500,"qoeRebuffer":0,"qoeLatency":96.96,"qoeBitrateSwitch":700,"qoePlaybackSpeed":553.2589640288717},"chunk-stream4-05531":{"qoeTotal":18117.768139721447,"qoeBitrate":19500,"qoeRebuffer":0,"qoeLatency":111.22,"qoeBitrateSwitch":700,"qoePlaybackSpeed":571.0118602785498},"chunk-stream4-05532":{"qoeTotal":20092.13814772696,"qoeBitrate":21500,"qoeRebuffer":0,"qoeLatency":125.73,"qoeBitrateSwitch":700,"qoePlaybackSpeed":582.1318522730381},"chunk-stream4-05533":{"qoeTotal":22077.61814772696,"qoeBitrate":23500,"qoeRebuffer":0,"qoeLatency":140.25,"qoeBitrateSwitch":700,"qoePlaybackSpeed":582.1318522730381},"chunk-stream4-05534":{"qoeTotal":24063.09814772696,"qoeBitrate":25500,"qoeRebuffer":0,"qoeLatency":154.77,"qoeBitrateSwitch":700,"qoePlaybackSpeed":582.1318522730381},"chunk-stream4-05535":{"qoeTotal":26048.56814772696,"qoeBitrate":27500,"qoeRebuffer":0,"qoeLatency":169.3,"qoeBitrateSwitch":700,"qoePlaybackSpeed":582.1318522730381},"chunk-stream4-05536":{"qoeTotal":28034.04814772696,"qoeBitrate":29500,"qoeRebuffer":0,"qoeLatency":183.82000000000002,"qoeBitrateSwitch":700,"qoePlaybackSpeed":582.1318522730381},"chunk-stream4-05537":{"qoeTotal":30019.51814772696,"qoeBitrate":31500,"qoeRebuffer":0,"qoeLatency":198.35000000000002,"qoeBitrateSwitch":700,"qoePlaybackSpeed":582.1318522730381},"chunk-stream4-05538":{"qoeTotal":32004.98814772696,"qoeBitrate":33500,"qoeRebuffer":0,"qoeLatency":212.88000000000002,"qoeBitrateSwitch":700,"qoePlaybackSpeed":582.1318522730381},"chunk-stream4-05539":{"qoeTotal":33990.46814772696,"qoeBitrate":35500,"qoeRebuffer":0,"qoeLatency":227.40000000000003,"qoeBitrateSwitch":700,"qoePlaybackSpeed":582.1318522730381},"chunk-stream4-05540":{"qoeTotal":35975.93814772696,"qoeBitrate":37500,"qoeRebuffer":0,"qoeLatency":241.93000000000004,"qoeBitrateSwitch":700,"qoePlaybackSpeed":582.1318522730381},"chunk-stream4-05541":{"qoeTotal":37961.408147726965,"qoeBitrate":39500,"qoeRebuffer":0,"qoeLatency":256.46000000000004,"qoeBitrateSwitch":700,"qoePlaybackSpeed":582.1318522730381},"chunk-stream4-05542":{"qoeTotal":39946.878147726966,"qoeBitrate":41500,"qoeRebuffer":0,"qoeLatency":270.99,"qoeBitrateSwitch":700,"qoePlaybackSpeed":582.1318522730381},"chunk-stream4-05543":{"qoeTotal":41932.34814772697,"qoeBitrate":43500,"qoeRebuffer":0,"qoeLatency":285.52,"qoeBitrateSwitch":700,"qoePlaybackSpeed":582.1318522730381},"chunk-stream4-05544":{"qoeTotal":43917.82814772696,"qoeBitrate":45500,"qoeRebuffer":0,"qoeLatency":300.03999999999996,"qoeBitrateSwitch":700,"qoePlaybackSpeed":582.1318522730381},"chunk-stream4-05545":{"qoeTotal":45903.308147726966,"qoeBitrate":47500,"qoeRebuffer":0,"qoeLatency":314.55999999999995,"qoeBitrateSwitch":700,"qoePlaybackSpeed":582.1318522730381},"chunk-stream4-05546":{"qoeTotal":47888.78814772696,"qoeBitrate":49500,"qoeRebuffer":0,"qoeLatency":329.0799999999999,"qoeBitrateSwitch":700,"qoePlaybackSpeed":582.1318522730381},"chunk-stream4-05547":{"qoeTotal":49874.25814772696,"qoeBitrate":51500,"qoeRebuffer":0,"qoeLatency":343.6099999999999,"qoeBitrateSwitch":700,"qoePlaybackSpeed":582.1318522730381},"chunk-stream4-05548":{"qoeTotal":51859.73814772697,"qoeBitrate":53500,"qoeRebuffer":0,"qoeLatency":358.1299999999999,"qoeBitrateSwitch":700,"qoePlaybackSpeed":582.1318522730381},"chunk-stream4-05549":{"qoeTotal":53845.20814772696,"qoeBitrate":55500,"qoeRebuffer":0,"qoeLatency":372.65999999999985,"qoeBitrateSwitch":700,"qoePlaybackSpeed":582.1318522730381},"chunk-stream4-05550":{"qoeTotal":55830.68814772696,"qoeBitrate":57500,"qoeRebuffer":0,"qoeLatency":387.17999999999984,"qoeBitrateSwitch":700,"qoePlaybackSpeed":582.1318522730381},"chunk-stream4-05551":{"qoeTotal":57816.16814772697,"qoeBitrate":59500,"qoeRebuffer":0,"qoeLatency":401.6999999999998,"qoeBitrateSwitch":700,"qoePlaybackSpeed":582.1318522730381},"chunk-stream4-05552":{"qoeTotal":59801.64814772696,"qoeBitrate":61500,"qoeRebuffer":0,"qoeLatency":416.2199999999998,"qoeBitrateSwitch":700,"qoePlaybackSpeed":582.1318522730381},"chunk-stream4-05553":{"qoeTotal":61787.118147726964,"qoeBitrate":63500,"qoeRebuffer":0,"qoeLatency":430.7499999999998,"qoeBitrateSwitch":700,"qoePlaybackSpeed":582.1318522730381},"chunk-stream4-05554":{"qoeTotal":63772.59814772697,"qoeBitrate":65500,"qoeRebuffer":0,"qoeLatency":445.26999999999975,"qoeBitrateSwitch":700,"qoePlaybackSpeed":582.1318522730381},"chunk-stream4-05555":{"qoeTotal":65758.07814772696,"qoeBitrate":67500,"qoeRebuffer":0,"qoeLatency":459.78999999999974,"qoeBitrateSwitch":700,"qoePlaybackSpeed":582.1318522730381},"chunk-stream4-05556":{"qoeTotal":67743.54814772695,"qoeBitrate":69500,"qoeRebuffer":0,"qoeLatency":474.3199999999997,"qoeBitrateSwitch":700,"qoePlaybackSpeed":582.1318522730381},"chunk-stream4-05557":{"qoeTotal":69729.01814772695,"qoeBitrate":71500,"qoeRebuffer":0,"qoeLatency":488.8499999999997,"qoeBitrateSwitch":700,"qoePlaybackSpeed":582.1318522730381},"chunk-stream4-05558":{"qoeTotal":71714.48814772695,"qoeBitrate":73500,"qoeRebuffer":0,"qoeLatency":503.37999999999965,"qoeBitrateSwitch":700,"qoePlaybackSpeed":582.1318522730381},"chunk-stream4-05559":{"qoeTotal":73699.96814772696,"qoeBitrate":75500,"qoeRebuffer":0,"qoeLatency":517.8999999999996,"qoeBitrateSwitch":700,"qoePlaybackSpeed":582.1318522730381},"chunk-stream4-05560":{"qoeTotal":75685.44814772696,"qoeBitrate":77500,"qoeRebuffer":0,"qoeLatency":532.4199999999996,"qoeBitrateSwitch":700,"qoePlaybackSpeed":582.1318522730381},"chunk-stream4-05561":{"qoeTotal":77670.91814772696,"qoeBitrate":79500,"qoeRebuffer":0,"qoeLatency":546.9499999999996,"qoeBitrateSwitch":700,"qoePlaybackSpeed":582.1318522730381},"chunk-stream4-05562":{"qoeTotal":79656.39814772696,"qoeBitrate":81500,"qoeRebuffer":0,"qoeLatency":561.4699999999996,"qoeBitrateSwitch":700,"qoePlaybackSpeed":582.1318522730381},"chunk-stream4-05563":{"qoeTotal":81641.87814772695,"qoeBitrate":83500,"qoeRebuffer":0,"qoeLatency":575.9899999999996,"qoeBitrateSwitch":700,"qoePlaybackSpeed":582.1318522730381},"chunk-stream4-05564":{"qoeTotal":83627.35814772696,"qoeBitrate":85500,"qoeRebuffer":0,"qoeLatency":590.5099999999995,"qoeBitrateSwitch":700,