{"chunk-stream2-00018":{"qoeTotal":-781.3333001224557,"qoeBitrate":500,"qoeRebuffer":0,"qoeLatency":1236,"qoeBitrateSwitch":0,"qoePlaybackSpeed":45.33330012245573},"chunk-stream2-00019":{"qoeTotal":-3224.182057505948,"qoeBitrate":1000,"qoeRebuffer":1508.4000000357628,"qoeLatency":2635.8,"qoeBitrateSwitch":0,"qoePlaybackSpeed":79.98205747018463},"chunk-stream2-00020":{"qoeTotal":-5843.3124122625795,"qoeBitrate":1500,"qoeRebuffer":3099.600000053644,"qoeLatency":4124.4,"qoeBitrateSwitch":0,"qoePlaybackSpeed":119.31241220893548},"chunk-stream2-00021":{"qoeTotal":-8506.259347389554,"qoeBitrate":2000,"qoeRebuffer":4626.600000053644,"qoeLatency":5719.799999999999,"qoeBitrateSwitch":0,"qoePlaybackSpeed":159.8593473359099},"chunk-stream2-00022":{"qoeTotal":-11326.12108417944,"qoeBitrate":2500,"qoeRebuffer":6188.400000035763,"qoeLatency":7438.799999999999,"qoeBitrateSwitch":0,"qoePlaybackSpeed":198.9210841436783},"chunk-stream2-00023":{"qoeTotal":-14222.891063062076,"qoeBitrate":3000,"qoeRebuffer":7754.400000035763,"qoeLatency":9226.8,"qoeBitrateSwitch":0,"qoePlaybackSpeed":241.6910630263134},"chunk-stream2-00024":{"qoeTotal":-17210.434775562488,"qoeBitrate":3500,"qoeRebuffer":9286.799999982119,"qoeLatency":11143.199999999999,"qoeBitrateSwitch":0,"qoePlaybackSpeed":280.4347755803735},"chunk-stream2-00025":{"qoeTotal":-20320.358668489862,"qoeBitrate":4000,"qoeRebuffer":10826.399999946356,"qoeLatency":13177.199999999999,"qoeBitrateSwitch":0,"qoePlaybackSpeed":316.75866854350807},"chunk-stream2-00026":{"qoeTotal":-23537.10959561558,"qoeBitrate":4500,"qoeRebuffer":12387.599999964237,"qoeLatency":15291.599999999999,"qoeBitrateSwitch":0,"qoePlaybackSpeed":357.9095956513446},"chunk-stream2-00027":{"qoeTotal":-26825.29047839863,"qoeBitrate":5000,"qoeRebuffer":13903.199999928474,"qoeLatency":17526,"qoeBitrateSwitch":0,"qoePlaybackSpeed":396.0904784701578},"chunk-stream2-00028":{"qoeTotal":-30199.789764663128,"qoeBitrate":5500,"qoeRebuffer":15435.59999987483,"qoeLatency":19833,"qoeBitrateSwitch":0,"qoePlaybackSpeed":431.18976478829654},"chunk-stream2-00029":{"qoeTotal":-33673.55597675258,"qoeBitrate":6000,"qoeRebuffer":17010.59999987483,"qoeLatency":22195.2,"qoeBitrateSwitch":0,"qoePlaybackSpeed":467.7559768777491},"chunk-stream2-00030":{"qoeTotal":-37208.17656641669,"qoeBitrate":6500,"qoeRebuffer":18554.999999910593,"qoeLatency":24655.8,"qoeBitrateSwitch":0,"qoePlaybackSpeed":497.37656650609534},"chunk-stream2-00031":{"qoeTotal":-40850.47849282048,"qoeBitrate":7000,"qoeRebuffer":20137.79999998212,"qoeLatency":27181.8,"qoeBitrateSwitch":0,"qoePlaybackSpeed":530.8784928383582},"chunk-stream2-00032":{"qoeTotal":-42993.43193396999,"qoeBitrate":7500,"qoeRebuffer":20137.79999998212,"qoeLatency":29785.2,"qoeBitrateSwitch":0,"qoePlaybackSpeed":570.4319339878737},"chunk-stream2-00033":{"qoeTotal":-46795.685907741325,"qoeBitrate":8000,"qoeRebuffer":21729,"qoeLatency":32446.8,"qoeBitrateSwitch":0,"qoePlaybackSpeed":619.8859077413184},"chunk-stream2-00034":{"qoeTotal":-49065.26117015539,"qoeBitrate":8500,"qoeRebuffer":21729,"qoeLatency":35179.8,"qoeBitrateSwitch":0,"qoePlaybackSpeed":656.4611701553865},"chunk-stream2-00035":{"qoeTotal":-51370.51884636494,"qoeBitrate":9000,"qoeRebuffer":21729,"qoeLatency":37959,"qoeBitrateSwitch":0,"qoePlaybackSpeed":682.5188463649393},"chunk-stream2-00036":{"qoeTotal":-53715.37671622968,"qoeBitrate":9500,"qoeRebuffer":21729,"qoeLatency":40782,"qoeBitrateSwitch":0,"qoePlaybackSpeed":704.3767162296762},"chunk-stream2-00037":{"qoeTotal":-56085.64341192182,"qoeBitrate":10000,"qoeRebuffer":21729,"qoeLatency":43641.6,"qoeBitrateSwitch":0,"qoePlaybackSpeed":715.0434119218158},"chunk-stream2-00038":{"qoeTotal":-58495.61757012216,"qoeBitrate":10500,"qoeRebuffer":21729,"qoeLatency":46531.799999999996,"qoeBitrateSwitch":0,"qoePlaybackSpeed":734.8175701221601},"chunk-stream2-00039":{"qoeTotal":-60932.072945179054,"qoeBitrate":11000,"qoeRebuffer":21729,"qoeLatency":49453.2,"qoeBitrateSwitch":0,"qoePlaybackSpeed":749.8729451790545},"chunk-stream2-00040":{"qoeTotal":-63404.97769267338,"qoeBitrate":11500,"qoeRebuffer":21729,"qoeLatency":52404,"qoeBitrateSwitch":0,"qoePlaybackSpeed":771.9776926733828},"chunk-stream2-00041":{"qoeTotal":-65920.07510376704,"qoeBitrate":12000,"qoeRebuffer":21729,"qoeLatency":55391.4,"qoeBitrateSwitch":0,"qoePlaybackSpeed":799.675103767042},"chunk-stream2-00042":{"qoeTotal":-68429.7697028099,"qoeBitrate":12500,"qoeRebuffer":21729,"qoeLatency":58399.8,"qoeBitrateSwitch":0,"qoePlaybackSpeed":800.96970280991},"chunk-stream2-00043":{"qoeTotal":-70956.18962060519,"qoeBitrate":13000,"qoeRebuffer":21729,"qoeLatency":61412.4,"qoeBitrateSwitch":0,"qoePlaybackSpeed":814.7896206052006},"chunk-stream2-00044":{"qoeTotal":-73479.5896168128,"qoeBitrate":13500,"qoeRebuffer":21729,"qoeLatency":64375.8,"qoeBitrateSwitch":0,"qoePlaybackSpeed":874.7896168127884},"chunk-stream2-00045":{"qoeTotal":-75946.26736578096,"qoeBitrate":14000,"qoeRebuffer":21729,"qoeLatency":67309.2,"qoeBitrateSwitch":0,"qoePlaybackSpeed":908.0673657809608},"chunk-stream2-00046":{"qoeTotal":-78428.430629304,"qoeBitrate":14500,"qoeRebuffer":21729,"qoeLatency":70267.2,"qoeBitrateSwitch":0,"qoePlaybackSpeed":932.2306293039991},"chunk-stream2-00047":{"qoeTotal":-80902.27275607578,"qoeBitrate":15000,"qoeRebuffer":21729,"qoeLatency":73219.8,"qoeBitrateSwitch":0,"qoePlaybackSpeed":953.4727560757783},"chunk-stream2-00048":{"qoeTotal":-83370.42280924522,"qoeBitrate":15500,"qoeRebuffer":21729,"qoeLatency":76177.2,"qoeBitrateSwitch":0,"qoePlaybackSpeed":964.2228092452295},"chunk-stream2-00049":{"qoeTotal":-85862.20056581861,"qoeBitrate":16000,"qoeRebuffer":21729,"qoeLatency":79146.59999999999,"qoeBitrateSwitch":0,"qoePlaybackSpeed":986.6005658186164},"chunk-stream2-00050":{"qoeTotal":-88430.04369649357,"qoeBitrate":16500,"qoeRebuffer":21729,"qoeLatency":82181.4,"qoeBitrateSwitch":0,"qoePlaybackSpeed":1019.643696493566},"chunk-stream2-00051":{"qoeTotal":-91059.10599609154,"qoeBitrate":17000,"qoeRebuffer":21729,"qoeLatency":85278,"qoeBitrateSwitch":0,"qoePlaybackSpeed":1052.1059960915406},"chunk-stream2-00052":{"qoeTotal":-93716.27991620169,"qoeBitrate":17500,"qoeRebuffer":21729,"qoeLatency":88411.8,"qoeBitrateSwitch":0,"qoePlaybackSpeed":1075.479916201687},"chunk-stream2-00053":{"qoeTotal":-96396.30802375461,"qoeBitrate":18000,"qoeRebuffer":21729,"qoeLatency":91582.2,"qoeBitrateSwitch":0,"qoePlaybackSpeed":1085.1080237546125},"chunk-stream2-00054":{"qoeTotal":-99069.7500138389,"qoeBitrate":18500,"qoeRebuffer":21729,"qoeLatency":94746,"qoeBitrateSwitch":0,"qoePlaybackSpeed":1094.7500138388948},"chunk-stream2-00055":{"qoeTotal":-101946.21513243446,"qoeBitrate":19000,"qoeRebuffer":21729,"qoeLatency":98090.4,"qoeBitrateSwitch":0,"qoePlaybackSpeed":1126.8151324344667},"chunk-stream2-00056":{"qoeTotal":-111461.04473887311,"qoeBitrate":19500,"qoeRebuffer":27967.79999998212,"qoeLatency":101827.79999999999,"qoeBitrateSwitch":0,"qoePlaybackSpeed":1165.4447388910105},"chunk-stream2-00057":{"qoeTotal":-116387.68302830585,"qoeBitrate":20000,"qoeRebuffer":29503.20000001788,"qoeLatency":105681.59999999999,"qoeBitrateSwitch":0,"qoePlaybackSpeed":1202.8830282879812},"chunk-stream2-00058":{"qoeTotal":-121411.50683343055,"qoeBitrate":20500,"qoeRebuffer":31064.400000035763,"qoeLatency":109603.79999999999,"qoeBitrateSwitch":0,"qoePlaybackSpeed":1243.3068333948058},"chunk-stream2-00059":{"qoeTotal":-124922.62461255521,"qoeBitrate":21000,"qoeRebuffer":31064.400000035763,"qoeLatency":113581.79999999999,"qoeBitrateSwitch":0,"qoePlaybackSpeed":1276.4246125194657},"chunk-stream2-00060":{"qoeTotal":-128479.57760978394,"qoeBitrate":21500,"qoeRebuffer":31064.400000035763,"qoeLatency":117617.99999999999,"qoeBitrateSwitch":0,"qoePlaybackSpeed":1297.1776097481863},"chunk-stream2-00061":{"qoeTotal":-132057.4329406464,"qoeBitrate":22000,"qoeRebuffer":31064.400000035763,"qoeLatency":121682.39999999998,"qoeBitrateSwitch":0,"qoePlaybackSpeed":1310.6329406106622},"chunk-stream2-00062":{"qoeTotal":-135672.8308639751,