{"switchHistory":[{"start":8.693,"end":8.953494,"quality":{"mediaType":"video","bitrate":1000000,"width":640,"height":360,"scanType":null,"qualityIndex":2}},{"start":8.953494,"end":68.703016,"quality":{"mediaType":"video","bitrate":1000000,"width":640,"height":360,"scanType":null,"qualityIndex":2}}],"switchRequests":[],"stallDurationMs":259.8999999985099,"numStalls":1,"averageLatency":1.5342945368171035,"averageBufferLength":1.0784703087885992,"averageBitrate":999999.9999999999,"numSwitches":2,"averageBitrateVariations":0,"averagePlaybackRate":1.0039652076630472,"averagePlaybackRateNonOne":1.0806258891486242}