{"chunk-stream2-00018":{"qoeTotal":-535.7859735029631,"qoeBitrate":500,"qoeRebuffer":0,"qoeLatency":988.8,"qoeBitrateSwitch":0,"qoePlaybackSpeed":46.98597350296308},"init-stream3":{"qoeTotal":-562.2549310606865,"qoeBitrate":1750,"qoeRebuffer":0,"qoeLatency":2074.2,"qoeBitrateSwitch":150,"qoePlaybackSpeed":88.0549310606867},"chunk-stream3-00019":{"qoeTotal":-393.17287923382423,"qoeBitrate":3000,"qoeRebuffer":0,"qoeLatency":3112.8,"qoeBitrateSwitch":150,"qoePlaybackSpeed":130.37287923382402},"chunk-stream3-00020":{"qoeTotal":-237.77391189592078,"qoeBitrate":4250,"qoeRebuffer":0,"qoeLatency":4173,"qoeBitrateSwitch":150,"qoePlaybackSpeed":164.77391189592078},"chunk-stream3-00021":{"qoeTotal":-39.2427183071739,"qoeBitrate":5500,"qoeRebuffer":0,"qoeLatency":5193,"qoeBitrateSwitch":150,"qoePlaybackSpeed":196.2427183071739},"chunk-stream3-00022":{"qoeTotal":195.33861516159766,"qoeBitrate":6750,"qoeRebuffer":0,"qoeLatency":6183.6,"qoeBitrateSwitch":150,"qoePlaybackSpeed":221.06138483840198},"chunk-stream3-00023":{"qoeTotal":461.34868355306975,"qoeBitrate":8000,"qoeRebuffer":0,"qoeLatency":7150.8,"qoeBitrateSwitch":150,"qoePlaybackSpeed":237.85131644693007},"chunk-stream3-00024":{"qoeTotal":747.8447264198421,"qoeBitrate":9250,"qoeRebuffer":0,"qoeLatency":8100.6,"qoeBitrateSwitch":150,"qoePlaybackSpeed":251.5552735801575},"chunk-stream3-00025":{"qoeTotal":1045.1799540677455,"qoeBitrate":10500,"qoeRebuffer":0,"qoeLatency":9042,"qoeBitrateSwitch":150,"qoePlaybackSpeed":262.8200459322546},"chunk-stream3-00026":{"qoeTotal":1362.5288054718906,"qoeBitrate":11750,"qoeRebuffer":0,"qoeLatency":9966.6,"qoeBitrateSwitch":150,"qoePlaybackSpeed":270.8711945281091},"chunk-stream3-00027":{"qoeTotal":1684.1945805463977,"qoeBitrate":13000,"qoeRebuffer":0,"qoeLatency":10889.4,"qoeBitrateSwitch":150,"qoePlaybackSpeed":276.40541945360263},"chunk-stream3-00028":{"qoeTotal":2011.3945805463984,"qoeBitrate":14250,"qoeRebuffer":0,"qoeLatency":11812.199999999999,"qoeBitrateSwitch":150,"qoePlaybackSpeed":276.40541945360263},"chunk-stream3-00029":{"qoeTotal":2338.5945805463994,"qoeBitrate":15500,"qoeRebuffer":0,"qoeLatency":12734.999999999998,"qoeBitrateSwitch":150,"qoePlaybackSpeed":276.40541945360263},"chunk-stream3-00030":{"qoeTotal":2665.7945805464,"qoeBitrate":16750,"qoeRebuffer":0,"qoeLatency":13657.799999999997,"qoeBitrateSwitch":150,"qoePlaybackSpeed":276.40541945360263},"chunk-stream3-00031":{"qoeTotal":2998.3945805464004,"qoeBitrate":18000,"qoeRebuffer":0,"qoeLatency":14575.199999999997,"qoeBitrateSwitch":150,"qoePlaybackSpeed":276.40541945360263},"chunk-stream3-00032":{"qoeTotal":3330.994580546401,"qoeBitrate":19250,"qoeRebuffer":0,"qoeLatency":15492.599999999997,"qoeBitrateSwitch":150,"qoePlaybackSpeed":276.40541945360263},"chunk-stream3-00033":{"qoeTotal":3550.2707149441762,"qoeBitrate":20500,"qoeRebuffer":0,"qoeLatency":16475.999999999996,"qoeBitrateSwitch":150,"qoePlaybackSpeed":323.7292850558273},"chunk-stream3-00034":{"qoeTotal":967.6576885634743,"qoeBitrate":21750,"qoeRebuffer":2706,"qoeLatency":17557.799999999996,"qoeBitrateSwitch":150,"qoePlaybackSpeed":368.54231143653016},"chunk-stream3-00035":{"qoeTotal":-3154.8740610477853,"qoeBitrate":23000,"qoeRebuffer":6696.0000014305115,"qoeLatency":18893.399999999994,"qoeBitrateSwitch":150,"qoePlaybackSpeed":415.47405961727947},"chunk-stream3-00036":{"qoeTotal":-6576.656014308612,"qoeBitrate":24250,"qoeRebuffer":9816.600002288818,"qoeLatency":20398.199999999993,"qoeBitrateSwitch":150,"qoePlaybackSpeed":461.85601201980006},"chunk-stream3-00037":{"qoeTotal":-6916.096221177619,"qoeBitrate":25500,"qoeRebuffer":9816.600002288818,"qoeLatency":21955.799999999992,"qoeBitrateSwitch":150,"qoePlaybackSpeed":493.6962188888084},"chunk-stream3-00038":{"qoeTotal":-7296.280887865974,"qoeBitrate":26750,"qoeRebuffer":9816.600002288818,"qoeLatency":23552.999999999993,"qoeBitrateSwitch":150,"qoePlaybackSpeed":526.680885577163},"chunk-stream3-00039":{"qoeTotal":-7694.307837353792,"qoeBitrate":28000,"qoeRebuffer":9816.600002288818,"qoeLatency":25189.199999999993,"qoeBitrateSwitch":150,"qoePlaybackSpeed":538.5078350649798},"chunk-stream3-00040":{"qoeTotal":-8114.282281015906,"qoeBitrate":29250,"qoeRebuffer":9816.600002288818,"qoeLatency":26842.799999999992,"qoeBitrateSwitch":150,"qoePlaybackSpeed":554.8822787270955},"chunk-stream3-00041":{"qoeTotal":-8559.765605103412,"qoeBitrate":30500,"qoeRebuffer":9816.600002288818,"qoeLatency":28522.199999999993,"qoeBitrateSwitch":150,"qoePlaybackSpeed":570.9656028145998},"chunk-stream3-00042":{"qoeTotal":-9026.757402742614,"qoeBitrate":31750,"qoeRebuffer":9816.600002288818,"qoeLatency":30179.399999999994,"qoeBitrateSwitch":150,"qoePlaybackSpeed":630.7574004538025},"chunk-stream3-00043":{"qoeTotal":-9436.62462659487,"qoeBitrate":33000,"qoeRebuffer":9816.600002288818,"qoeLatency":31779.599999999995,"qoeBitrateSwitch":150,"qoePlaybackSpeed":690.4246243060577},"chunk-stream3-00044":{"qoeTotal":-9742.615413537078,"qoeBitrate":34250,"qoeRebuffer":9816.600002288818,"qoeLatency":33332.399999999994,"qoeBitrateSwitch":150,"qoePlaybackSpeed":693.6154112482656},"chunk-stream3-00045":{"qoeTotal":-10073.045466628462,"qoeBitrate":35500,"qoeRebuffer":9816.600002288818,"qoeLatency":34902.59999999999,"qoeBitrateSwitch":150,"qoePlaybackSpeed":703.8454643396534},"chunk-stream3-00046":{"qoeTotal":-10443.409184795599,"qoeBitrate":36750,"qoeRebuffer":9816.600002288818,"qoeLatency":36500.399999999994,"qoeBitrateSwitch":150,"qoePlaybackSpeed":726.4091825067858},"chunk-stream3-00047":{"qoeTotal":-10846.47152106416,"qoeBitrate":38000,"qoeRebuffer":9816.600002288818,"qoeLatency":38134.2,"qoeBitrateSwitch":150,"qoePlaybackSpeed":745.6715187753447},"chunk-stream3-00048":{"qoeTotal":-12902.26717313231,"qoeBitrate":39250,"qoeRebuffer":11374.80000257492,"qoeLatency":39846,"qoeBitrateSwitch":150,"qoePlaybackSpeed":781.4671705573892},"chunk-stream3-00049":{"qoeTotal":-16845.608945361997,"qoeBitrate":40500,"qoeRebuffer":14467.80000257492,"qoeLatency":41898.6,"qoeBitrateSwitch":150,"qoePlaybackSpeed":829.208942787077},"chunk-stream3-00050":{"qoeTotal":-22065.633927699902,"qoeBitrate":41750,"qoeRebuffer":18541.200001716614,"qoeLatency":44251.799999999996,"qoeBitrateSwitch":150,"qoePlaybackSpeed":872.6339259832939},"chunk-stream3-00051":{"qoeTotal":-24881.957299693127,"qoeBitrate":43000,"qoeRebuffer":20119.200001716614,"qoeLatency":46700.99999999999,"qoeBitrateSwitch":150,"qoePlaybackSpeed":911.7572979765214},"chunk-stream3-00052":{"qoeTotal":-26134.983453405093,"qoeBitrate":44250,"qoeRebuffer":20119.200001716614,"qoeLatency":49183.799999999996,"qoeBitrateSwitch":150,"qoePlaybackSpeed":931.9834516884833},"chunk-stream3-00053":{"qoeTotal":-27430.183235730663,"qoeBitrate":45500,"qoeRebuffer":20119.200001716614,"qoeLatency":51668.99999999999,"qoeBitrateSwitch":150,"qoePlaybackSpeed":991.9832340140575},"chunk-stream3-00054":{"qoeTotal":-28668.98290443887,"qoeBitrate":46750,"qoeRebuffer":20119.200001716614,"qoeLatency":54097.799999999996,"qoeBitrateSwitch":150,"qoePlaybackSpeed":1051.9829027222636},"chunk-stream3-00055":{"qoeTotal":-29781.627891210705,"qoeBitrate":48000,"qoeRebuffer":20119.200001716614,"qoeLatency":56422.2,"qoeBitrateSwitch":150,"qoePlaybackSpeed":1090.227889494093},"chunk-stream3-00056":{"qoeTotal":-34277.526350041044,"qoeBitrate":49250,"qoeRebuffer":23231.400002002716,"qoeLatency":59026.2,"qoeBitrateSwitch":150,"qoePlaybackSpeed":1119.9263480383274},"chunk-stream3-00057":{"qoeTotal":-35696.69689229252,"qoeBitrate":50500,"qoeRebuffer":23231.400002002716,"qoeLatency":61681.2,"qoeBitrateSwitch":150,"qoePlaybackSpeed":1134.09689028981},"chunk-stream3-00058":{"qoeTotal":-37161.09684020102,"qoeBitrate":51750,"qoeRebuffer":23231.400002002716,"qoeLatency":64335.6,"qoeBitrateSwitch":150,"qoePlaybackSpeed":1194.096838198306},"chunk-stream3-00059":{"qoeTotal":-38566.696753018696,"qoeBitrate":53000,"qoeRebuffer":23231.400002002716,"qoeLatency":66931.2,"qoeBitrateSwitch":150,"qoePlaybackSpeed":1254.0967510159846},