{"chunk-stream2-00018":{"qoeTotal":-572.8234489526895,"qoeBitrate":500,"qoeRebuffer":0,"qoeLatency":1022.4,"qoeBitrateSwitch":0,"qoePlaybackSpeed":50.423448952689576},"init-stream4":{"qoeTotal":-1299.6212981376943,"qoeBitrate":2500,"qoeRebuffer":0,"qoeLatency":3432.6000000000004,"qoeBitrateSwitch":300,"qoePlaybackSpeed":67.02129813769409},"chunk-stream4-00019":{"qoeTotal":-2106.2562526475294,"qoeBitrate":4500,"qoeRebuffer":1561.1999999284744,"qoeLatency":4637.400000000001,"qoeBitrateSwitch":300,"qoePlaybackSpeed":107.65625271905441},"init-stream3":{"qoeTotal":-3403.748015621246,"qoeBitrate":5750,"qoeRebuffer":1561.1999999284744,"qoeLatency":6997.800000000001,"qoeBitrateSwitch":450,"qoePlaybackSpeed":144.74801569277037},"chunk-stream3-00020":{"qoeTotal":-6763.695635697474,"qoeBitrate":7000,"qoeRebuffer":4706.999999910593,"qoeLatency":8418.000000000002,"qoeBitrateSwitch":450,"qoePlaybackSpeed":188.6956357868798},"chunk-stream3-00021":{"qoeTotal":-10405.685373052962,"qoeBitrate":8250,"qoeRebuffer":7812.599999964237,"qoeLatency":10158.000000000002,"qoeBitrateSwitch":450,"qoePlaybackSpeed":235.08537308872286},"chunk-stream3-00022":{"qoeTotal":-16437.528933376456,"qoeBitrate":9500,"qoeRebuffer":12900,"qoeLatency":12307.800000000003,"qoeBitrateSwitch":450,"qoePlaybackSpeed":279.72893337645155},"chunk-stream3-00023":{"qoeTotal":-20686.513611862105,"qoeBitrate":10750,"qoeRebuffer":16008,"qoeLatency":14656.800000000003,"qoeBitrateSwitch":450,"qoePlaybackSpeed":321.7136118621034},"init-stream2":{"qoeTotal":-21757.101678065235,"qoeBitrate":11250,"qoeRebuffer":16008,"qoeLatency":16040.400000000003,"qoeBitrateSwitch":600,"qoePlaybackSpeed":358.7016780652321},"chunk-stream2-00024":{"qoeTotal":-23683.072946830187,"qoeBitrate":11750,"qoeRebuffer":16008,"qoeLatency":18427.200000000004,"qoeBitrateSwitch":600,"qoePlaybackSpeed":397.8729468301809},"chunk-stream3-00025":{"qoeTotal":-26641.487633210978,"qoeBitrate":13000,"qoeRebuffer":17563.79999998212,"qoeLatency":20900.400000000005,"qoeBitrateSwitch":750,"qoePlaybackSpeed":427.28763322885493},"chunk-stream3-00026":{"qoeTotal":-27953.502743944056,"qoeBitrate":14250,"qoeRebuffer":17563.79999998212,"qoeLatency":23431.200000000004,"qoeBitrateSwitch":750,"qoePlaybackSpeed":458.50274396193237},"chunk-stream3-00027":{"qoeTotal":-29294.623523232432,"qoeBitrate":15500,"qoeRebuffer":17563.79999998212,"qoeLatency":26007.600000000006,"qoeBitrateSwitch":750,"qoePlaybackSpeed":473.2235232503086},"chunk-stream3-00028":{"qoeTotal":-30649.765601590083,"qoeBitrate":16750,"qoeRebuffer":17563.79999998212,"qoeLatency":28598.400000000005,"qoeBitrateSwitch":750,"qoePlaybackSpeed":487.5656016079585},"chunk-stream4-00029":{"qoeTotal":-31492.301464415857,"qoeBitrate":18750,"qoeRebuffer":17563.79999998212,"qoeLatency":31253.400000000005,"qoeBitrateSwitch":900,"qoePlaybackSpeed":525.1014644337322},"chunk-stream4-00030":{"qoeTotal":-33823.365007369866,"qoeBitrate":20750,"qoeRebuffer":19138.20000001788,"qoeLatency":33970.8,"qoeBitrateSwitch":900,"qoePlaybackSpeed":564.3650073519834},"chunk-stream4-00031":{"qoeTotal":-36183.780256045546,"qoeBitrate":22750,"qoeRebuffer":20674.20000001788,"qoeLatency":36766.8,"qoeBitrateSwitch":900,"qoePlaybackSpeed":592.7802560276589},"chunk-stream4-00032":{"qoeTotal":-37033.59158170369,"qoeBitrate":24750,"qoeRebuffer":20674.20000001788,"qoeLatency":39602.4,"qoeBitrateSwitch":900,"qoePlaybackSpeed":606.9915816858058},"chunk-stream4-00033":{"qoeTotal":-37923.625331602,"qoeBitrate":26750,"qoeRebuffer":20674.20000001788,"qoeLatency":42474.6,"qoeBitrateSwitch":900,"qoePlaybackSpeed":624.8253315841239},"init-stream5":{"qoeTotal":-38013.65908150032,"qoeBitrate":29750,"qoeRebuffer":20674.20000001788,"qoeLatency":45346.799999999996,"qoeBitrateSwitch":1100,"qoePlaybackSpeed":642.6590814824419},"chunk-stream5-00034":{"qoeTotal":-37996.2190681976,"qoeBitrate":32750,"qoeRebuffer":20674.20000001788,"qoeLatency":48292.2,"qoeBitrateSwitch":1100,"qoePlaybackSpeed":679.8190681797239},"chunk-stream4-00035":{"qoeTotal":-40846.10836864836,"qoeBitrate":34750,"qoeRebuffer":22251,"qoeLatency":51332.399999999994,"qoeBitrateSwitch":1300,"qoePlaybackSpeed":712.7083686483692},"chunk-stream4-00036":{"qoeTotal":-41971.31020476345,"qoeBitrate":36750,"qoeRebuffer":22251,"qoeLatency":54431.399999999994,"qoeBitrateSwitch":1300,"qoePlaybackSpeed":738.9102047634562},"chunk-stream4-00037":{"qoeTotal":-43185.119010759074,"qoeBitrate":38750,"qoeRebuffer":22251,"qoeLatency":57599.99999999999,"qoeBitrateSwitch":1300,"qoePlaybackSpeed":784.1190107590812},"chunk-stream4-00038":{"qoeTotal":-46001.16440695672,"qoeBitrate":40750,"qoeRebuffer":23789.400000035763,"qoeLatency":60852.59999999999,"qoeBitrateSwitch":1300,"qoePlaybackSpeed":809.1644069209658},"chunk-stream4-00039":{"qoeTotal":-47340.835744477234,"qoeBitrate":42750,"qoeRebuffer":23789.400000035763,"qoeLatency":64163.99999999999,"qoeBitrateSwitch":1300,"qoePlaybackSpeed":837.4357444414785},"chunk-stream4-00040":{"qoeTotal":-50304.77109143645,"qoeBitrate":44750,"qoeRebuffer":25328.400000035763,"qoeLatency":67546.2,"qoeBitrateSwitch":1300,"qoePlaybackSpeed":880.1710914006919},"chunk-stream4-00041":{"qoeTotal":-55055.74817496803,"qoeBitrate":46750,"qoeRebuffer":28423.79999998212,"qoeLatency":71155.8,"qoeBitrateSwitch":1300,"qoePlaybackSpeed":926.1481749859054},"chunk-stream3-00042":{"qoeTotal":-57668.922538489634,"qoeBitrate":48000,"qoeRebuffer":28423.79999998212,"qoeLatency":74831.40000000001,"qoeBitrateSwitch":1450,"qoePlaybackSpeed":963.7225385075044},"chunk-stream3-00043":{"qoeTotal":-60201.03416757553,"qoeBitrate":49250,"qoeRebuffer":28423.79999998212,"qoeLatency":78573.6,"qoeBitrateSwitch":1450,"qoePlaybackSpeed":1003.6341675934079},"chunk-stream3-00044":{"qoeTotal":-62806.19128425311,"qoeBitrate":50500,"qoeRebuffer":28423.79999998212,"qoeLatency":82390.8,"qoeBitrateSwitch":1450,"qoePlaybackSpeed":1041.5912842709863},"chunk-stream3-00045":{"qoeTotal":-67075.3820786626,"qoeBitrate":51750,"qoeRebuffer":29932.79999998212,"qoeLatency":86358.6,"qoeBitrateSwitch":1450,"qoePlaybackSpeed":1083.9820786804712},"chunk-stream2-00046":{"qoeTotal":-70756.65674222804,"qoeBitrate":52250,"qoeRebuffer":29932.79999998212,"qoeLatency":90352.20000000001,"qoeBitrateSwitch":1600,"qoePlaybackSpeed":1121.656742245902},"chunk-stream3-00047":{"qoeTotal":-73741.21524262642,"qoeBitrate":53500,"qoeRebuffer":29932.79999998212,"qoeLatency":94396.80000000002,"qoeBitrateSwitch":1750,"qoePlaybackSpeed":1161.6152426442814},"chunk-stream3-00048":{"qoeTotal":-78219.11035974864,"qoeBitrate":54750,"qoeRebuffer":31484.400000035763,"qoeLatency":98537.40000000002,"qoeBitrateSwitch":1750,"qoePlaybackSpeed":1197.310359712852},"chunk-stream3-00049":{"qoeTotal":-83006.99155104204,"qoeBitrate":56000,"qoeRebuffer":33068.40000003576,"qoeLatency":102943.20000000003,"qoeBitrateSwitch":1750,"qoePlaybackSpeed":1245.391551006256},"chunk-stream3-00050":{"qoeTotal":-91265.19155095263,"qoeBitrate":57250,"qoeRebuffer":37784.399999946356,"qoeLatency":107735.40000000002,"qoeBitrateSwitch":1750,"qoePlaybackSpeed":1245.391551006256},"chunk-stream2-00051":{"qoeTotal":-97852.980640194,"qoeBitrate":57750,"qoeRebuffer":39755.99999991059,"qoeLatency":112658.40000000002,"qoeBitrateSwitch":1900,"qoePlaybackSpeed":1288.5806402833812},"chunk-stream2-00052":{"qoeTotal":-102321.67902458398,"qoeBitrate":58250,"qoeRebuffer":39755.99999991059,"qoeLatency":117609.60000000002,"qoeBitrateSwitch":1900,"qoePlaybackSpeed":1306.0790246733657},"chunk-stream2-00053":{"qoeTotal":-106801.67902458398,"qoeBitrate":58750,"qoeRebuffer":39755.99999991059,"qoeLatency":122529.60000000002,"qoeBitrateSwitch":1900,"qoePlaybackSpeed":1366.0790246733654},"chunk-stream3-00054":{"qoeTotal":-110621.13140722187,"qoeBitrate":60000,"qoeRebuffer":39755.99999991059,"qoeLatency":127426.80000000002,"qoeBitrateSwitch":2050,"qoePlaybackSpeed":1388.3314073112526},"chunk-stream3-00055":{"qoeTotal":-116634.02222117023,"qoeBitrate":61250,"qoeRebuffer":41347.199999928474,"qoeLatency":133050.00000000003,