{"chunk-stream2-00018":{"qoeTotal":-665.392891422873,"qoeBitrate":500,"qoeRebuffer":0,"qoeLatency":1117.8,"qoeBitrateSwitch":0,"qoePlaybackSpeed":47.592891422873066},"init-stream3":{"qoeTotal":-1545.3688435486506,"qoeBitrate":1750,"qoeRebuffer":0,"qoeLatency":3037.8,"qoeBitrateSwitch":150,"qoePlaybackSpeed":107.5688435486505},"chunk-stream3-00019":{"qoeTotal":-4668.508378005011,"qoeBitrate":3000,"qoeRebuffer":3100.7999999821186,"qoeLatency":4278.6,"qoeBitrateSwitch":150,"qoePlaybackSpeed":139.1083780228923},"chunk-stream3-00020":{"qoeTotal":-4713.829732641171,"qoeBitrate":4250,"qoeRebuffer":3100.7999999821186,"qoeLatency":5554.8,"qoeBitrateSwitch":150,"qoePlaybackSpeed":158.2297326590525},"chunk-stream3-00021":{"qoeTotal":-4807.9290557691,"qoeBitrate":5500,"qoeRebuffer":3100.7999999821186,"qoeLatency":6867,"qoeBitrateSwitch":150,"qoePlaybackSpeed":190.1290557869819},"chunk-stream3-00022":{"qoeTotal":-4906.553075760474,"qoeBitrate":6750,"qoeRebuffer":3100.7999999821186,"qoeLatency":8203.2,"qoeBitrateSwitch":150,"qoePlaybackSpeed":202.55307577835427},"chunk-stream3-00023":{"qoeTotal":-5071.161940436864,"qoeBitrate":8000,"qoeRebuffer":3100.7999999821186,"qoeLatency":9592.2,"qoeBitrateSwitch":150,"qoePlaybackSpeed":228.16194045474438},"chunk-stream3-00024":{"qoeTotal":-6928.705817927158,"qoeBitrate":9250,"qoeRebuffer":4685.399999946356,"qoeLatency":11079.6,"qoeBitrateSwitch":150,"qoePlaybackSpeed":263.70581798080224},"chunk-stream3-00025":{"qoeTotal":-8811.776558003668,"qoeBitrate":10500,"qoeRebuffer":6210.599999964237,"qoeLatency":12651,"qoeBitrateSwitch":150,"qoePlaybackSpeed":300.1765580394304},"chunk-stream3-00026":{"qoeTotal":-9222.925779674828,"qoeBitrate":11750,"qoeRebuffer":6210.599999964237,"qoeLatency":14273.4,"qoeBitrateSwitch":150,"qoePlaybackSpeed":338.9257797105915},"chunk-stream3-00027":{"qoeTotal":-11228.953772469813,"qoeBitrate":13000,"qoeRebuffer":7786.799999982119,"qoeLatency":15928.8,"qoeBitrateSwitch":150,"qoePlaybackSpeed":363.35377248769544},"init-stream4":{"qoeTotal":-11438.67172972105,"qoeBitrate":15000,"qoeRebuffer":7786.799999982119,"qoeLatency":17959.2,"qoeBitrateSwitch":300,"qoePlaybackSpeed":392.67172973893213},"chunk-stream4-00028":{"qoeTotal":-11171.742384253557,"qoeBitrate":17000,"qoeRebuffer":7786.799999982119,"qoeLatency":19669.2,"qoeBitrateSwitch":300,"qoePlaybackSpeed":415.74238427143763},"chunk-stream4-00029":{"qoeTotal":-10935.599789875094,"qoeBitrate":19000,"qoeRebuffer":7786.799999982119,"qoeLatency":21399.600000000002,"qoeBitrateSwitch":300,"qoePlaybackSpeed":449.1997898929735},"chunk-stream4-00030":{"qoeTotal":-10693.369673997091,"qoeBitrate":21000,"qoeRebuffer":7786.799999982119,"qoeLatency":23145.000000000004,"qoeBitrateSwitch":300,"qoePlaybackSpeed":461.56967401496865},"chunk-stream4-00031":{"qoeTotal":-10432.665675131762,"qoeBitrate":23000,"qoeRebuffer":7786.799999982119,"qoeLatency":24824.400000000005,"qoeBitrateSwitch":300,"qoePlaybackSpeed":521.4656751496391},"init-stream5":{"qoeTotal":-9794.608024864678,"qoeBitrate":26000,"qoeRebuffer":7786.799999982119,"qoeLatency":26986.200000000004,"qoeBitrateSwitch":500,"qoePlaybackSpeed":521.6080248825539},"chunk-stream5-00032":{"qoeTotal":-8408.735221253328,"qoeBitrate":29000,"qoeRebuffer":7786.799999982119,"qoeLatency":28593.000000000004,"qoeBitrateSwitch":500,"qoePlaybackSpeed":528.9352212712053},"chunk-stream5-00033":{"qoeTotal":-7079.044623800387,"qoeBitrate":32000,"qoeRebuffer":7786.799999982119,"qoeLatency":30238.800000000003,"qoeBitrateSwitch":500,"qoePlaybackSpeed":553.4446238182658},"chunk-stream5-00034":{"qoeTotal":-5796.826682545069,"qoeBitrate":35000,"qoeRebuffer":7786.799999982119,"qoeLatency":31925.4,"qoeBitrateSwitch":500,"qoePlaybackSpeed":584.6266825629488},"chunk-stream5-00035":{"qoeTotal":-4536.858911098016,"qoeBitrate":38000,"qoeRebuffer":7786.799999982119,"qoeLatency":33637.200000000004,"qoeBitrateSwitch":500,"qoePlaybackSpeed":612.8589111158926},"chunk-stream5-00036":{"qoeTotal":-5646.258911187424,"qoeBitrate":41000,"qoeRebuffer":9976.800000071526,"qoeLatency":35556.600000000006,"qoeBitrateSwitch":500,"qoePlaybackSpeed":612.8589111158926},"chunk-stream4-00037":{"qoeTotal":-15449.864316880205,"qoeBitrate":43000,"qoeRebuffer":18916.800000160933,"qoeLatency":38172.00000000001,"qoeBitrateSwitch":700,"qoePlaybackSpeed":661.0643167192645},"chunk-stream4-00038":{"qoeTotal":-22091.183543573283,"qoeBitrate":45000,"qoeRebuffer":24492.000000178814,"qoeLatency":41196.00000000001,"qoeBitrateSwitch":700,"qoePlaybackSpeed":703.183543394462},"chunk-stream4-00039":{"qoeTotal":-28207.259756519936,"qoeBitrate":47000,"qoeRebuffer":29179.800000160933,"qoeLatency":44576.40000000001,"qoeBitrateSwitch":700,"qoePlaybackSpeed":751.0597563589932},"chunk-stream3-00040":{"qoeTotal":-37130.73596950235,"qoeBitrate":48250,"qoeRebuffer":35325.000000178814,"qoeLatency":48406.80000000001,"qoeBitrateSwitch":850,"qoePlaybackSpeed":798.9359693235244},"chunk-stream3-00041":{"qoeTotal":-45434.0898458225,"qoeBitrate":49500,"qoeRebuffer":40588.80000016093,"qoeLatency":52652.40000000001,"qoeBitrateSwitch":850,"qoePlaybackSpeed":842.8898456615573},"chunk-stream3-00042":{"qoeTotal":-48505.53986821351,"qoeBitrate":50750,"qoeRebuffer":40588.80000016093,"qoeLatency":56938.20000000001,"qoeBitrateSwitch":850,"qoePlaybackSpeed":878.5398680525698},"chunk-stream3-00043":{"qoeTotal":-51577.256062168286,"qoeBitrate":52000,"qoeRebuffer":40588.80000016093,"qoeLatency":61245.60000000001,"qoeBitrateSwitch":850,"qoePlaybackSpeed":892.856062007339},"chunk-stream3-00044":{"qoeTotal":-54665.659379006276,"qoeBitrate":53250,"qoeRebuffer":40588.80000016093,"qoeLatency":65538.00000000001,"qoeBitrateSwitch":850,"qoePlaybackSpeed":938.859378845326},"chunk-stream3-00045":{"qoeTotal":-63408.66413485833,"qoeBitrate":54500,"qoeRebuffer":45883.2000002861,"qoeLatency":70188.60000000002,"qoeBitrateSwitch":850,"qoePlaybackSpeed":986.8641345722058},"init-stream2":{"qoeTotal":-64934.2375312792,"qoeBitrate":55000,"qoeRebuffer":45883.2000002861,"qoeLatency":72019.80000000002,"qoeBitrateSwitch":1000,"qoePlaybackSpeed":1031.2375309930783},"chunk-stream2-00046":{"qoeTotal":-70638.96472938392,"qoeBitrate":55500,"qoeRebuffer":47399.40000021458,"qoeLatency":76695.00000000001,"qoeBitrateSwitch":1000,"qoePlaybackSpeed":1044.5647291693383},"chunk-stream3-00047":{"qoeTotal":-74240.04365184269,"qoeBitrate":56750,"qoeRebuffer":47399.40000021458,"qoeLatency":81387.60000000002,"qoeBitrateSwitch":1150,"qoePlaybackSpeed":1053.043651628083},"chunk-stream3-00048":{"qoeTotal":-77696.58392686248,"qoeBitrate":58000,"qoeRebuffer":47399.40000021458,"qoeLatency":86058.60000000002,"qoeBitrateSwitch":1150,"qoePlaybackSpeed":1088.5839266478908},"chunk-stream3-00049":{"qoeTotal":-81139.87505070216,"qoeBitrate":59250,"qoeRebuffer":47399.40000021458,"qoeLatency":90744.00000000001,"qoeBitrateSwitch":1150,"qoePlaybackSpeed":1096.4750504875688},"chunk-stream4-00050":{"qoeTotal":-84011.07646764316,"qoeBitrate":61250,"qoeRebuffer":47399.40000021458,"qoeLatency":95418.00000000001,"qoeBitrateSwitch":1300,"qoePlaybackSpeed":1143.676467428567},"chunk-stream4-00051":{"qoeTotal":-90751.24210628272,"qoeBitrate":63250,"qoeRebuffer":51103.200000196695,"qoeLatency":100407.00000000001,"qoeBitrateSwitch":1300,"qoePlaybackSpeed":1191.0421060860147},"chunk-stream4-00052":{"qoeTotal":-98663.17194229558,"qoeBitrate":65250,"qoeRebuffer":55747.80000025034,"qoeLatency":105629.40000000001,"qoeBitrateSwitch":1300,"qoePlaybackSpeed":1235.971942045236},"chunk-stream2-00053":{"qoeTotal":-103765.59792235836,"qoeBitrate":65750,"qoeRebuffer":55747.80000025034,"qoeLatency":110886.6,"qoeBitrateSwitch":1600,"qoePlaybackSpeed":1281.1979221080137},"chunk-stream3-00054":{"qoeTotal":-107991.93399332726,"qoeBitrate":67000,"qoeRebuffer":55747.80000025034,"qoeLatency":116189.40000000001,"qoeBitrateSwitch":1750,"qoePlaybackSpeed":1304.7339930769108},"chunk-stream3-00055":{"qoeTotal":-112115.52122520763,"qoeBitrate":68250,"qoeRebuffer":55747.80000025034,"qoeLatency":121544.40000000001,