{"chunk-stream2-00018":{"qoeTotal":-485.5120472203151,"qoeBitrate":500,"qoeRebuffer":0,"qoeLatency":945.6,"qoeBitrateSwitch":0,"qoePlaybackSpeed":39.91204722031505},"init-stream5":{"qoeTotal":1022.3759055593699,"qoeBitrate":3500,"qoeRebuffer":0,"qoeLatency":1897.8,"qoeBitrateSwitch":500,"qoePlaybackSpeed":79.8240944406301},"chunk-stream5-00019":{"qoeTotal":3018.4725097203705,"qoeBitrate":6500,"qoeRebuffer":0,"qoeLatency":2886,"qoeBitrateSwitch":500,"qoePlaybackSpeed":95.52749027962962},"chunk-stream5-00020":{"qoeTotal":5014.564326393257,"qoeBitrate":9500,"qoeRebuffer":0,"qoeLatency":3868.8,"qoeBitrateSwitch":500,"qoePlaybackSpeed":116.63567360674247},"chunk-stream5-00021":{"qoeTotal":7035.607353191602,"qoeBitrate":12500,"qoeRebuffer":0,"qoeLatency":4831.8,"qoeBitrateSwitch":500,"qoePlaybackSpeed":132.59264680839772},"chunk-stream5-00022":{"qoeTotal":9075.045863025922,"qoeBitrate":15500,"qoeRebuffer":0,"qoeLatency":5779.8,"qoeBitrateSwitch":500,"qoePlaybackSpeed":145.15413697407882},"chunk-stream5-00023":{"qoeTotal":11114.543000273672,"qoeBitrate":18500,"qoeRebuffer":0,"qoeLatency":6730.200000000001,"qoeBitrateSwitch":500,"qoePlaybackSpeed":155.25699972632768},"chunk-stream5-00024":{"qoeTotal":13177.440137521422,"qoeBitrate":21500,"qoeRebuffer":0,"qoeLatency":7657.200000000001,"qoeBitrateSwitch":500,"qoePlaybackSpeed":165.35986247857653},"chunk-stream5-00025":{"qoeTotal":15250.763188372504,"qoeBitrate":24500,"qoeRebuffer":0,"qoeLatency":8577.6,"qoeBitrateSwitch":500,"qoePlaybackSpeed":171.63681162749555},"chunk-stream5-00026":{"qoeTotal":17326.763188372504,"qoeBitrate":27500,"qoeRebuffer":0,"qoeLatency":9501.6,"qoeBitrateSwitch":500,"qoePlaybackSpeed":171.63681162749555},"chunk-stream5-00027":{"qoeTotal":19402.163188372502,"qoeBitrate":30500,"qoeRebuffer":0,"qoeLatency":10426.2,"qoeBitrateSwitch":500,"qoePlaybackSpeed":171.63681162749555},"chunk-stream5-00028":{"qoeTotal":21478.163188372502,"qoeBitrate":33500,"qoeRebuffer":0,"qoeLatency":11350.2,"qoeBitrateSwitch":500,"qoePlaybackSpeed":171.63681162749555},"chunk-stream5-00029":{"qoeTotal":23551.763188372504,"qoeBitrate":36500,"qoeRebuffer":0,"qoeLatency":12276.6,"qoeBitrateSwitch":500,"qoePlaybackSpeed":171.63681162749555},"chunk-stream5-00030":{"qoeTotal":25636.763188372504,"qoeBitrate":39500,"qoeRebuffer":0,"qoeLatency":13191.6,"qoeBitrateSwitch":500,"qoePlaybackSpeed":171.63681162749555},"chunk-stream5-00031":{"qoeTotal":27713.9631883725,"qoeBitrate":42500,"qoeRebuffer":0,"qoeLatency":14114.4,"qoeBitrateSwitch":500,"qoePlaybackSpeed":171.63681162749555},"chunk-stream5-00032":{"qoeTotal":29798.9631883725,"qoeBitrate":45500,"qoeRebuffer":0,"qoeLatency":15029.4,"qoeBitrateSwitch":500,"qoePlaybackSpeed":171.63681162749555},"chunk-stream5-00033":{"qoeTotal":31874.9631883725,"qoeBitrate":48500,"qoeRebuffer":0,"qoeLatency":15953.4,"qoeBitrateSwitch":500,"qoePlaybackSpeed":171.63681162749555},"chunk-stream5-00034":{"qoeTotal":33952.763188372504,"qoeBitrate":51500,"qoeRebuffer":0,"qoeLatency":16875.6,"qoeBitrateSwitch":500,"qoePlaybackSpeed":171.63681162749555},"chunk-stream5-00035":{"qoeTotal":36027.5631883725,"qoeBitrate":54500,"qoeRebuffer":0,"qoeLatency":17800.8,"qoeBitrateSwitch":500,"qoePlaybackSpeed":171.63681162749555},"chunk-stream5-00036":{"qoeTotal":38105.96318837251,"qoeBitrate":57500,"qoeRebuffer":0,"qoeLatency":18722.399999999998,"qoeBitrateSwitch":500,"qoePlaybackSpeed":171.63681162749555},"chunk-stream5-00037":{"qoeTotal":40181.3631883725,"qoeBitrate":60500,"qoeRebuffer":0,"qoeLatency":19646.999999999996,"qoeBitrateSwitch":500,"qoePlaybackSpeed":171.63681162749555},"chunk-stream5-00038":{"qoeTotal":42266.3631883725,"qoeBitrate":63500,"qoeRebuffer":0,"qoeLatency":20561.999999999996,"qoeBitrateSwitch":500,"qoePlaybackSpeed":171.63681162749555},"chunk-stream5-00039":{"qoeTotal":44351.96318837251,"qoeBitrate":66500,"qoeRebuffer":0,"qoeLatency":21476.399999999998,"qoeBitrateSwitch":500,"qoePlaybackSpeed":171.63681162749555},"chunk-stream5-00040":{"qoeTotal":46436.96318837251,"qoeBitrate":69500,"qoeRebuffer":0,"qoeLatency":22391.399999999998,"qoeBitrateSwitch":500,"qoePlaybackSpeed":171.63681162749555},"chunk-stream5-00041":{"qoeTotal":48513.5631883725,"qoeBitrate":72500,"qoeRebuffer":0,"qoeLatency":23314.8,"qoeBitrateSwitch":500,"qoePlaybackSpeed":171.63681162749555},"chunk-stream5-00042":{"qoeTotal":50590.763188372504,"qoeBitrate":75500,"qoeRebuffer":0,"qoeLatency":24237.6,"qoeBitrateSwitch":500,"qoePlaybackSpeed":171.63681162749555},"chunk-stream5-00043":{"qoeTotal":52668.5631883725,"qoeBitrate":78500,"qoeRebuffer":0,"qoeLatency":25159.8,"qoeBitrateSwitch":500,"qoePlaybackSpeed":171.63681162749555},"chunk-stream5-00044":{"qoeTotal":54754.163188372506,"qoeBitrate":81500,"qoeRebuffer":0,"qoeLatency":26074.2,"qoeBitrateSwitch":500,"qoePlaybackSpeed":171.63681162749555},"chunk-stream5-00045":{"qoeTotal":56839.163188372506,"qoeBitrate":84500,"qoeRebuffer":0,"qoeLatency":26989.2,"qoeBitrateSwitch":500,"qoePlaybackSpeed":171.63681162749555},"chunk-stream5-00046":{"qoeTotal":58916.3631883725,"qoeBitrate":87500,"qoeRebuffer":0,"qoeLatency":27912,"qoeBitrateSwitch":500,"qoePlaybackSpeed":171.63681162749555},"chunk-stream5-00047":{"qoeTotal":60994.163188372506,"qoeBitrate":90500,"qoeRebuffer":0,"qoeLatency":28834.2,"qoeBitrateSwitch":500,"qoePlaybackSpeed":171.63681162749555},"chunk-stream5-00048":{"qoeTotal":63071.9631883725,"qoeBitrate":93500,"qoeRebuffer":0,"qoeLatency":29756.4,"qoeBitrateSwitch":500,"qoePlaybackSpeed":171.63681162749555},"chunk-stream5-00049":{"qoeTotal":65156.9631883725,"qoeBitrate":96500,"qoeRebuffer":0,"qoeLatency":30671.4,"qoeBitrateSwitch":500,"qoePlaybackSpeed":171.63681162749555},"chunk-stream5-00050":{"qoeTotal":67230.5631883725,"qoeBitrate":99500,"qoeRebuffer":0,"qoeLatency":31597.800000000003,"qoeBitrateSwitch":500,"qoePlaybackSpeed":171.63681162749555},"chunk-stream5-00051":{"qoeTotal":69316.16318837249,"qoeBitrate":102500,"qoeRebuffer":0,"qoeLatency":32512.200000000004,"qoeBitrateSwitch":500,"qoePlaybackSpeed":171.63681162749555},"chunk-stream5-00052":{"qoeTotal":71401.7631883725,"qoeBitrate":105500,"qoeRebuffer":0,"qoeLatency":33426.600000000006,"qoeBitrateSwitch":500,"qoePlaybackSpeed":171.63681162749555},"chunk-stream5-00053":{"qoeTotal":73487.3631883725,"qoeBitrate":108500,"qoeRebuffer":0,"qoeLatency":34341.00000000001,"qoeBitrateSwitch":500,"qoePlaybackSpeed":171.63681162749555},"chunk-stream5-00054":{"qoeTotal":75565.7631883725,"qoeBitrate":111500,"qoeRebuffer":0,"qoeLatency":35262.600000000006,"qoeBitrateSwitch":500,"qoePlaybackSpeed":171.63681162749555},"chunk-stream5-00055":{"qoeTotal":77651.3631883725,"qoeBitrate":114500,"qoeRebuffer":0,"qoeLatency":36177.00000000001,"qoeBitrateSwitch":500,"qoePlaybackSpeed":171.63681162749555},"chunk-stream5-00056":{"qoeTotal":79736.3631883725,"qoeBitrate":117500,"qoeRebuffer":0,"qoeLatency":37092.00000000001,"qoeBitrateSwitch":500,"qoePlaybackSpeed":171.63681162749555},"chunk-stream5-00057":{"qoeTotal":81821.9631883725,"qoeBitrate":120500,"qoeRebuffer":0,"qoeLatency":38006.40000000001,"qoeBitrateSwitch":500,"qoePlaybackSpeed":171.63681162749555},"chunk-stream5-00058":{"qoeTotal":83906.9631883725,"qoeBitrate":123500,"qoeRebuffer":0,"qoeLatency":38921.40000000001,"qoeBitrateSwitch":500,"qoePlaybackSpeed":171.63681162749555},"chunk-stream5-00059":{"qoeTotal":85991.9631883725,"qoeBitrate":126500,"qoeRebuffer":0,"qoeLatency":39836.40000000001,"qoeBitrateSwitch":500,"qoePlaybackSpeed":171.63681162749555},"chunk-stream5-00060":{"qoeTotal":88076.9631883725,"qoeBitrate":129500,"qoeRebuffer":0,"qoeLatency":40751.40000000001,"qoeBitrateSwitch":500,"qoePlaybackSpeed":171.63681162749555},"chunk-stream5-00061":{"qoeTotal":90161.9631883725,"qoeBitrate":132500,"qoeRebuffer":0,"qoeLatency":41666.40000000001,"qoeBitrateSwitch":500,"qoePlaybackSpeed":171.63681162749555},"chunk-stream5-00062":{"qoeTotal":92246.9631883725,"qoeBitrate":135500,"qoeRebuffer":0,"qoeLatency":42581.40000000001,"qoeBitrateSwitch":500,