{"switchHistory":[{"start":8.692,"end":8.895346,"quality":{"mediaType":"video","bitrate":1000000,"width":640,"height":360,"scanType":null,"qualityIndex":2}},{"start":8.895346,"end":68.759692,"quality":{"mediaType":"video","bitrate":1000000,"width":640,"height":360,"scanType":null,"qualityIndex":2}}],"switchRequests":[],"stallDurationMs":265.2000000178814,"numStalls":3,"averageLatency":1.5264999999999993,"averageBufferLength":1.385829383886256,"averageBitrate":1000000.0000000001,"numSwitches":2,"averageBitrateVariations":0,"averagePlaybackRate":1.002310384297754,"averagePlaybackRateNonOne":1.021859789894135}