{"switchHistory":[{"start":8.6875,"end":8.887576,"quality":{"mediaType":"video","bitrate":1000000,"width":640,"height":360,"scanType":null,"qualityIndex":2}},{"start":8.887576,"end":68.756533,"quality":{"mediaType":"video","bitrate":1000000,"width":640,"height":360,"scanType":null,"qualityIndex":2}}],"switchRequests":[],"stallDurationMs":264.2000000476837,"numStalls":3,"averageLatency":1.525542654028436,"averageBufferLength":1.3917322274881498,"averageBitrate":1000000.0000000001,"numSwitches":2,"averageBitrateVariations":0,"averagePlaybackRate":1.002164960234651,"averagePlaybackRateNonOne":1.020483854527851}