{"switchHistory":[{"start":8.6885,"end":8.884754,"quality":{"mediaType":"video","bitrate":1000000,"width":640,"height":360,"scanType":null,"qualityIndex":2}},{"start":8.884754,"end":68.757418,"quality":{"mediaType":"video","bitrate":1000000,"width":640,"height":360,"scanType":null,"qualityIndex":2}}],"switchRequests":[],"stallDurationMs":260.59999990463257,"numStalls":3,"averageLatency":1.5256540284360183,"averageBufferLength":1.3861042654028422,"averageBitrate":1000000.0000000001,"numSwitches":2,"averageBitrateVariations":0,"averagePlaybackRate":1.0024280125206106,"averagePlaybackRateNonOne":1.0229727338488543}