{"chunk-stream2-00018":{"qoeTotal":-553.746446009149,"qoeBitrate":500,"qoeRebuffer":0,"qoeLatency":1005,"qoeBitrateSwitch":0,"qoePlaybackSpeed":48.74644600914906},"init-stream4":{"qoeTotal":-3348.5160476287365,"qoeBitrate":2500,"qoeRebuffer":0,"qoeLatency":5462.400000000001,"qoeBitrateSwitch":300,"qoePlaybackSpeed":86.11604762873613},"chunk-stream4-00019":{"qoeTotal":-4016.99212657599,"qoeBitrate":4500,"qoeRebuffer":1512,"qoeLatency":6582.000000000001,"qoeBitrateSwitch":300,"qoePlaybackSpeed":122.99212657598889},"chunk-stream4-00020":{"qoeTotal":-4798.052721319025,"qoeBitrate":6500,"qoeRebuffer":3049.2000000178814,"qoeLatency":7785.000000000001,"qoeBitrateSwitch":300,"qoePlaybackSpeed":163.85272130114254},"chunk-stream4-00021":{"qoeTotal":-5779.497187169042,"qoeBitrate":8500,"qoeRebuffer":4635.600000053644,"qoeLatency":9141.6,"qoeBitrateSwitch":300,"qoePlaybackSpeed":202.2971871153974},"init-stream3":{"qoeTotal":-11337.097187169042,"qoeBitrate":9750,"qoeRebuffer":4635.600000053644,"qoeLatency":15739.2,"qoeBitrateSwitch":450,"qoePlaybackSpeed":262.2971871153974},"chunk-stream3-00022":{"qoeTotal":-11541.209585899083,"qoeBitrate":11000,"qoeRebuffer":4635.600000053644,"qoeLatency":17150.4,"qoeBitrateSwitch":450,"qoePlaybackSpeed":305.20958584543814},"chunk-stream3-00023":{"qoeTotal":-11755.477427809321,"qoeBitrate":12250,"qoeRebuffer":4635.600000053644,"qoeLatency":18603,"qoeBitrateSwitch":450,"qoePlaybackSpeed":316.87742775567636},"chunk-stream3-00024":{"qoeTotal":-12026.940255485983,"qoeBitrate":13500,"qoeRebuffer":4635.600000053644,"qoeLatency":20094.6,"qoeBitrateSwitch":450,"qoePlaybackSpeed":346.740255432339},"chunk-stream3-00025":{"qoeTotal":-12340.614589462864,"qoeBitrate":14750,"qoeRebuffer":4635.600000053644,"qoeLatency":21636.6,"qoeBitrateSwitch":450,"qoePlaybackSpeed":368.4145894092217},"chunk-stream3-00026":{"qoeTotal":-12709.1671392718,"qoeBitrate":16000,"qoeRebuffer":4635.600000053644,"qoeLatency":23230.199999999997,"qoeBitrateSwitch":450,"qoePlaybackSpeed":393.3671392181586},"chunk-stream3-00027":{"qoeTotal":-13126.285034987855,"qoeBitrate":17250,"qoeRebuffer":4635.600000053644,"qoeLatency":24869.399999999998,"qoeBitrateSwitch":450,"qoePlaybackSpeed":421.2850349342136},"chunk-stream3-00028":{"qoeTotal":-13566.099901791209,"qoeBitrate":18500,"qoeRebuffer":4635.600000053644,"qoeLatency":26545.8,"qoeBitrateSwitch":450,"qoePlaybackSpeed":434.69990173756617},"chunk-stream4-00029":{"qoeTotal":-13476.343081956433,"qoeBitrate":20500,"qoeRebuffer":4635.600000053644,"qoeLatency":28274.399999999998,"qoeBitrateSwitch":600,"qoePlaybackSpeed":466.3430819027907},"chunk-stream3-00030":{"qoeTotal":-14145.743081956434,"qoeBitrate":21750,"qoeRebuffer":4635.600000053644,"qoeLatency":30043.8,"qoeBitrateSwitch":750,"qoePlaybackSpeed":466.3430819027907},"chunk-stream3-00031":{"qoeTotal":-16264.53692116479,"qoeBitrate":23000,"qoeRebuffer":6162.600000053644,"qoeLatency":31865.399999999998,"qoeBitrateSwitch":750,"qoePlaybackSpeed":486.5369211111487},"chunk-stream3-00032":{"qoeTotal":-16916.275705256357,"qoeBitrate":24250,"qoeRebuffer":6162.600000053644,"qoeLatency":33729.6,"qoeBitrateSwitch":750,"qoePlaybackSpeed":524.0757052027158},"chunk-stream3-00033":{"qoeTotal":-17603.365083905464,"qoeBitrate":25500,"qoeRebuffer":6162.600000053644,"qoeLatency":35641.2,"qoeBitrateSwitch":750,"qoePlaybackSpeed":549.5650838518243},"chunk-stream3-00034":{"qoeTotal":-18287.874365552638,"qoeBitrate":26750,"qoeRebuffer":6162.600000053644,"qoeLatency":37563,"qoeBitrateSwitch":750,"qoePlaybackSpeed":562.2743654989944},"chunk-stream3-00035":{"qoeTotal":-19004.047789101533,"qoeBitrate":28000,"qoeRebuffer":6162.600000053644,"qoeLatency":39469.2,"qoeBitrateSwitch":750,"qoePlaybackSpeed":622.2477890478912},"chunk-stream4-00036":{"qoeTotal":-19074.415543161977,"qoeBitrate":30000,"qoeRebuffer":6162.600000053644,"qoeLatency":41364,"qoeBitrateSwitch":900,"qoePlaybackSpeed":647.8155431083314},"chunk-stream3-00037":{"qoeTotal":-19927.97206242666,"qoeBitrate":31250,"qoeRebuffer":6162.600000053644,"qoeLatency":43291.2,"qoeBitrateSwitch":1050,"qoePlaybackSpeed":674.172062373017},"chunk-stream3-00038":{"qoeTotal":-20680.75333309315,"qoeBitrate":32500,"qoeRebuffer":6162.600000053644,"qoeLatency":45234,"qoeBitrateSwitch":1050,"qoePlaybackSpeed":734.1533330395056},"chunk-stream3-00039":{"qoeTotal":-21315.64316147662,"qoeBitrate":33750,"qoeRebuffer":6162.600000053644,"qoeLatency":47111.4,"qoeBitrateSwitch":1050,"qoePlaybackSpeed":741.6431614229738},"chunk-stream4-00040":{"qoeTotal":-21391.752533255607,"qoeBitrate":35750,"qoeRebuffer":6162.600000053644,"qoeLatency":49023.6,"qoeBitrateSwitch":1200,"qoePlaybackSpeed":755.5525332019648},"chunk-stream4-00041":{"qoeTotal":-21414.587946037987,"qoeBitrate":37750,"qoeRebuffer":6162.600000053644,"qoeLatency":51006.6,"qoeBitrateSwitch":1200,"qoePlaybackSpeed":795.3879459843449},"chunk-stream3-00042":{"qoeTotal":-22387.11672934655,"qoeBitrate":39000,"qoeRebuffer":6162.600000053644,"qoeLatency":53043.6,"qoeBitrateSwitch":1350,"qoePlaybackSpeed":830.9167292929083},"chunk-stream3-00043":{"qoeTotal":-23229.109832029117,"qoeBitrate":40250,"qoeRebuffer":6162.600000053644,"qoeLatency":55110.6,"qoeBitrateSwitch":1350,"qoePlaybackSpeed":855.9098319754722},"chunk-stream3-00044":{"qoeTotal":-24117.503811369355,"qoeBitrate":41500,"qoeRebuffer":6162.600000053644,"qoeLatency":57189,"qoeBitrateSwitch":1350,"qoePlaybackSpeed":915.9038113157102},"chunk-stream3-00045":{"qoeTotal":-24942.897790709594,"qoeBitrate":42750,"qoeRebuffer":6162.600000053644,"qoeLatency":59204.4,"qoeBitrateSwitch":1350,"qoePlaybackSpeed":975.8977906559481},"chunk-stream4-00046":{"qoeTotal":-25084.89177004983,"qoeBitrate":44750,"qoeRebuffer":6162.600000053644,"qoeLatency":61136.4,"qoeBitrateSwitch":1500,"qoePlaybackSpeed":1035.891769996186},"chunk-stream4-00047":{"qoeTotal":-24991.440642359787,"qoeBitrate":46750,"qoeRebuffer":6162.600000053644,"qoeLatency":63025.8,"qoeBitrateSwitch":1500,"qoePlaybackSpeed":1053.0406423061395},"chunk-stream4-00048":{"qoeTotal":-24951.94772005076,"qoeBitrate":48750,"qoeRebuffer":6162.600000053644,"qoeLatency":64960.8,"qoeBitrateSwitch":1500,"qoePlaybackSpeed":1078.5477199971142},"chunk-stream4-00049":{"qoeTotal":-25022.43513138297,"qoeBitrate":50750,"qoeRebuffer":6162.600000053644,"qoeLatency":66988.8,"qoeBitrateSwitch":1500,"qoePlaybackSpeed":1121.0351313293222},"chunk-stream3-00050":{"qoeTotal":-27643.911277369916,"qoeBitrate":52000,"qoeRebuffer":7698.600000053644,"qoeLatency":69134.40000000001,"qoeBitrateSwitch":1650,"qoePlaybackSpeed":1160.9112773162635},"chunk-stream3-00051":{"qoeTotal":-28615.40650147822,"qoeBitrate":53250,"qoeRebuffer":7698.600000053644,"qoeLatency":71326.8,"qoeBitrateSwitch":1650,"qoePlaybackSpeed":1190.006501424575},"chunk-stream3-00052":{"qoeTotal":-29582.576214496738,"qoeBitrate":54500,"qoeRebuffer":7698.600000053644,"qoeLatency":73533,"qoeBitrateSwitch":1650,"qoePlaybackSpeed":1200.9762144430924},"chunk-stream4-00053":{"qoeTotal":-29938.255114451265,"qoeBitrate":56500,"qoeRebuffer":7698.600000053644,"qoeLatency":75738.6,"qoeBitrateSwitch":1800,"qoePlaybackSpeed":1201.055114397614},"chunk-stream4-00054":{"qoeTotal":-30094.065843504828,"qoeBitrate":58500,"qoeRebuffer":7698.600000053644,"qoeLatency":77883.6,"qoeBitrateSwitch":1800,"qoePlaybackSpeed":1211.8658434511765},"chunk-stream4-00055":{"qoeTotal":-30545.065843504828,"qoeBitrate":60500,"qoeRebuffer":7698.600000053644,"qoeLatency":80334.6,"qoeBitrateSwitch":1800,"qoePlaybackSpeed":1211.8658434511765},"chunk-stream4-00056":{"qoeTotal":-41117.17931238378,"qoeBitrate":62500,"qoeRebuffer":17149.20000010729,"qoeLatency":83416.20000000001,"qoeBitrateSwitch":1800,"qoePlaybackSpeed":1251.7793122764785},"chunk-stream4-00057":{"qoeTotal":-45613.2878021282,"qoeBitrate":64500,"qoeRebuffer":20284.800000071526,"qoeLatency":86740.80000000002,"qoeBitrateSwitch":1800,"qoePlaybackSpeed":1287.6878020566594},"chunk-stream4-00058":{"qoeTotal":-48740.71045887518,"qoeBitrate":66500,"qoeRebuffer":21850.20000010729,