{"chunk-stream2-00018":{"qoeTotal":-910.0096006225631,"qoeBitrate":500,"qoeRebuffer":0,"qoeLatency":1362.6,"qoeBitrateSwitch":0,"qoePlaybackSpeed":47.40960062256312},"init-stream0":{"qoeTotal":-6179.832676121853,"qoeBitrate":600,"qoeRebuffer":0,"qoeLatency":6645,"qoeBitrateSwitch":80,"qoePlaybackSpeed":54.832676121853225},"chunk-stream0-00019":{"qoeTotal":-7585.842276744416,"qoeBitrate":700,"qoeRebuffer":0,"qoeLatency":8103.6,"qoeBitrateSwitch":80,"qoePlaybackSpeed":102.24227674441634},"chunk-stream0-00020":{"qoeTotal":-10559.988747794403,"qoeBitrate":800,"qoeRebuffer":1590.6000008583069,"qoeLatency":9573.6,"qoeBitrateSwitch":80,"qoePlaybackSpeed":115.78874693609504},"chunk-stream0-00021":{"qoeTotal":-11967.98961662259,"qoeBitrate":900,"qoeRebuffer":1590.6000008583069,"qoeLatency":11022.6,"qoeBitrateSwitch":80,"qoePlaybackSpeed":174.78961576428296},"init-stream2":{"qoeTotal":-16964.18961662259,"qoeBitrate":1400,"qoeRebuffer":1590.6000008583069,"qoeLatency":16378.8,"qoeBitrateSwitch":160,"qoePlaybackSpeed":234.78961576428293},"chunk-stream2-00022":{"qoeTotal":-17852.117823889323,"qoeBitrate":1900,"qoeRebuffer":1590.6000008583069,"qoeLatency":17742,"qoeBitrateSwitch":160,"qoePlaybackSpeed":259.5178230310143},"chunk-stream0-00023":{"qoeTotal":-19244.477083586513,"qoeBitrate":2000,"qoeRebuffer":1590.6000008583069,"qoeLatency":19123.8,"qoeBitrateSwitch":240,"qoePlaybackSpeed":290.07708272820713},"chunk-stream0-00024":{"qoeTotal":-20592.805523219165,"qoeBitrate":2100,"qoeRebuffer":1590.6000008583069,"qoeLatency":20514,"qoeBitrateSwitch":240,"qoePlaybackSpeed":348.20552236085774},"init-stream3":{"qoeTotal":-21018.133962851814,"qoeBitrate":3350,"qoeRebuffer":1590.6000008583069,"qoeLatency":21901.2,"qoeBitrateSwitch":470,"qoePlaybackSpeed":406.33396199350835},"chunk-stream3-00025":{"qoeTotal":-32388.517055696782,"qoeBitrate":4600,"qoeRebuffer":12067.200001716614,"qoeLatency":23997,"qoeBitrateSwitch":470,"qoePlaybackSpeed":454.3170539801685},"chunk-stream0-00026":{"qoeTotal":-35148.90014739734,"qoeBitrate":4700,"qoeRebuffer":12468.000001430511,"qoeLatency":26178.6,"qoeBitrateSwitch":700,"qoePlaybackSpeed":502.30014596682867},"chunk-stream0-00027":{"qoeTotal":-38766.654122101456,"qoeBitrate":4800,"qoeRebuffer":13978.200001716614,"qoeLatency":28373.399999999998,"qoeBitrateSwitch":700,"qoePlaybackSpeed":515.0541203848462},"chunk-stream0-00028":{"qoeTotal":-40899.85171065459,"qoeBitrate":4900,"qoeRebuffer":13978.200001716614,"qoeLatency":30546.6,"qoeBitrateSwitch":700,"qoePlaybackSpeed":575.0517089379814},"chunk-stream0-00029":{"qoeTotal":-42987.44929920773,"qoeBitrate":5000,"qoeRebuffer":13978.200001716614,"qoeLatency":32674.199999999997,"qoeBitrateSwitch":700,"qoePlaybackSpeed":635.0492974911166},"chunk-stream0-00030":{"qoeTotal":-45029.44688776086,"qoeBitrate":5100,"qoeRebuffer":13978.200001716614,"qoeLatency":34756.2,"qoeBitrateSwitch":700,"qoePlaybackSpeed":695.0468860442518},"chunk-stream2-00031":{"qoeTotal":-46572.044476314,"qoeBitrate":5600,"qoeRebuffer":13978.200001716614,"qoeLatency":36658.799999999996,"qoeBitrateSwitch":780,"qoePlaybackSpeed":755.044474597387},"chunk-stream0-00032":{"qoeTotal":-48469.04206486713,"qoeBitrate":5700,"qoeRebuffer":13978.200001716614,"qoeLatency":38515.799999999996,"qoeBitrateSwitch":860,"qoePlaybackSpeed":815.0420631505222},"chunk-stream0-00033":{"qoeTotal":-50236.83965342027,"qoeBitrate":5800,"qoeRebuffer":13978.200001716614,"qoeLatency":40323.6,"qoeBitrateSwitch":860,"qoePlaybackSpeed":875.0396517036573},"chunk-stream0-00034":{"qoeTotal":-51963.83724197341,"qoeBitrate":5900,"qoeRebuffer":13978.200001716614,"qoeLatency":42090.6,"qoeBitrateSwitch":860,"qoePlaybackSpeed":935.0372402567925},"init-stream1":{"qoeTotal":-57349.83724197341,"qoeBitrate":6200,"qoeRebuffer":13978.200001716614,"qoeLatency":47676.6,"qoeBitrateSwitch":900,"qoePlaybackSpeed":995.0372402567925},"chunk-stream1-00035":{"qoeTotal":-58768.23483052654,"qoeBitrate":6500,"qoeRebuffer":13978.200001716614,"qoeLatency":49335,"qoeBitrateSwitch":900,"qoePlaybackSpeed":1055.0348288099278},"chunk-stream0-00036":{"qoeTotal":-60382.23241907968,"qoeBitrate":6600,"qoeRebuffer":13978.200001716614,"qoeLatency":50949,"qoeBitrateSwitch":940,"qoePlaybackSpeed":1115.0324173630631},"chunk-stream1-00037":{"qoeTotal":-61684.03000763281,"qoeBitrate":6900,"qoeRebuffer":13978.200001716614,"qoeLatency":52450.8,"qoeBitrateSwitch":980,"qoePlaybackSpeed":1175.0300059161984},"chunk-stream1-00038":{"qoeTotal":-62885.34962916305,"qoeBitrate":7200,"qoeRebuffer":13978.200001716614,"qoeLatency":53929.8,"qoeBitrateSwitch":980,"qoePlaybackSpeed":1197.3496274464374},"chunk-stream1-00039":{"qoeTotal":-64078.39202144988,"qoeBitrate":7500,"qoeRebuffer":13978.200001716614,"qoeLatency":55382.4,"qoeBitrateSwitch":980,"qoePlaybackSpeed":1237.792019733261},"chunk-stream0-00040":{"qoeTotal":-65507.42692155869,"qoeBitrate":7600,"qoeRebuffer":13978.200001716614,"qoeLatency":56848.8,"qoeBitrateSwitch":1020,"qoePlaybackSpeed":1260.426919842074},"chunk-stream0-00041":{"qoeTotal":-66897.37701202997,"qoeBitrate":7700,"qoeRebuffer":13978.200001716614,"qoeLatency":58279.8,"qoeBitrateSwitch":1020,"qoePlaybackSpeed":1319.3770103133563},"chunk-stream0-00042":{"qoeTotal":-68254.92710250124,"qoeBitrate":7800,"qoeRebuffer":13978.200001716614,"qoeLatency":59678.4,"qoeBitrateSwitch":1020,"qoePlaybackSpeed":1378.3271007846386},"chunk-stream1-00043":{"qoeTotal":-69362.47719297254,"qoeBitrate":8100,"qoeRebuffer":13978.200001716614,"qoeLatency":60987,"qoeBitrateSwitch":1060,"qoePlaybackSpeed":1437.2771912559208},"chunk-stream1-00044":{"qoeTotal":-70339.8843509977,"qoeBitrate":8400,"qoeRebuffer":13978.200001716614,"qoeLatency":62211,"qoeBitrateSwitch":1060,"qoePlaybackSpeed":1490.684349281081},"chunk-stream1-00045":{"qoeTotal":-71222.10891098625,"qoeBitrate":8700,"qoeRebuffer":13978.200001716614,"qoeLatency":63346.2,"qoeBitrateSwitch":1060,"qoePlaybackSpeed":1537.7089092696406},"chunk-stream2-00046":{"qoeTotal":-71914.0827033798,"qoeBitrate":9200,"qoeRebuffer":13978.200001716614,"qoeLatency":64456.799999999996,"qoeBitrateSwitch":1100,"qoePlaybackSpeed":1579.082701663192},"chunk-stream0-00047":{"qoeTotal":-73066.76102239924,"qoeBitrate":9300,"qoeRebuffer":13978.200001716614,"qoeLatency":65592.59999999999,"qoeBitrateSwitch":1180,"qoePlaybackSpeed":1615.9610206826385},"chunk-stream0-00048":{"qoeTotal":-74097.44550832173,"qoeBitrate":9400,"qoeRebuffer":13978.200001716614,"qoeLatency":66722.4,"qoeBitrateSwitch":1180,"qoePlaybackSpeed":1616.8455066051251},"chunk-stream0-00049":{"qoeTotal":-75168.30212036344,"qoeBitrate":9500,"qoeRebuffer":13978.200001716614,"qoeLatency":67848.59999999999,"qoeBitrateSwitch":1180,"qoePlaybackSpeed":1661.5021186468352},"chunk-stream1-00050":{"qoeTotal":-75982.01821444204,"qoeBitrate":9800,"qoeRebuffer":13978.200001716614,"qoeLatency":68890.2,"qoeBitrateSwitch":1220,"qoePlaybackSpeed":1693.6182127254303},"chunk-stream0-00051":{"qoeTotal":-76969.33430852063,"qoeBitrate":9900,"qoeRebuffer":13978.200001716614,"qoeLatency":69905.4,"qoeBitrateSwitch":1260,"qoePlaybackSpeed":1725.7343068040254},"chunk-stream1-00052":{"qoeTotal":-77711.10489846682,"qoeBitrate":10200,"qoeRebuffer":13978.200001716614,"qoeLatency":70885.79999999999,"qoeBitrateSwitch":1300,"qoePlaybackSpeed":1747.1048967502206},"chunk-stream1-00053":{"qoeTotal":-78383.22224139882,"qoeBitrate":10500,"qoeRebuffer":13978.200001716614,"qoeLatency":71842.79999999999,"qoeBitrateSwitch":1300,"qoePlaybackSpeed":1762.222239682213},"chunk-stream1-00054":{"qoeTotal":-79035.57616531443,"qoeBitrate":10800,"qoeRebuffer":13978.200001716614,"qoeLatency":72783.59999999999,"qoeBitrateSwitch":1300,"qoePlaybackSpeed":1773.7761635978277},"chunk-stream1-00055":{"qoeTotal":-79657.4590794916,"qoeBitrate":11100,"qoeRebuffer":13978.200001716614,"qoeLatency":73699.79999999999,"qoeBitrateSwitch":1300,"qoePlaybackSpeed":1779.4590777749984},"chunk-stream0-00056":{"qoeTotal":-80522.34683238453,"qoeBitrate":11200,"qoeRebuffer":13978.200001716614,"qoeLatency":74619.59999999999,