{"chunk-stream2-00018":{"qoeTotal":-469.1269366213149,"qoeBitrate":500,"qoeRebuffer":0,"qoeLatency":921.6,"qoeBitrateSwitch":0,"qoePlaybackSpeed":47.52693662131484},"init-stream0":{"qoeTotal":-2142.45387324263,"qoeBitrate":600,"qoeRebuffer":0,"qoeLatency":1847.4,"qoeBitrateSwitch":800,"qoePlaybackSpeed":95.05387324262968},"chunk-stream0-00019":{"qoeTotal":-3020.5808098639445,"qoeBitrate":700,"qoeRebuffer":0,"qoeLatency":2778,"qoeBitrateSwitch":800,"qoePlaybackSpeed":142.58080986394452},"init-stream3":{"qoeTotal":-5055.3077464852595,"qoeBitrate":1950,"qoeRebuffer":0,"qoeLatency":3715.2,"qoeBitrateSwitch":3100,"qoePlaybackSpeed":190.10774648525936},"chunk-stream3-00020":{"qoeTotal":-4767.114370562512,"qoeBitrate":3200,"qoeRebuffer":0,"qoeLatency":4667.4,"qoeBitrateSwitch":3100,"qoePlaybackSpeed":199.71437056251193},"chunk-stream3-00021":{"qoeTotal":-4483.476071699232,"qoeBitrate":4450,"qoeRebuffer":0,"qoeLatency":5620.2,"qoeBitrateSwitch":3100,"qoePlaybackSpeed":213.2760716992322},"init-stream4":{"qoeTotal":-4942.637772835953,"qoeBitrate":6450,"qoeRebuffer":0,"qoeLatency":6565.8,"qoeBitrateSwitch":4600,"qoePlaybackSpeed":226.83777283595248},"chunk-stream4-00022":{"qoeTotal":-3884.812850247886,"qoeBitrate":8450,"qoeRebuffer":0,"qoeLatency":7497,"qoeBitrateSwitch":4600,"qoePlaybackSpeed":237.8128502478861},"chunk-stream4-00023":{"qoeTotal":-2820.030583740466,"qoeBitrate":10450,"qoeRebuffer":0,"qoeLatency":8425.2,"qoeBitrateSwitch":4600,"qoePlaybackSpeed":244.83058374046544},"chunk-stream4-00024":{"qoeTotal":-1736.230583740467,"qoeBitrate":12450,"qoeRebuffer":0,"qoeLatency":9341.400000000001,"qoeBitrateSwitch":4600,"qoePlaybackSpeed":244.83058374046544},"chunk-stream4-00025":{"qoeTotal":-660.230583740467,"qoeBitrate":14450,"qoeRebuffer":0,"qoeLatency":10265.400000000001,"qoeBitrateSwitch":4600,"qoePlaybackSpeed":244.83058374046544},"chunk-stream4-00026":{"qoeTotal":423.5694162595324,"qoeBitrate":16450,"qoeRebuffer":0,"qoeLatency":11181.600000000002,"qoeBitrateSwitch":4600,"qoePlaybackSpeed":244.83058374046544},"chunk-stream4-00027":{"qoeTotal":1507.3694162595316,"qoeBitrate":18450,"qoeRebuffer":0,"qoeLatency":12097.800000000003,"qoeBitrateSwitch":4600,"qoePlaybackSpeed":244.83058374046544},"chunk-stream4-00028":{"qoeTotal":2591.169416259531,"qoeBitrate":20450,"qoeRebuffer":0,"qoeLatency":13014.000000000004,"qoeBitrateSwitch":4600,"qoePlaybackSpeed":244.83058374046544},"chunk-stream4-00029":{"qoeTotal":3674.96941625953,"qoeBitrate":22450,"qoeRebuffer":0,"qoeLatency":13930.200000000004,"qoeBitrateSwitch":4600,"qoePlaybackSpeed":244.83058374046544},"chunk-stream4-00030":{"qoeTotal":4758.76941625953,"qoeBitrate":24450,"qoeRebuffer":0,"qoeLatency":14846.400000000005,"qoeBitrateSwitch":4600,"qoePlaybackSpeed":244.83058374046544},"chunk-stream4-00031":{"qoeTotal":5842.569416259529,"qoeBitrate":26450,"qoeRebuffer":0,"qoeLatency":15762.600000000006,"qoeBitrateSwitch":4600,"qoePlaybackSpeed":244.83058374046544},"chunk-stream4-00032":{"qoeTotal":6926.969416259531,"qoeBitrate":28450,"qoeRebuffer":0,"qoeLatency":16678.200000000004,"qoeBitrateSwitch":4600,"qoePlaybackSpeed":244.83058374046544},"chunk-stream4-00033":{"qoeTotal":8010.76941625953,"qoeBitrate":30450,"qoeRebuffer":0,"qoeLatency":17594.400000000005,"qoeBitrateSwitch":4600,"qoePlaybackSpeed":244.83058374046544},"chunk-stream4-00034":{"qoeTotal":9094.569416259528,"qoeBitrate":32450,"qoeRebuffer":0,"qoeLatency":18510.600000000006,"qoeBitrateSwitch":4600,"qoePlaybackSpeed":244.83058374046544},"chunk-stream4-00035":{"qoeTotal":10173.569416259528,"qoeBitrate":34450,"qoeRebuffer":0,"qoeLatency":19431.600000000006,"qoeBitrateSwitch":4600,"qoePlaybackSpeed":244.83058374046544},"chunk-stream4-00036":{"qoeTotal":11254.369416259527,"qoeBitrate":36450,"qoeRebuffer":0,"qoeLatency":20350.800000000007,"qoeBitrateSwitch":4600,"qoePlaybackSpeed":244.83058374046544},"chunk-stream4-00037":{"qoeTotal":12330.369416259527,"qoeBitrate":38450,"qoeRebuffer":0,"qoeLatency":21274.800000000007,"qoeBitrateSwitch":4600,"qoePlaybackSpeed":244.83058374046544},"chunk-stream4-00038":{"qoeTotal":13414.769416259529,"qoeBitrate":40450,"qoeRebuffer":0,"qoeLatency":22190.400000000005,"qoeBitrateSwitch":4600,"qoePlaybackSpeed":244.83058374046544},"chunk-stream4-00039":{"qoeTotal":14498.569416259528,"qoeBitrate":42450,"qoeRebuffer":0,"qoeLatency":23106.600000000006,"qoeBitrateSwitch":4600,"qoePlaybackSpeed":244.83058374046544},"chunk-stream4-00040":{"qoeTotal":15575.169416259527,"qoeBitrate":44450,"qoeRebuffer":0,"qoeLatency":24030.000000000007,"qoeBitrateSwitch":4600,"qoePlaybackSpeed":244.83058374046544},"chunk-stream4-00041":{"qoeTotal":16652.369416259527,"qoeBitrate":46450,"qoeRebuffer":0,"qoeLatency":24952.800000000007,"qoeBitrateSwitch":4600,"qoePlaybackSpeed":244.83058374046544},"chunk-stream4-00042":{"qoeTotal":17730.169416259527,"qoeBitrate":48450,"qoeRebuffer":0,"qoeLatency":25875.000000000007,"qoeBitrateSwitch":4600,"qoePlaybackSpeed":244.83058374046544},"chunk-stream4-00043":{"qoeTotal":18807.969416259526,"qoeBitrate":50450,"qoeRebuffer":0,"qoeLatency":26797.200000000008,"qoeBitrateSwitch":4600,"qoePlaybackSpeed":244.83058374046544},"chunk-stream4-00044":{"qoeTotal":19885.769416259525,"qoeBitrate":52450,"qoeRebuffer":0,"qoeLatency":27719.40000000001,"qoeBitrateSwitch":4600,"qoePlaybackSpeed":244.83058374046544},"chunk-stream4-00045":{"qoeTotal":20970.169416259527,"qoeBitrate":54450,"qoeRebuffer":0,"qoeLatency":28635.000000000007,"qoeBitrateSwitch":4600,"qoePlaybackSpeed":244.83058374046544},"chunk-stream4-00046":{"qoeTotal":22050.369416259527,"qoeBitrate":56450,"qoeRebuffer":0,"qoeLatency":29554.800000000007,"qoeBitrateSwitch":4600,"qoePlaybackSpeed":244.83058374046544},"chunk-stream4-00047":{"qoeTotal":23134.169416259527,"qoeBitrate":58450,"qoeRebuffer":0,"qoeLatency":30471.000000000007,"qoeBitrateSwitch":4600,"qoePlaybackSpeed":244.83058374046544},"chunk-stream4-00048":{"qoeTotal":24217.969416259526,"qoeBitrate":60450,"qoeRebuffer":0,"qoeLatency":31387.200000000008,"qoeBitrateSwitch":4600,"qoePlaybackSpeed":244.83058374046544},"chunk-stream4-00049":{"qoeTotal":25301.769416259525,"qoeBitrate":62450,"qoeRebuffer":0,"qoeLatency":32303.40000000001,"qoeBitrateSwitch":4600,"qoePlaybackSpeed":244.83058374046544},"chunk-stream4-00050":{"qoeTotal":26374.769416259525,"qoeBitrate":64450,"qoeRebuffer":0,"qoeLatency":33230.40000000001,"qoeBitrateSwitch":4600,"qoePlaybackSpeed":244.83058374046544},"chunk-stream4-00051":{"qoeTotal":27458.56941625953,"qoeBitrate":66450,"qoeRebuffer":0,"qoeLatency":34146.600000000006,"qoeBitrateSwitch":4600,"qoePlaybackSpeed":244.83058374046544},"chunk-stream4-00052":{"qoeTotal":28542.36941625953,"qoeBitrate":68450,"qoeRebuffer":0,"qoeLatency":35062.8,"qoeBitrateSwitch":4600,"qoePlaybackSpeed":244.83058374046544},"chunk-stream4-00053":{"qoeTotal":29626.169416259534,"qoeBitrate":70450,"qoeRebuffer":0,"qoeLatency":35979,"qoeBitrateSwitch":4600,"qoePlaybackSpeed":244.83058374046544},"chunk-stream4-00054":{"qoeTotal":30704.569416259536,"qoeBitrate":72450,"qoeRebuffer":0,"qoeLatency":36900.6,"qoeBitrateSwitch":4600,"qoePlaybackSpeed":244.83058374046544},"chunk-stream4-00055":{"qoeTotal":31778.169416259534,"qoeBitrate":74450,"qoeRebuffer":0,"qoeLatency":37827,"qoeBitrateSwitch":4600,"qoePlaybackSpeed":244.83058374046544},"chunk-stream4-00056":{"qoeTotal":32861.96941625954,"qoeBitrate":76450,"qoeRebuffer":0,"qoeLatency":38743.2,"qoeBitrateSwitch":4600,"qoePlaybackSpeed":244.83058374046544},"chunk-stream4-00057":{"qoeTotal":33937.36941625954,"qoeBitrate":78450,"qoeRebuffer":0,"qoeLatency":39667.799999999996,"qoeBitrateSwitch":4600,"qoePlaybackSpeed":244.83058374046544},"chunk-stream4-00058":{"qoeTotal":35014.56941625954,"qoeBitrate":80450,"qoeRebuffer":0,"qoeLatency":40590.6,"qoeBitrateSwitch":4600,"qoePlaybackSpeed":244.83058374046544},"chunk-stream4-00059":{"qoeTotal":36091.769416259536,"qoeBitrate":82450,"qoeRebuffer":0,"qoeLatency":41513.4,"qoeBitrateSwitch":4600,"qoePlaybackSpeed":244.83058374046544},