{"init-stream2":{"qoeTotal":500,"qoeBitrate":500,"qoeRebuffer":0,"qoeLatency":0,"qoeBitrateSwitch":0,"qoePlaybackSpeed":0},"chunk-stream2-00002":{"qoeTotal":934.7997421078626,"qoeBitrate":1000,"qoeRebuffer":0,"qoeLatency":6.93,"qoeBitrateSwitch":0,"qoePlaybackSpeed":58.270257892137465},"init-stream3":{"qoeTotal":1969.2394842157253,"qoeBitrate":2250,"qoeRebuffer":0,"qoeLatency":14.219999999999999,"qoeBitrateSwitch":150,"qoePlaybackSpeed":116.54051578427493},"chunk-stream3-00003":{"qoeTotal":3152.5392263235876,"qoeBitrate":3500,"qoeRebuffer":0,"qoeLatency":22.65,"qoeBitrateSwitch":150,"qoePlaybackSpeed":174.8107736764124},"init-stream4":{"qoeTotal":4940.098891492208,"qoeBitrate":5500,"qoeRebuffer":0,"qoeLatency":32.79,"qoeBitrateSwitch":300,"qoePlaybackSpeed":227.11110850779153},"chunk-stream4-00004":{"qoeTotal":6882.19658265963,"qoeBitrate":7500,"qoeRebuffer":0,"qoeLatency":43.61,"qoeBitrateSwitch":300,"qoePlaybackSpeed":274.19341734037033},"chunk-stream4-00005":{"qoeTotal":8823.47427382705,"qoeBitrate":9500,"qoeRebuffer":0,"qoeLatency":55.25,"qoeBitrateSwitch":300,"qoePlaybackSpeed":321.27572617294913},"init-stream5":{"qoeTotal":11579.106871939828,"qoeBitrate":12500,"qoeRebuffer":0,"qoeLatency":68.03999999999999,"qoeBitrateSwitch":500,"qoePlaybackSpeed":352.8531280601718},"chunk-stream5-00006":{"qoeTotal":14557.07318222804,"qoeBitrate":15500,"qoeRebuffer":0,"qoeLatency":81.19999999999999,"qoeBitrateSwitch":500,"qoePlaybackSpeed":361.7268177719592},"chunk-stream5-00007":{"qoeTotal":17522.344998900928,"qoeBitrate":18500,"qoeRebuffer":0,"qoeLatency":94.82,"qoeBitrateSwitch":500,"qoePlaybackSpeed":382.8350010990721},"chunk-stream5-00008":{"qoeTotal":20493.82525392862,"qoeBitrate":21500,"qoeRebuffer":0,"qoeLatency":109.21,"qoeBitrateSwitch":500,"qoePlaybackSpeed":396.96474607138197},"chunk-stream5-00009":{"qoeTotal":23470.90970705591,"qoeBitrate":24500,"qoeRebuffer":0,"qoeLatency":123.78,"qoeBitrateSwitch":500,"qoePlaybackSpeed":405.31029294408944},"chunk-stream5-00010":{"qoeTotal":25553.184066268568,"qoeBitrate":27500,"qoeRebuffer":0,"qoeLatency":1029.18,"qoeBitrateSwitch":500,"qoePlaybackSpeed":417.63593373143124},"chunk-stream5-00011":{"qoeTotal":27581.50961245373,"qoeBitrate":30500,"qoeRebuffer":0,"qoeLatency":1971.7800000000002,"qoeBitrateSwitch":500,"qoePlaybackSpeed":446.7103875462716},"chunk-stream5-00012":{"qoeTotal":29567.258691311996,"qoeBitrate":33500,"qoeRebuffer":0,"qoeLatency":2961.78,"qoeBitrateSwitch":500,"qoePlaybackSpeed":470.96130868800475},"chunk-stream5-00013":{"qoeTotal":31490.528964496585,"qoeBitrate":36500,"qoeRebuffer":0,"qoeLatency":4009.9800000000005,"qoeBitrateSwitch":500,"qoePlaybackSpeed":499.49103550341545},"chunk-stream4-00014":{"qoeTotal":32177.459179082918,"qoeBitrate":38500,"qoeRebuffer":0,"qoeLatency":5099.580000000001,"qoeBitrateSwitch":700,"qoePlaybackSpeed":522.9608209170804},"chunk-stream4-00015":{"qoeTotal":33028.29318901186,"qoeBitrate":40500,"qoeRebuffer":0,"qoeLatency":6230.580000000001,"qoeBitrateSwitch":700,"qoePlaybackSpeed":541.1268109881314},"chunk-stream4-00016":{"qoeTotal":33851.07129264444,"qoeBitrate":42500,"qoeRebuffer":0,"qoeLatency":7391.580000000001,"qoeBitrateSwitch":700,"qoePlaybackSpeed":557.3487073555597},"chunk-stream4-00017":{"qoeTotal":34655.00698728905,"qoeBitrate":44500,"qoeRebuffer":0,"qoeLatency":8578.380000000001,"qoeBitrateSwitch":700,"qoePlaybackSpeed":566.6130127109459},"chunk-stream4-00018":{"qoeTotal":35440.516010854844,"qoeBitrate":46500,"qoeRebuffer":0,"qoeLatency":9784.980000000001,"qoeBitrateSwitch":700,"qoePlaybackSpeed":574.5039891451518},"chunk-stream4-00019":{"qoeTotal":36177.59447925273,"qoeBitrate":48500,"qoeRebuffer":0,"qoeLatency":10995.180000000002,"qoeBitrateSwitch":700,"qoePlaybackSpeed":627.2255207472734},"chunk-stream4-00020":{"qoeTotal":36972.275568994875,"qoeBitrate":50500,"qoeRebuffer":0,"qoeLatency":12190.980000000001,"qoeBitrateSwitch":700,"qoePlaybackSpeed":636.7444310051234},"chunk-stream4-00021":{"qoeTotal":37743.621809764554,"qoeBitrate":52500,"qoeRebuffer":0,"qoeLatency":13405.980000000001,"qoeBitrateSwitch":700,"qoePlaybackSpeed":650.3981902354453},"chunk-stream4-00022":{"qoeTotal":38516.30187151951,"qoeBitrate":54500,"qoeRebuffer":0,"qoeLatency":14623.980000000001,"qoeBitrateSwitch":700,"qoePlaybackSpeed":659.7181284804934},"chunk-stream4-00023":{"qoeTotal":39287.63774842633,"qoeBitrate":56500,"qoeRebuffer":0,"qoeLatency":15850.980000000001,"qoeBitrateSwitch":700,"qoePlaybackSpeed":661.382251573667},"chunk-stream4-00024":{"qoeTotal":40051.749183167965,"qoeBitrate":58500,"qoeRebuffer":0,"qoeLatency":17083.980000000003,"qoeBitrateSwitch":700,"qoePlaybackSpeed":664.2708168320289},"chunk-stream4-00025":{"qoeTotal":40801.40692407648,"qoeBitrate":60500,"qoeRebuffer":0,"qoeLatency":18331.980000000003,"qoeBitrateSwitch":700,"qoePlaybackSpeed":666.61307592352},"chunk-stream4-00026":{"qoeTotal":41595.1269052581,"qoeBitrate":62500,"qoeRebuffer":0,"qoeLatency":19528.380000000005,"qoeBitrateSwitch":700,"qoePlaybackSpeed":676.4930947418954},"chunk-stream4-00027":{"qoeTotal":42376.766987169714,"qoeBitrate":64500,"qoeRebuffer":0,"qoeLatency":20745.780000000006,"qoeBitrateSwitch":700,"qoePlaybackSpeed":677.4530128302831},"chunk-stream4-00028":{"qoeTotal":43132.69888931034,"qoeBitrate":66500,"qoeRebuffer":0,"qoeLatency":21975.780000000006,"qoeBitrateSwitch":700,"qoePlaybackSpeed":691.5211106896546},"chunk-stream4-00029":{"qoeTotal":43930.40581766498,"qoeBitrate":68500,"qoeRebuffer":0,"qoeLatency":23170.380000000005,"qoeBitrateSwitch":700,"qoePlaybackSpeed":699.2141823350149},"chunk-stream4-00030":{"qoeTotal":44729.984474591205,"qoeBitrate":70500,"qoeRebuffer":0,"qoeLatency":24370.380000000005,"qoeBitrateSwitch":700,"qoePlaybackSpeed":699.6355254087889},"chunk-stream4-00031":{"qoeTotal":45503.43918903304,"qoeBitrate":72500,"qoeRebuffer":0,"qoeLatency":25580.580000000005,"qoeBitrateSwitch":700,"qoePlaybackSpeed":715.9808109669616},"chunk-stream4-00032":{"qoeTotal":46326.94882794917,"qoeBitrate":74500,"qoeRebuffer":0,"qoeLatency":26754.180000000004,"qoeBitrateSwitch":700,"qoePlaybackSpeed":718.8711720508247},"chunk-stream4-00033":{"qoeTotal":47188.293819699604,"qoeBitrate":76500,"qoeRebuffer":0,"qoeLatency":27886.980000000003,"qoeBitrateSwitch":700,"qoePlaybackSpeed":724.7261803003931},"chunk-stream4-00034":{"qoeTotal":48052.664127962686,"qoeBitrate":78500,"qoeRebuffer":0,"qoeLatency":29013.180000000004,"qoeBitrateSwitch":700,"qoePlaybackSpeed":734.1558720373037},"chunk-stream4-00035":{"qoeTotal":48888.07607774676,"qoeBitrate":80500,"qoeRebuffer":0,"qoeLatency":30132.780000000002,"qoeBitrateSwitch":700,"qoePlaybackSpeed":779.1439222532458},"chunk-stream4-00036":{"qoeTotal":49753.91767869136,"qoeBitrate":82500,"qoeRebuffer":0,"qoeLatency":31239.180000000004,"qoeBitrateSwitch":700,"qoePlaybackSpeed":806.9023213086352},"chunk-stream3-00037":{"qoeTotal":49718.75514587069,"qoeBitrate":83750,"qoeRebuffer":0,"qoeLatency":32367.180000000004,"qoeBitrateSwitch":850,"qoePlaybackSpeed":814.0648541293036},"chunk-stream3-00038":{"qoeTotal":49803.16521548535,"qoeBitrate":85000,"qoeRebuffer":0,"qoeLatency":33487.98,"qoeBitrateSwitch":850,"qoePlaybackSpeed":858.8547845146467},"chunk-stream3-00039":{"qoeTotal":49954.417352679455,"qoeBitrate":86250,"qoeRebuffer":0,"qoeLatency":34577.58,"qoeBitrateSwitch":850,"qoePlaybackSpeed":868.002647320544},"chunk-stream3-00040":{"qoeTotal":50107.29142734408,"qoeBitrate":87500,"qoeRebuffer":0,"qoeLatency":35634.78,"qoeBitrateSwitch":850,"qoePlaybackSpeed":907.928572655926},"chunk-stream3-00041":{"qoeTotal":50323.71489854211,"qoeBitrate":88750,"qoeRebuffer":0,"qoeLatency":36664.979999999996,"qoeBitrateSwitch":850,"qoePlaybackSpeed":911.3051014578973},"chunk-stream4-00042":{"qoeTotal":51148.07778821258,"qoeBitrate":90750,"qoeRebuffer":0,"qoeLatency":37665.17999999999,"qoeBitrateSwitch":1000,"qoePlaybackSpeed":936.7422117874326},"chunk-stream4-00043":{"qoeTotal":52160.179052749445,"qoeBitrate":92750,"qoeRebuffer":0,"qoeLatency":38634.77999999999,