{"switchHistory":[{"start":8.657,"end":8.852883,"quality":{"mediaType":"video","bitrate":1000000,"width":640,"height":360,"scanType":null,"qualityIndex":2}},{"start":8.852883,"end":68.709689,"quality":{"mediaType":"video","bitrate":1000000,"width":640,"height":360,"scanType":null,"qualityIndex":2}}],"switchRequests":[],"stallDurationMs":10.799999952316284,"numStalls":4,"averageLatency":1.4934704491725757,"averageBufferLength":1.3719196217494085,"averageBitrate":999999.9999999999,"numSwitches":2,"averageBitrateVariations":0,"averagePlaybackRate":1.0012760857806207,"averagePlaybackRateNonOne":1.010463903401089}