{"chunk-stream2-00018":{"qoeTotal":-514.8272107522058,"qoeBitrate":500,"qoeRebuffer":0,"qoeLatency":969.6,"qoeBitrateSwitch":0,"qoePlaybackSpeed":45.22721075220581},"chunk-stream2-00019":{"qoeTotal":-1045.8544215044117,"qoeBitrate":1000,"qoeRebuffer":0,"qoeLatency":1955.4,"qoeBitrateSwitch":0,"qoePlaybackSpeed":90.45442150441163},"init-stream3":{"qoeTotal":-2329.2816322566177,"qoeBitrate":2250,"qoeRebuffer":0,"qoeLatency":2943.6000000000004,"qoeBitrateSwitch":1500,"qoePlaybackSpeed":135.68163225661743},"chunk-stream3-00020":{"qoeTotal":-2088.517232578326,"qoeBitrate":3500,"qoeRebuffer":0,"qoeLatency":3929.4000000000005,"qoeBitrateSwitch":1500,"qoePlaybackSpeed":159.11723257832526},"chunk-stream3-00021":{"qoeTotal":-1832.89761168268,"qoeBitrate":4750,"qoeRebuffer":0,"qoeLatency":4904.400000000001,"qoeBitrateSwitch":1500,"qoePlaybackSpeed":178.49761168267952},"chunk-stream3-00022":{"qoeTotal":-1553.4545848843356,"qoeBitrate":6000,"qoeRebuffer":0,"qoeLatency":5859.000000000001,"qoeBitrateSwitch":1500,"qoePlaybackSpeed":194.45458488433476},"chunk-stream3-00023":{"qoeTotal":-1258.9026234529404,"qoeBitrate":7250,"qoeRebuffer":0,"qoeLatency":6801.600000000001,"qoeBitrateSwitch":1500,"qoePlaybackSpeed":207.30262345293917}}