{"init-stream2":{"qoeTotal":500,"qoeBitrate":500,"qoeRebuffer":0,"qoeLatency":0,"qoeBitrateSwitch":0,"qoePlaybackSpeed":0},"chunk-stream2-00002":{"qoeTotal":934.4506577712518,"qoeBitrate":1000,"qoeRebuffer":0,"qoeLatency":7.14,"qoeBitrateSwitch":0,"qoePlaybackSpeed":58.40934222874816},"init-stream5":{"qoeTotal":3368.751315542504,"qoeBitrate":4000,"qoeRebuffer":0,"qoeLatency":14.43,"qoeBitrateSwitch":500,"qoePlaybackSpeed":116.81868445749632},"chunk-stream5-00003":{"qoeTotal":6301.701973313756,"qoeBitrate":7000,"qoeRebuffer":0,"qoeLatency":23.07,"qoeBitrateSwitch":500,"qoePlaybackSpeed":175.22802668624448},"chunk-stream5-00004":{"qoeTotal":9238.804897230935,"qoeBitrate":10000,"qoeRebuffer":0,"qoeLatency":33.11,"qoeBitrateSwitch":500,"qoePlaybackSpeed":228.0851027690643},"chunk-stream5-00005":{"qoeTotal":12181.120673217212,"qoeBitrate":13000,"qoeRebuffer":0,"qoeLatency":44.42,"qoeBitrateSwitch":500,"qoePlaybackSpeed":274.459326782787},"chunk-stream5-00006":{"qoeTotal":15131.213786893379,"qoeBitrate":16000,"qoeRebuffer":0,"qoeLatency":56.760000000000005,"qoeBitrateSwitch":500,"qoePlaybackSpeed":312.02621310662147},"chunk-stream5-00007":{"qoeTotal":18090.198926672383,"qoeBitrate":19000,"qoeRebuffer":0,"qoeLatency":69.93,"qoeBitrateSwitch":500,"qoePlaybackSpeed":339.8710733276173},"chunk-stream5-00008":{"qoeTotal":21060.022655751087,"qoeBitrate":22000,"qoeRebuffer":0,"qoeLatency":84.01,"qoeBitrateSwitch":500,"qoePlaybackSpeed":355.9673442489134},"chunk-stream5-00009":{"qoeTotal":24033.760136537592,"qoeBitrate":25000,"qoeRebuffer":0,"qoeLatency":98.43,"qoeBitrateSwitch":500,"qoePlaybackSpeed":367.80986346240763},"chunk-stream5-00010":{"qoeTotal":27019.170136537592,"qoeBitrate":28000,"qoeRebuffer":0,"qoeLatency":113.02000000000001,"qoeBitrateSwitch":500,"qoePlaybackSpeed":367.80986346240763},"chunk-stream5-00011":{"qoeTotal":30004.590136537594,"qoeBitrate":31000,"qoeRebuffer":0,"qoeLatency":127.60000000000001,"qoeBitrateSwitch":500,"qoePlaybackSpeed":367.80986346240763},"chunk-stream5-00012":{"qoeTotal":32990.01013653759,"qoeBitrate":34000,"qoeRebuffer":0,"qoeLatency":142.18,"qoeBitrateSwitch":500,"qoePlaybackSpeed":367.80986346240763},"chunk-stream5-00013":{"qoeTotal":35975.43013653759,"qoeBitrate":37000,"qoeRebuffer":0,"qoeLatency":156.76000000000002,"qoeBitrateSwitch":500,"qoePlaybackSpeed":367.80986346240763},"chunk-stream5-00014":{"qoeTotal":38960.85013653759,"qoeBitrate":40000,"qoeRebuffer":0,"qoeLatency":171.34000000000003,"qoeBitrateSwitch":500,"qoePlaybackSpeed":367.80986346240763},"chunk-stream5-00015":{"qoeTotal":41946.26013653759,"qoeBitrate":43000,"qoeRebuffer":0,"qoeLatency":185.93000000000004,"qoeBitrateSwitch":500,"qoePlaybackSpeed":367.80986346240763},"chunk-stream5-00016":{"qoeTotal":44931.67013653759,"qoeBitrate":46000,"qoeRebuffer":0,"qoeLatency":200.52000000000004,"qoeBitrateSwitch":500,"qoePlaybackSpeed":367.80986346240763},"chunk-stream5-00017":{"qoeTotal":47917.09013653759,"qoeBitrate":49000,"qoeRebuffer":0,"qoeLatency":215.10000000000005,"qoeBitrateSwitch":500,"qoePlaybackSpeed":367.80986346240763},"chunk-stream5-00018":{"qoeTotal":50902.51013653759,"qoeBitrate":52000,"qoeRebuffer":0,"qoeLatency":229.68000000000006,"qoeBitrateSwitch":500,"qoePlaybackSpeed":367.80986346240763},"chunk-stream5-00019":{"qoeTotal":53887.92013653759,"qoeBitrate":55000,"qoeRebuffer":0,"qoeLatency":244.27000000000007,"qoeBitrateSwitch":500,"qoePlaybackSpeed":367.80986346240763},"chunk-stream5-00020":{"qoeTotal":56873.33013653759,"qoeBitrate":58000,"qoeRebuffer":0,"qoeLatency":258.86000000000007,"qoeBitrateSwitch":500,"qoePlaybackSpeed":367.80986346240763},"chunk-stream5-00021":{"qoeTotal":59858.75013653759,"qoeBitrate":61000,"qoeRebuffer":0,"qoeLatency":273.44000000000005,"qoeBitrateSwitch":500,"qoePlaybackSpeed":367.80986346240763},"chunk-stream5-00022":{"qoeTotal":62844.17013653759,"qoeBitrate":64000,"qoeRebuffer":0,"qoeLatency":288.02000000000004,"qoeBitrateSwitch":500,"qoePlaybackSpeed":367.80986346240763},"chunk-stream5-00023":{"qoeTotal":65829.59013653759,"qoeBitrate":67000,"qoeRebuffer":0,"qoeLatency":302.6,"qoeBitrateSwitch":500,"qoePlaybackSpeed":367.80986346240763},"chunk-stream5-00024":{"qoeTotal":68815.0101365376,"qoeBitrate":70000,"qoeRebuffer":0,"qoeLatency":317.18,"qoeBitrateSwitch":500,"qoePlaybackSpeed":367.80986346240763},"chunk-stream5-00025":{"qoeTotal":71800.42013653759,"qoeBitrate":73000,"qoeRebuffer":0,"qoeLatency":331.77,"qoeBitrateSwitch":500,"qoePlaybackSpeed":367.80986346240763},"chunk-stream5-00026":{"qoeTotal":74785.84013653759,"qoeBitrate":76000,"qoeRebuffer":0,"qoeLatency":346.34999999999997,"qoeBitrateSwitch":500,"qoePlaybackSpeed":367.80986346240763},"chunk-stream5-00027":{"qoeTotal":77771.2601365376,"qoeBitrate":79000,"qoeRebuffer":0,"qoeLatency":360.92999999999995,"qoeBitrateSwitch":500,"qoePlaybackSpeed":367.80986346240763},"chunk-stream5-00028":{"qoeTotal":80756.6801365376,"qoeBitrate":82000,"qoeRebuffer":0,"qoeLatency":375.50999999999993,"qoeBitrateSwitch":500,"qoePlaybackSpeed":367.80986346240763},"chunk-stream5-00029":{"qoeTotal":83742.09013653759,"qoeBitrate":85000,"qoeRebuffer":0,"qoeLatency":390.0999999999999,"qoeBitrateSwitch":500,"qoePlaybackSpeed":367.80986346240763},"chunk-stream5-00030":{"qoeTotal":86727.5101365376,"qoeBitrate":88000,"qoeRebuffer":0,"qoeLatency":404.6799999999999,"qoeBitrateSwitch":500,"qoePlaybackSpeed":367.80986346240763},"chunk-stream5-00031":{"qoeTotal":89712.9301365376,"qoeBitrate":91000,"qoeRebuffer":0,"qoeLatency":419.2599999999999,"qoeBitrateSwitch":500,"qoePlaybackSpeed":367.80986346240763},"chunk-stream5-00032":{"qoeTotal":92698.34013653759,"qoeBitrate":94000,"qoeRebuffer":0,"qoeLatency":433.84999999999985,"qoeBitrateSwitch":500,"qoePlaybackSpeed":367.80986346240763},"chunk-stream5-00033":{"qoeTotal":95683.7601365376,"qoeBitrate":97000,"qoeRebuffer":0,"qoeLatency":448.42999999999984,"qoeBitrateSwitch":500,"qoePlaybackSpeed":367.80986346240763},"chunk-stream5-00034":{"qoeTotal":98669.1801365376,"qoeBitrate":100000,"qoeRebuffer":0,"qoeLatency":463.0099999999998,"qoeBitrateSwitch":500,"qoePlaybackSpeed":367.80986346240763},"chunk-stream5-00035":{"qoeTotal":101654.59013653759,"qoeBitrate":103000,"qoeRebuffer":0,"qoeLatency":477.5999999999998,"qoeBitrateSwitch":500,"qoePlaybackSpeed":367.80986346240763},"chunk-stream5-00036":{"qoeTotal":104640.0101365376,"qoeBitrate":106000,"qoeRebuffer":0,"qoeLatency":492.1799999999998,"qoeBitrateSwitch":500,"qoePlaybackSpeed":367.80986346240763},"chunk-stream5-00037":{"qoeTotal":107625.4301365376,"qoeBitrate":109000,"qoeRebuffer":0,"qoeLatency":506.75999999999976,"qoeBitrateSwitch":500,"qoePlaybackSpeed":367.80986346240763},"chunk-stream5-00038":{"qoeTotal":110610.8501365376,"qoeBitrate":112000,"qoeRebuffer":0,"qoeLatency":521.3399999999998,"qoeBitrateSwitch":500,"qoePlaybackSpeed":367.80986346240763},"chunk-stream5-00039":{"qoeTotal":113596.2701365376,"qoeBitrate":115000,"qoeRebuffer":0,"qoeLatency":535.9199999999998,"qoeBitrateSwitch":500,"qoePlaybackSpeed":367.80986346240763},"chunk-stream5-00040":{"qoeTotal":116581.6901365376,"qoeBitrate":118000,"qoeRebuffer":0,"qoeLatency":550.4999999999999,"qoeBitrateSwitch":500,"qoePlaybackSpeed":367.80986346240763},"chunk-stream5-00041":{"qoeTotal":119567.1101365376,"qoeBitrate":121000,"qoeRebuffer":0,"qoeLatency":565.0799999999999,"qoeBitrateSwitch":500,"qoePlaybackSpeed":367.80986346240763},"chunk-stream5-00042":{"qoeTotal":122552.53013653759,"qoeBitrate":124000,"qoeRebuffer":0,"qoeLatency":579.66,"qoeBitrateSwitch":500,"qoePlaybackSpeed":367.80986346240763},"chunk-stream5-00043":{"qoeTotal":125537.95013653759,"qoeBitrate":127000,"qoeRebuffer":0,"qoeLatency":594.24,"qoeBitrateSwitch":500,"qoePlaybackSpeed":367.80986346240763},"chunk-stream5-00044":{"qoeTotal":128523.37013653759,"qoeBitrate":130000,"qoeRebuffer":0,"qoeLatency":608.82,"qoeBitrateSwitch":500,"qoePlaybackSpeed":367.80986346240763},"chunk-stream5-00045":{"qoeTotal":131508.7901365376,"qoeBitrate":133000,"qoeRebuffer":0,