{"chunk-stream2-00018":{"qoeTotal":-617.8625250580756,"qoeBitrate":500,"qoeRebuffer":0,"qoeLatency":1077,"qoeBitrateSwitch":0,"qoePlaybackSpeed":40.86252505807562},"chunk-stream2-00019":{"qoeTotal":-2818.6781771663987,"qoeBitrate":1000,"qoeRebuffer":1565.3999991416931,"qoeLatency":2194.8,"qoeBitrateSwitch":0,"qoePlaybackSpeed":58.47817802470548},"chunk-stream2-00020":{"qoeTotal":-3490.734789208109,"qoeBitrate":1500,"qoeRebuffer":1565.3999991416931,"qoeLatency":3322.2000000000003,"qoeBitrateSwitch":0,"qoePlaybackSpeed":103.13479006641566},"chunk-stream2-00021":{"qoeTotal":-4111.775546913759,"qoeBitrate":2000,"qoeRebuffer":1565.3999991416931,"qoeLatency":4404.6,"qoeBitrateSwitch":0,"qoePlaybackSpeed":141.77554777206606},"chunk-stream2-00022":{"qoeTotal":-4685.1692833654115,"qoeBitrate":2500,"qoeRebuffer":1565.3999991416931,"qoeLatency":5446.200000000001,"qoeBitrateSwitch":0,"qoePlaybackSpeed":173.56928422371783},"chunk-stream2-00023":{"qoeTotal":-5220.78230658147,"qoeBitrate":3000,"qoeRebuffer":1565.3999991416931,"qoeLatency":6455.400000000001,"qoeBitrateSwitch":0,"qoePlaybackSpeed":199.98230743977678},"chunk-stream2-00024":{"qoeTotal":-5717.204813829829,"qoeBitrate":3500,"qoeRebuffer":1565.3999991416931,"qoeLatency":7429.800000000001,"qoeBitrateSwitch":0,"qoePlaybackSpeed":222.00481468813462},"chunk-stream2-00025":{"qoeTotal":-6187.381590766041,"qoeBitrate":4000,"qoeRebuffer":1565.3999991416931,"qoeLatency":8385.000000000002,"qoeBitrateSwitch":0,"qoePlaybackSpeed":236.98159162434612},"chunk-stream2-00026":{"qoeTotal":-6637.16819502972,"qoeBitrate":4500,"qoeRebuffer":1565.3999991416931,"qoeLatency":9322.800000000001,"qoeBitrateSwitch":0,"qoePlaybackSpeed":248.9681958880259},"chunk-stream2-00027":{"qoeTotal":-7073.5665930471105,"qoeBitrate":5000,"qoeRebuffer":1565.3999991416931,"qoeLatency":10251.000000000002,"qoeBitrateSwitch":0,"qoePlaybackSpeed":257.16659390541565},"chunk-stream2-00028":{"qoeTotal":-7493.96659304711,"qoeBitrate":5500,"qoeRebuffer":1565.3999991416931,"qoeLatency":11171.400000000001,"qoeBitrateSwitch":0,"qoePlaybackSpeed":257.16659390541565},"chunk-stream2-00029":{"qoeTotal":-7914.36659304711,"qoeBitrate":6000,"qoeRebuffer":1565.3999991416931,"qoeLatency":12091.800000000001,"qoeBitrateSwitch":0,"qoePlaybackSpeed":257.16659390541565},"chunk-stream2-00030":{"qoeTotal":-8335.36659304711,"qoeBitrate":6500,"qoeRebuffer":1565.3999991416931,"qoeLatency":13012.800000000001,"qoeBitrateSwitch":0,"qoePlaybackSpeed":257.16659390541565},"chunk-stream2-00031":{"qoeTotal":-8752.76659304711,"qoeBitrate":7000,"qoeRebuffer":1565.3999991416931,"qoeLatency":13930.2,"qoeBitrateSwitch":0,"qoePlaybackSpeed":257.16659390541565},"init-stream3":{"qoeTotal":-8569.56659304711,"qoeBitrate":8250,"qoeRebuffer":1565.3999991416931,"qoeLatency":14847,"qoeBitrateSwitch":150,"qoePlaybackSpeed":257.16659390541565},"chunk-stream3-00032":{"qoeTotal":-8241.458174488358,"qoeBitrate":9500,"qoeRebuffer":1565.3999991416931,"qoeLatency":15764.4,"qoeBitrateSwitch":150,"qoePlaybackSpeed":261.6581753466656},"init-stream2":{"qoeTotal":-8807.658174488357,"qoeBitrate":10000,"qoeRebuffer":1565.3999991416931,"qoeLatency":16680.6,"qoeBitrateSwitch":300,"qoePlaybackSpeed":261.6581753466656},"chunk-stream2-00033":{"qoeTotal":-9228.058174488358,"qoeBitrate":10500,"qoeRebuffer":1565.3999991416931,"qoeLatency":17601,"qoeBitrateSwitch":300,"qoePlaybackSpeed":261.6581753466656},"chunk-stream2-00034":{"qoeTotal":-9647.858174488358,"qoeBitrate":11000,"qoeRebuffer":1565.3999991416931,"qoeLatency":18520.8,"qoeBitrateSwitch":300,"qoePlaybackSpeed":261.6581753466656},"chunk-stream2-00035":{"qoeTotal":-10068.25817448836,"qoeBitrate":11500,"qoeRebuffer":1565.3999991416931,"qoeLatency":19441.2,"qoeBitrateSwitch":300,"qoePlaybackSpeed":261.6581753466656},"chunk-stream2-00036":{"qoeTotal":-10488.65817448836,"qoeBitrate":12000,"qoeRebuffer":1565.3999991416931,"qoeLatency":20361.600000000002,"qoeBitrateSwitch":300,"qoePlaybackSpeed":261.6581753466656},"chunk-stream2-00037":{"qoeTotal":-10908.45817448836,"qoeBitrate":12500,"qoeRebuffer":1565.3999991416931,"qoeLatency":21281.4,"qoeBitrateSwitch":300,"qoePlaybackSpeed":261.6581753466656},"chunk-stream2-00038":{"qoeTotal":-11328.25817448836,"qoeBitrate":13000,"qoeRebuffer":1565.3999991416931,"qoeLatency":22201.2,"qoeBitrateSwitch":300,"qoePlaybackSpeed":261.6581753466656},"chunk-stream2-00039":{"qoeTotal":-11748.65817448836,"qoeBitrate":13500,"qoeRebuffer":1565.3999991416931,"qoeLatency":23121.600000000002,"qoeBitrateSwitch":300,"qoePlaybackSpeed":261.6581753466656},"chunk-stream2-00040":{"qoeTotal":-12169.058174488362,"qoeBitrate":14000,"qoeRebuffer":1565.3999991416931,"qoeLatency":24042.000000000004,"qoeBitrateSwitch":300,"qoePlaybackSpeed":261.6581753466656},"chunk-stream2-00041":{"qoeTotal":-12585.858174488361,"qoeBitrate":14500,"qoeRebuffer":1565.3999991416931,"qoeLatency":24958.800000000003,"qoeBitrateSwitch":300,"qoePlaybackSpeed":261.6581753466656},"chunk-stream2-00042":{"qoeTotal":-13002.65817448836,"qoeBitrate":15000,"qoeRebuffer":1565.3999991416931,"qoeLatency":25875.600000000002,"qoeBitrateSwitch":300,"qoePlaybackSpeed":261.6581753466656},"chunk-stream2-00043":{"qoeTotal":-13424.858174488361,"qoeBitrate":15500,"qoeRebuffer":1565.3999991416931,"qoeLatency":26797.800000000003,"qoeBitrateSwitch":300,"qoePlaybackSpeed":261.6581753466656},"chunk-stream2-00044":{"qoeTotal":-13844.65817448836,"qoeBitrate":16000,"qoeRebuffer":1565.3999991416931,"qoeLatency":27717.600000000002,"qoeBitrateSwitch":300,"qoePlaybackSpeed":261.6581753466656},"chunk-stream2-00045":{"qoeTotal":-14261.45817448836,"qoeBitrate":16500,"qoeRebuffer":1565.3999991416931,"qoeLatency":28634.4,"qoeBitrateSwitch":300,"qoePlaybackSpeed":261.6581753466656},"chunk-stream2-00046":{"qoeTotal":-14678.858174488361,"qoeBitrate":17000,"qoeRebuffer":1565.3999991416931,"qoeLatency":29551.800000000003,"qoeBitrateSwitch":300,"qoePlaybackSpeed":261.6581753466656},"chunk-stream2-00047":{"qoeTotal":-15096.258174488363,"qoeBitrate":17500,"qoeRebuffer":1565.3999991416931,"qoeLatency":30469.200000000004,"qoeBitrateSwitch":300,"qoePlaybackSpeed":261.6581753466656},"chunk-stream3-00048":{"qoeTotal":-14913.658174488364,"qoeBitrate":18750,"qoeRebuffer":1565.3999991416931,"qoeLatency":31386.600000000006,"qoeBitrateSwitch":450,"qoePlaybackSpeed":261.6581753466656},"chunk-stream3-00049":{"qoeTotal":-14580.458174488364,"qoeBitrate":20000,"qoeRebuffer":1565.3999991416931,"qoeLatency":32303.400000000005,"qoeBitrateSwitch":450,"qoePlaybackSpeed":261.6581753466656},"chunk-stream3-00050":{"qoeTotal":-14255.658174488364,"qoeBitrate":21250,"qoeRebuffer":1565.3999991416931,"qoeLatency":33228.600000000006,"qoeBitrateSwitch":450,"qoePlaybackSpeed":261.6581753466656},"chunk-stream3-00051":{"qoeTotal":-13923.058174488366,"qoeBitrate":22500,"qoeRebuffer":1565.3999991416931,"qoeLatency":34146.00000000001,"qoeBitrateSwitch":450,"qoePlaybackSpeed":261.6581753466656},"chunk-stream3-00052":{"qoeTotal":-13589.858174488369,"qoeBitrate":23750,"qoeRebuffer":1565.3999991416931,"qoeLatency":35062.80000000001,"qoeBitrateSwitch":450,"qoePlaybackSpeed":261.6581753466656},"chunk-stream3-00053":{"qoeTotal":-13257.25817448837,"qoeBitrate":25000,"qoeRebuffer":1565.3999991416931,"qoeLatency":35980.20000000001,"qoeBitrateSwitch":450,"qoePlaybackSpeed":261.6581753466656},"chunk-stream3-00054":{"qoeTotal":-12924.658174488372,"qoeBitrate":26250,"qoeRebuffer":1565.3999991416931,"qoeLatency":36897.60000000001,"qoeBitrateSwitch":450,"qoePlaybackSpeed":261.6581753466656},"chunk-stream3-00055":{"qoeTotal":-12591.458174488374,"qoeBitrate":27500,"qoeRebuffer":1565.3999991416931,"qoeLatency":37814.400000000016,"qoeBitrateSwitch":450,"qoePlaybackSpeed":261.6581753466656},"chunk-stream3-00056":{"qoeTotal":-12268.458174488374,"qoeBitrate":28750,"qoeRebuffer":1565.3999991416931,"qoeLatency":38741.400000000016,"qoeBitrateSwitch":450,"qoePlaybackSpeed":261.6581753466656},"chunk-stream3-00057":{"qoeTotal":-11946.759024741003,"qoeBitrate":30000,