{"chunk-stream2-00018":{"qoeTotal":-611.6241525467149,"qoeBitrate":500,"qoeRebuffer":0,"qoeLatency":1071,"qoeBitrateSwitch":0,"qoePlaybackSpeed":40.62415254671485},"init-stream3":{"qoeTotal":-6473.659881940428,"qoeBitrate":1750,"qoeRebuffer":0,"qoeLatency":7996.2,"qoeBitrateSwitch":150,"qoePlaybackSpeed":77.45988194042866},"chunk-stream3-00019":{"qoeTotal":-9612.481310968433,"qoeBitrate":3000,"qoeRebuffer":3078.599999964237,"qoeLatency":9263.4,"qoeBitrateSwitch":150,"qoePlaybackSpeed":120.48131100419653},"init-stream2":{"qoeTotal":-14176.667864911878,"qoeBitrate":3500,"qoeRebuffer":3078.599999964237,"qoeLatency":14131.8,"qoeBitrateSwitch":300,"qoePlaybackSpeed":166.26786494764258},"chunk-stream2-00020":{"qoeTotal":-16631.89274315732,"qoeBitrate":4000,"qoeRebuffer":4640.399999946356,"qoeLatency":15502.199999999999,"qoeBitrateSwitch":300,"qoePlaybackSpeed":189.29274321096756},"chunk-stream3-00021":{"qoeTotal":-18646.33102342668,"qoeBitrate":5250,"qoeRebuffer":6218.399999946356,"qoeLatency":16996.8,"qoeBitrateSwitch":450,"qoePlaybackSpeed":231.13102348032461},"chunk-stream2-00022":{"qoeTotal":-19858.13102342668,"qoeBitrate":5750,"qoeRebuffer":6218.399999946356,"qoeLatency":18558.6,"qoeBitrateSwitch":600,"qoePlaybackSpeed":231.13102348032461},"chunk-stream3-00023":{"qoeTotal":-22087.34778235834,"qoeBitrate":7000,"qoeRebuffer":7773,"qoeLatency":20292.6,"qoeBitrateSwitch":750,"qoePlaybackSpeed":271.7477823583414},"chunk-stream2-00024":{"qoeTotal":-23591.90282194508,"qoeBitrate":7500,"qoeRebuffer":7773,"qoeLatency":22103.399999999998,"qoeBitrateSwitch":900,"qoePlaybackSpeed":315.5028219450824},"chunk-stream3-00025":{"qoeTotal":-26116.3985893953,"qoeBitrate":8750,"qoeRebuffer":9359.400000035763,"qoeLatency":24101.399999999998,"qoeBitrateSwitch":1050,"qoePlaybackSpeed":355.59858935954065},"chunk-stream2-00026":{"qoeTotal":-27872.726485804582,"qoeBitrate":9250,"qoeRebuffer":9359.400000035763,"qoeLatency":26165.399999999998,"qoeBitrateSwitch":1200,"qoePlaybackSpeed":397.9264857688212},"chunk-stream3-00027":{"qoeTotal":-32129.49461854372,"qoeBitrate":10500,"qoeRebuffer":12440.400000035763,"qoeLatency":28400.999999999996,"qoeBitrateSwitch":1350,"qoePlaybackSpeed":438.09461850795935},"chunk-stream3-00028":{"qoeTotal":-36485.21963099849,"qoeBitrate":11750,"qoeRebuffer":15542.400000035763,"qoeLatency":30858.599999999995,"qoeBitrateSwitch":1350,"qoePlaybackSpeed":484.21963096273026},"chunk-stream2-00029":{"qoeTotal":-38657.01963099849,"qoeBitrate":12250,"qoeRebuffer":15542.400000035763,"qoeLatency":33380.399999999994,"qoeBitrateSwitch":1500,"qoePlaybackSpeed":484.21963096273026},"chunk-stream2-00030":{"qoeTotal":-42277.750467234764,"qoeBitrate":12750,"qoeRebuffer":17105.400000035763,"qoeLatency":35922.59999999999,"qoeBitrateSwitch":1500,"qoePlaybackSpeed":499.7504671990133},"chunk-stream3-00031":{"qoeTotal":-43827.246765536765,"qoeBitrate":14000,"qoeRebuffer":17105.400000035763,"qoeLatency":38532.59999999999,"qoeBitrateSwitch":1650,"qoePlaybackSpeed":539.2467655010146},"chunk-stream2-00032":{"qoeTotal":-47748.71554691035,"qoeBitrate":14500,"qoeRebuffer":18673.800000071526,"qoeLatency":41210.99999999999,"qoeBitrateSwitch":1800,"qoePlaybackSpeed":563.9155468388315},"chunk-stream2-00033":{"qoeTotal":-49989.45473788017,"qoeBitrate":15000,"qoeRebuffer":18673.800000071526,"qoeLatency":43922.399999999994,"qoeBitrateSwitch":1800,"qoePlaybackSpeed":593.2547378086516},"chunk-stream2-00034":{"qoeTotal":-52231.21456793046,"qoeBitrate":15500,"qoeRebuffer":18673.800000071526,"qoeLatency":46651.799999999996,"qoeBitrateSwitch":1800,"qoePlaybackSpeed":605.6145678589407},"chunk-stream2-00035":{"qoeTotal":-54466.01453876451,"qoeBitrate":16000,"qoeRebuffer":18673.800000071526,"qoeLatency":49326.6,"qoeBitrateSwitch":1800,"qoePlaybackSpeed":665.614538692987},"chunk-stream3-00036":{"qoeTotal":-56030.17381040177,"qoeBitrate":17250,"qoeRebuffer":18673.800000071526,"qoeLatency":51959.4,"qoeBitrateSwitch":1950,"qoePlaybackSpeed":696.9738103302442},"chunk-stream3-00037":{"qoeTotal":-59156.44093284605,"qoeBitrate":18500,"qoeRebuffer":20217.600000053644,"qoeLatency":54745.200000000004,"qoeBitrateSwitch":1950,"qoePlaybackSpeed":743.6409327924069},"chunk-stream2-00038":{"qoeTotal":-61666.912614310415,"qoeBitrate":19000,"qoeRebuffer":20217.600000053644,"qoeLatency":57569.4,"qoeBitrateSwitch":2100,"qoePlaybackSpeed":779.9126142567692},"chunk-stream2-00039":{"qoeTotal":-64057.76930486556,"qoeBitrate":19500,"qoeRebuffer":20217.600000053644,"qoeLatency":60428.4,"qoeBitrateSwitch":2100,"qoePlaybackSpeed":811.7693048119125},"chunk-stream3-00040":{"qoeTotal":-65806.87104497977,"qoeBitrate":20750,"qoeRebuffer":20217.600000053644,"qoeLatency":63266.4,"qoeBitrateSwitch":2250,"qoePlaybackSpeed":822.871044926126},"chunk-stream3-00041":{"qoeTotal":-67431.08487357525,"qoeBitrate":22000,"qoeRebuffer":20217.600000053644,"qoeLatency":66132,"qoeBitrateSwitch":2250,"qoePlaybackSpeed":831.4848735216037},"init-stream4":{"qoeTotal":-72884.72253112758,"qoeBitrate":24000,"qoeRebuffer":20217.600000053644,"qoeLatency":73421.4,"qoeBitrateSwitch":2400,"qoePlaybackSpeed":845.7225310739458},"chunk-stream4-00042":{"qoeTotal":-73794.82988790957,"qoeBitrate":26000,"qoeRebuffer":20217.600000053644,"qoeLatency":76320.59999999999,"qoeBitrateSwitch":2400,"qoePlaybackSpeed":856.6298878559278},"chunk-stream3-00043":{"qoeTotal":-75630.09934503019,"qoeBitrate":27250,"qoeRebuffer":20217.600000053644,"qoeLatency":79233.59999999999,"qoeBitrateSwitch":2550,"qoePlaybackSpeed":878.8993449765495},"chunk-stream3-00044":{"qoeTotal":-77257.8259676852,"qoeBitrate":28500,"qoeRebuffer":20217.600000053644,"qoeLatency":82105.2,"qoeBitrateSwitch":2550,"qoePlaybackSpeed":885.0259676315671},"chunk-stream3-00045":{"qoeTotal":-78937.02595928713,"qoeBitrate":29750,"qoeRebuffer":20217.600000053644,"qoeLatency":84974.4,"qoeBitrateSwitch":2550,"qoePlaybackSpeed":945.0259592334945},"chunk-stream3-00046":{"qoeTotal":-80574.82594700676,"qoeBitrate":31000,"qoeRebuffer":20217.600000053644,"qoeLatency":87802.2,"qoeBitrateSwitch":2550,"qoePlaybackSpeed":1005.0259469531227},"chunk-stream3-00047":{"qoeTotal":-82146.6259347264,"qoeBitrate":32250,"qoeRebuffer":20217.600000053644,"qoeLatency":90564,"qoeBitrateSwitch":2550,"qoePlaybackSpeed":1065.025934672751},"chunk-stream3-00048":{"qoeTotal":-83609.97099866472,"qoeBitrate":33500,"qoeRebuffer":20217.600000053644,"qoeLatency":93268.8,"qoeBitrateSwitch":2550,"qoePlaybackSpeed":1073.5709986110703},"chunk-stream4-00049":{"qoeTotal":-84516.9260827692,"qoeBitrate":35500,"qoeRebuffer":20217.600000053644,"qoeLatency":95989.2,"qoeBitrateSwitch":2700,"qoePlaybackSpeed":1110.1260827155572},"chunk-stream3-00050":{"qoeTotal":-87851.60826742694,"qoeBitrate":36750,"qoeRebuffer":21798.000000089407,"qoeLatency":98802,"qoeBitrateSwitch":2850,"qoePlaybackSpeed":1151.6082673375302},"chunk-stream3-00051":{"qoeTotal":-89499.72148150193,"qoeBitrate":38000,"qoeRebuffer":21798.000000089407,"qoeLatency":101671.8,"qoeBitrateSwitch":2850,"qoePlaybackSpeed":1179.9214814125125},"chunk-stream3-00052":{"qoeTotal":-91180.2346955769,"qoeBitrate":39250,"qoeRebuffer":21798.000000089407,"qoeLatency":104574,"qoeBitrateSwitch":2850,"qoePlaybackSpeed":1208.2346954874947},"chunk-stream3-00053":{"qoeTotal":-92830.03468859722,"qoeBitrate":40500,"qoeRebuffer":21798.000000089407,"qoeLatency":107413.8,"qoeBitrateSwitch":2850,"qoePlaybackSpeed":1268.2346885078205},"chunk-stream4-00054":{"qoeTotal":-93822.34101745972,"qoeBitrate":42500,"qoeRebuffer":21798.000000089407,"qoeLatency":110218.2,"qoeBitrateSwitch":3000,"qoePlaybackSpeed":1306.141017370321},"chunk-stream4-00055":{"qoeTotal":-96609.14101751336,"qoeBitrate":44500,"qoeRebuffer":23331.60000014305,"qoeLatency":113471.4,"qoeBitrateSwitch":3000,"qoePlaybackSpeed":1306.141017370321},"chunk-stream4-00056":{"qoeTotal":-108968.40988443118,"qoeBitrate":46500,"qoeRebuffer":33759.60000014305,"qoeLatency":117363,"qoeBitrateSwitch":3000,"qoePlaybackSpeed":1345.8098842881348},