{"init-stream2":{"qoeTotal":497.74,"qoeBitrate":500,"qoeRebuffer":0,"qoeLatency":2.2600000000000002,"qoeBitrateSwitch":0,"qoePlaybackSpeed":0},"chunk-stream2-00021":{"qoeTotal":957.9311746079984,"qoeBitrate":1000,"qoeRebuffer":0,"qoeLatency":6.65,"qoeBitrateSwitch":0,"qoePlaybackSpeed":35.41882539200163},"chunk-stream2-00022":{"qoeTotal":1438.192322670324,"qoeBitrate":1500,"qoeRebuffer":0,"qoeLatency":11.55,"qoeBitrateSwitch":0,"qoePlaybackSpeed":50.25767732967594},"chunk-stream2-00023":{"qoeTotal":1928.8692450704752,"qoeBitrate":2000,"qoeRebuffer":0,"qoeLatency":16.900000000000002,"qoeBitrateSwitch":0,"qoePlaybackSpeed":54.230754929524764},"chunk-stream2-00024":{"qoeTotal":878.3406155582184,"qoeBitrate":2500,"qoeRebuffer":1497.6000001430511,"qoeLatency":23.78,"qoeBitrateSwitch":0,"qoePlaybackSpeed":100.27938429873049},"chunk-stream2-00025":{"qoeTotal":-1811.3945794673177,"qoeBitrate":3000,"qoeRebuffer":4637.400000214577,"qoeLatency":35.45,"qoeBitrateSwitch":0,"qoePlaybackSpeed":138.54457925274093},"chunk-stream2-00026":{"qoeTotal":-5431.875475637313,"qoeBitrate":3500,"qoeRebuffer":7769.400000214577,"qoeLatency":982.2500000000001,"qoeBitrateSwitch":0,"qoePlaybackSpeed":180.22547542273634},"chunk-stream2-00027":{"qoeTotal":-9346.356371735783,"qoeBitrate":4000,"qoeRebuffer":10941.600000143051,"qoeLatency":2182.85,"qoeBitrateSwitch":0,"qoePlaybackSpeed":221.90637159273177},"chunk-stream2-00028":{"qoeTotal":-18860.356371592734,"qoeBitrate":4500,"qoeRebuffer":19131,"qoeLatency":4007.45,"qoeBitrateSwitch":0,"qoePlaybackSpeed":221.90637159273177},"chunk-stream2-00029":{"qoeTotal":-27932.28024018217,"qoeBitrate":5000,"qoeRebuffer":26227.199999570847,"qoeLatency":6439.85,"qoeBitrateSwitch":0,"qoePlaybackSpeed":265.23024061132213},"chunk-stream2-00030":{"qoeTotal":-34982.50256211092,"qoeBitrate":5500,"qoeRebuffer":30987.599999427795,"qoeLatency":9187.85,"qoeBitrateSwitch":0,"qoePlaybackSpeed":307.0525626831327},"chunk-stream2-00031":{"qoeTotal":-40749.65112815667,"qoeBitrate":6000,"qoeRebuffer":34166.99999964237,"qoeLatency":12228.65,"qoeBitrateSwitch":0,"qoePlaybackSpeed":354.0011285142995},"chunk-stream2-00032":{"qoeTotal":-48438.03179169122,"qoeBitrate":6500,"qoeRebuffer":38938.79999935627,"qoeLatency":15599.45,"qoeBitrateSwitch":0,"qoePlaybackSpeed":399.7817923349522},"chunk-stream2-00033":{"qoeTotal":-57977.900995196804,"qoeBitrate":7000,"qoeRebuffer":45068.999999284744,"qoeLatency":19461.65,"qoeBitrateSwitch":0,"qoePlaybackSpeed":447.2509959120584},"chunk-stream2-00034":{"qoeTotal":-66046.1598276449,"qoeBitrate":7500,"qoeRebuffer":49423.79999935627,"qoeLatency":23628.050000000003,"qoeBitrateSwitch":0,"qoePlaybackSpeed":494.30982828861625},"chunk-stream2-00035":{"qoeTotal":-74741.41866023603,"qoeBitrate":8000,"qoeRebuffer":54073.19999957085,"qoeLatency":28126.850000000002,"qoeBitrateSwitch":0,"qoePlaybackSpeed":541.3686606651742},"chunk-stream2-00036":{"qoeTotal":-82240.27749282715,"qoeBitrate":8500,"qoeRebuffer":57207.59999978542,"qoeLatency":32944.25,"qoeBitrateSwitch":0,"qoePlaybackSpeed":588.4274930417321},"chunk-stream2-00037":{"qoeTotal":-90022.18634088249,"qoeBitrate":9000,"qoeRebuffer":60305.39999985695,"qoeLatency":38081.45,"qoeBitrateSwitch":0,"qoePlaybackSpeed":635.3363410255467},"chunk-stream2-00038":{"qoeTotal":-98146.09518900937,"qoeBitrate":9500,"qoeRebuffer":63399,"qoeLatency":43564.85,"qoeBitrateSwitch":0,"qoePlaybackSpeed":682.2451890093614},"chunk-stream2-00039":{"qoeTotal":-106726.60403699317,"qoeBitrate":10000,"qoeRebuffer":66561,"qoeLatency":49436.45,"qoeBitrateSwitch":0,"qoePlaybackSpeed":729.1540369931761},"chunk-stream2-00040":{"qoeTotal":-122051.1128852631,"qoeBitrate":10500,"qoeRebuffer":75856.2000002861,"qoeLatency":55918.85,"qoeBitrateSwitch":0,"qoePlaybackSpeed":776.0628849769907},"chunk-stream2-00041":{"qoeTotal":-136203.2217332469,"qoeBitrate":11000,"qoeRebuffer":83512.2000002861,"qoeLatency":62868.05,"qoeBitrateSwitch":0,"qoePlaybackSpeed":822.9717329608054},"chunk-stream2-00042":{"qoeTotal":-145592.83221925527,"qoeBitrate":11500,"qoeRebuffer":86215.80000042915,"qoeLatency":70007.45,"qoeBitrateSwitch":0,"qoePlaybackSpeed":869.5822188261184},"chunk-stream2-00043":{"qoeTotal":-154038.383672677,"qoeBitrate":12000,"qoeRebuffer":87773.4000005722,"qoeLatency":77353.84999999999,"qoeBitrateSwitch":0,"qoePlaybackSpeed":911.1336721048172},"chunk-stream2-00044":{"qoeTotal":-164273.9540674645,"qoeBitrate":12500,"qoeRebuffer":90885.60000050068,"qoeLatency":84932.45,"qoeBitrateSwitch":0,"qoePlaybackSpeed":955.9040669638242},"chunk-stream2-00045":{"qoeTotal":-174869.1516369283,"qoeBitrate":13000,"qoeRebuffer":94043.40000021458,"qoeLatency":92824.84999999999,"qoeBitrateSwitch":0,"qoePlaybackSpeed":1000.9016367137459},"chunk-stream2-00046":{"qoeTotal":-185842.3492068928,"qoeBitrate":13500,"qoeRebuffer":97201.80000042915,"qoeLatency":101094.65,"qoeBitrateSwitch":0,"qoePlaybackSpeed":1045.8992064636677},"chunk-stream2-00047":{"qoeTotal":-197116.33262505685,"qoeBitrate":14000,"qoeRebuffer":100303.80000042915,"qoeLatency":109725.65,"qoeBitrateSwitch":0,"qoePlaybackSpeed":1086.882624627706},"chunk-stream2-00048":{"qoeTotal":-210109.03152448565,"qoeBitrate":14500,"qoeRebuffer":104770.80000042915,"qoeLatency":118707.04999999999,"qoeBitrateSwitch":0,"qoePlaybackSpeed":1131.1815240565024},"chunk-stream2-00049":{"qoeTotal":-226551.74262343443,"qoeBitrate":15000,"qoeRebuffer":112081.80000007153,"qoeLatency":128290.84999999999,"qoeBitrateSwitch":0,"qoePlaybackSpeed":1179.092623362921},"chunk-stream2-00050":{"qoeTotal":-247981.05372181104,"qoeBitrate":15500,"qoeRebuffer":123563.3999991417,"qoeLatency":138690.65,"qoeBitrateSwitch":0,"qoePlaybackSpeed":1227.0037226693394},"chunk-stream2-00051":{"qoeTotal":-264909.16482118896,"qoeBitrate":16000,"qoeRebuffer":130126.19999921322,"qoeLatency":149508.05,"qoeBitrateSwitch":0,"qoePlaybackSpeed":1274.9148219757578},"chunk-stream2-00052":{"qoeTotal":-278658.5398468544,"qoeBitrate":16500,"qoeRebuffer":133235.99999928474,"qoeLatency":160605.05,"qoeBitrateSwitch":0,"qoePlaybackSpeed":1317.4898475696555},"chunk-stream2-00053":{"qoeTotal":-290903.6415667892,"qoeBitrate":17000,"qoeRebuffer":134758.79999935627,"qoeLatency":171793.84999999998,"qoeBitrateSwitch":0,"qoePlaybackSpeed":1350.9915674329309},"chunk-stream2-00054":{"qoeTotal":-303284.7108555908,"qoeBitrate":17500,"qoeRebuffer":136313.99999964237,"qoeLatency":183090.64999999997,"qoeBitrateSwitch":0,"qoePlaybackSpeed":1380.060855948455},"chunk-stream2-00055":{"qoeTotal":-316094.3516270576,"qoeBitrate":18000,"qoeRebuffer":137892.59999978542,"qoeLatency":194773.24999999997,"qoeBitrateSwitch":0,"qoePlaybackSpeed":1428.5016272721746},"chunk-stream2-00056":{"qoeTotal":-335699.6439512193,"qoeBitrate":18500,"qoeRebuffer":145760.99999964237,"qoeLatency":206976.64999999997,"qoeBitrateSwitch":0,"qoePlaybackSpeed":1461.9939515769636},"chunk-stream2-00057":{"qoeTotal":-350502.4009240478,"qoeBitrate":19000,"qoeRebuffer":148645.7999997139,"qoeLatency":219351.64999999997,"qoeBitrateSwitch":0,"qoePlaybackSpeed":1504.950924333955},"chunk-stream2-00058":{"qoeTotal":-365798.7928797936,"qoeBitrate":19500,"qoeRebuffer":151822.19999957085,"qoeLatency":231928.24999999997,"qoeBitrateSwitch":0,"qoePlaybackSpeed":1548.3428802227481},"chunk-stream2-00059":{"qoeTotal":-379648.23662618105,"qoeBitrate":20000,"qoeRebuffer":153356.39999949932,"qoeLatency":244703.44999999998,"qoeBitrateSwitch":0,"qoePlaybackSpeed":1588.3866266817604},"chunk-stream2-00060":{"qoeTotal":-393633.6334382522,"qoeBitrate":20500,"qoeRebuffer":154862.39999949932,"qoeLatency":257647.84999999998,"qoeBitrateSwitch":0,"qoePlaybackSpeed":1623.3834387529278},"chunk-stream2-00061":{"qoeTotal":-407847.88707042666,"qoeBitrate":21000,"qoeRebuffer":156447.59999978542,"qoeLatency":270731.44999999995,"qoeBitrateSwitch":0,"qoePlaybackSpeed":1668.8370706413068},"chunk-stream2-00062":{"qoeTotal":-422192.8094355066,"qoeBitrate":21500,"qoeRebuffer":158043.59999978542,"qoeLatency":283941.64999999997,"qoeBitrateSwitch":0,