{"chunk-stream2-00018":{"qoeTotal":-491.80000000000007,"qoeBitrate":500,"qoeRebuffer":0,"qoeLatency":991.8000000000001,"qoeBitrateSwitch":0,"qoePlaybackSpeed":0},"init-stream3":{"qoeTotal":-378.8000000000002,"qoeBitrate":1750,"qoeRebuffer":0,"qoeLatency":1978.8000000000002,"qoeBitrateSwitch":150,"qoePlaybackSpeed":0},"chunk-stream3-00019":{"qoeTotal":-121.20000000000027,"qoeBitrate":3000,"qoeRebuffer":0,"qoeLatency":2971.2000000000003,"qoeBitrateSwitch":150,"qoePlaybackSpeed":0},"chunk-stream3-00020":{"qoeTotal":136.39999999999964,"qoeBitrate":4250,"qoeRebuffer":0,"qoeLatency":3963.6000000000004,"qoeBitrateSwitch":150,"qoePlaybackSpeed":0},"chunk-stream3-00021":{"qoeTotal":394,"qoeBitrate":5500,"qoeRebuffer":0,"qoeLatency":4956,"qoeBitrateSwitch":150,"qoePlaybackSpeed":0},"chunk-stream3-00022":{"qoeTotal":652.1999999999998,"qoeBitrate":6750,"qoeRebuffer":0,"qoeLatency":5947.8,"qoeBitrateSwitch":150,"qoePlaybackSpeed":0},"chunk-stream3-00023":{"qoeTotal":913.2719112398217,"qoeBitrate":8000,"qoeRebuffer":0,"qoeLatency":6919.8,"qoeBitrateSwitch":150,"qoePlaybackSpeed":16.928088760178063},"chunk-stream3-00024":{"qoeTotal":1200.8258604728794,"qoeBitrate":9250,"qoeRebuffer":0,"qoeLatency":7868.400000000001,"qoeBitrateSwitch":150,"qoePlaybackSpeed":30.77413952711994},"chunk-stream3-00025":{"qoeTotal":1504.7610881207822,"qoeBitrate":10500,"qoeRebuffer":0,"qoeLatency":8803.2,"qoeBitrateSwitch":150,"qoePlaybackSpeed":42.038911879217046},"chunk-stream3-00026":{"qoeTotal":1822.5626901033925,"qoeBitrate":11750,"qoeRebuffer":0,"qoeLatency":9727.2,"qoeBitrateSwitch":150,"qoePlaybackSpeed":50.23730989660682},"chunk-stream3-00027":{"qoeTotal":2155.162690103393,"qoeBitrate":13000,"qoeRebuffer":0,"qoeLatency":10644.6,"qoeBitrateSwitch":150,"qoePlaybackSpeed":50.23730989660682},"chunk-stream3-00028":{"qoeTotal":2487.762690103393,"qoeBitrate":14250,"qoeRebuffer":0,"qoeLatency":11562,"qoeBitrateSwitch":150,"qoePlaybackSpeed":50.23730989660682},"chunk-stream3-00029":{"qoeTotal":2816.162690103393,"qoeBitrate":15500,"qoeRebuffer":0,"qoeLatency":12483.6,"qoeBitrateSwitch":150,"qoePlaybackSpeed":50.23730989660682},"chunk-stream3-00030":{"qoeTotal":3149.3626901033936,"qoeBitrate":16750,"qoeRebuffer":0,"qoeLatency":13400.4,"qoeBitrateSwitch":150,"qoePlaybackSpeed":50.23730989660682},"chunk-stream3-00031":{"qoeTotal":3482.5626901033943,"qoeBitrate":18000,"qoeRebuffer":0,"qoeLatency":14317.199999999999,"qoeBitrateSwitch":150,"qoePlaybackSpeed":50.23730989660682},"chunk-stream3-00032":{"qoeTotal":3815.762690103395,"qoeBitrate":19250,"qoeRebuffer":0,"qoeLatency":15233.999999999998,"qoeBitrateSwitch":150,"qoePlaybackSpeed":50.23730989660682},"chunk-stream3-00033":{"qoeTotal":4142.362690103395,"qoeBitrate":20500,"qoeRebuffer":0,"qoeLatency":16157.399999999998,"qoeBitrateSwitch":150,"qoePlaybackSpeed":50.23730989660682},"chunk-stream3-00034":{"qoeTotal":4476.162690103394,"qoeBitrate":21750,"qoeRebuffer":0,"qoeLatency":17073.6,"qoeBitrateSwitch":150,"qoePlaybackSpeed":50.23730989660682},"chunk-stream3-00035":{"qoeTotal":4804.562690103396,"qoeBitrate":23000,"qoeRebuffer":0,"qoeLatency":17995.199999999997,"qoeBitrateSwitch":150,"qoePlaybackSpeed":50.23730989660682},"chunk-stream3-00036":{"qoeTotal":5137.762690103396,"qoeBitrate":24250,"qoeRebuffer":0,"qoeLatency":18911.999999999996,"qoeBitrateSwitch":150,"qoePlaybackSpeed":50.23730989660682},"chunk-stream3-00037":{"qoeTotal":5465.562690103396,"qoeBitrate":25500,"qoeRebuffer":0,"qoeLatency":19834.199999999997,"qoeBitrateSwitch":150,"qoePlaybackSpeed":50.23730989660682},"chunk-stream3-00038":{"qoeTotal":5798.762690103396,"qoeBitrate":26750,"qoeRebuffer":0,"qoeLatency":20750.999999999996,"qoeBitrateSwitch":150,"qoePlaybackSpeed":50.23730989660682}}