{"chunk-stream2-00018":{"qoeTotal":-628.6268188820949,"qoeBitrate":500,"qoeRebuffer":0,"qoeLatency":1086.6,"qoeBitrateSwitch":0,"qoePlaybackSpeed":42.026818882094965},"init-stream3":{"qoeTotal":-11938.426818864215,"qoeBitrate":1750,"qoeRebuffer":4294.799999982119,"qoeLatency":9201.6,"qoeBitrateSwitch":150,"qoePlaybackSpeed":42.026818882094965},"chunk-stream3-00019":{"qoeTotal":-15086.92833224951,"qoeBitrate":3000,"qoeRebuffer":7329,"qoeLatency":10522.800000000001,"qoeBitrateSwitch":150,"qoePlaybackSpeed":85.12833224950955},"init-stream2":{"qoeTotal":-29188.528332285274,"qoeBitrate":3500,"qoeRebuffer":19499.400000035763,"qoeLatency":12804,"qoeBitrateSwitch":300,"qoePlaybackSpeed":85.12833224950955},"chunk-stream2-00020":{"qoeTotal":-31707.47271931682,"qoeBitrate":4000,"qoeRebuffer":21067.20000010729,"qoeLatency":14229,"qoeBitrateSwitch":300,"qoePlaybackSpeed":111.27271920953166},"chunk-stream3-00021":{"qoeTotal":-33832.97093718082,"qoeBitrate":5250,"qoeRebuffer":22651.800000071526,"qoeLatency":15828.6,"qoeBitrateSwitch":450,"qoePlaybackSpeed":152.57093710929945},"chunk-stream2-00022":{"qoeTotal":-36772.708523580404,"qoeBitrate":5750,"qoeRebuffer":24222,"qoeLatency":17529.6,"qoeBitrateSwitch":600,"qoePlaybackSpeed":171.10852358040898},"chunk-stream2-00023":{"qoeTotal":-38007.98139606192,"qoeBitrate":6250,"qoeRebuffer":24222,"qoeLatency":19253.399999999998,"qoeBitrateSwitch":600,"qoePlaybackSpeed":182.58139606192947},"chunk-stream3-00024":{"qoeTotal":-40363.693355155745,"qoeBitrate":7500,"qoeRebuffer":25815,"qoeLatency":21073.199999999997,"qoeBitrateSwitch":750,"qoePlaybackSpeed":225.4933551557451},"chunk-stream2-00025":{"qoeTotal":-41966.33882436852,"qoeBitrate":8000,"qoeRebuffer":25815,"qoeLatency":22990.799999999996,"qoeBitrateSwitch":900,"qoePlaybackSpeed":260.53882436852507},"chunk-stream3-00026":{"qoeTotal":-44604.31265838623,"qoeBitrate":9250,"qoeRebuffer":27374.400000035763,"qoeLatency":25126.799999999996,"qoeBitrateSwitch":1050,"qoePlaybackSpeed":303.1126583504708},"chunk-stream2-00027":{"qoeTotal":-48023.35412215707,"qoeBitrate":9750,"qoeRebuffer":28898.400000035763,"qoeLatency":27344.399999999994,"qoeBitrateSwitch":1200,"qoePlaybackSpeed":330.5541221213129},"chunk-stream2-00028":{"qoeTotal":-49809.05136344492,"qoeBitrate":10250,"qoeRebuffer":28898.400000035763,"qoeLatency":29596.199999999993,"qoeBitrateSwitch":1200,"qoePlaybackSpeed":364.4513634091637},"chunk-stream3-00029":{"qoeTotal":-53176.12930142861,"qoeBitrate":11500,"qoeRebuffer":30993.600000053644,"qoeLatency":31922.399999999994,"qoeBitrateSwitch":1350,"qoePlaybackSpeed":410.1293013749774},"chunk-stream3-00030":{"qoeTotal":-57652.95499436716,"qoeBitrate":12750,"qoeRebuffer":34077.600000053644,"qoeLatency":34517.99999999999,"qoeBitrateSwitch":1350,"qoePlaybackSpeed":457.3549943135216},"chunk-stream3-00031":{"qoeTotal":-62418.537675329884,"qoeBitrate":14000,"qoeRebuffer":37190.40000003576,"qoeLatency":37379.399999999994,"qoeBitrateSwitch":1350,"qoePlaybackSpeed":498.7376752941269},"chunk-stream2-00032":{"qoeTotal":-66542.37577757507,"qoeBitrate":14500,"qoeRebuffer":38725.800000071526,"qoeLatency":40290.59999999999,"qoeBitrateSwitch":1500,"qoePlaybackSpeed":525.9757775035526},"chunk-stream2-00033":{"qoeTotal":-69007.73313067491,"qoeBitrate":15000,"qoeRebuffer":38725.800000071526,"qoeLatency":43238.99999999999,"qoeBitrateSwitch":1500,"qoePlaybackSpeed":542.933130603381},"chunk-stream2-00034":{"qoeTotal":-71529.33312654603,"qoeBitrate":15500,"qoeRebuffer":38725.800000071526,"qoeLatency":46200.59999999999,"qoeBitrateSwitch":1500,"qoePlaybackSpeed":602.933126474517},"chunk-stream2-00035":{"qoeTotal":-73999.93312032458,"qoeBitrate":16000,"qoeRebuffer":38725.800000071526,"qoeLatency":49111.19999999999,"qoeBitrateSwitch":1500,"qoePlaybackSpeed":662.9331202530717},"chunk-stream2-00036":{"qoeTotal":-76400.33311410314,"qoeBitrate":16500,"qoeRebuffer":38725.800000071526,"qoeLatency":51951.59999999999,"qoeBitrateSwitch":1500,"qoePlaybackSpeed":722.9331140316264},"chunk-stream3-00037":{"qoeTotal":-78204.6693398311,"qoeBitrate":17750,"qoeRebuffer":38725.800000071526,"qoeLatency":54814.79999999999,"qoeBitrateSwitch":1650,"qoePlaybackSpeed":764.0693397595896},"chunk-stream2-00038":{"qoeTotal":-80778.62261510504,"qoeBitrate":18250,"qoeRebuffer":38725.800000071526,"qoeLatency":57712.79999999999,"qoeBitrateSwitch":1800,"qoePlaybackSpeed":790.0226150335286},"chunk-stream2-00039":{"qoeTotal":-84746.65524893813,"qoeBitrate":18750,"qoeRebuffer":40252.800000071526,"qoeLatency":60641.39999999999,"qoeBitrateSwitch":1800,"qoePlaybackSpeed":802.4552488666084},"chunk-stream3-00040":{"qoeTotal":-88292.87249275966,"qoeBitrate":20000,"qoeRebuffer":41842.20000010729,"qoeLatency":63650.999999999985,"qoeBitrateSwitch":1950,"qoePlaybackSpeed":849.6724926523862},"chunk-stream2-00041":{"qoeTotal":-92600.14621271359,"qoeBitrate":20500,"qoeRebuffer":43381.800000071526,"qoeLatency":66734.99999999999,"qoeBitrateSwitch":2100,"qoePlaybackSpeed":883.3462126420757},"chunk-stream2-00042":{"qoeTotal":-95216.32088968916,"qoeBitrate":21000,"qoeRebuffer":43381.800000071526,"qoeLatency":69844.19999999998,"qoeBitrateSwitch":2100,"qoePlaybackSpeed":890.3208896176445},"chunk-stream3-00043":{"qoeTotal":-97235.71312887713,"qoeBitrate":22250,"qoeRebuffer":43381.800000071526,"qoeLatency":72926.39999999998,"qoeBitrateSwitch":2250,"qoePlaybackSpeed":927.513128805634},"chunk-stream2-00044":{"qoeTotal":-100011.1063611302,"qoeBitrate":22750,"qoeRebuffer":43381.800000071526,"qoeLatency":76036.79999999997,"qoeBitrateSwitch":2400,"qoePlaybackSpeed":942.5063610586881},"chunk-stream3-00045":{"qoeTotal":-103599.22317846896,"qoeBitrate":24000,"qoeRebuffer":44880.600000053644,"qoeLatency":79177.79999999997,"qoeBitrateSwitch":2550,"qoePlaybackSpeed":990.8231784153461},"chunk-stream2-00046":{"qoeTotal":-108123.41728445112,"qoeBitrate":24500,"qoeRebuffer":46444.800000071526,"qoeLatency":82451.99999999997,"qoeBitrateSwitch":2700,"qoePlaybackSpeed":1026.6172843796264},"chunk-stream3-00047":{"qoeTotal":-112035.64458770945,"qoeBitrate":25750,"qoeRebuffer":48001.20000010729,"qoeLatency":85866.59999999998,"qoeBitrateSwitch":2850,"qoePlaybackSpeed":1067.8445876021935},"chunk-stream2-00048":{"qoeTotal":-115149.44458770945,"qoeBitrate":26250,"qoeRebuffer":48001.20000010729,"qoeLatency":89330.39999999998,"qoeBitrateSwitch":3000,"qoePlaybackSpeed":1067.8445876021935},"chunk-stream3-00049":{"qoeTotal":-124439.89214719516,"qoeBitrate":27500,"qoeRebuffer":54600.60000023246,"qoeLatency":93072.59999999998,"qoeBitrateSwitch":3150,"qoePlaybackSpeed":1116.6921469627218},"chunk-stream2-00050":{"qoeTotal":-129894.87509411167,"qoeBitrate":28000,"qoeRebuffer":56440.2000002861,"qoeLatency":97006.19999999998,"qoeBitrateSwitch":3300,"qoePlaybackSpeed":1148.4750938255827},"chunk-stream2-00051":{"qoeTotal":-133419.80933248493,"qoeBitrate":28500,"qoeRebuffer":56440.2000002861,"qoeLatency":100988.39999999998,"qoeBitrateSwitch":3300,"qoePlaybackSpeed":1191.2093321988614},"chunk-stream2-00052":{"qoeTotal":-136935.6431852033,"qoeBitrate":29000,"qoeRebuffer":56440.2000002861,"qoeLatency":104987.99999999999,"qoeBitrateSwitch":3300,"qoePlaybackSpeed":1207.4431849172147},"chunk-stream2-00053":{"qoeTotal":-140436.44318520257,"qoeBitrate":29500,"qoeRebuffer":56440.2000002861,"qoeLatency":108928.79999999999,"qoeBitrateSwitch":3300,"qoePlaybackSpeed":1267.4431849164732},"chunk-stream3-00054":{"qoeTotal":-144846.72620712436,"qoeBitrate":30750,"qoeRebuffer":58033.2000002861,"qoeLatency":112816.19999999998,"qoeBitrateSwitch":3450,"qoePlaybackSpeed":1297.3262068382626},"chunk-stream3-00055":{"qoeTotal":-151420.72620712436,"qoeBitrate":32000,"qoeRebuffer":61180.2000002861,"qoeLatency":117493.19999999998,"qoeBitrateSwitch":3450,"qoePlaybackSpeed":1297.3262068382626},"chunk-stream3-00056":{"qoeTotal":-171252.4201876591,"qoeBitrate":33250,"qoeRebuffer":76694.40000030398,"qoeLatency":123017.39999999998,"qoeBitrateSwitch":3450,"qoePlaybackSpeed":1340.6201873551431},