{"chunk-stream2-00018":{"qoeTotal":-913.9034733770018,"qoeBitrate":500,"qoeRebuffer":0,"qoeLatency":1366.2,"qoeBitrateSwitch":0,"qoePlaybackSpeed":47.703473377001714},"chunk-stream2-00019":{"qoeTotal":-5693.6214686075,"qoeBitrate":1000,"qoeRebuffer":3582,"qoeLatency":3019.2,"qoeBitrateSwitch":0,"qoePlaybackSpeed":92.42146860750049},"chunk-stream2-00020":{"qoeTotal":-10258.696055666012,"qoeBitrate":1500,"qoeRebuffer":6676.799999982119,"qoeLatency":4942.799999999999,"qoeBitrateSwitch":0,"qoePlaybackSpeed":139.09605568389384},"chunk-stream2-00021":{"qoeTotal":-15117.13352595886,"qoeBitrate":2000,"qoeRebuffer":9787.799999982119,"qoeLatency":7146.599999999999,"qoeBitrateSwitch":0,"qoePlaybackSpeed":182.73352597674244},"chunk-stream2-00022":{"qoeTotal":-20258.008236088604,"qoeBitrate":2500,"qoeRebuffer":12908.400000035763,"qoeLatency":9624.599999999999,"qoeBitrateSwitch":0,"qoePlaybackSpeed":225.00823605284256},"chunk-stream2-00023":{"qoeTotal":-25768.33835139974,"qoeBitrate":3000,"qoeRebuffer":16047.000000089407,"qoeLatency":12451.8,"qoeBitrateSwitch":0,"qoePlaybackSpeed":269.5383513103335},"chunk-stream2-00024":{"qoeTotal":-31580.85750515013,"qoeBitrate":3500,"qoeRebuffer":19154.40000012517,"qoeLatency":15612.599999999999,"qoeBitrateSwitch":0,"qoePlaybackSpeed":313.8575050249597},"chunk-stream2-00025":{"qoeTotal":-37818.74599189351,"qoeBitrate":4000,"qoeRebuffer":22338.60000014305,"qoeLatency":19125.6,"qoeBitrateSwitch":0,"qoePlaybackSpeed":354.5459917504626},"chunk-stream2-00026":{"qoeTotal":-44348.802592301814,"qoeBitrate":4500,"qoeRebuffer":25485.000000178814,"qoeLatency":22966.199999999997,"qoeBitrateSwitch":0,"qoePlaybackSpeed":397.60259212300366},"chunk-stream2-00027":{"qoeTotal":-52309.58061740227,"qoeBitrate":5000,"qoeRebuffer":29736.600000321865,"qoeLatency":27130.799999999996,"qoeBitrateSwitch":0,"qoePlaybackSpeed":442.18061708041284},"chunk-stream2-00028":{"qoeTotal":-59470.2090414592,"qoeBitrate":5500,"qoeRebuffer":32852.400000303984,"qoeLatency":31631.999999999996,"qoeBitrateSwitch":0,"qoePlaybackSpeed":485.8090411552207},"chunk-stream2-00029":{"qoeTotal":-68144.51044847179,"qoeBitrate":6000,"qoeRebuffer":37166.40000039339,"qoeLatency":36447,"qoeBitrateSwitch":0,"qoePlaybackSpeed":531.1104480783997},"chunk-stream2-00030":{"qoeTotal":-77579.6054427153,"qoeBitrate":6500,"qoeRebuffer":41907.60000041127,"qoeLatency":41596.8,"qoeBitrateSwitch":0,"qoePlaybackSpeed":575.2054423040184},"init-stream1":{"qoeTotal":-78776.34609935325,"qoeBitrate":6800,"qoeRebuffer":41907.60000041127,"qoeLatency":43026,"qoeBitrateSwitch":40,"qoePlaybackSpeed":602.7460989419812},"chunk-stream1-00031":{"qoeTotal":-85430.52755142524,"qoeBitrate":7100,"qoeRebuffer":43474.80000042915,"qoeLatency":48379.2,"qoeBitrateSwitch":40,"qoePlaybackSpeed":636.5275509960913},"chunk-stream1-00032":{"qoeTotal":-92137.68714578146,"qoeBitrate":7400,"qoeRebuffer":45004.200000464916,"qoeLatency":53814.6,"qoeBitrateSwitch":40,"qoePlaybackSpeed":678.8871453165395},"init-stream2":{"qoeTotal":-93195.75777080518,"qoeBitrate":7900,"qoeRebuffer":45004.200000464916,"qoeLatency":55294.2,"qoeBitrateSwitch":80,"qoePlaybackSpeed":717.357770340267},"chunk-stream2-00033":{"qoeTotal":-103128.55777087671,"qoeBitrate":8400,"qoeRebuffer":49665.00000053644,"qoeLatency":61066.2,"qoeBitrateSwitch":80,"qoePlaybackSpeed":717.357770340267},"chunk-stream1-00034":{"qoeTotal":-111534.81845206874,"qoeBitrate":8700,"qoeRebuffer":52417.20000055432,"qoeLatency":66939.59999999999,"qoeBitrateSwitch":120,"qoePlaybackSpeed":758.0184515144214},"chunk-stream1-00035":{"qoeTotal":-117208.32160671048,"qoeBitrate":9000,"qoeRebuffer":52417.20000055432,"qoeLatency":72881.99999999999,"qoeBitrateSwitch":120,"qoePlaybackSpeed":789.1216061561762},"chunk-stream1-00036":{"qoeTotal":-122950.57109565534,"qoeBitrate":9300,"qoeRebuffer":52417.20000055432,"qoeLatency":78890.99999999999,"qoeBitrateSwitch":120,"qoePlaybackSpeed":822.3710951010304},"chunk-stream2-00037":{"qoeTotal":-131900.76799780334,"qoeBitrate":9800,"qoeRebuffer":55527.00000053644,"qoeLatency":85146.59999999999,"qoeBitrateSwitch":160,"qoePlaybackSpeed":867.1679972668969},"chunk-stream2-00038":{"qoeTotal":-141974.02277338886,"qoeBitrate":10300,"qoeRebuffer":59491.80000051856,"qoeLatency":91707.59999999999,"qoeBitrateSwitch":160,"qoePlaybackSpeed":914.6227728703129},"chunk-stream2-00039":{"qoeTotal":-153043.56488984436,"qoeBitrate":10800,"qoeRebuffer":64159.20000037551,"qoeLatency":98564.4,"qoeBitrateSwitch":160,"qoePlaybackSpeed":959.9648894688469},"chunk-stream2-00040":{"qoeTotal":-165280.4406848757,"qoeBitrate":11300,"qoeRebuffer":69701.40000039339,"qoeLatency":105714.59999999999,"qoeBitrateSwitch":160,"qoePlaybackSpeed":1004.4406844823349},"chunk-stream2-00041":{"qoeTotal":-177284.68056218716,"qoeBitrate":11800,"qoeRebuffer":74696.40000039339,"qoeLatency":113179.2,"qoeBitrateSwitch":160,"qoePlaybackSpeed":1049.080561793752},"chunk-stream2-00042":{"qoeTotal":-185963.55143905286,"qoeBitrate":12300,"qoeRebuffer":76221.00000035763,"qoeLatency":120790.8,"qoeBitrateSwitch":160,"qoePlaybackSpeed":1091.7514386952496},"chunk-stream2-00043":{"qoeTotal":-194823.2037631311,"qoeBitrate":12800,"qoeRebuffer":77744.40000039339,"qoeLatency":128589,"qoeBitrateSwitch":160,"qoePlaybackSpeed":1129.8037627377237},"chunk-stream2-00044":{"qoeTotal":-203853.97172575272,"qoeBitrate":13300,"qoeRebuffer":79245.00000044703,"qoeLatency":136577.4,"qoeBitrateSwitch":160,"qoePlaybackSpeed":1171.5717253056912},"chunk-stream2-00069":{"qoeTotal":-212088.17172575273,"qoeBitrate":13800,"qoeRebuffer":79245.00000044703,"qoeLatency":145311.6,"qoeBitrateSwitch":160,"qoePlaybackSpeed":1171.5717253056912},"chunk-stream2-00070":{"qoeTotal":-220786.74091425654,"qoeBitrate":14300,"qoeRebuffer":86766.60000041127,"qoeLatency":146949.6,"qoeBitrateSwitch":160,"qoePlaybackSpeed":1210.540913845261},"chunk-stream2-00071":{"qoeTotal":-225287.7368141273,"qoeBitrate":14800,"qoeRebuffer":89857.80000033975,"qoeLatency":148811.4,"qoeBitrateSwitch":160,"qoePlaybackSpeed":1258.5368137875635},"chunk-stream1-00072":{"qoeTotal":-228666.22166077935,"qoeBitrate":15100,"qoeRebuffer":91420.2000002861,"qoeLatency":150846,"qoeBitrateSwitch":200,"qoePlaybackSpeed":1300.021660493264},"chunk-stream2-00073":{"qoeTotal":-232029.83835235218,"qoeBitrate":15600,"qoeRebuffer":92957.40000030398,"qoeLatency":153090.6,"qoeBitrateSwitch":240,"qoePlaybackSpeed":1341.8383520481943},"chunk-stream2-00074":{"qoeTotal":-237686.70275688072,"qoeBitrate":16100,"qoeRebuffer":96554.40000030398,"qoeLatency":155602.80000000002,"qoeBitrateSwitch":240,"qoePlaybackSpeed":1389.502756576726},"chunk-stream1-00075":{"qoeTotal":-243242.47645580524,"qoeBitrate":16400,"qoeRebuffer":99640.20000037551,"qoeLatency":158302.2,"qoeBitrateSwitch":280,"qoePlaybackSpeed":1420.0764554297273},"chunk-stream1-00076":{"qoeTotal":-247240.59208057827,"qoeBitrate":16700,"qoeRebuffer":101142.00000035763,"qoeLatency":161062.2,"qoeBitrateSwitch":280,"qoePlaybackSpeed":1456.3920802206378},"chunk-stream1-00077":{"qoeTotal":-249813.71259864976,"qoeBitrate":17000,"qoeRebuffer":101142.00000035763,"qoeLatency":163901.40000000002,"qoeBitrateSwitch":280,"qoePlaybackSpeed":1490.3125982921035},"chunk-stream2-00078":{"qoeTotal":-255597.54542128197,"qoeBitrate":17500,"qoeRebuffer":104244.00000035763,"qoeLatency":167001.00000000003,"qoeBitrateSwitch":320,"qoePlaybackSpeed":1532.5454209243283},"chunk-stream2-00079":{"qoeTotal":-262600.9068803277,"qoeBitrate":18000,"qoeRebuffer":108303.60000041127,"qoeLatency":170397.00000000003,"qoeBitrateSwitch":320,"qoePlaybackSpeed":1580.3068799163693},"chunk-stream2-00080":{"qoeTotal":-270221.9068803276,"qoeBitrate":18500,"qoeRebuffer":112737.60000041127,"qoeLatency":174084.00000000003,"qoeBitrateSwitch":320,"qoePlaybackSpeed":1580.3068799163693},"chunk-stream2-00081":{"qoeTotal":-277727.44916112657,"qoeBitrate":19000,"qoeRebuffer":116766.00000035763,"qoeLatency":178019.40000000002,"qoeBitrateSwitch":320,"qoePlaybackSpeed":1622.0491607689019},