{"switchHistory":[{"start":8.69,"end":8.890707,"quality":{"mediaType":"video","bitrate":1000000,"width":640,"height":360,"scanType":null,"qualityIndex":2}},{"start":8.890707,"end":68.701773,"quality":{"mediaType":"video","bitrate":1000000,"width":640,"height":360,"scanType":null,"qualityIndex":2}}],"switchRequests":[],"stallDurationMs":259.80000001192093,"numStalls":1,"averageLatency":1.5360213270142176,"averageBufferLength":1.4159715639810424,"averageBitrate":999999.9999999999,"numSwitches":2,"averageBitrateVariations":0,"averagePlaybackRate":1.003511739231796,"averagePlaybackRateNonOne":1.0431943925510905}